transaction_id,event_ts,customer_id,product_id,campaign_id,quantity,unit_price,unit_cost,discount_pct,gross_amount,net_amount,margin_amount,currency,payment_method,channel,status
TXN20260101000001,2026-01-01 00:09:15,1012,320,,1,5.35,2.75,0.19,5.35,4.33,1.58,AUD,paypal,mobile_app,completed
TXN20260101000002,2026-01-01 00:09:39,2017,221,,1,157.27,79.8,0.01,157.27,155.7,75.9,AUD,credit_card,web,completed
TXN20260101000003,2026-01-01 00:17:00,2181,272,,3,48.63,25.3,0.16,145.89,122.55,46.65,AUD,credit_card,mobile_app,completed
TXN20260101000004,2026-01-01 00:18:02,1868,99,,2,8.03,4.15,0.16,16.06,13.49,5.19,AUD,debit_card,in_store,completed
TXN20260101000005,2026-01-01 00:21:31,1700,138,5013,2,132.98,57.54,0.05,265.96,252.66,137.58,AUD,credit_card,mobile_app,completed
TXN20260101000006,2026-01-01 00:22:19,1190,16,,3,185.65,67.71,0.09,556.95,506.82,303.69,AUD,credit_card,web,completed
TXN20260101000007,2026-01-01 00:23:20,1720,38,,2,426.51,271.0,0.0,853.02,853.02,311.02,AUD,credit_card,mobile_app,completed
TXN20260101000008,2026-01-01 00:25:23,1279,330,5010,3,125.71,91.59,0.05,377.13,358.27,83.5,AUD,credit_card,web,completed
TXN20260101000009,2026-01-01 00:30:13,1820,331,5014,5,188.98,138.35,0.12,944.9,831.51,139.76,AUD,credit_card,mobile_app,refunded
TXN20260101000010,2026-01-01 00:32:23,1031,368,5003,3,77.62,57.72,0.03,232.86,225.87,52.71,AUD,credit_card,web,completed
TXN20260101000011,2026-01-01 00:33:00,1786,368,,1,77.62,57.72,0.07,77.62,72.19,14.47,AUD,credit_card,mobile_app,refunded
TXN20260101000012,2026-01-01 00:37:17,1980,119,,1,26.62,12.14,0.17,26.62,22.09,9.95,AUD,paypal,marketplace,completed
TXN20260101000013,2026-01-01 00:39:22,1626,145,,5,333.84,132.73,0.01,1669.2,1652.51,988.86,AUD,credit_card,web,completed
TXN20260101000014,2026-01-01 00:39:32,1769,121,,2,18.5,12.03,0.01,37.0,36.63,12.57,AUD,credit_card,web,completed
TXN20260101000015,2026-01-01 00:40:18,1085,43,,3,211.3,164.39,0.04,633.9,608.54,115.37,AUD,credit_card,mobile_app,completed
TXN20260101000016,2026-01-01 00:41:03,1379,225,5006,2,310.73,232.58,0.11,621.46,553.1,87.94,AUD,credit_card,web,completed
TXN20260101000017,2026-01-01 00:42:21,1201,373,,3,423.09,155.74,0.1,1269.27,1142.34,675.12,AUD,credit_card,mobile_app,completed
TXN20260101000018,2026-01-01 00:44:15,1752,346,,2,337.76,248.46,0.02,675.52,662.01,165.09,AUD,debit_card,mobile_app,completed
TXN20260101000019,2026-01-01 00:46:38,1208,228,,3,85.54,59.94,0.03,256.62,248.92,69.1,AUD,buy_now_pay_later,mobile_app,completed
TXN20260101000020,2026-01-01 00:51:31,1766,293,,3,100.6,74.23,0.04,301.8,289.73,67.04,AUD,credit_card,web,completed
TXN20260101000021,2026-01-01 00:54:50,1249,342,5017,1,119.39,87.78,0.16,119.39,100.29,12.51,AUD,buy_now_pay_later,marketplace,completed
TXN20260101000022,2026-01-01 01:02:11,1878,251,,3,245.15,169.74,0.1,735.45,661.91,152.69,AUD,credit_card,mobile_app,completed
TXN20260101000023,2026-01-01 01:05:12,1057,198,5016,1,311.79,188.7,0.12,311.79,274.38,85.68,AUD,credit_card,web,completed
TXN20260101000024,2026-01-01 01:06:03,2189,377,,1,34.75,17.44,0.24,34.75,26.41,8.97,AUD,credit_card,web,completed
TXN20260101000025,2026-01-01 01:09:20,2116,159,5012,4,232.46,120.67,0.04,929.84,892.65,409.97,AUD,credit_card,mobile_app,completed
TXN20260101000026,2026-01-01 01:21:42,1070,199,,3,405.48,228.61,0.04,1216.44,1167.78,481.95,AUD,gift_card,mobile_app,completed
TXN20260101000027,2026-01-01 01:24:14,1551,42,,1,64.61,39.72,0.04,64.61,62.03,22.31,AUD,debit_card,web,pending
TXN20260101000028,2026-01-01 01:26:24,1062,387,5015,4,113.54,61.9,0.04,454.16,435.99,188.39,AUD,credit_card,mobile_app,completed
TXN20260101000029,2026-01-01 01:29:22,1384,165,5015,1,198.75,72.56,0.08,198.75,182.85,110.29,AUD,credit_card,marketplace,completed
TXN20260101000030,2026-01-01 01:31:58,1304,351,,1,410.9,255.25,0.16,410.9,345.16,89.91,AUD,paypal,web,cancelled
TXN20260101000031,2026-01-01 01:31:59,1295,95,,6,125.86,97.81,0.15,755.16,641.89,55.03,AUD,buy_now_pay_later,web,completed
TXN20260101000032,2026-01-01 01:34:31,1528,145,5009,2,333.84,132.73,0.13,667.68,580.88,315.42,AUD,paypal,mobile_app,completed
TXN20260101000033,2026-01-01 01:40:57,1372,310,,3,109.6,62.46,0.01,328.8,325.51,138.13,AUD,credit_card,mobile_app,completed
TXN20260101000034,2026-01-01 01:42:00,1889,118,5002,1,63.49,25.23,0.05,63.49,60.32,35.09,AUD,paypal,web,completed
TXN20260101000035,2026-01-01 01:42:23,1329,172,5013,3,191.33,75.08,0.15,573.99,487.89,262.65,AUD,credit_card,web,completed
TXN20260101000036,2026-01-01 01:43:12,1749,323,,1,154.89,83.84,0.13,154.89,134.75,50.91,AUD,bank_transfer,marketplace,pending
TXN20260101000037,2026-01-01 01:43:52,1364,164,,2,219.94,105.48,0.2,439.88,351.9,140.94,AUD,paypal,web,completed
TXN20260101000038,2026-01-01 01:48:37,1033,270,5003,2,347.43,172.19,0.09,694.86,632.32,287.94,AUD,credit_card,web,completed
TXN20260101000039,2026-01-01 01:48:38,1290,259,5002,2,243.76,167.05,0.07,487.52,453.39,119.29,AUD,credit_card,web,completed
TXN20260101000040,2026-01-01 01:50:01,2161,242,5012,1,149.29,73.33,0.1,149.29,134.36,61.03,AUD,credit_card,mobile_app,completed
TXN20260101000041,2026-01-01 01:50:03,1220,150,,3,205.86,111.18,0.02,617.58,605.23,271.69,AUD,credit_card,mobile_app,completed
TXN20260101000042,2026-01-01 01:51:04,1972,317,5005,3,25.27,14.13,0.03,75.81,73.54,31.15,AUD,credit_card,mobile_app,completed
TXN20260101000043,2026-01-01 01:52:37,1491,181,5016,3,219.32,157.3,0.01,657.96,651.38,179.48,AUD,credit_card,mobile_app,refunded
TXN20260101000044,2026-01-01 01:52:47,2120,285,,3,333.53,259.05,0.05,1000.59,950.56,173.41,AUD,credit_card,mobile_app,completed
TXN20260101000045,2026-01-01 01:57:38,1449,115,,5,166.75,108.87,0.01,833.75,825.41,281.06,AUD,paypal,marketplace,completed
TXN20260101000046,2026-01-01 01:59:02,2198,154,,1,128.25,56.51,0.01,128.25,126.97,70.46,AUD,credit_card,mobile_app,completed
TXN20260101000047,2026-01-01 02:05:45,2181,363,5016,2,161.87,102.03,0.03,323.74,314.03,109.97,AUD,credit_card,web,completed
TXN20260101000048,2026-01-01 02:10:29,1031,318,5009,2,104.56,45.81,0.03,209.12,202.85,111.23,AUD,gift_card,mobile_app,completed
TXN20260101000049,2026-01-01 02:11:50,1745,3,,2,142.91,77.99,0.16,285.82,240.09,84.11,AUD,credit_card,in_store,completed
TXN20260101000050,2026-01-01 02:14:46,2028,255,5005,1,109.46,69.18,0.13,109.46,95.23,26.05,AUD,credit_card,web,completed
TXN20260101000051,2026-01-01 02:19:50,1124,294,,1,25.75,16.01,0.01,25.75,25.49,9.48,AUD,gift_card,mobile_app,completed
TXN20260101000052,2026-01-01 02:22:36,1365,160,,1,132.52,86.58,0.11,132.52,117.94,31.36,AUD,debit_card,mobile_app,completed
TXN20260101000053,2026-01-01 02:26:23,1929,220,,1,80.96,29.21,0.15,80.96,68.82,39.61,AUD,credit_card,marketplace,completed
TXN20260101000054,2026-01-01 02:27:42,1529,318,,5,104.56,45.81,0.15,522.8,444.38,215.33,AUD,gift_card,web,completed
TXN20260101000055,2026-01-01 02:31:03,1668,276,,2,260.47,124.27,0.06,520.94,489.68,241.14,AUD,paypal,mobile_app,completed
TXN20260101000056,2026-01-01 02:31:53,1841,84,,4,131.95,75.26,0.01,527.8,522.52,221.48,AUD,paypal,web,completed
TXN20260101000057,2026-01-01 02:32:14,1902,356,,1,35.78,19.54,0.17,35.78,29.7,10.16,AUD,debit_card,marketplace,completed
TXN20260101000058,2026-01-01 02:41:01,1652,291,,1,348.41,145.57,0.02,348.41,341.44,195.87,AUD,bank_transfer,marketplace,completed
TXN20260101000059,2026-01-01 02:41:34,1086,188,,3,141.88,98.58,0.12,425.64,374.56,78.82,AUD,debit_card,mobile_app,completed
TXN20260101000060,2026-01-01 02:42:36,1199,176,,1,19.37,14.31,0.11,19.37,17.24,2.93,AUD,bank_transfer,mobile_app,completed
TXN20260101000061,2026-01-01 02:42:36,1314,194,5010,3,45.96,33.9,0.12,137.88,121.33,19.63,AUD,paypal,mobile_app,completed
TXN20260101000062,2026-01-01 02:44:59,1391,182,,1,185.56,117.63,0.13,185.56,161.44,43.81,AUD,credit_card,marketplace,completed
TXN20260101000063,2026-01-01 02:45:46,1007,297,5014,1,258.89,188.19,0.08,258.89,238.18,49.99,AUD,credit_card,mobile_app,cancelled
TXN20260101000064,2026-01-01 02:46:22,1313,185,,2,182.91,71.26,0.09,365.82,332.9,190.38,AUD,buy_now_pay_later,web,completed
TXN20260101000065,2026-01-01 02:50:15,2171,354,,2,128.43,85.15,0.13,256.86,223.47,53.17,AUD,buy_now_pay_later,mobile_app,completed
TXN20260101000066,2026-01-01 02:51:55,2105,194,,2,45.96,33.9,0.01,91.92,91.0,23.2,AUD,debit_card,web,completed
TXN20260101000067,2026-01-01 02:51:57,1431,193,5015,3,368.81,195.25,0.16,1106.43,929.4,343.65,AUD,credit_card,mobile_app,completed
TXN20260101000068,2026-01-01 02:57:14,2186,159,,2,232.46,120.67,0.0,464.92,464.92,223.58,AUD,credit_card,web,completed
TXN20260101000069,2026-01-01 03:00:24,1683,357,,2,49.08,20.39,0.19,98.16,79.51,38.73,AUD,bank_transfer,web,completed
TXN20260101000070,2026-01-01 03:04:09,1348,341,5015,1,329.88,115.66,0.13,329.88,287.0,171.34,AUD,credit_card,mobile_app,completed
TXN20260101000071,2026-01-01 03:16:25,1710,115,,1,166.75,108.87,0.06,166.75,156.75,47.88,AUD,paypal,phone,completed
TXN20260101000072,2026-01-01 03:17:13,1206,270,,1,347.43,172.19,0.26,347.43,257.1,84.91,AUD,debit_card,marketplace,completed
TXN20260101000073,2026-01-01 03:18:29,1884,196,5016,2,113.34,80.83,0.06,226.68,213.08,51.42,AUD,gift_card,mobile_app,completed
TXN20260101000074,2026-01-01 03:19:10,1420,116,,2,265.13,138.42,0.25,530.26,397.69,120.85,AUD,buy_now_pay_later,mobile_app,cancelled
TXN20260101000075,2026-01-01 03:22:16,1005,62,,1,46.07,33.25,0.09,46.07,41.92,8.67,AUD,paypal,web,completed
TXN20260101000076,2026-01-01 03:23:21,1095,168,5017,4,356.7,253.22,0.01,1426.8,1412.53,399.65,AUD,debit_card,web,completed
TXN20260101000077,2026-01-01 03:26:15,1623,127,,1,45.1,29.41,0.16,45.1,37.88,8.47,AUD,debit_card,web,completed
TXN20260101000078,2026-01-01 03:29:26,1296,394,,1,26.27,10.02,0.18,26.27,21.54,11.52,AUD,paypal,marketplace,completed
TXN20260101000079,2026-01-01 03:35:16,1732,139,,1,93.98,72.88,0.12,93.98,82.7,9.82,AUD,debit_card,in_store,completed
TXN20260101000080,2026-01-01 03:35:20,2094,171,5016,2,126.82,54.58,0.03,253.64,246.03,136.87,AUD,debit_card,mobile_app,completed
TXN20260101000081,2026-01-01 03:36:05,1394,250,,2,231.82,122.47,0.01,463.64,459.0,214.06,AUD,credit_card,web,completed
TXN20260101000082,2026-01-01 03:36:31,2139,140,,1,98.88,53.29,0.04,98.88,94.92,41.63,AUD,paypal,web,completed
TXN20260101000083,2026-01-01 03:36:50,1052,166,5003,3,414.85,167.06,0.14,1244.55,1070.31,569.13,AUD,debit_card,web,completed
TXN20260101000084,2026-01-01 03:37:22,1252,24,,3,201.95,77.39,0.03,605.85,587.67,355.5,AUD,paypal,web,completed
TXN20260101000085,2026-01-01 03:39:06,1215,327,,3,27.46,12.97,0.14,82.38,70.85,31.94,AUD,credit_card,marketplace,completed
TXN20260101000086,2026-01-01 03:40:40,1203,266,5010,4,87.68,41.95,0.06,350.72,329.68,161.88,AUD,debit_card,web,completed
TXN20260101000087,2026-01-01 03:41:20,1801,300,,3,134.02,50.66,0.01,402.06,398.04,246.06,AUD,credit_card,mobile_app,completed
TXN20260101000088,2026-01-01 03:43:29,1117,162,5007,2,102.25,40.84,0.25,204.5,153.38,71.7,AUD,buy_now_pay_later,web,completed
TXN20260101000089,2026-01-01 03:47:35,1432,246,,1,334.95,216.34,0.12,334.95,294.76,78.42,AUD,debit_card,web,refunded
TXN20260101000090,2026-01-01 03:47:53,1358,172,,6,191.33,75.08,0.02,1147.98,1125.02,674.54,AUD,credit_card,mobile_app,completed
TXN20260101000091,2026-01-01 03:47:58,1209,62,5005,1,46.07,33.25,0.04,46.07,44.23,10.98,AUD,debit_card,web,completed
TXN20260101000092,2026-01-01 03:48:28,2186,30,5009,1,170.45,127.12,0.04,170.45,163.63,36.51,AUD,credit_card,marketplace,completed
TXN20260101000093,2026-01-01 03:49:03,1205,58,,1,93.1,56.49,0.04,93.1,89.38,32.89,AUD,buy_now_pay_later,in_store,completed
TXN20260101000094,2026-01-01 03:52:11,1509,314,,1,218.05,92.26,0.05,218.05,207.15,114.89,AUD,debit_card,web,completed
TXN20260101000095,2026-01-01 03:53:31,1254,271,,1,132.74,79.27,0.13,132.74,115.48,36.21,AUD,debit_card,web,completed
TXN20260101000096,2026-01-01 03:55:18,1725,41,,4,241.85,106.29,0.17,967.4,802.94,377.78,AUD,credit_card,web,completed
TXN20260101000097,2026-01-01 03:57:53,1571,379,,3,115.88,59.08,0.09,347.64,316.35,139.11,AUD,paypal,mobile_app,completed
TXN20260101000098,2026-01-01 04:01:26,1230,150,,3,205.86,111.18,0.19,617.58,500.24,166.7,AUD,paypal,mobile_app,completed
TXN20260101000099,2026-01-01 04:05:09,1587,180,,4,233.35,116.35,0.2,933.4,746.72,281.32,AUD,debit_card,mobile_app,completed
TXN20260101000100,2026-01-01 04:08:35,1849,146,5008,1,182.6,76.84,0.08,182.6,167.99,91.15,AUD,debit_card,marketplace,completed
TXN20260101000101,2026-01-01 04:13:44,1227,12,,1,22.05,16.18,0.02,22.05,21.61,5.43,AUD,bank_transfer,web,completed
TXN20260101000102,2026-01-01 04:21:10,2145,303,5003,2,5.2,2.83,0.02,10.4,10.19,4.53,AUD,credit_card,marketplace,completed
TXN20260101000103,2026-01-01 04:28:24,2020,394,,4,26.27,10.02,0.04,105.08,100.88,60.8,AUD,credit_card,mobile_app,completed
TXN20260101000104,2026-01-01 04:30:18,1516,259,,2,243.76,167.05,0.06,487.52,458.27,124.17,AUD,credit_card,web,completed
TXN20260101000105,2026-01-01 04:30:47,1761,299,,1,256.41,147.41,0.06,256.41,241.03,93.62,AUD,credit_card,web,completed
TXN20260101000106,2026-01-01 04:32:21,1076,350,,2,78.73,28.3,0.03,157.46,152.74,96.14,AUD,credit_card,web,completed
TXN20260101000107,2026-01-01 04:33:04,1405,228,5007,1,85.54,59.94,0.19,85.54,69.29,9.35,AUD,debit_card,web,completed
TXN20260101000108,2026-01-01 04:35:04,1434,398,,3,94.81,37.08,0.09,284.43,258.83,147.59,AUD,buy_now_pay_later,mobile_app,completed
TXN20260101000109,2026-01-01 04:37:33,1827,249,,1,96.17,46.26,0.06,96.17,90.4,44.14,AUD,debit_card,mobile_app,completed
TXN20260101000110,2026-01-01 04:37:56,1221,338,5013,6,454.19,219.15,0.07,2725.14,2534.38,1219.48,AUD,credit_card,web,completed
TXN20260101000111,2026-01-01 04:39:08,1125,78,5002,2,128.52,52.69,0.01,257.04,254.47,149.09,AUD,credit_card,web,completed
TXN20260101000112,2026-01-01 04:45:33,1645,90,,3,65.94,42.23,0.2,197.82,158.26,31.57,AUD,debit_card,in_store,refunded
TXN20260101000113,2026-01-01 04:45:39,1672,317,5017,1,25.27,14.13,0.0,25.27,25.27,11.14,AUD,credit_card,mobile_app,completed
TXN20260101000114,2026-01-01 04:50:40,1402,139,5004,1,93.98,72.88,0.03,93.98,91.16,18.28,AUD,buy_now_pay_later,web,completed
TXN20260101000115,2026-01-01 04:54:51,1639,257,5009,2,452.64,204.1,0.1,905.28,814.75,406.55,AUD,credit_card,phone,completed
TXN20260101000116,2026-01-01 04:56:09,1517,223,,2,140.86,54.16,0.01,281.72,278.9,170.58,AUD,credit_card,mobile_app,completed
TXN20260101000117,2026-01-01 04:57:53,1084,112,5016,1,121.28,51.75,0.19,121.28,98.24,46.49,AUD,gift_card,marketplace,completed
TXN20260101000118,2026-01-01 05:01:27,1466,299,,4,256.41,147.41,0.0,1025.64,1025.64,436.0,AUD,debit_card,in_store,completed
TXN20260101000119,2026-01-01 05:06:01,1386,33,5003,2,120.22,59.38,0.12,240.44,211.59,92.83,AUD,debit_card,mobile_app,completed
TXN20260101000120,2026-01-01 05:07:00,1281,376,5013,5,227.27,124.66,0.07,1136.35,1056.81,433.51,AUD,credit_card,mobile_app,cancelled
TXN20260101000121,2026-01-01 05:09:10,2099,91,,5,229.04,125.54,0.05,1145.2,1087.94,460.24,AUD,credit_card,mobile_app,completed
TXN20260101000122,2026-01-01 05:09:19,2121,159,,1,232.46,120.67,0.01,232.46,230.14,109.47,AUD,paypal,web,completed
TXN20260101000123,2026-01-01 05:10:47,1622,154,,4,128.25,56.51,0.24,513.0,389.88,163.84,AUD,paypal,marketplace,completed
TXN20260101000124,2026-01-01 05:11:05,1332,28,,1,154.87,112.5,0.15,154.87,131.64,19.14,AUD,bank_transfer,mobile_app,completed
TXN20260101000125,2026-01-01 05:12:12,1498,400,,2,83.09,58.62,0.05,166.18,157.87,40.63,AUD,credit_card,mobile_app,completed
TXN20260101000126,2026-01-01 05:21:36,1170,50,5018,1,145.4,62.87,0.08,145.4,133.77,70.9,AUD,buy_now_pay_later,web,completed
TXN20260101000127,2026-01-01 05:21:42,2011,22,5009,2,239.15,141.03,0.23,478.3,368.29,86.23,AUD,paypal,marketplace,completed
TXN20260101000128,2026-01-01 05:23:04,1828,153,,3,133.15,94.62,0.04,399.45,383.47,99.61,AUD,credit_card,web,completed
TXN20260101000129,2026-01-01 05:23:06,1226,109,,4,156.65,98.49,0.21,626.6,495.01,101.05,AUD,credit_card,mobile_app,completed
TXN20260101000130,2026-01-01 05:23:54,2106,312,5006,1,142.79,97.05,0.16,142.79,119.94,22.89,AUD,gift_card,mobile_app,completed
TXN20260101000131,2026-01-01 05:24:02,1472,197,,2,161.84,90.95,0.04,323.68,310.73,128.83,AUD,buy_now_pay_later,mobile_app,completed
TXN20260101000132,2026-01-01 05:24:22,1382,151,5009,3,36.21,16.06,0.13,108.63,94.51,46.33,AUD,credit_card,web,completed
TXN20260101000133,2026-01-01 05:25:55,1305,164,5005,1,219.94,105.48,0.17,219.94,182.55,77.07,AUD,bank_transfer,web,completed
TXN20260101000134,2026-01-01 05:40:24,1777,134,,2,151.77,62.1,0.17,303.54,251.94,127.74,AUD,credit_card,web,completed
TXN20260101000135,2026-01-01 05:43:08,2191,261,,2,222.59,120.24,0.24,445.18,338.34,97.86,AUD,debit_card,marketplace,completed
TXN20260101000136,2026-01-01 05:43:19,2151,116,,4,265.13,138.42,0.12,1060.52,933.26,379.58,AUD,buy_now_pay_later,mobile_app,completed
TXN20260101000137,2026-01-01 05:45:57,1831,290,,1,37.46,23.23,0.01,37.46,37.09,13.86,AUD,credit_card,web,completed
TXN20260101000138,2026-01-01 05:47:14,1143,109,,3,156.65,98.49,0.2,469.95,375.96,80.49,AUD,debit_card,mobile_app,completed
TXN20260101000139,2026-01-01 05:55:17,1601,327,,1,27.46,12.97,0.09,27.46,24.99,12.02,AUD,debit_card,web,completed
TXN20260101000140,2026-01-01 05:59:59,1208,172,,1,191.33,75.08,0.1,191.33,172.2,97.12,AUD,credit_card,mobile_app,refunded
TXN20260101000141,2026-01-01 06:01:00,1759,310,,2,109.6,62.46,0.28,219.2,157.82,32.9,AUD,debit_card,mobile_app,completed
TXN20260101000142,2026-01-01 06:01:47,1619,154,,3,128.25,56.51,0.0,384.75,384.75,215.22,AUD,buy_now_pay_later,mobile_app,completed
TXN20260101000143,2026-01-01 06:02:31,1126,377,5006,2,34.75,17.44,0.18,69.5,56.99,22.11,AUD,paypal,web,completed
TXN20260101000144,2026-01-01 06:03:48,1792,184,,3,24.72,17.45,0.01,74.16,73.42,21.07,AUD,bank_transfer,web,completed
TXN20260101000145,2026-01-01 06:08:55,1899,20,,1,230.82,128.98,0.12,230.82,203.12,74.14,AUD,gift_card,web,completed
TXN20260101000146,2026-01-01 06:10:56,1446,224,,4,135.38,94.24,0.11,541.52,481.95,104.99,AUD,debit_card,marketplace,completed
TXN20260101000147,2026-01-01 06:15:39,1476,263,,4,194.7,69.51,0.04,778.8,747.65,469.61,AUD,debit_card,mobile_app,completed
TXN20260101000148,2026-01-01 06:16:55,1690,122,,4,163.85,114.55,0.18,655.4,537.43,79.23,AUD,credit_card,web,completed
TXN20260101000149,2026-01-01 06:17:46,1416,285,,1,333.53,259.05,0.07,333.53,310.18,51.13,AUD,credit_card,web,completed
TXN20260101000150,2026-01-01 06:20:46,2065,180,5007,2,233.35,116.35,0.06,466.7,438.7,206.0,AUD,credit_card,mobile_app,completed
TXN20260101000151,2026-01-01 06:22:30,1272,140,,1,98.88,53.29,0.24,98.88,75.15,21.86,AUD,credit_card,marketplace,completed
TXN20260101000152,2026-01-01 06:25:08,1660,278,5007,1,60.0,45.1,0.01,60.0,59.4,14.3,AUD,buy_now_pay_later,marketplace,completed
TXN20260101000153,2026-01-01 06:26:10,1211,284,,3,359.21,205.04,0.14,1077.63,926.76,311.64,AUD,credit_card,web,completed
TXN20260101000154,2026-01-01 06:26:32,1177,182,5009,4,185.56,117.63,0.04,742.24,712.55,242.03,AUD,debit_card,marketplace,completed
TXN20260101000155,2026-01-01 06:26:50,1776,211,5004,1,125.27,94.18,0.07,125.27,116.5,22.32,AUD,debit_card,in_store,completed
TXN20260101000156,2026-01-01 06:36:02,1596,29,,3,157.08,114.81,0.09,471.24,428.83,84.4,AUD,paypal,web,completed
TXN20260101000157,2026-01-01 06:36:11,1387,195,5018,1,142.11,62.0,0.04,142.11,136.43,74.43,AUD,debit_card,mobile_app,completed
TXN20260101000158,2026-01-01 06:39:06,2029,98,,1,129.89,79.62,0.15,129.89,110.41,30.79,AUD,paypal,in_store,completed
TXN20260101000159,2026-01-01 06:39:55,1588,199,,2,405.48,228.61,0.12,810.96,713.64,256.42,AUD,credit_card,marketplace,completed
TXN20260101000160,2026-01-01 06:47:45,1729,373,5014,2,423.09,155.74,0.03,846.18,820.79,509.31,AUD,credit_card,web,completed
TXN20260101000161,2026-01-01 06:52:33,1424,190,5009,3,91.92,61.15,0.02,275.76,270.24,86.79,AUD,debit_card,mobile_app,completed
TXN20260101000162,2026-01-01 06:59:33,1138,264,,4,82.43,34.18,0.01,329.72,326.42,189.7,AUD,credit_card,mobile_app,completed
TXN20260101000163,2026-01-01 07:02:16,1242,325,,4,185.03,90.35,0.02,740.12,725.32,363.92,AUD,credit_card,mobile_app,completed
TXN20260101000164,2026-01-01 07:02:51,2005,360,,1,22.41,17.01,0.07,22.41,20.84,3.83,AUD,paypal,marketplace,completed
TXN20260101000165,2026-01-01 07:04:13,1621,266,5003,2,87.68,41.95,0.07,175.36,163.08,79.18,AUD,credit_card,web,completed
TXN20260101000166,2026-01-01 07:05:57,1048,322,5003,4,98.42,48.71,0.12,393.68,346.44,151.6,AUD,debit_card,web,completed
TXN20260101000167,2026-01-01 07:06:01,1127,155,5012,3,402.98,307.8,0.09,1208.94,1100.14,176.74,AUD,debit_card,phone,completed
TXN20260101000168,2026-01-01 07:06:48,1953,106,,1,313.2,199.1,0.03,313.2,303.8,104.7,AUD,credit_card,mobile_app,completed
TXN20260101000169,2026-01-01 07:07:14,1210,305,,5,51.53,22.19,0.06,257.65,242.19,131.24,AUD,credit_card,web,completed
TXN20260101000170,2026-01-01 07:07:35,1698,336,,1,250.44,165.04,0.08,250.44,230.4,65.36,AUD,credit_card,mobile_app,completed
TXN20260101000171,2026-01-01 07:07:52,1017,217,,4,105.58,80.07,0.01,422.32,418.1,97.82,AUD,credit_card,mobile_app,completed
TXN20260101000172,2026-01-01 07:09:37,2089,246,,2,334.95,216.34,0.02,669.9,656.5,223.82,AUD,buy_now_pay_later,web,completed
TXN20260101000173,2026-01-01 07:09:43,1833,63,,4,137.14,59.24,0.01,548.56,543.07,306.11,AUD,gift_card,web,completed
TXN20260101000174,2026-01-01 07:09:54,2160,44,,3,236.02,141.49,0.02,708.06,693.9,269.43,AUD,paypal,mobile_app,completed
TXN20260101000175,2026-01-01 07:10:01,1358,268,,1,13.69,9.27,0.15,13.69,11.64,2.37,AUD,credit_card,marketplace,completed
TXN20260101000176,2026-01-01 07:10:08,2146,61,,1,47.35,19.48,0.03,47.35,45.93,26.45,AUD,credit_card,mobile_app,completed
TXN20260101000177,2026-01-01 07:10:48,1895,160,,2,132.52,86.58,0.0,265.04,265.04,91.88,AUD,credit_card,mobile_app,completed
TXN20260101000178,2026-01-01 07:10:56,2036,48,,4,196.8,70.47,0.1,787.2,708.48,426.6,AUD,buy_now_pay_later,web,completed
TXN20260101000179,2026-01-01 07:12:18,2063,187,5004,1,18.28,11.11,0.12,18.28,16.09,4.98,AUD,debit_card,web,completed
TXN20260101000180,2026-01-01 07:12:58,2097,310,5013,2,109.6,62.46,0.11,219.2,195.09,70.17,AUD,paypal,web,completed
TXN20260101000181,2026-01-01 07:13:50,1209,157,,6,63.5,40.09,0.0,381.0,381.0,140.46,AUD,debit_card,mobile_app,completed
TXN20260101000182,2026-01-01 07:14:04,1247,167,5008,1,176.55,75.21,0.1,176.55,158.9,83.69,AUD,buy_now_pay_later,web,completed
TXN20260101000183,2026-01-01 07:14:49,1456,18,,1,23.51,10.69,0.21,23.51,18.57,7.88,AUD,buy_now_pay_later,mobile_app,completed
TXN20260101000184,2026-01-01 07:15:24,2065,171,,3,126.82,54.58,0.13,380.46,331.0,167.26,AUD,credit_card,web,completed
TXN20260101000185,2026-01-01 07:17:35,1998,240,,1,296.5,109.26,0.15,296.5,252.03,142.77,AUD,gift_card,in_store,completed
TXN20260101000186,2026-01-01 07:18:08,2140,8,,2,65.06,29.43,0.12,130.12,114.51,55.65,AUD,buy_now_pay_later,mobile_app,completed
TXN20260101000187,2026-01-01 07:19:20,1079,280,5012,2,235.41,129.45,0.04,470.82,451.99,193.09,AUD,bank_transfer,web,completed
TXN20260101000188,2026-01-01 07:21:30,1133,262,,4,30.32,15.63,0.08,121.28,111.58,49.06,AUD,paypal,web,completed
TXN20260101000189,2026-01-01 07:22:20,1403,98,,1,129.89,79.62,0.15,129.89,110.41,30.79,AUD,paypal,mobile_app,completed
TXN20260101000190,2026-01-01 07:22:51,1761,323,,2,154.89,83.84,0.19,309.78,250.92,83.24,AUD,paypal,web,completed
TXN20260101000191,2026-01-01 07:23:44,1116,134,5002,3,151.77,62.1,0.12,455.31,400.67,214.37,AUD,paypal,mobile_app,completed
TXN20260101000192,2026-01-01 07:24:26,1931,87,,3,137.75,85.09,0.11,413.25,367.79,112.52,AUD,buy_now_pay_later,mobile_app,completed
TXN20260101000193,2026-01-01 07:26:02,2120,153,,1,133.15,94.62,0.18,133.15,109.18,14.56,AUD,credit_card,mobile_app,completed
TXN20260101000194,2026-01-01 07:27:02,1082,127,,2,45.1,29.41,0.08,90.2,82.98,24.16,AUD,debit_card,mobile_app,completed
TXN20260101000195,2026-01-01 07:27:34,1702,17,5013,1,15.98,12.32,0.06,15.98,15.02,2.7,AUD,debit_card,marketplace,completed
TXN20260101000196,2026-01-01 07:28:38,1713,137,,2,230.43,174.09,0.08,460.86,423.99,75.81,AUD,debit_card,mobile_app,completed
TXN20260101000197,2026-01-01 07:29:32,1910,54,,1,80.17,60.5,0.14,80.17,68.95,8.45,AUD,credit_card,in_store,completed
TXN20260101000198,2026-01-01 07:30:46,2165,299,,2,256.41,147.41,0.12,512.82,451.28,156.46,AUD,credit_card,web,completed
TXN20260101000199,2026-01-01 07:31:05,1696,313,,1,364.12,204.74,0.08,364.12,334.99,130.25,AUD,credit_card,web,completed
TXN20260101000200,2026-01-01 07:32:51,1632,167,,2,176.55,75.21,0.01,353.1,349.57,199.15,AUD,gift_card,web,completed
TXN20260101000201,2026-01-01 07:33:54,1945,379,,1,115.88,59.08,0.09,115.88,105.45,46.37,AUD,debit_card,mobile_app,completed
TXN20260101000202,2026-01-01 07:33:55,1213,88,5004,2,104.05,41.24,0.26,208.1,153.99,71.51,AUD,credit_card,marketplace,cancelled
TXN20260101000203,2026-01-01 07:34:30,1348,127,,5,45.1,29.41,0.12,225.5,198.44,51.39,AUD,debit_card,mobile_app,completed
TXN20260101000204,2026-01-01 07:34:50,2070,204,,1,256.41,190.36,0.24,256.41,194.87,4.51,AUD,credit_card,mobile_app,completed
TXN20260101000205,2026-01-01 07:35:09,1615,394,,2,26.27,10.02,0.22,52.54,40.98,20.94,AUD,debit_card,web,completed
TXN20260101000206,2026-01-01 07:36:44,2176,287,5013,2,67.92,35.4,0.02,135.84,133.12,62.32,AUD,credit_card,web,completed
TXN20260101000207,2026-01-01 07:40:29,1265,397,5017,2,183.67,101.88,0.19,367.34,297.55,93.79,AUD,debit_card,mobile_app,completed
TXN20260101000208,2026-01-01 07:40:32,1437,119,,1,26.62,12.14,0.25,26.62,19.96,7.82,AUD,paypal,web,completed
TXN20260101000209,2026-01-01 07:40:57,1973,229,,5,23.31,18.16,0.22,116.55,90.91,0.11,AUD,credit_card,mobile_app,refunded
TXN20260101000210,2026-01-01 07:41:00,1831,292,,1,313.29,199.32,0.02,313.29,307.02,107.7,AUD,buy_now_pay_later,marketplace,completed
TXN20260101000211,2026-01-01 07:41:30,1440,145,,1,333.84,132.73,0.02,333.84,327.16,194.43,AUD,buy_now_pay_later,web,completed
TXN20260101000212,2026-01-01 07:41:38,1127,390,,2,368.36,241.5,0.03,736.72,714.62,231.62,AUD,debit_card,web,completed
TXN20260101000213,2026-01-01 07:44:26,1735,163,5013,3,280.84,142.19,0.2,842.52,674.02,247.45,AUD,paypal,web,completed
TXN20260101000214,2026-01-01 07:44:27,1133,251,,5,245.15,169.74,0.04,1225.75,1176.72,328.02,AUD,debit_card,mobile_app,completed
TXN20260101000215,2026-01-01 07:44:48,2093,342,,3,119.39,87.78,0.07,358.17,333.1,69.76,AUD,paypal,mobile_app,refunded
TXN20260101000216,2026-01-01 07:45:57,1344,213,,5,89.64,56.55,0.09,448.2,407.86,125.11,AUD,paypal,web,completed
TXN20260101000217,2026-01-01 07:47:06,1145,80,5016,3,279.86,155.8,0.1,839.58,755.62,288.22,AUD,paypal,web,completed
TXN20260101000218,2026-01-01 07:47:47,2102,218,,2,150.35,81.79,0.01,300.7,297.69,134.11,AUD,credit_card,web,completed
TXN20260101000219,2026-01-01 07:48:11,1018,58,5015,2,93.1,56.49,0.18,186.2,152.68,39.7,AUD,credit_card,web,completed
TXN20260101000220,2026-01-01 07:48:50,1149,20,,3,230.82,128.98,0.05,692.46,657.84,270.9,AUD,paypal,mobile_app,completed
TXN20260101000221,2026-01-01 07:49:00,1802,128,5002,3,189.27,110.21,0.03,567.81,550.78,220.15,AUD,buy_now_pay_later,web,completed
TXN20260101000222,2026-01-01 07:49:32,1924,26,,1,76.06,28.87,0.19,76.06,61.61,32.74,AUD,credit_card,mobile_app,completed
TXN20260101000223,2026-01-01 07:50:00,1457,85,,1,173.56,99.76,0.04,173.56,166.62,66.86,AUD,credit_card,mobile_app,completed
TXN20260101000224,2026-01-01 07:50:43,1702,250,5008,4,231.82,122.47,0.07,927.28,862.37,372.49,AUD,debit_card,web,completed
TXN20260101000225,2026-01-01 07:51:22,2007,166,,4,414.85,167.06,0.09,1659.4,1510.05,841.81,AUD,credit_card,web,completed
TXN20260101000226,2026-01-01 07:51:45,1231,165,,1,198.75,72.56,0.11,198.75,176.89,104.33,AUD,buy_now_pay_later,mobile_app,completed
TXN20260101000227,2026-01-01 07:51:53,1219,107,,2,391.82,298.53,0.16,783.64,658.26,61.2,AUD,debit_card,mobile_app,refunded
TXN20260101000228,2026-01-01 07:52:35,1127,369,,6,254.39,165.86,0.08,1526.34,1404.23,409.07,AUD,buy_now_pay_later,web,completed
TXN20260101000229,2026-01-01 07:55:00,1206,352,,2,241.96,137.89,0.2,483.92,387.14,111.36,AUD,credit_card,marketplace,completed
TXN20260101000230,2026-01-01 07:55:18,1223,44,5015,1,236.02,141.49,0.04,236.02,226.58,85.09,AUD,credit_card,web,completed
TXN20260101000231,2026-01-01 07:55:30,1368,50,,2,145.4,62.87,0.04,290.8,279.17,153.43,AUD,credit_card,web,completed
TXN20260101000232,2026-01-01 07:55:52,1933,32,,1,107.59,39.39,0.02,107.59,105.44,66.05,AUD,paypal,mobile_app,completed
TXN20260101000233,2026-01-01 07:56:06,1690,251,,3,245.15,169.74,0.1,735.45,661.91,152.69,AUD,credit_card,mobile_app,completed
TXN20260101000234,2026-01-01 07:56:10,1193,360,,2,22.41,17.01,0.09,44.82,40.79,6.77,AUD,credit_card,web,completed
TXN20260101000235,2026-01-01 07:57:01,1994,265,,2,217.01,151.39,0.02,434.02,425.34,122.56,AUD,credit_card,web,completed
TXN20260101000236,2026-01-01 07:57:52,1019,227,,3,46.57,24.42,0.08,139.71,128.53,55.27,AUD,paypal,web,pending
TXN20260101000237,2026-01-01 07:58:20,1028,223,,2,140.86,54.16,0.08,281.72,259.18,150.86,AUD,debit_card,web,completed
TXN20260101000238,2026-01-01 07:58:21,1639,246,,1,334.95,216.34,0.04,334.95,321.55,105.21,AUD,debit_card,in_store,completed
TXN20260101000239,2026-01-01 07:59:35,2095,28,5003,4,154.87,112.5,0.12,619.48,545.14,95.14,AUD,credit_card,mobile_app,completed
TXN20260101000240,2026-01-01 08:01:36,1810,41,5016,4,241.85,106.29,0.21,967.4,764.25,339.09,AUD,buy_now_pay_later,mobile_app,completed
TXN20260101000241,2026-01-01 08:04:24,1544,3,5006,2,142.91,77.99,0.02,285.82,280.1,124.12,AUD,credit_card,web,cancelled
TXN20260101000242,2026-01-01 08:04:29,1155,342,,4,119.39,87.78,0.03,477.56,463.23,112.11,AUD,buy_now_pay_later,web,completed
TXN20260101000243,2026-01-01 08:04:52,2091,159,5005,4,232.46,120.67,0.07,929.84,864.75,382.07,AUD,credit_card,mobile_app,completed
TXN20260101000244,2026-01-01 08:05:44,1801,30,5008,3,170.45,127.12,0.12,511.35,449.99,68.63,AUD,paypal,web,completed
TXN20260101000245,2026-01-01 08:07:32,1575,361,5006,2,172.83,61.35,0.03,345.66,335.29,212.59,AUD,debit_card,web,completed
TXN20260101000246,2026-01-01 08:09:25,1051,339,,3,232.73,135.01,0.06,698.19,656.3,251.27,AUD,debit_card,mobile_app,completed
TXN20260101000247,2026-01-01 08:10:06,1902,19,,1,170.44,126.31,0.04,170.44,163.62,37.31,AUD,bank_transfer,mobile_app,completed
TXN20260101000248,2026-01-01 08:10:38,2015,14,,1,60.5,36.5,0.03,60.5,58.68,22.18,AUD,debit_card,mobile_app,completed
TXN20260101000249,2026-01-01 08:11:13,1588,173,,5,67.53,28.1,0.0,337.65,337.65,197.15,AUD,debit_card,web,completed
TXN20260101000250,2026-01-01 08:12:00,1393,65,5002,1,253.83,167.53,0.18,253.83,208.14,40.61,AUD,debit_card,web,completed
TXN20260101000251,2026-01-01 08:12:14,2037,25,,1,279.71,213.59,0.04,279.71,268.52,54.93,AUD,credit_card,marketplace,completed
TXN20260101000252,2026-01-01 08:13:29,1685,101,,1,352.61,157.72,0.02,352.61,345.56,187.84,AUD,buy_now_pay_later,web,completed
TXN20260101000253,2026-01-01 08:13:51,1225,362,,2,10.4,7.12,0.08,20.8,19.14,4.9,AUD,debit_card,mobile_app,completed
TXN20260101000254,2026-01-01 08:13:51,1521,25,5003,2,279.71,213.59,0.01,559.42,553.83,126.65,AUD,credit_card,mobile_app,completed
TXN20260101000255,2026-01-01 08:14:56,1881,163,,1,280.84,142.19,0.19,280.84,227.48,85.29,AUD,credit_card,mobile_app,completed
TXN20260101000256,2026-01-01 08:16:31,1612,171,,3,126.82,54.58,0.15,380.46,323.39,159.65,AUD,debit_card,mobile_app,completed
TXN20260101000257,2026-01-01 08:16:33,1014,279,,2,202.1,80.17,0.12,404.2,355.7,195.36,AUD,buy_now_pay_later,phone,cancelled
TXN20260101000258,2026-01-01 08:16:46,1979,305,,1,51.53,22.19,0.14,51.53,44.32,22.13,AUD,credit_card,web,completed
TXN20260101000259,2026-01-01 08:19:04,1765,223,,4,140.86,54.16,0.04,563.44,540.9,324.26,AUD,paypal,mobile_app,completed
TXN20260101000260,2026-01-01 08:19:14,1559,8,,3,65.06,29.43,0.06,195.18,183.47,95.18,AUD,debit_card,web,completed
TXN20260101000261,2026-01-01 08:19:42,2033,111,,1,130.14,98.41,0.04,130.14,124.93,26.52,AUD,credit_card,in_store,completed
TXN20260101000262,2026-01-01 08:19:44,1197,45,,1,127.42,77.89,0.09,127.42,115.95,38.06,AUD,credit_card,mobile_app,completed
TXN20260101000263,2026-01-01 08:19:48,1622,190,5003,1,91.92,61.15,0.0,91.92,91.92,30.77,AUD,credit_card,web,completed
TXN20260101000264,2026-01-01 08:22:55,1544,88,,1,104.05,41.24,0.28,104.05,74.92,33.68,AUD,credit_card,mobile_app,completed
TXN20260101000265,2026-01-01 08:23:04,1833,205,,1,200.88,145.96,0.1,200.88,180.79,34.83,AUD,credit_card,web,completed
TXN20260101000266,2026-01-01 08:23:40,1265,36,5018,2,95.33,67.51,0.09,190.66,173.5,38.48,AUD,debit_card,web,pending
TXN20260101000267,2026-01-01 08:24:39,1264,282,,4,11.8,8.78,0.22,47.2,36.82,1.7,AUD,debit_card,mobile_app,completed
TXN20260101000268,2026-01-01 08:25:55,1216,312,5017,1,142.79,97.05,0.11,142.79,127.08,30.03,AUD,debit_card,mobile_app,completed
TXN20260101000269,2026-01-01 08:26:20,1923,156,5008,4,179.48,110.08,0.01,717.92,710.74,270.42,AUD,credit_card,marketplace,completed
TXN20260101000270,2026-01-01 08:28:30,1706,50,5003,1,145.4,62.87,0.13,145.4,126.5,63.63,AUD,paypal,web,completed
TXN20260101000271,2026-01-01 08:28:42,1565,259,5003,1,243.76,167.05,0.08,243.76,224.26,57.21,AUD,credit_card,mobile_app,completed
TXN20260101000272,2026-01-01 08:30:05,1356,262,,3,30.32,15.63,0.09,90.96,82.77,35.88,AUD,credit_card,marketplace,completed
TXN20260101000273,2026-01-01 08:30:16,2019,299,5008,4,256.41,147.41,0.03,1025.64,994.87,405.23,AUD,paypal,web,cancelled
TXN20260101000274,2026-01-01 08:31:07,1573,15,,1,42.26,18.74,0.06,42.26,39.72,20.98,AUD,paypal,web,completed
TXN20260101000275,2026-01-01 08:31:13,1397,113,,1,424.44,152.08,0.21,424.44,335.31,183.23,AUD,buy_now_pay_later,web,completed
TXN20260101000276,2026-01-01 08:31:37,1235,161,,3,57.23,33.31,0.0,171.69,171.69,71.76,AUD,credit_card,web,completed
TXN20260101000277,2026-01-01 08:31:41,1290,35,,3,123.44,76.69,0.07,370.32,344.4,114.33,AUD,credit_card,web,completed
TXN20260101000278,2026-01-01 08:32:27,2051,209,,2,16.17,12.13,0.11,32.34,28.78,4.52,AUD,buy_now_pay_later,web,completed
TXN20260101000279,2026-01-01 08:32:45,1788,58,,5,93.1,56.49,0.1,465.5,418.95,136.5,AUD,credit_card,mobile_app,completed
TXN20260101000280,2026-01-01 08:33:29,1404,376,5008,2,227.27,124.66,0.08,454.54,418.18,168.86,AUD,paypal,mobile_app,pending
TXN20260101000281,2026-01-01 08:34:14,1401,153,,3,133.15,94.62,0.02,399.45,391.46,107.6,AUD,credit_card,mobile_app,completed
TXN20260101000282,2026-01-01 08:34:14,1367,259,,1,243.76,167.05,0.03,243.76,236.45,69.4,AUD,credit_card,web,completed
TXN20260101000283,2026-01-01 08:34:20,2037,75,5006,4,200.92,131.5,0.24,803.68,610.8,84.8,AUD,credit_card,web,completed
TXN20260101000284,2026-01-01 08:35:35,1805,125,,3,196.62,94.85,0.03,589.86,572.16,287.61,AUD,credit_card,web,completed
TXN20260101000285,2026-01-01 08:35:58,1623,353,5014,1,53.63,27.2,0.21,53.63,42.37,15.17,AUD,credit_card,marketplace,completed
TXN20260101000286,2026-01-01 08:36:08,1906,388,,4,178.72,91.5,0.06,714.88,671.99,305.99,AUD,credit_card,web,completed
TXN20260101000287,2026-01-01 08:36:28,1140,186,,4,294.97,120.02,0.12,1179.88,1038.29,558.21,AUD,credit_card,web,completed
TXN20260101000288,2026-01-01 08:37:07,1995,81,,3,133.11,71.55,0.15,399.33,339.43,124.78,AUD,debit_card,mobile_app,refunded
TXN20260101000289,2026-01-01 08:40:03,1460,160,,1,132.52,86.58,0.0,132.52,132.52,45.94,AUD,paypal,web,completed
TXN20260101000290,2026-01-01 08:43:19,2057,348,,2,367.68,171.93,0.21,735.36,580.93,237.07,AUD,buy_now_pay_later,marketplace,completed
TXN20260101000291,2026-01-01 08:43:20,1237,399,,3,108.85,55.74,0.01,326.55,323.28,156.06,AUD,credit_card,mobile_app,completed
TXN20260101000292,2026-01-01 08:44:14,1804,101,,1,352.61,157.72,0.06,352.61,331.45,173.73,AUD,credit_card,web,completed
TXN20260101000293,2026-01-01 08:44:18,1577,276,,1,260.47,124.27,0.14,260.47,224.0,99.73,AUD,credit_card,mobile_app,completed
TXN20260101000294,2026-01-01 08:46:50,1818,170,,6,68.81,27.57,0.08,412.86,379.83,214.41,AUD,credit_card,mobile_app,cancelled
TXN20260101000295,2026-01-01 08:48:43,1262,187,5010,4,18.28,11.11,0.25,73.12,54.84,10.4,AUD,credit_card,web,completed
TXN20260101000296,2026-01-01 08:49:51,2120,182,5010,2,185.56,117.63,0.1,371.12,334.01,98.75,AUD,buy_now_pay_later,mobile_app,completed
TXN20260101000297,2026-01-01 08:51:05,1405,147,5016,6,287.02,186.05,0.09,1722.12,1567.13,450.83,AUD,credit_card,web,completed
TXN20260101000298,2026-01-01 08:51:42,1523,232,,1,159.76,96.34,0.05,159.76,151.77,55.43,AUD,credit_card,web,completed
TXN20260101000299,2026-01-01 08:51:57,1546,191,,5,265.41,112.45,0.0,1327.05,1327.05,764.8,AUD,bank_transfer,mobile_app,completed
TXN20260101000300,2026-01-01 08:52:34,1192,327,,3,27.46,12.97,0.22,82.38,64.26,25.35,AUD,credit_card,mobile_app,completed
TXN20260101000301,2026-01-01 08:53:26,1758,347,5002,2,71.51,38.02,0.03,143.02,138.73,62.69,AUD,credit_card,mobile_app,completed
TXN20260101000302,2026-01-01 08:53:34,1347,260,,2,168.41,124.86,0.13,336.82,293.03,43.31,AUD,buy_now_pay_later,mobile_app,completed
TXN20260101000303,2026-01-01 08:53:44,1939,16,,3,185.65,67.71,0.16,556.95,467.84,264.71,AUD,debit_card,web,completed
TXN20260101000304,2026-01-01 08:54:05,1647,152,5017,2,18.61,8.27,0.04,37.22,35.73,19.19,AUD,debit_card,web,completed
TXN20260101000305,2026-01-01 08:54:56,1166,275,,3,116.41,50.22,0.12,349.23,307.32,156.66,AUD,gift_card,web,completed
TXN20260101000306,2026-01-01 08:54:56,2142,189,,5,209.27,158.1,0.02,1046.35,1025.42,234.92,AUD,credit_card,web,completed
TXN20260101000307,2026-01-01 08:54:58,1673,110,,2,30.96,17.81,0.09,61.92,56.35,20.73,AUD,credit_card,web,refunded
TXN20260101000308,2026-01-01 08:55:15,1040,182,5009,4,185.56,117.63,0.04,742.24,712.55,242.03,AUD,buy_now_pay_later,web,completed
TXN20260101000309,2026-01-01 08:56:22,1260,71,,6,451.62,218.09,0.03,2709.72,2628.43,1319.89,AUD,credit_card,mobile_app,completed
TXN20260101000310,2026-01-01 08:56:30,1339,138,5017,2,132.98,57.54,0.11,265.96,236.7,121.62,AUD,bank_transfer,mobile_app,completed
TXN20260101000311,2026-01-01 08:57:58,2062,255,5018,3,109.46,69.18,0.25,328.38,246.28,38.74,AUD,credit_card,mobile_app,completed
TXN20260101000312,2026-01-01 08:58:36,1917,224,,4,135.38,94.24,0.14,541.52,465.71,88.75,AUD,credit_card,web,completed
TXN20260101000313,2026-01-01 08:59:35,1743,359,,1,421.42,180.37,0.21,421.42,332.92,152.55,AUD,paypal,mobile_app,completed
TXN20260101000314,2026-01-01 09:00:42,1242,329,,5,58.04,30.71,0.12,290.2,255.38,101.83,AUD,credit_card,web,refunded
TXN20260101000315,2026-01-01 09:00:46,1157,216,5015,2,6.49,3.62,0.09,12.98,11.81,4.57,AUD,buy_now_pay_later,web,completed
TXN20260101000316,2026-01-01 09:01:40,2059,27,,3,172.81,116.75,0.05,518.43,492.51,142.26,AUD,paypal,web,completed
TXN20260101000317,2026-01-01 09:01:48,1164,302,,2,143.23,79.31,0.06,286.46,269.27,110.65,AUD,paypal,web,completed
TXN20260101000318,2026-01-01 09:02:32,1249,230,5008,2,249.03,160.65,0.24,498.06,378.53,57.23,AUD,debit_card,mobile_app,completed
TXN20260101000319,2026-01-01 09:03:21,1572,307,,3,349.28,266.61,0.0,1047.84,1047.84,248.01,AUD,buy_now_pay_later,web,completed
TXN20260101000320,2026-01-01 09:04:31,1813,44,,1,236.02,141.49,0.01,236.02,233.66,92.17,AUD,credit_card,mobile_app,completed
TXN20260101000321,2026-01-01 09:05:06,2200,312,5018,4,142.79,97.05,0.02,571.16,559.74,171.54,AUD,credit_card,web,completed
TXN20260101000322,2026-01-01 09:05:20,1869,113,,3,424.44,152.08,0.04,1273.32,1222.39,766.15,AUD,debit_card,mobile_app,completed
TXN20260101000323,2026-01-01 09:06:21,1331,156,,1,179.48,110.08,0.0,179.48,179.48,69.4,AUD,credit_card,mobile_app,completed
TXN20260101000324,2026-01-01 09:10:00,1573,14,,2,60.5,36.5,0.06,121.0,113.74,40.74,AUD,debit_card,mobile_app,cancelled
TXN20260101000325,2026-01-01 09:10:40,1381,238,,1,356.39,213.37,0.03,356.39,345.7,132.33,AUD,paypal,marketplace,completed
TXN20260101000326,2026-01-01 09:10:45,1686,217,5008,4,105.58,80.07,0.08,422.32,388.53,68.25,AUD,debit_card,web,refunded
TXN20260101000327,2026-01-01 09:11:09,2015,91,5018,3,229.04,125.54,0.03,687.12,666.51,289.89,AUD,credit_card,web,completed
TXN20260101000328,2026-01-01 09:13:25,1093,273,,5,15.74,11.24,0.06,78.7,73.98,17.78,AUD,credit_card,mobile_app,completed
TXN20260101000329,2026-01-01 09:13:55,1930,283,,2,155.88,105.7,0.11,311.76,277.47,66.07,AUD,bank_transfer,mobile_app,completed
TXN20260101000330,2026-01-01 09:14:37,2007,197,,2,161.84,90.95,0.04,323.68,310.73,128.83,AUD,paypal,mobile_app,completed
TXN20260101000331,2026-01-01 09:15:30,2031,340,,1,69.61,35.79,0.07,69.61,64.74,28.95,AUD,paypal,web,completed
TXN20260101000332,2026-01-01 09:15:42,2183,46,,2,182.51,84.92,0.07,365.02,339.47,169.63,AUD,buy_now_pay_later,mobile_app,completed
TXN20260101000333,2026-01-01 09:16:20,1276,274,5012,1,157.3,88.45,0.01,157.3,155.73,67.28,AUD,bank_transfer,web,completed
TXN20260101000334,2026-01-01 09:16:30,1309,110,,4,30.96,17.81,0.17,123.84,102.79,31.55,AUD,paypal,web,completed
TXN20260101000335,2026-01-01 09:17:29,1202,222,,2,32.17,11.42,0.13,64.34,55.98,33.14,AUD,paypal,web,completed
TXN20260101000336,2026-01-01 09:18:25,1288,281,,1,206.68,92.2,0.09,206.68,188.08,95.88,AUD,debit_card,web,completed
TXN20260101000337,2026-01-01 09:18:50,1668,168,5013,1,356.7,253.22,0.15,356.7,303.19,49.97,AUD,credit_card,web,completed
TXN20260101000338,2026-01-01 09:19:21,1408,305,5008,3,51.53,22.19,0.1,154.59,139.13,72.56,AUD,buy_now_pay_later,web,completed
TXN20260101000339,2026-01-01 09:20:58,1367,99,,2,8.03,4.15,0.1,16.06,14.45,6.15,AUD,credit_card,mobile_app,completed
TXN20260101000340,2026-01-01 09:21:02,1253,247,5014,1,32.77,14.35,0.14,32.77,28.18,13.83,AUD,paypal,web,completed
TXN20260101000341,2026-01-01 09:21:02,1437,300,,1,134.02,50.66,0.03,134.02,130.0,79.34,AUD,buy_now_pay_later,mobile_app,completed
TXN20260101000342,2026-01-01 09:21:16,2071,121,,5,18.5,12.03,0.23,92.5,71.23,11.08,AUD,debit_card,mobile_app,completed
TXN20260101000343,2026-01-01 09:21:43,1764,1,5012,2,367.54,272.05,0.01,735.08,727.73,183.63,AUD,credit_card,web,completed
TXN20260101000344,2026-01-01 09:22:09,1971,173,,2,67.53,28.1,0.08,135.06,124.26,68.06,AUD,debit_card,web,completed
TXN20260101000345,2026-01-01 09:22:16,1379,375,,2,239.04,121.65,0.17,478.08,396.81,153.51,AUD,credit_card,mobile_app,completed
TXN20260101000346,2026-01-01 09:24:12,2034,158,,4,101.24,48.34,0.05,404.96,384.71,191.35,AUD,gift_card,in_store,completed
TXN20260101000347,2026-01-01 09:24:41,2066,276,,1,260.47,124.27,0.2,260.47,208.38,84.11,AUD,credit_card,web,completed
TXN20260101000348,2026-01-01 09:24:49,1606,98,,3,129.89,79.62,0.17,389.67,323.43,84.57,AUD,bank_transfer,marketplace,completed
TXN20260101000349,2026-01-01 09:25:29,1026,133,5008,4,22.32,9.12,0.21,89.28,70.53,34.05,AUD,credit_card,mobile_app,completed
TXN20260101000350,2026-01-01 09:26:18,1043,262,,1,30.32,15.63,0.04,30.32,29.11,13.48,AUD,credit_card,mobile_app,completed
TXN20260101000351,2026-01-01 09:27:07,1633,240,5017,2,296.5,109.26,0.07,593.0,551.49,332.97,AUD,paypal,web,pending
TXN20260101000352,2026-01-01 09:27:14,1014,130,5006,4,18.48,10.08,0.11,73.92,65.79,25.47,AUD,credit_card,mobile_app,completed
TXN20260101000353,2026-01-01 09:28:01,1077,174,5018,3,56.31,22.6,0.16,168.93,141.9,74.1,AUD,paypal,mobile_app,cancelled
TXN20260101000354,2026-01-01 09:28:22,1819,42,5010,4,64.61,39.72,0.05,258.44,245.52,86.64,AUD,debit_card,web,completed
TXN20260101000355,2026-01-01 09:28:38,1835,310,,2,109.6,62.46,0.04,219.2,210.43,85.51,AUD,debit_card,mobile_app,completed
TXN20260101000356,2026-01-01 09:29:15,1007,208,,1,165.3,68.58,0.13,165.3,143.81,75.23,AUD,debit_card,web,completed
TXN20260101000357,2026-01-01 09:30:10,1191,282,,5,11.8,8.78,0.18,59.0,48.38,4.48,AUD,paypal,mobile_app,completed
TXN20260101000358,2026-01-01 09:30:20,1356,145,5012,3,333.84,132.73,0.28,1001.52,721.09,322.9,AUD,credit_card,web,completed
TXN20260101000359,2026-01-01 09:30:35,2137,374,5015,3,37.72,26.89,0.02,113.16,110.9,30.23,AUD,credit_card,phone,completed
TXN20260101000360,2026-01-01 09:31:48,1022,343,5015,2,32.63,13.17,0.12,65.26,57.43,31.09,AUD,credit_card,web,completed
TXN20260101000361,2026-01-01 09:31:55,1249,214,5017,6,133.32,71.17,0.14,799.92,687.93,260.91,AUD,debit_card,mobile_app,completed
TXN20260101000362,2026-01-01 09:32:24,1948,344,,3,5.3,2.32,0.1,15.9,14.31,7.35,AUD,paypal,web,completed
TXN20260101000363,2026-01-01 09:33:15,1969,25,5015,1,279.71,213.59,0.01,279.71,276.91,63.32,AUD,debit_card,web,completed
TXN20260101000364,2026-01-01 09:34:32,1865,102,,2,276.02,213.86,0.05,552.04,524.44,96.72,AUD,debit_card,web,completed
TXN20260101000365,2026-01-01 09:34:59,1135,237,5007,1,5.09,3.29,0.02,5.09,4.99,1.7,AUD,credit_card,web,completed
TXN20260101000366,2026-01-01 09:35:30,1654,353,5003,1,53.63,27.2,0.0,53.63,53.63,26.43,AUD,credit_card,mobile_app,completed
TXN20260101000367,2026-01-01 09:36:26,1612,266,,1,87.68,41.95,0.09,87.68,79.79,37.84,AUD,credit_card,mobile_app,completed
TXN20260101000368,2026-01-01 09:36:56,1683,9,,1,470.11,214.65,0.01,470.11,465.41,250.76,AUD,debit_card,web,completed
TXN20260101000369,2026-01-01 09:37:40,1342,78,,1,128.52,52.69,0.19,128.52,104.1,51.41,AUD,debit_card,web,completed
TXN20260101000370,2026-01-01 09:37:47,1989,218,5004,1,150.35,81.79,0.04,150.35,144.34,62.55,AUD,bank_transfer,web,completed
TXN20260101000371,2026-01-01 09:37:59,1265,258,,1,5.4,4.07,0.16,5.4,4.54,0.47,AUD,paypal,mobile_app,completed
TXN20260101000372,2026-01-01 09:38:09,1152,251,,1,245.15,169.74,0.04,245.15,235.34,65.6,AUD,credit_card,mobile_app,completed
TXN20260101000373,2026-01-01 09:42:13,1515,361,,2,172.83,61.35,0.03,345.66,335.29,212.59,AUD,credit_card,web,completed
TXN20260101000374,2026-01-01 09:42:13,1439,203,5014,6,5.97,4.17,0.23,35.82,27.58,2.56,AUD,buy_now_pay_later,web,completed
TXN20260101000375,2026-01-01 09:42:37,2150,376,5002,1,227.27,124.66,0.09,227.27,206.82,82.16,AUD,buy_now_pay_later,web,completed
TXN20260101000376,2026-01-01 09:43:25,1257,137,,5,230.43,174.09,0.02,1152.15,1129.11,258.66,AUD,debit_card,web,completed
TXN20260101000377,2026-01-01 09:43:32,2105,129,,5,266.79,109.41,0.15,1333.95,1133.86,586.81,AUD,paypal,web,completed
TXN20260101000378,2026-01-01 09:43:56,1489,25,,1,279.71,213.59,0.13,279.71,243.35,29.76,AUD,bank_transfer,mobile_app,completed
TXN20260101000379,2026-01-01 09:43:59,1042,108,5015,1,13.12,5.5,0.11,13.12,11.68,6.18,AUD,paypal,web,completed
TXN20260101000380,2026-01-01 09:45:56,1623,135,5018,1,141.91,90.68,0.07,141.91,131.98,41.3,AUD,credit_card,mobile_app,completed
TXN20260101000381,2026-01-01 09:46:15,1207,62,5010,3,46.07,33.25,0.07,138.21,128.54,28.79,AUD,credit_card,mobile_app,completed
TXN20260101000382,2026-01-01 09:46:19,1433,126,,2,63.01,42.43,0.03,126.02,122.24,37.38,AUD,gift_card,web,completed
TXN20260101000383,2026-01-01 09:47:57,1981,298,5004,4,71.48,35.14,0.06,285.92,268.76,128.2,AUD,credit_card,mobile_app,completed
TXN20260101000384,2026-01-01 09:48:11,1664,147,5004,1,287.02,186.05,0.04,287.02,275.54,89.49,AUD,credit_card,marketplace,completed
TXN20260101000385,2026-01-01 09:50:42,2013,238,5005,5,356.39,213.37,0.02,1781.95,1746.31,679.46,AUD,credit_card,web,completed
TXN20260101000386,2026-01-01 09:51:08,1476,104,,1,41.5,30.94,0.17,41.5,34.45,3.51,AUD,buy_now_pay_later,web,completed
TXN20260101000387,2026-01-01 09:51:40,1921,145,5006,2,333.84,132.73,0.08,667.68,614.27,348.81,AUD,debit_card,mobile_app,completed
TXN20260101000388,2026-01-01 09:53:02,1831,67,,5,164.66,66.92,0.08,823.3,757.44,422.84,AUD,debit_card,web,completed
TXN20260101000389,2026-01-01 09:53:04,1242,275,,3,116.41,50.22,0.23,349.23,268.91,118.25,AUD,debit_card,web,completed
TXN20260101000390,2026-01-01 09:53:23,1403,129,,1,266.79,109.41,0.14,266.79,229.44,120.03,AUD,credit_card,web,cancelled
TXN20260101000391,2026-01-01 09:53:26,1941,99,,3,8.03,4.15,0.11,24.09,21.44,8.99,AUD,credit_card,web,refunded
TXN20260101000392,2026-01-01 09:54:11,1501,127,,2,45.1,29.41,0.01,90.2,89.3,30.48,AUD,credit_card,web,completed
TXN20260101000393,2026-01-01 09:54:45,1095,1,5002,1,367.54,272.05,0.19,367.54,297.71,25.66,AUD,buy_now_pay_later,mobile_app,completed
TXN20260101000394,2026-01-01 09:55:57,1966,52,,4,213.42,159.81,0.11,853.68,759.78,120.54,AUD,credit_card,mobile_app,completed
TXN20260101000395,2026-01-01 09:57:01,1020,14,,1,60.5,36.5,0.13,60.5,52.63,16.13,AUD,debit_card,web,completed
TXN20260101000396,2026-01-01 09:57:38,1414,293,,5,100.6,74.23,0.14,503.0,432.58,61.43,AUD,buy_now_pay_later,web,completed
TXN20260101000397,2026-01-01 09:59:32,1395,89,5013,2,131.64,95.41,0.07,263.28,244.85,54.03,AUD,paypal,web,completed
TXN20260101000398,2026-01-01 09:59:42,1443,110,,1,30.96,17.81,0.0,30.96,30.96,13.15,AUD,buy_now_pay_later,web,completed
TXN20260101000399,2026-01-01 10:00:17,1451,376,,2,227.27,124.66,0.19,454.54,368.18,118.86,AUD,credit_card,web,completed
TXN20260101000400,2026-01-01 10:07:33,1817,186,,1,294.97,120.02,0.05,294.97,280.22,160.2,AUD,credit_card,mobile_app,completed
TXN20260101000401,2026-01-01 10:08:10,1473,379,,1,115.88,59.08,0.06,115.88,108.93,49.85,AUD,paypal,web,completed
TXN20260101000402,2026-01-01 10:11:20,1866,236,,1,7.93,6.02,0.17,7.93,6.58,0.56,AUD,paypal,mobile_app,completed
TXN20260101000403,2026-01-01 10:14:58,1979,28,5003,1,154.87,112.5,0.04,154.87,148.68,36.18,AUD,paypal,web,completed
TXN20260101000404,2026-01-01 10:16:42,1717,334,5015,1,100.25,73.46,0.13,100.25,87.22,13.76,AUD,credit_card,web,completed
TXN20260101000405,2026-01-01 10:18:12,1360,373,,3,423.09,155.74,0.07,1269.27,1180.42,713.2,AUD,gift_card,mobile_app,completed
TXN20260101000406,2026-01-01 10:22:44,1630,48,,3,196.8,70.47,0.08,590.4,543.17,331.76,AUD,debit_card,web,completed
TXN20260101000407,2026-01-01 10:25:33,1667,258,,4,5.4,4.07,0.03,21.6,20.95,4.67,AUD,credit_card,web,completed
TXN20260101000408,2026-01-01 10:39:22,2058,221,,3,157.27,79.8,0.1,471.81,424.63,185.23,AUD,debit_card,mobile_app,completed
TXN20260101000409,2026-01-01 10:40:22,1680,113,,2,424.44,152.08,0.08,848.88,780.97,476.81,AUD,credit_card,mobile_app,completed
TXN20260101000410,2026-01-01 10:41:43,1874,352,,1,241.96,137.89,0.15,241.96,205.67,67.78,AUD,bank_transfer,web,completed
TXN20260101000411,2026-01-01 10:45:02,1211,179,5018,1,197.14,84.55,0.13,197.14,171.51,86.96,AUD,debit_card,web,completed
TXN20260101000412,2026-01-01 10:45:17,1590,280,,5,235.41,129.45,0.05,1177.05,1118.2,470.95,AUD,credit_card,mobile_app,completed
TXN20260101000413,2026-01-01 10:46:10,2141,263,,1,194.7,69.51,0.25,194.7,146.02,76.51,AUD,paypal,web,refunded
TXN20260101000414,2026-01-01 10:46:49,1298,226,,4,224.08,91.6,0.19,896.32,726.02,359.62,AUD,credit_card,mobile_app,completed
TXN20260101000415,2026-01-01 10:49:38,1406,35,,3,123.44,76.69,0.03,370.32,359.21,129.14,AUD,buy_now_pay_later,web,completed
TXN20260101000416,2026-01-01 11:01:05,1872,348,5004,1,367.68,171.93,0.04,367.68,352.97,181.04,AUD,paypal,web,cancelled
TXN20260101000417,2026-01-01 11:03:12,1979,281,,4,206.68,92.2,0.06,826.72,777.12,408.32,AUD,gift_card,web,completed
TXN20260101000418,2026-01-01 11:05:08,1213,193,,2,368.81,195.25,0.1,737.62,663.86,273.36,AUD,credit_card,marketplace,completed
TXN20260101000419,2026-01-01 11:07:12,2146,32,5013,3,107.59,39.39,0.05,322.77,306.63,188.46,AUD,paypal,mobile_app,completed
TXN20260101000420,2026-01-01 11:09:13,1805,360,5014,1,22.41,17.01,0.03,22.41,21.74,4.73,AUD,credit_card,mobile_app,refunded
TXN20260101000421,2026-01-01 11:11:35,1055,255,,3,109.46,69.18,0.12,328.38,288.97,81.43,AUD,debit_card,in_store,cancelled
TXN20260101000422,2026-01-01 11:12:09,1397,206,,1,211.48,126.89,0.15,211.48,179.76,52.87,AUD,credit_card,mobile_app,completed
TXN20260101000423,2026-01-01 11:16:36,1311,45,5015,1,127.42,77.89,0.09,127.42,115.95,38.06,AUD,credit_card,web,completed
TXN20260101000424,2026-01-01 11:19:33,1244,58,5006,3,93.1,56.49,0.07,279.3,259.75,90.28,AUD,credit_card,web,refunded
TXN20260101000425,2026-01-01 11:20:31,2095,325,5007,1,185.03,90.35,0.08,185.03,170.23,79.88,AUD,buy_now_pay_later,in_store,completed
TXN20260101000426,2026-01-01 11:23:54,2085,400,,4,83.09,58.62,0.11,332.36,295.8,61.32,AUD,paypal,web,completed
TXN20260101000427,2026-01-01 11:24:43,1691,177,,3,287.87,144.14,0.04,863.61,829.07,396.65,AUD,credit_card,mobile_app,pending
TXN20260101000428,2026-01-01 11:25:22,1615,19,,2,170.44,126.31,0.11,340.88,303.38,50.76,AUD,debit_card,web,completed
TXN20260101000429,2026-01-01 11:29:19,1679,179,,5,197.14,84.55,0.18,985.7,808.27,385.52,AUD,bank_transfer,web,completed
TXN20260101000430,2026-01-01 11:34:23,2102,149,,2,221.16,142.36,0.09,442.32,402.51,117.79,AUD,paypal,marketplace,completed
TXN20260101000431,2026-01-01 11:41:44,1084,137,5008,1,230.43,174.09,0.02,230.43,225.82,51.73,AUD,debit_card,web,refunded
TXN20260101000432,2026-01-01 11:46:46,1610,323,,6,154.89,83.84,0.03,929.34,901.46,398.42,AUD,credit_card,web,completed
TXN20260101000433,2026-01-01 11:56:40,1891,85,,1,173.56,99.76,0.16,173.56,145.79,46.03,AUD,buy_now_pay_later,marketplace,completed
TXN20260101000434,2026-01-01 11:57:34,1236,305,,4,51.53,22.19,0.02,206.12,202.0,113.24,AUD,paypal,mobile_app,completed
TXN20260101000435,2026-01-01 11:58:04,1562,328,,3,33.71,19.15,0.07,101.13,94.05,36.6,AUD,buy_now_pay_later,marketplace,refunded
TXN20260101000436,2026-01-01 12:01:32,1953,15,,3,42.26,18.74,0.04,126.78,121.71,65.49,AUD,credit_card,mobile_app,completed
TXN20260101000437,2026-01-01 12:03:08,1770,254,,5,151.84,54.33,0.09,759.2,690.87,419.22,AUD,credit_card,phone,completed
TXN20260101000438,2026-01-01 12:04:08,1832,275,5018,4,116.41,50.22,0.05,465.64,442.36,241.48,AUD,debit_card,web,completed
TXN20260101000439,2026-01-01 12:04:21,1223,4,,3,238.89,172.72,0.15,716.67,609.17,91.01,AUD,paypal,web,completed
TXN20260101000440,2026-01-01 12:05:01,1844,86,,2,176.95,129.01,0.0,353.9,353.9,95.88,AUD,gift_card,web,completed
TXN20260101000441,2026-01-01 12:05:10,1726,5,,2,69.17,48.26,0.15,138.34,117.59,21.07,AUD,paypal,web,refunded
TXN20260101000442,2026-01-01 12:05:14,1872,156,,2,179.48,110.08,0.07,358.96,333.83,113.67,AUD,credit_card,in_store,completed
TXN20260101000443,2026-01-01 12:05:24,2179,221,,1,157.27,79.8,0.04,157.27,150.98,71.18,AUD,debit_card,mobile_app,completed
TXN20260101000444,2026-01-01 12:08:57,1590,132,5015,1,109.21,38.28,0.05,109.21,103.75,65.47,AUD,credit_card,web,completed
TXN20260101000445,2026-01-01 12:09:07,1266,337,5003,4,146.92,72.71,0.16,587.68,493.65,202.81,AUD,credit_card,marketplace,completed
TXN20260101000446,2026-01-01 12:09:51,1568,145,,2,333.84,132.73,0.03,667.68,647.65,382.19,AUD,paypal,web,completed
TXN20260101000447,2026-01-01 12:10:25,1601,1,,2,367.54,272.05,0.04,735.08,705.68,161.58,AUD,debit_card,web,completed
TXN20260101000448,2026-01-01 12:10:31,1606,373,,5,423.09,155.74,0.01,2115.45,2094.3,1315.6,AUD,credit_card,mobile_app,completed
TXN20260101000449,2026-01-01 12:11:32,1584,368,,2,77.62,57.72,0.05,155.24,147.48,32.04,AUD,bank_transfer,mobile_app,completed
TXN20260101000450,2026-01-01 12:11:32,1863,334,5007,1,100.25,73.46,0.07,100.25,93.23,19.77,AUD,debit_card,web,completed
TXN20260101000451,2026-01-01 12:12:43,1376,1,,3,367.54,272.05,0.01,1102.62,1091.59,275.44,AUD,paypal,mobile_app,refunded
TXN20260101000452,2026-01-01 12:13:40,1089,210,5015,1,210.36,163.77,0.08,210.36,193.53,29.76,AUD,paypal,mobile_app,completed
TXN20260101000453,2026-01-01 12:13:54,1304,383,5007,1,227.62,101.34,0.05,227.62,216.24,114.9,AUD,buy_now_pay_later,mobile_app,completed
TXN20260101000454,2026-01-01 12:14:23,1859,68,,2,197.74,154.22,0.15,395.48,336.16,27.72,AUD,credit_card,web,completed
TXN20260101000455,2026-01-01 12:14:27,1714,195,5004,1,142.11,62.0,0.16,142.11,119.37,57.37,AUD,credit_card,mobile_app,completed
TXN20260101000456,2026-01-01 12:14:50,1852,294,5016,1,25.75,16.01,0.08,25.75,23.69,7.68,AUD,paypal,web,completed
TXN20260101000457,2026-01-01 12:15:55,1044,331,,2,188.98,138.35,0.03,377.96,366.62,89.92,AUD,debit_card,mobile_app,completed
TXN20260101000458,2026-01-01 12:15:58,2083,11,,4,383.38,230.87,0.01,1533.52,1518.18,594.7,AUD,paypal,web,refunded
TXN20260101000459,2026-01-01 12:16:04,1457,195,,2,142.11,62.0,0.06,284.22,267.17,143.17,AUD,paypal,web,completed
TXN20260101000460,2026-01-01 12:19:22,1333,366,5015,1,212.32,146.95,0.08,212.32,195.33,48.38,AUD,debit_card,mobile_app,completed
TXN20260101000461,2026-01-01 12:20:17,1244,79,,4,139.3,69.25,0.06,557.2,523.77,246.77,AUD,credit_card,web,completed
TXN20260101000462,2026-01-01 12:21:59,1325,210,5005,3,210.36,163.77,0.14,631.08,542.73,51.42,AUD,paypal,mobile_app,completed
TXN20260101000463,2026-01-01 12:23:35,1755,240,,2,296.5,109.26,0.08,593.0,545.56,327.04,AUD,credit_card,web,completed
TXN20260101000464,2026-01-01 12:24:34,1608,106,,2,313.2,199.1,0.02,626.4,613.87,215.67,AUD,credit_card,marketplace,completed
TXN20260101000465,2026-01-01 12:24:59,1216,23,,2,371.29,240.22,0.09,742.58,675.75,195.31,AUD,credit_card,web,completed
TXN20260101000466,2026-01-01 12:25:09,1323,69,,1,53.62,37.17,0.17,53.62,44.5,7.33,AUD,buy_now_pay_later,web,completed
TXN20260101000467,2026-01-01 12:25:20,1481,45,,3,127.42,77.89,0.13,382.26,332.57,98.9,AUD,buy_now_pay_later,mobile_app,completed
TXN20260101000468,2026-01-01 12:25:48,1805,397,5014,2,183.67,101.88,0.16,367.34,308.57,104.81,AUD,paypal,web,completed
TXN20260101000469,2026-01-01 12:27:06,1034,320,,4,5.35,2.75,0.21,21.4,16.91,5.91,AUD,credit_card,marketplace,completed
TXN20260101000470,2026-01-01 12:27:26,2116,33,,5,120.22,59.38,0.1,601.1,540.99,244.09,AUD,credit_card,mobile_app,completed
TXN20260101000471,2026-01-01 12:28:02,1263,26,5002,1,76.06,28.87,0.13,76.06,66.17,37.3,AUD,credit_card,mobile_app,pending
TXN20260101000472,2026-01-01 12:28:22,1144,240,,4,296.5,109.26,0.13,1186.0,1031.82,594.78,AUD,buy_now_pay_later,mobile_app,completed
TXN20260101000473,2026-01-01 12:29:26,1864,318,,1,104.56,45.81,0.11,104.56,93.06,47.25,AUD,paypal,mobile_app,completed
TXN20260101000474,2026-01-01 12:29:39,1330,388,,6,178.72,91.5,0.01,1072.32,1061.6,512.6,AUD,paypal,mobile_app,completed
TXN20260101000475,2026-01-01 12:30:07,1063,41,,2,241.85,106.29,0.05,483.7,459.51,246.93,AUD,debit_card,marketplace,pending
TXN20260101000476,2026-01-01 12:30:19,1161,267,5006,2,13.67,9.81,0.01,27.34,27.07,7.45,AUD,credit_card,in_store,completed
TXN20260101000477,2026-01-01 12:30:21,1187,77,,2,288.19,141.16,0.22,576.38,449.58,167.26,AUD,credit_card,mobile_app,completed
TXN20260101000478,2026-01-01 12:33:06,1082,224,5014,2,135.38,94.24,0.19,270.76,219.32,30.84,AUD,debit_card,phone,completed
TXN20260101000479,2026-01-01 12:35:27,1015,25,,1,279.71,213.59,0.07,279.71,260.13,46.54,AUD,credit_card,web,completed
TXN20260101000480,2026-01-01 12:36:10,1003,322,,4,98.42,48.71,0.25,393.68,295.26,100.42,AUD,debit_card,mobile_app,completed
TXN20260101000481,2026-01-01 12:36:12,1544,29,,3,157.08,114.81,0.11,471.24,419.4,74.97,AUD,credit_card,web,completed
TXN20260101000482,2026-01-01 12:37:22,1985,104,,3,41.5,30.94,0.12,124.5,109.56,16.74,AUD,credit_card,mobile_app,completed
TXN20260101000483,2026-01-01 12:39:47,1964,333,,1,41.88,25.97,0.09,41.88,38.11,12.14,AUD,credit_card,marketplace,completed
TXN20260101000484,2026-01-01 12:40:48,2172,222,,5,32.17,11.42,0.02,160.85,157.63,100.53,AUD,credit_card,web,completed
TXN20260101000485,2026-01-01 12:41:45,1876,198,,1,311.79,188.7,0.15,311.79,265.02,76.32,AUD,credit_card,mobile_app,completed
TXN20260101000486,2026-01-01 12:42:00,1104,399,,1,108.85,55.74,0.12,108.85,95.79,40.05,AUD,credit_card,mobile_app,completed
TXN20260101000487,2026-01-01 12:42:01,1097,332,,1,436.24,255.68,0.13,436.24,379.53,123.85,AUD,debit_card,web,completed
TXN20260101000488,2026-01-01 12:43:05,1703,166,5005,2,414.85,167.06,0.1,829.7,746.73,412.61,AUD,gift_card,web,completed
TXN20260101000489,2026-01-01 12:44:18,2088,211,,1,125.27,94.18,0.15,125.27,106.48,12.3,AUD,buy_now_pay_later,web,completed
TXN20260101000490,2026-01-01 12:45:31,2041,87,,4,137.75,85.09,0.07,551.0,512.43,172.07,AUD,buy_now_pay_later,web,completed
TXN20260101000491,2026-01-01 12:46:03,1824,232,,4,159.76,96.34,0.17,639.04,530.4,145.04,AUD,debit_card,mobile_app,completed
TXN20260101000492,2026-01-01 12:46:28,1671,100,5005,1,429.39,290.83,0.01,429.39,425.1,134.27,AUD,paypal,web,completed
TXN20260101000493,2026-01-01 12:47:06,1042,231,,5,114.93,83.66,0.19,574.65,465.47,47.17,AUD,paypal,marketplace,completed
TXN20260101000494,2026-01-01 12:47:32,1168,190,,5,91.92,61.15,0.09,459.6,418.24,112.49,AUD,paypal,mobile_app,completed
TXN20260101000495,2026-01-01 12:47:55,1546,182,,3,185.56,117.63,0.21,556.68,439.78,86.89,AUD,paypal,web,completed
TXN20260101000496,2026-01-01 12:48:36,1909,234,5017,1,153.86,117.69,0.16,153.86,129.24,11.55,AUD,credit_card,mobile_app,completed
TXN20260101000497,2026-01-01 12:49:41,1669,124,,3,396.85,254.98,0.06,1190.55,1119.12,354.18,AUD,credit_card,in_store,completed
TXN20260101000498,2026-01-01 12:50:03,1250,169,5005,3,175.58,82.15,0.12,526.74,463.53,217.08,AUD,credit_card,marketplace,completed
TXN20260101000499,2026-01-01 12:50:31,1923,374,,5,37.72,26.89,0.04,188.6,181.06,46.61,AUD,credit_card,mobile_app,completed
TXN20260101000500,2026-01-01 12:51:15,1836,71,,2,451.62,218.09,0.07,903.24,840.01,403.83,AUD,debit_card,marketplace,completed
TXN20260101000501,2026-01-01 12:51:51,1053,302,,2,143.23,79.31,0.08,286.46,263.54,104.92,AUD,buy_now_pay_later,mobile_app,completed
TXN20260101000502,2026-01-01 12:51:56,2027,213,5014,1,89.64,56.55,0.06,89.64,84.26,27.71,AUD,paypal,mobile_app,completed
TXN20260101000503,2026-01-01 12:52:01,2051,328,5006,1,33.71,19.15,0.06,33.71,31.69,12.54,AUD,paypal,web,refunded
TXN20260101000504,2026-01-01 12:52:04,1597,368,,2,77.62,57.72,0.1,155.24,139.72,24.28,AUD,credit_card,mobile_app,completed
TXN20260101000505,2026-01-01 12:52:30,2026,135,5013,4,141.91,90.68,0.06,567.64,533.58,170.86,AUD,buy_now_pay_later,web,completed
TXN20260101000506,2026-01-01 12:53:11,2199,392,,3,197.73,138.04,0.11,593.19,527.94,113.82,AUD,debit_card,mobile_app,completed
TXN20260101000507,2026-01-01 12:53:51,1228,60,5002,1,77.58,46.86,0.05,77.58,73.7,26.84,AUD,buy_now_pay_later,marketplace,completed
TXN20260101000508,2026-01-01 12:53:59,1080,166,5016,1,414.85,167.06,0.14,414.85,356.77,189.71,AUD,credit_card,mobile_app,completed
TXN20260101000509,2026-01-01 12:56:40,1078,236,5004,2,7.93,6.02,0.12,15.86,13.96,1.92,AUD,credit_card,marketplace,completed
TXN20260101000510,2026-01-01 12:56:42,1020,4,,1,238.89,172.72,0.11,238.89,212.61,39.89,AUD,credit_card,mobile_app,completed
TXN20260101000511,2026-01-01 12:58:21,1310,371,,2,279.28,128.3,0.01,558.56,552.97,296.37,AUD,paypal,web,completed
TXN20260101000512,2026-01-01 12:58:44,1291,230,5007,5,249.03,160.65,0.11,1245.15,1108.18,304.93,AUD,credit_card,web,completed
TXN20260101000513,2026-01-01 12:59:05,1997,185,5015,3,182.91,71.26,0.07,548.73,510.32,296.54,AUD,paypal,mobile_app,completed
TXN20260101000514,2026-01-01 12:59:28,1163,368,,3,77.62,57.72,0.01,232.86,230.53,57.37,AUD,credit_card,mobile_app,completed
TXN20260101000515,2026-01-01 12:59:34,1597,173,,4,67.53,28.1,0.25,270.12,202.59,90.19,AUD,paypal,mobile_app,completed
TXN20260101000516,2026-01-01 13:00:04,1268,124,,1,396.85,254.98,0.05,396.85,377.01,122.03,AUD,paypal,web,completed
TXN20260101000517,2026-01-01 13:01:40,1428,107,,1,391.82,298.53,0.05,391.82,372.23,73.7,AUD,debit_card,web,completed
TXN20260101000518,2026-01-01 13:01:50,1313,253,,3,39.46,26.36,0.05,118.38,112.46,33.38,AUD,buy_now_pay_later,marketplace,completed
TXN20260101000519,2026-01-01 13:01:50,1597,194,,5,45.96,33.9,0.03,229.8,222.91,53.41,AUD,buy_now_pay_later,web,completed
TXN20260101000520,2026-01-01 13:02:05,2089,295,,2,125.3,93.62,0.23,250.6,192.96,5.72,AUD,debit_card,web,completed
TXN20260101000521,2026-01-01 13:03:29,1936,2,,2,292.97,126.42,0.07,585.94,544.92,292.08,AUD,credit_card,in_store,completed
TXN20260101000522,2026-01-01 13:04:25,1209,380,,1,148.6,57.32,0.24,148.6,112.94,55.62,AUD,credit_card,mobile_app,completed
TXN20260101000523,2026-01-01 13:04:48,1006,357,,1,49.08,20.39,0.16,49.08,41.23,20.84,AUD,debit_card,web,completed
TXN20260101000524,2026-01-01 13:05:41,1262,171,5008,1,126.82,54.58,0.12,126.82,111.6,57.02,AUD,gift_card,mobile_app,completed
TXN20260101000525,2026-01-01 13:06:21,2001,208,5016,1,165.3,68.58,0.02,165.3,161.99,93.41,AUD,debit_card,mobile_app,completed
TXN20260101000526,2026-01-01 13:06:32,1707,280,,5,235.41,129.45,0.17,1177.05,976.95,329.7,AUD,debit_card,web,refunded
TXN20260101000527,2026-01-01 13:06:41,1125,302,,2,143.23,79.31,0.18,286.46,234.9,76.28,AUD,credit_card,web,completed
TXN20260101000528,2026-01-01 13:06:46,1205,246,5005,2,334.95,216.34,0.12,669.9,589.51,156.83,AUD,buy_now_pay_later,web,completed
TXN20260101000529,2026-01-01 13:08:27,1449,216,,4,6.49,3.62,0.23,25.96,19.99,5.51,AUD,debit_card,in_store,completed
TXN20260101000530,2026-01-01 13:08:36,1817,70,5012,6,291.11,188.06,0.18,1746.66,1432.26,303.9,AUD,debit_card,web,completed
TXN20260101000531,2026-01-01 13:09:30,1180,100,,5,429.39,290.83,0.05,2146.95,2039.6,585.45,AUD,credit_card,mobile_app,completed
TXN20260101000532,2026-01-01 13:12:16,1143,295,,6,125.3,93.62,0.04,751.8,721.73,160.01,AUD,paypal,web,completed
TXN20260101000533,2026-01-01 13:13:37,2106,25,,2,279.71,213.59,0.03,559.42,542.64,115.46,AUD,credit_card,mobile_app,completed
TXN20260101000534,2026-01-01 13:14:26,2069,388,5003,3,178.72,91.5,0.13,536.16,466.46,191.96,AUD,credit_card,web,completed
TXN20260101000535,2026-01-01 13:14:29,1585,388,5016,5,178.72,91.5,0.19,893.6,723.82,266.32,AUD,bank_transfer,web,completed
TXN20260101000536,2026-01-01 13:14:41,1387,356,,3,35.78,19.54,0.16,107.34,90.17,31.55,AUD,buy_now_pay_later,in_store,completed
TXN20260101000537,2026-01-01 13:16:26,1745,318,5012,3,104.56,45.81,0.11,313.68,279.18,141.75,AUD,credit_card,in_store,completed
TXN20260101000538,2026-01-01 13:16:33,1386,13,,5,39.93,31.05,0.07,199.65,185.67,30.42,AUD,buy_now_pay_later,web,refunded
TXN20260101000539,2026-01-01 13:20:52,1043,48,5005,1,196.8,70.47,0.05,196.8,186.96,116.49,AUD,credit_card,web,completed
TXN20260101000540,2026-01-01 13:21:16,1657,368,,1,77.62,57.72,0.19,77.62,62.87,5.15,AUD,credit_card,mobile_app,completed
TXN20260101000541,2026-01-01 13:23:25,2185,176,,1,19.37,14.31,0.03,19.37,18.79,4.48,AUD,credit_card,web,completed
TXN20260101000542,2026-01-01 13:24:13,1865,211,,2,125.27,94.18,0.15,250.54,212.96,24.6,AUD,debit_card,web,completed
TXN20260101000543,2026-01-01 13:26:58,1584,125,5008,3,196.62,94.85,0.08,589.86,542.67,258.12,AUD,paypal,mobile_app,completed
TXN20260101000544,2026-01-01 13:27:36,1298,319,,1,134.18,49.74,0.05,134.18,127.47,77.73,AUD,credit_card,web,completed
TXN20260101000545,2026-01-01 13:27:47,1930,231,5004,1,114.93,83.66,0.05,114.93,109.18,25.52,AUD,credit_card,mobile_app,completed
TXN20260101000546,2026-01-01 13:30:24,1875,190,,3,91.92,61.15,0.05,275.76,261.97,78.52,AUD,debit_card,mobile_app,completed
TXN20260101000547,2026-01-01 13:30:42,1852,42,5018,3,64.61,39.72,0.16,193.83,162.82,43.66,AUD,paypal,mobile_app,completed
TXN20260101000548,2026-01-01 13:31:23,1567,51,,4,162.3,85.52,0.01,649.2,642.71,300.63,AUD,credit_card,mobile_app,completed
TXN20260101000549,2026-01-01 13:31:51,1555,268,,3,13.69,9.27,0.17,41.07,34.09,6.28,AUD,paypal,mobile_app,completed
TXN20260101000550,2026-01-01 13:31:55,1213,9,,4,470.11,214.65,0.02,1880.44,1842.83,984.23,AUD,gift_card,mobile_app,completed
TXN20260101000551,2026-01-01 13:32:02,1287,71,,3,451.62,218.09,0.27,1354.86,989.05,334.78,AUD,credit_card,web,completed
TXN20260101000552,2026-01-01 13:32:51,1427,120,,3,231.92,128.02,0.05,695.76,660.97,276.91,AUD,buy_now_pay_later,web,completed
TXN20260101000553,2026-01-01 13:34:03,1634,307,,3,349.28,266.61,0.08,1047.84,964.01,164.18,AUD,credit_card,mobile_app,completed
TXN20260101000554,2026-01-01 13:34:25,1259,292,5014,2,313.29,199.32,0.14,626.58,538.86,140.22,AUD,credit_card,marketplace,completed
TXN20260101000555,2026-01-01 13:34:29,1031,236,5007,4,7.93,6.02,0.25,31.72,23.79,-0.29,AUD,debit_card,web,completed
TXN20260101000556,2026-01-01 13:34:45,1798,100,5016,4,429.39,290.83,0.24,1717.56,1305.35,142.03,AUD,bank_transfer,marketplace,completed
TXN20260101000557,2026-01-01 13:35:57,1174,261,5009,1,222.59,120.24,0.01,222.59,220.36,100.12,AUD,credit_card,mobile_app,completed
TXN20260101000558,2026-01-01 13:35:59,1450,348,5014,3,367.68,171.93,0.25,1103.04,827.28,311.49,AUD,credit_card,mobile_app,completed
TXN20260101000559,2026-01-01 13:36:31,1960,289,,3,135.78,64.29,0.01,407.34,403.27,210.4,AUD,debit_card,web,completed
TXN20260101000560,2026-01-01 13:37:44,1572,317,,3,25.27,14.13,0.18,75.81,62.16,19.77,AUD,bank_transfer,marketplace,cancelled
TXN20260101000561,2026-01-01 13:38:59,1267,396,,1,358.76,209.23,0.02,358.76,351.58,142.35,AUD,credit_card,mobile_app,completed
TXN20260101000562,2026-01-01 13:40:14,2186,194,,4,45.96,33.9,0.06,183.84,172.81,37.21,AUD,buy_now_pay_later,marketplace,completed
TXN20260101000563,2026-01-01 13:43:18,1573,319,5002,3,134.18,49.74,0.07,402.54,374.36,225.14,AUD,debit_card,mobile_app,completed
TXN20260101000564,2026-01-01 13:44:43,1445,17,,3,15.98,12.32,0.07,47.94,44.58,7.62,AUD,buy_now_pay_later,marketplace,refunded
TXN20260101000565,2026-01-01 13:46:29,1738,91,5004,1,229.04,125.54,0.01,229.04,226.75,101.21,AUD,gift_card,mobile_app,completed
TXN20260101000566,2026-01-01 13:46:30,1940,84,,5,131.95,75.26,0.01,659.75,653.15,276.85,AUD,debit_card,mobile_app,completed
TXN20260101000567,2026-01-01 13:46:59,1798,171,,1,126.82,54.58,0.1,126.82,114.14,59.56,AUD,credit_card,mobile_app,completed
TXN20260101000568,2026-01-01 13:47:33,1272,178,5008,5,354.14,201.79,0.07,1770.7,1646.75,637.8,AUD,credit_card,in_store,completed
TXN20260101000569,2026-01-01 13:47:45,1126,198,,5,311.79,188.7,0.09,1558.95,1418.64,475.14,AUD,credit_card,web,completed
TXN20260101000570,2026-01-01 13:48:08,1031,373,5013,2,423.09,155.74,0.04,846.18,812.33,500.85,AUD,credit_card,web,completed
TXN20260101000571,2026-01-01 13:49:13,1750,347,,2,71.51,38.02,0.1,143.02,128.72,52.68,AUD,credit_card,web,completed
TXN20260101000572,2026-01-01 13:49:20,1368,291,5015,4,348.41,145.57,0.09,1393.64,1268.21,685.93,AUD,credit_card,web,completed
TXN20260101000573,2026-01-01 13:49:28,1477,368,,3,77.62,57.72,0.06,232.86,218.89,45.73,AUD,debit_card,phone,cancelled
TXN20260101000574,2026-01-01 13:52:01,2002,328,,4,33.71,19.15,0.16,134.84,113.27,36.67,AUD,debit_card,web,cancelled
TXN20260101000575,2026-01-01 13:53:08,2141,269,,2,129.92,57.09,0.06,259.84,244.25,130.07,AUD,credit_card,web,completed
TXN20260101000576,2026-01-01 13:54:37,1696,365,5015,3,229.11,163.97,0.14,687.33,591.1,99.19,AUD,credit_card,marketplace,completed
TXN20260101000577,2026-01-01 13:54:39,1365,188,5015,2,141.88,98.58,0.11,283.76,252.55,55.39,AUD,credit_card,web,completed
TXN20260101000578,2026-01-01 13:55:41,1489,228,5016,3,85.54,59.94,0.03,256.62,248.92,69.1,AUD,debit_card,web,completed
TXN20260101000579,2026-01-01 13:58:06,1331,387,,2,113.54,61.9,0.0,227.08,227.08,103.28,AUD,credit_card,web,completed
TXN20260101000580,2026-01-01 13:58:20,1277,168,,3,356.7,253.22,0.04,1070.1,1027.3,267.64,AUD,bank_transfer,mobile_app,completed
TXN20260101000581,2026-01-01 13:58:32,1759,394,,3,26.27,10.02,0.07,78.81,73.29,43.23,AUD,credit_card,marketplace,completed
TXN20260101000582,2026-01-01 14:04:11,1574,104,5006,2,41.5,30.94,0.11,83.0,73.87,11.99,AUD,paypal,in_store,completed
TXN20260101000583,2026-01-01 14:04:23,1383,29,5004,6,157.08,114.81,0.11,942.48,838.81,149.95,AUD,debit_card,marketplace,completed
TXN20260101000584,2026-01-01 14:07:50,1408,51,,1,162.3,85.52,0.16,162.3,136.33,50.81,AUD,credit_card,mobile_app,completed
TXN20260101000585,2026-01-01 14:08:19,2053,132,5017,2,109.21,38.28,0.12,218.42,192.21,115.65,AUD,debit_card,mobile_app,completed
TXN20260101000586,2026-01-01 14:13:06,1825,354,,5,128.43,85.15,0.1,642.15,577.93,152.18,AUD,paypal,marketplace,completed
TXN20260101000587,2026-01-01 14:17:28,1461,231,,2,114.93,83.66,0.02,229.86,225.26,57.94,AUD,credit_card,mobile_app,completed
TXN20260101000588,2026-01-01 14:18:09,1539,303,,2,5.2,2.83,0.03,10.4,10.09,4.43,AUD,paypal,mobile_app,completed
TXN20260101000589,2026-01-01 14:18:53,2163,121,,4,18.5,12.03,0.16,74.0,62.16,14.04,AUD,paypal,web,completed
TXN20260101000590,2026-01-01 14:20:37,1726,353,,2,53.63,27.2,0.23,107.26,82.59,28.19,AUD,credit_card,web,completed
TXN20260101000591,2026-01-01 14:24:03,1773,393,,1,18.4,11.45,0.15,18.4,15.64,4.19,AUD,credit_card,mobile_app,completed
TXN20260101000592,2026-01-01 14:26:07,1022,99,,1,8.03,4.15,0.08,8.03,7.39,3.24,AUD,credit_card,mobile_app,completed
TXN20260101000593,2026-01-01 14:26:12,2152,193,5012,2,368.81,195.25,0.11,737.62,656.48,265.98,AUD,debit_card,web,completed
TXN20260101000594,2026-01-01 14:27:36,1146,114,,1,311.7,127.05,0.04,311.7,299.23,172.18,AUD,credit_card,mobile_app,completed
TXN20260101000595,2026-01-01 14:28:35,1850,198,5002,3,311.79,188.7,0.1,935.37,841.83,275.73,AUD,buy_now_pay_later,mobile_app,completed
TXN20260101000596,2026-01-01 14:30:02,1178,373,,4,423.09,155.74,0.07,1692.36,1573.89,950.93,AUD,credit_card,web,completed
TXN20260101000597,2026-01-01 14:31:00,1451,3,5005,1,142.91,77.99,0.05,142.91,135.76,57.77,AUD,gift_card,mobile_app,completed
TXN20260101000598,2026-01-01 14:31:04,1046,118,,3,63.49,25.23,0.09,190.47,173.33,97.64,AUD,paypal,marketplace,completed
TXN20260101000599,2026-01-01 14:34:41,1407,249,,5,96.17,46.26,0.17,480.85,399.11,167.81,AUD,credit_card,web,completed
TXN20260101000600,2026-01-01 14:35:17,1927,284,5008,1,359.21,205.04,0.04,359.21,344.84,139.8,AUD,credit_card,mobile_app,completed
TXN20260101000601,2026-01-01 14:35:45,2021,288,,1,349.87,265.76,0.01,349.87,346.37,80.61,AUD,debit_card,web,completed
TXN20260101000602,2026-01-01 14:37:20,2135,346,,5,337.76,248.46,0.12,1688.8,1486.14,243.84,AUD,credit_card,web,completed
TXN20260101000603,2026-01-01 14:40:28,1800,15,,2,42.26,18.74,0.02,84.52,82.83,45.35,AUD,buy_now_pay_later,mobile_app,completed
TXN20260101000604,2026-01-01 14:43:54,1559,236,,2,7.93,6.02,0.07,15.86,14.75,2.71,AUD,credit_card,marketplace,completed
TXN20260101000605,2026-01-01 14:45:48,2043,195,5005,3,142.11,62.0,0.18,426.33,349.59,163.59,AUD,debit_card,web,completed
TXN20260101000606,2026-01-01 14:47:24,1723,392,,1,197.73,138.04,0.04,197.73,189.82,51.78,AUD,credit_card,mobile_app,completed
TXN20260101000607,2026-01-01 14:47:36,1357,105,5002,1,142.92,89.61,0.16,142.92,120.05,30.44,AUD,credit_card,marketplace,completed
TXN20260101000608,2026-01-01 14:49:43,1074,306,5015,1,201.0,135.59,0.1,201.0,180.9,45.31,AUD,debit_card,mobile_app,completed
TXN20260101000609,2026-01-01 14:50:56,1344,281,,1,206.68,92.2,0.22,206.68,161.21,69.01,AUD,credit_card,web,completed
TXN20260101000610,2026-01-01 14:56:15,2116,186,5016,3,294.97,120.02,0.09,884.91,805.27,445.21,AUD,credit_card,mobile_app,completed
TXN20260101000611,2026-01-01 14:58:22,1412,175,5014,3,176.68,90.48,0.18,530.04,434.63,163.19,AUD,bank_transfer,marketplace,completed
TXN20260101000612,2026-01-01 15:00:10,1478,80,,3,279.86,155.8,0.13,839.58,730.43,263.03,AUD,bank_transfer,mobile_app,completed
TXN20260101000613,2026-01-01 15:02:08,1668,32,,1,107.59,39.39,0.24,107.59,81.77,42.38,AUD,credit_card,mobile_app,completed
TXN20260101000614,2026-01-01 15:30:35,1114,67,5017,5,164.66,66.92,0.15,823.3,699.8,365.2,AUD,credit_card,web,completed
TXN20260101000615,2026-01-01 15:34:02,1125,244,,4,141.72,92.91,0.05,566.88,538.54,166.9,AUD,credit_card,web,completed
TXN20260101000616,2026-01-01 15:39:58,1021,365,,1,229.11,163.97,0.02,229.11,224.53,60.56,AUD,paypal,web,completed
TXN20260101000617,2026-01-01 15:41:35,1288,360,,1,22.41,17.01,0.03,22.41,21.74,4.73,AUD,credit_card,mobile_app,completed
TXN20260101000618,2026-01-01 15:42:02,1995,72,,3,333.42,149.31,0.05,1000.26,950.25,502.32,AUD,debit_card,mobile_app,completed
TXN20260101000619,2026-01-01 15:43:18,1742,173,,3,67.53,28.1,0.13,202.59,176.25,91.95,AUD,bank_transfer,web,completed
TXN20260101000620,2026-01-01 15:45:11,2195,381,,4,12.14,8.81,0.1,48.56,43.7,8.46,AUD,debit_card,mobile_app,completed
TXN20260101000621,2026-01-01 15:46:42,1705,13,,2,39.93,31.05,0.15,79.86,67.88,5.78,AUD,buy_now_pay_later,mobile_app,completed
TXN20260101000622,2026-01-01 15:47:31,1839,315,5005,1,85.51,53.68,0.13,85.51,74.39,20.71,AUD,buy_now_pay_later,mobile_app,completed
TXN20260101000623,2026-01-01 15:51:30,1523,274,,5,157.3,88.45,0.15,786.5,668.52,226.27,AUD,credit_card,mobile_app,completed
TXN20260101000624,2026-01-01 15:52:41,1438,395,,1,259.59,188.33,0.06,259.59,244.01,55.68,AUD,debit_card,web,refunded
TXN20260101000625,2026-01-01 15:55:20,1904,270,,2,347.43,172.19,0.16,694.86,583.68,239.3,AUD,paypal,marketplace,completed
TXN20260101000626,2026-01-01 15:56:05,1141,2,5006,4,292.97,126.42,0.06,1171.88,1101.57,595.89,AUD,debit_card,mobile_app,completed
TXN20260101000627,2026-01-01 15:58:35,1332,53,,3,33.81,14.85,0.07,101.43,94.33,49.78,AUD,credit_card,web,completed
TXN20260101000628,2026-01-01 16:01:19,1408,386,5018,4,284.12,120.27,0.14,1136.48,977.37,496.29,AUD,paypal,web,refunded
TXN20260101000629,2026-01-01 16:03:11,1926,292,5003,4,313.29,199.32,0.02,1253.16,1228.1,430.82,AUD,credit_card,mobile_app,completed
TXN20260101000630,2026-01-01 16:06:20,1841,272,,5,48.63,25.3,0.12,243.15,213.97,87.47,AUD,credit_card,marketplace,completed
TXN20260101000631,2026-01-01 16:07:38,1047,388,,1,178.72,91.5,0.13,178.72,155.49,63.99,AUD,credit_card,web,completed
TXN20260101000632,2026-01-01 16:14:58,1258,62,5012,1,46.07,33.25,0.15,46.07,39.16,5.91,AUD,debit_card,web,completed
TXN20260101000633,2026-01-01 16:15:28,1767,267,,4,13.67,9.81,0.01,54.68,54.13,14.89,AUD,credit_card,web,completed
TXN20260101000634,2026-01-01 16:17:46,1271,390,5003,1,368.36,241.5,0.02,368.36,360.99,119.49,AUD,credit_card,web,completed
TXN20260101000635,2026-01-01 16:20:58,1634,344,5006,4,5.3,2.32,0.09,21.2,19.29,10.01,AUD,debit_card,web,completed
TXN20260101000636,2026-01-01 16:21:42,1732,235,,4,18.79,8.45,0.07,75.16,69.9,36.1,AUD,debit_card,mobile_app,completed
TXN20260101000637,2026-01-01 16:24:53,1426,85,,1,173.56,99.76,0.08,173.56,159.68,59.92,AUD,credit_card,mobile_app,refunded
TXN20260101000638,2026-01-01 16:25:55,1704,70,,1,291.11,188.06,0.05,291.11,276.55,88.49,AUD,paypal,web,completed
TXN20260101000639,2026-01-01 16:26:28,1253,75,5013,3,200.92,131.5,0.18,602.76,494.26,99.76,AUD,debit_card,mobile_app,completed
TXN20260101000640,2026-01-01 16:28:53,2025,70,,2,291.11,188.06,0.07,582.22,541.46,165.34,AUD,debit_card,web,completed
TXN20260101000641,2026-01-01 16:29:00,1595,18,,2,23.51,10.69,0.23,47.02,36.21,14.83,AUD,credit_card,web,completed
TXN20260101000642,2026-01-01 16:29:26,1681,126,,1,63.01,42.43,0.1,63.01,56.71,14.28,AUD,debit_card,mobile_app,completed
TXN20260101000643,2026-01-01 16:30:59,1541,327,,5,27.46,12.97,0.04,137.3,131.81,66.96,AUD,credit_card,mobile_app,completed
TXN20260101000644,2026-01-01 16:31:46,1178,247,5002,2,32.77,14.35,0.07,65.54,60.95,32.25,AUD,buy_now_pay_later,mobile_app,completed
TXN20260101000645,2026-01-01 16:32:50,1532,292,5010,1,313.29,199.32,0.07,313.29,291.36,92.04,AUD,credit_card,web,completed
TXN20260101000646,2026-01-01 16:33:07,1538,306,,3,201.0,135.59,0.11,603.0,536.67,129.9,AUD,debit_card,web,completed
TXN20260101000647,2026-01-01 16:35:08,1574,207,,3,174.77,73.18,0.22,524.31,408.96,189.42,AUD,debit_card,marketplace,completed
TXN20260101000648,2026-01-01 16:44:06,1731,192,,3,486.02,347.84,0.08,1458.06,1341.42,297.9,AUD,credit_card,web,completed
TXN20260101000649,2026-01-01 16:44:57,1661,41,5017,3,241.85,106.29,0.02,725.55,711.04,392.17,AUD,paypal,web,completed
TXN20260101000650,2026-01-01 16:47:06,1342,273,,3,15.74,11.24,0.08,47.22,43.44,9.72,AUD,bank_transfer,web,completed
TXN20260101000651,2026-01-01 16:52:38,1190,232,5017,1,159.76,96.34,0.01,159.76,158.16,61.82,AUD,paypal,mobile_app,completed
TXN20260101000652,2026-01-01 16:58:04,2156,339,,3,232.73,135.01,0.11,698.19,621.39,216.36,AUD,credit_card,mobile_app,completed
TXN20260101000653,2026-01-01 16:58:29,1702,205,5004,1,200.88,145.96,0.04,200.88,192.84,46.88,AUD,credit_card,web,completed
TXN20260101000654,2026-01-01 17:01:05,1291,226,5005,4,224.08,91.6,0.2,896.32,717.06,350.66,AUD,credit_card,mobile_app,completed
TXN20260101000655,2026-01-01 17:01:40,1510,100,,3,429.39,290.83,0.16,1288.17,1082.06,209.57,AUD,buy_now_pay_later,web,completed
TXN20260101000656,2026-01-01 17:02:41,1751,77,5009,1,288.19,141.16,0.02,288.19,282.43,141.27,AUD,credit_card,mobile_app,completed
TXN20260101000657,2026-01-01 17:03:43,1596,95,,2,125.86,97.81,0.04,251.72,241.65,46.03,AUD,gift_card,marketplace,cancelled
TXN20260101000658,2026-01-01 17:14:21,1950,12,,1,22.05,16.18,0.05,22.05,20.95,4.77,AUD,debit_card,web,completed
TXN20260101000659,2026-01-01 17:17:09,1029,270,5018,2,347.43,172.19,0.16,694.86,583.68,239.3,AUD,credit_card,mobile_app,completed
TXN20260101000660,2026-01-01 17:17:36,1865,210,,2,210.36,163.77,0.22,420.72,328.16,0.62,AUD,debit_card,web,completed
TXN20260101000661,2026-01-01 17:19:14,1206,227,,2,46.57,24.42,0.08,93.14,85.69,36.85,AUD,credit_card,web,refunded
TXN20260101000662,2026-01-01 17:21:12,1415,114,,2,311.7,127.05,0.09,623.4,567.29,313.19,AUD,debit_card,mobile_app,completed
TXN20260101000663,2026-01-01 17:22:21,1215,378,,2,355.29,228.27,0.06,710.58,667.95,211.41,AUD,credit_card,web,completed
TXN20260101000664,2026-01-01 17:24:24,1801,362,,2,10.4,7.12,0.04,20.8,19.97,5.73,AUD,credit_card,web,completed
TXN20260101000665,2026-01-01 17:31:47,1673,365,5018,3,229.11,163.97,0.02,687.33,673.58,181.67,AUD,debit_card,web,completed
TXN20260101000666,2026-01-01 17:32:57,1245,128,,1,189.27,110.21,0.26,189.27,140.06,29.85,AUD,debit_card,web,completed
TXN20260101000667,2026-01-01 17:33:00,1980,199,,4,405.48,228.61,0.01,1621.92,1605.7,691.26,AUD,credit_card,mobile_app,completed
TXN20260101000668,2026-01-01 17:33:07,1376,361,,1,172.83,61.35,0.04,172.83,165.92,104.57,AUD,bank_transfer,mobile_app,completed
TXN20260101000669,2026-01-01 17:34:10,1756,81,,3,133.11,71.55,0.11,399.33,355.4,140.75,AUD,credit_card,mobile_app,completed
TXN20260101000670,2026-01-01 17:39:58,1572,70,,4,291.11,188.06,0.05,1164.44,1106.22,353.98,AUD,credit_card,mobile_app,refunded
TXN20260101000671,2026-01-01 17:40:03,1910,363,,1,161.87,102.03,0.12,161.87,142.45,40.42,AUD,credit_card,mobile_app,completed
TXN20260101000672,2026-01-01 17:40:09,1532,254,5016,2,151.84,54.33,0.02,303.68,297.61,188.95,AUD,credit_card,web,completed
TXN20260101000673,2026-01-01 17:45:03,1105,43,,5,211.3,164.39,0.09,1056.5,961.42,139.47,AUD,buy_now_pay_later,mobile_app,completed
TXN20260101000674,2026-01-01 17:49:11,1064,70,,3,291.11,188.06,0.03,873.33,847.13,282.95,AUD,debit_card,web,completed
TXN20260101000675,2026-01-01 17:49:44,1867,76,,4,153.93,70.84,0.03,615.72,597.25,313.89,AUD,buy_now_pay_later,mobile_app,completed
TXN20260101000676,2026-01-01 17:50:14,1106,193,,2,368.81,195.25,0.06,737.62,693.36,302.86,AUD,buy_now_pay_later,web,completed
TXN20260101000677,2026-01-01 17:53:15,1586,57,,1,7.38,2.62,0.22,7.38,5.76,3.14,AUD,credit_card,mobile_app,completed
TXN20260101000678,2026-01-01 17:55:54,1091,231,,2,114.93,83.66,0.05,229.86,218.37,51.05,AUD,buy_now_pay_later,mobile_app,completed
TXN20260101000679,2026-01-01 17:58:45,1761,381,5009,3,12.14,8.81,0.02,36.42,35.69,9.26,AUD,bank_transfer,web,completed
TXN20260101000680,2026-01-01 18:01:45,1345,209,,3,16.17,12.13,0.02,48.51,47.54,11.15,AUD,debit_card,mobile_app,completed
TXN20260101000681,2026-01-01 18:06:33,1662,254,5002,3,151.84,54.33,0.04,455.52,437.3,274.31,AUD,paypal,web,completed
TXN20260101000682,2026-01-01 18:07:31,1931,48,5016,3,196.8,70.47,0.12,590.4,519.55,308.14,AUD,credit_card,mobile_app,completed
TXN20260101000683,2026-01-01 18:08:09,1799,357,,3,49.08,20.39,0.15,147.24,125.15,63.98,AUD,debit_card,marketplace,completed
TXN20260101000684,2026-01-01 18:08:29,1826,238,5012,1,356.39,213.37,0.16,356.39,299.37,86.0,AUD,credit_card,web,completed
TXN20260101000685,2026-01-01 18:12:08,1491,100,,2,429.39,290.83,0.16,858.78,721.38,139.72,AUD,paypal,mobile_app,completed
TXN20260101000686,2026-01-01 18:12:46,1524,243,5015,3,6.18,2.24,0.07,18.54,17.24,10.52,AUD,paypal,in_store,completed
TXN20260101000687,2026-01-01 18:22:08,1160,182,5005,4,185.56,117.63,0.01,742.24,734.82,264.3,AUD,paypal,mobile_app,completed
TXN20260101000688,2026-01-01 18:27:53,2042,39,5018,1,153.21,59.61,0.19,153.21,124.1,64.49,AUD,debit_card,mobile_app,completed
TXN20260101000689,2026-01-01 18:28:53,1958,215,,4,8.88,3.58,0.05,35.52,33.74,19.42,AUD,credit_card,web,completed
TXN20260101000690,2026-01-01 18:32:13,2149,147,,6,287.02,186.05,0.12,1722.12,1515.47,399.17,AUD,credit_card,mobile_app,completed
TXN20260101000691,2026-01-01 18:49:26,1972,25,5006,1,279.71,213.59,0.13,279.71,243.35,29.76,AUD,paypal,web,completed
TXN20260101000692,2026-01-01 18:56:26,1794,87,,5,137.75,85.09,0.17,688.75,571.66,146.21,AUD,credit_card,web,completed
TXN20260101000693,2026-01-01 18:56:48,1022,31,5008,1,125.26,43.94,0.0,125.26,125.26,81.32,AUD,credit_card,web,completed
TXN20260101000694,2026-01-01 19:00:12,1805,45,,1,127.42,77.89,0.06,127.42,119.77,41.88,AUD,debit_card,mobile_app,completed
TXN20260101000695,2026-01-01 19:01:41,1479,11,,2,383.38,230.87,0.01,766.76,759.09,297.35,AUD,gift_card,mobile_app,completed
TXN20260101000696,2026-01-01 19:03:06,1822,225,,4,310.73,232.58,0.07,1242.92,1155.92,225.6,AUD,bank_transfer,mobile_app,completed
TXN20260101000697,2026-01-01 19:03:34,1193,134,,1,151.77,62.1,0.05,151.77,144.18,82.08,AUD,credit_card,web,refunded
TXN20260101000698,2026-01-01 19:04:23,1597,42,,3,64.61,39.72,0.17,193.83,160.88,41.72,AUD,paypal,mobile_app,completed
TXN20260101000699,2026-01-01 19:04:26,2002,294,5003,3,25.75,16.01,0.25,77.25,57.94,9.91,AUD,debit_card,web,completed
TXN20260101000700,2026-01-01 19:04:55,1289,351,5008,1,410.9,255.25,0.19,410.9,332.83,77.58,AUD,credit_card,marketplace,completed
TXN20260101000701,2026-01-01 19:06:44,1956,200,5008,5,8.47,4.01,0.06,42.35,39.81,19.76,AUD,credit_card,marketplace,pending
TXN20260101000702,2026-01-01 19:08:14,1008,151,,1,36.21,16.06,0.13,36.21,31.5,15.44,AUD,paypal,mobile_app,completed
TXN20260101000703,2026-01-01 19:08:25,2112,91,,1,229.04,125.54,0.09,229.04,208.43,82.89,AUD,debit_card,web,completed
TXN20260101000704,2026-01-01 19:09:37,1605,265,5016,4,217.01,151.39,0.19,868.04,703.11,97.55,AUD,paypal,web,completed
TXN20260101000705,2026-01-01 19:11:47,1330,245,5006,3,349.8,233.63,0.03,1049.4,1017.92,317.03,AUD,credit_card,web,refunded
TXN20260101000706,2026-01-01 19:12:05,2025,245,,6,349.8,233.63,0.0,2098.8,2098.8,697.02,AUD,debit_card,web,completed
TXN20260101000707,2026-01-01 19:13:00,1935,159,,5,232.46,120.67,0.08,1162.3,1069.32,465.97,AUD,credit_card,web,completed
TXN20260101000708,2026-01-01 19:13:21,2073,2,,3,292.97,126.42,0.01,878.91,870.12,490.86,AUD,buy_now_pay_later,in_store,completed
TXN20260101000709,2026-01-01 19:16:05,1045,153,5008,2,133.15,94.62,0.16,266.3,223.69,34.45,AUD,bank_transfer,web,completed
TXN20260101000710,2026-01-01 19:18:03,1890,212,,1,172.34,98.73,0.02,172.34,168.89,70.16,AUD,debit_card,mobile_app,completed
TXN20260101000711,2026-01-01 19:19:05,1279,212,5013,3,172.34,98.73,0.01,517.02,511.85,215.66,AUD,credit_card,mobile_app,completed
TXN20260101000712,2026-01-01 19:19:32,1449,210,,2,210.36,163.77,0.07,420.72,391.27,63.73,AUD,debit_card,web,completed
TXN20260101000713,2026-01-01 19:20:00,1075,231,,1,114.93,83.66,0.03,114.93,111.48,27.82,AUD,bank_transfer,mobile_app,completed
TXN20260101000714,2026-01-01 19:20:13,1782,188,,1,141.88,98.58,0.06,141.88,133.37,34.79,AUD,credit_card,web,cancelled
TXN20260101000715,2026-01-01 19:22:08,1062,174,5009,1,56.31,22.6,0.09,56.31,51.24,28.64,AUD,bank_transfer,marketplace,completed
TXN20260101000716,2026-01-01 19:23:02,1303,225,5012,2,310.73,232.58,0.06,621.46,584.17,119.01,AUD,paypal,web,completed
TXN20260101000717,2026-01-01 19:24:34,1974,229,,3,23.31,18.16,0.14,69.93,60.14,5.66,AUD,paypal,mobile_app,completed
TXN20260101000718,2026-01-01 19:26:05,1544,63,,2,137.14,59.24,0.02,274.28,268.79,150.31,AUD,credit_card,marketplace,completed
TXN20260101000719,2026-01-01 19:28:01,2009,318,,3,104.56,45.81,0.03,313.68,304.27,166.84,AUD,credit_card,web,completed
TXN20260101000720,2026-01-01 19:28:52,2081,137,5006,6,230.43,174.09,0.09,1382.58,1258.15,213.61,AUD,credit_card,web,refunded
TXN20260101000721,2026-01-01 19:29:18,1759,173,,2,67.53,28.1,0.16,135.06,113.45,57.25,AUD,credit_card,web,completed
TXN20260101000722,2026-01-01 19:29:40,1942,290,5013,4,37.46,23.23,0.1,149.84,134.86,41.94,AUD,buy_now_pay_later,web,completed
TXN20260101000723,2026-01-01 19:30:14,1393,43,,4,211.3,164.39,0.11,845.2,752.23,94.67,AUD,paypal,mobile_app,completed
TXN20260101000724,2026-01-01 19:30:14,1636,282,5009,2,11.8,8.78,0.03,23.6,22.89,5.33,AUD,credit_card,mobile_app,completed
TXN20260101000725,2026-01-01 19:31:00,1316,334,5004,4,100.25,73.46,0.07,401.0,372.93,79.09,AUD,debit_card,mobile_app,completed
TXN20260101000726,2026-01-01 19:31:59,1969,128,,1,189.27,110.21,0.06,189.27,177.91,67.7,AUD,debit_card,marketplace,cancelled
TXN20260101000727,2026-01-01 19:32:08,2168,391,5004,3,294.69,110.36,0.14,884.07,760.3,429.22,AUD,credit_card,mobile_app,completed
TXN20260101000728,2026-01-01 19:32:33,1988,59,5016,2,66.9,33.14,0.15,133.8,113.73,47.45,AUD,paypal,in_store,completed
TXN20260101000729,2026-01-01 19:32:49,1589,79,,5,139.3,69.25,0.1,696.5,626.85,280.6,AUD,credit_card,mobile_app,completed
TXN20260101000730,2026-01-01 19:33:17,1725,250,,2,231.82,122.47,0.05,463.64,440.46,195.52,AUD,debit_card,web,completed
TXN20260101000731,2026-01-01 19:34:46,1305,148,5013,3,64.17,49.35,0.04,192.51,184.81,36.76,AUD,credit_card,mobile_app,completed
TXN20260101000732,2026-01-01 19:34:48,1515,396,,1,358.76,209.23,0.06,358.76,337.23,128.0,AUD,debit_card,web,completed
TXN20260101000733,2026-01-01 19:35:00,1172,240,5002,3,296.5,109.26,0.08,889.5,818.34,490.56,AUD,buy_now_pay_later,marketplace,completed
TXN20260101000734,2026-01-01 19:35:30,1062,205,5007,4,200.88,145.96,0.22,803.52,626.75,42.91,AUD,buy_now_pay_later,marketplace,completed
TXN20260101000735,2026-01-01 19:40:48,1521,103,,5,34.27,18.76,0.22,171.35,133.65,39.85,AUD,paypal,mobile_app,completed
TXN20260101000736,2026-01-01 19:41:19,1792,189,,3,209.27,158.1,0.19,627.81,508.53,34.23,AUD,credit_card,marketplace,completed
TXN20260101000737,2026-01-01 19:41:33,1019,353,,2,53.63,27.2,0.17,107.26,89.03,34.63,AUD,bank_transfer,mobile_app,completed
TXN20260101000738,2026-01-01 19:41:58,1472,374,,2,37.72,26.89,0.01,75.44,74.69,20.91,AUD,debit_card,mobile_app,completed
TXN20260101000739,2026-01-01 19:42:01,1905,51,,2,162.3,85.52,0.01,324.6,321.35,150.31,AUD,credit_card,mobile_app,completed
TXN20260101000740,2026-01-01 19:42:02,2113,148,,2,64.17,49.35,0.17,128.34,106.52,7.82,AUD,bank_transfer,web,completed
TXN20260101000741,2026-01-01 19:42:21,2157,269,,4,129.92,57.09,0.13,519.68,452.12,223.76,AUD,buy_now_pay_later,mobile_app,completed
TXN20260101000742,2026-01-01 19:42:47,1504,329,,1,58.04,30.71,0.02,58.04,56.88,26.17,AUD,paypal,web,completed
TXN20260101000743,2026-01-01 19:42:51,1823,181,,3,219.32,157.3,0.03,657.96,638.22,166.32,AUD,gift_card,web,completed
TXN20260101000744,2026-01-01 19:43:08,2069,351,5010,5,410.9,255.25,0.13,2054.5,1787.41,511.16,AUD,credit_card,web,completed
TXN20260101000745,2026-01-01 19:44:22,1474,127,5017,1,45.1,29.41,0.03,45.1,43.75,14.34,AUD,paypal,web,completed
TXN20260101000746,2026-01-01 19:45:34,1358,63,,3,137.14,59.24,0.13,411.42,357.94,180.22,AUD,buy_now_pay_later,mobile_app,completed
TXN20260101000747,2026-01-01 19:48:42,1982,247,,1,32.77,14.35,0.08,32.77,30.15,15.8,AUD,gift_card,mobile_app,completed
TXN20260101000748,2026-01-01 19:48:45,1189,149,,3,221.16,142.36,0.13,663.48,577.23,150.15,AUD,credit_card,mobile_app,completed
TXN20260101000749,2026-01-01 19:49:14,1328,387,,1,113.54,61.9,0.14,113.54,97.64,35.74,AUD,paypal,mobile_app,completed
TXN20260101000750,2026-01-01 19:49:46,2068,271,,1,132.74,79.27,0.09,132.74,120.79,41.52,AUD,credit_card,in_store,completed
TXN20260101000751,2026-01-01 19:50:20,1989,302,,1,143.23,79.31,0.01,143.23,141.8,62.49,AUD,credit_card,web,completed
TXN20260101000752,2026-01-01 19:51:16,1920,378,5007,1,355.29,228.27,0.02,355.29,348.18,119.91,AUD,gift_card,web,completed
TXN20260101000753,2026-01-01 19:52:04,1418,181,,1,219.32,157.3,0.22,219.32,171.07,13.77,AUD,credit_card,web,completed
TXN20260101000754,2026-01-01 19:52:35,2183,234,5009,1,153.86,117.69,0.11,153.86,136.94,19.25,AUD,buy_now_pay_later,web,completed
TXN20260101000755,2026-01-01 19:53:38,1691,114,5008,2,311.7,127.05,0.14,623.4,536.12,282.02,AUD,credit_card,web,completed
TXN20260101000756,2026-01-01 19:54:06,2192,242,5002,2,149.29,73.33,0.12,298.58,262.75,116.09,AUD,debit_card,web,completed
TXN20260101000757,2026-01-01 19:55:19,1383,376,,2,227.27,124.66,0.03,454.54,440.9,191.58,AUD,debit_card,web,completed
TXN20260101000758,2026-01-01 19:55:41,1076,128,,2,189.27,110.21,0.09,378.54,344.47,124.05,AUD,credit_card,web,completed
TXN20260101000759,2026-01-01 19:55:53,2106,354,,3,128.43,85.15,0.04,385.29,369.88,114.43,AUD,credit_card,web,completed
TXN20260101000760,2026-01-01 19:57:33,1099,210,5012,2,210.36,163.77,0.01,420.72,416.51,88.97,AUD,buy_now_pay_later,mobile_app,completed
TXN20260101000761,2026-01-01 19:57:38,1622,374,,2,37.72,26.89,0.04,75.44,72.42,18.64,AUD,buy_now_pay_later,in_store,completed
TXN20260101000762,2026-01-01 19:57:57,2156,216,,3,6.49,3.62,0.21,19.47,15.38,4.52,AUD,credit_card,mobile_app,completed
TXN20260101000763,2026-01-01 19:58:22,1136,270,5007,4,347.43,172.19,0.06,1389.72,1306.34,617.58,AUD,credit_card,mobile_app,completed
TXN20260101000764,2026-01-01 19:59:07,1525,147,,3,287.02,186.05,0.08,861.06,792.18,234.03,AUD,buy_now_pay_later,web,completed
TXN20260101000765,2026-01-01 19:59:30,1809,7,5009,3,75.68,42.79,0.02,227.04,222.5,94.13,AUD,bank_transfer,mobile_app,pending
TXN20260101000766,2026-01-01 20:00:03,1276,333,5012,2,41.88,25.97,0.08,83.76,77.06,25.12,AUD,buy_now_pay_later,web,refunded
TXN20260101000767,2026-01-01 20:00:06,1790,274,,1,157.3,88.45,0.11,157.3,140.0,51.55,AUD,credit_card,web,completed
TXN20260101000768,2026-01-01 20:02:20,1387,70,,2,291.11,188.06,0.17,582.22,483.24,107.12,AUD,debit_card,mobile_app,completed
TXN20260101000769,2026-01-01 20:02:20,1029,51,,1,162.3,85.52,0.22,162.3,126.59,41.07,AUD,debit_card,mobile_app,completed
TXN20260101000770,2026-01-01 20:06:06,1152,47,,1,383.34,271.98,0.2,383.34,306.67,34.69,AUD,debit_card,web,completed
TXN20260101000771,2026-01-01 20:07:09,1715,166,,1,414.85,167.06,0.01,414.85,410.7,243.64,AUD,bank_transfer,mobile_app,completed
TXN20260101000772,2026-01-01 20:07:11,1416,197,,3,161.84,90.95,0.23,485.52,373.85,101.0,AUD,buy_now_pay_later,marketplace,completed
TXN20260101000773,2026-01-01 20:08:10,1164,87,5015,1,137.75,85.09,0.09,137.75,125.35,40.26,AUD,debit_card,web,completed
TXN20260101000774,2026-01-01 20:09:26,2093,38,5007,6,426.51,271.0,0.03,2559.06,2482.29,856.29,AUD,credit_card,web,completed
TXN20260101000775,2026-01-01 20:09:49,1751,59,,1,66.9,33.14,0.04,66.9,64.22,31.08,AUD,credit_card,marketplace,completed
TXN20260101000776,2026-01-01 20:10:22,2148,146,,1,182.6,76.84,0.18,182.6,149.73,72.89,AUD,credit_card,mobile_app,completed
TXN20260101000777,2026-01-01 20:10:26,2120,259,5006,2,243.76,167.05,0.05,487.52,463.14,129.04,AUD,bank_transfer,mobile_app,completed
TXN20260101000778,2026-01-01 20:10:32,1510,320,,1,5.35,2.75,0.14,5.35,4.6,1.85,AUD,credit_card,mobile_app,completed
TXN20260101000779,2026-01-01 20:10:32,1818,72,,3,333.42,149.31,0.04,1000.26,960.25,512.32,AUD,credit_card,mobile_app,cancelled
TXN20260101000780,2026-01-01 20:15:38,1820,278,,2,60.0,45.1,0.16,120.0,100.8,10.6,AUD,paypal,mobile_app,completed
TXN20260101000781,2026-01-01 20:16:14,1116,246,,5,334.95,216.34,0.13,1674.75,1457.03,375.33,AUD,buy_now_pay_later,marketplace,completed
TXN20260101000782,2026-01-01 20:16:26,2010,112,,6,121.28,51.75,0.16,727.68,611.25,300.75,AUD,credit_card,mobile_app,completed
TXN20260101000783,2026-01-01 20:17:33,1552,20,,1,230.82,128.98,0.21,230.82,182.35,53.37,AUD,credit_card,web,refunded
TXN20260101000784,2026-01-01 20:18:08,1659,51,,4,162.3,85.52,0.18,649.2,532.34,190.26,AUD,paypal,mobile_app,cancelled
TXN20260101000785,2026-01-01 20:20:29,1794,122,5003,3,163.85,114.55,0.16,491.55,412.9,69.25,AUD,credit_card,web,completed
TXN20260101000786,2026-01-01 20:20:41,1260,293,5007,1,100.6,74.23,0.15,100.6,85.51,11.28,AUD,credit_card,web,completed
TXN20260101000787,2026-01-01 20:21:17,1719,261,,4,222.59,120.24,0.05,890.36,845.84,364.88,AUD,debit_card,web,completed
TXN20260101000788,2026-01-01 20:21:22,1376,313,,4,364.12,204.74,0.09,1456.48,1325.4,506.44,AUD,buy_now_pay_later,web,completed
TXN20260101000789,2026-01-01 20:26:04,1517,291,5002,5,348.41,145.57,0.12,1742.05,1533.0,805.15,AUD,paypal,mobile_app,completed
TXN20260101000790,2026-01-01 20:26:17,2194,148,,3,64.17,49.35,0.09,192.51,175.18,27.13,AUD,buy_now_pay_later,mobile_app,completed
TXN20260101000791,2026-01-01 20:29:10,1776,195,,4,142.11,62.0,0.18,568.44,466.12,218.12,AUD,buy_now_pay_later,web,completed
TXN20260101000792,2026-01-01 20:30:38,1705,27,,4,172.81,116.75,0.14,691.24,594.47,127.47,AUD,credit_card,web,completed
TXN20260101000793,2026-01-01 20:31:48,1103,11,,5,383.38,230.87,0.04,1916.9,1840.22,685.87,AUD,paypal,mobile_app,refunded
TXN20260101000794,2026-01-01 20:31:55,1973,5,,4,69.17,48.26,0.18,276.68,226.88,33.84,AUD,credit_card,web,completed
TXN20260101000795,2026-01-01 20:32:15,1469,80,5005,1,279.86,155.8,0.18,279.86,229.49,73.69,AUD,debit_card,marketplace,completed
TXN20260101000796,2026-01-01 20:32:43,1412,18,,2,23.51,10.69,0.13,47.02,40.91,19.53,AUD,debit_card,mobile_app,completed
TXN20260101000797,2026-01-01 20:33:38,1514,303,,2,5.2,2.83,0.03,10.4,10.09,4.43,AUD,gift_card,mobile_app,completed
TXN20260101000798,2026-01-01 20:33:40,2043,12,5003,2,22.05,16.18,0.17,44.1,36.6,4.24,AUD,gift_card,mobile_app,completed
TXN20260101000799,2026-01-01 20:33:55,1682,78,,6,128.52,52.69,0.1,771.12,694.01,377.87,AUD,credit_card,mobile_app,completed
TXN20260101000800,2026-01-01 20:34:07,2056,259,,3,243.76,167.05,0.21,731.28,577.71,76.56,AUD,credit_card,mobile_app,completed
TXN20260101000801,2026-01-01 20:34:39,1948,212,,1,172.34,98.73,0.11,172.34,153.38,54.65,AUD,paypal,web,completed
TXN20260101000802,2026-01-01 20:34:48,1076,178,,1,354.14,201.79,0.0,354.14,354.14,152.35,AUD,gift_card,web,completed
TXN20260101000803,2026-01-01 20:34:54,1229,23,,4,371.29,240.22,0.12,1485.16,1306.94,346.06,AUD,paypal,mobile_app,completed
TXN20260101000804,2026-01-01 20:35:17,2196,310,,2,109.6,62.46,0.18,219.2,179.74,54.82,AUD,gift_card,web,completed
TXN20260101000805,2026-01-01 20:35:47,2180,48,,1,196.8,70.47,0.04,196.8,188.93,118.46,AUD,credit_card,web,refunded
TXN20260101000806,2026-01-01 20:35:51,1035,159,,4,232.46,120.67,0.15,929.84,790.36,307.68,AUD,paypal,web,cancelled
TXN20260101000807,2026-01-01 20:35:59,1420,162,,2,102.25,40.84,0.13,204.5,177.91,96.23,AUD,credit_card,mobile_app,completed
TXN20260101000808,2026-01-01 20:36:09,2128,263,5012,1,194.7,69.51,0.16,194.7,163.55,94.04,AUD,debit_card,web,completed
TXN20260101000809,2026-01-01 20:36:24,2059,102,5014,2,276.02,213.86,0.22,552.04,430.59,2.87,AUD,debit_card,mobile_app,completed
TXN20260101000810,2026-01-01 20:36:25,1207,133,,4,22.32,9.12,0.03,89.28,86.6,50.12,AUD,credit_card,marketplace,completed
TXN20260101000811,2026-01-01 20:36:39,1449,153,5005,3,133.15,94.62,0.02,399.45,391.46,107.6,AUD,paypal,web,completed
TXN20260101000812,2026-01-01 20:37:27,1808,389,,1,275.99,150.66,0.06,275.99,259.43,108.77,AUD,credit_card,web,completed
TXN20260101000813,2026-01-01 20:37:52,2145,192,,1,486.02,347.84,0.21,486.02,383.96,36.12,AUD,credit_card,mobile_app,completed
TXN20260101000814,2026-01-01 20:38:48,1080,71,5002,1,451.62,218.09,0.02,451.62,442.59,224.5,AUD,debit_card,web,completed
TXN20260101000815,2026-01-01 20:39:39,1428,275,,5,116.41,50.22,0.19,582.05,471.46,220.36,AUD,debit_card,in_store,completed
TXN20260101000816,2026-01-01 20:40:48,1574,283,,2,155.88,105.7,0.1,311.76,280.58,69.18,AUD,credit_card,marketplace,refunded
TXN20260101000817,2026-01-01 20:41:08,1336,195,5004,1,142.11,62.0,0.05,142.11,135.0,73.0,AUD,credit_card,web,completed
TXN20260101000818,2026-01-01 20:42:36,1485,22,5016,1,239.15,141.03,0.13,239.15,208.06,67.03,AUD,debit_card,mobile_app,completed
TXN20260101000819,2026-01-01 20:43:37,1566,63,,3,137.14,59.24,0.04,411.42,394.96,217.24,AUD,debit_card,web,completed
TXN20260101000820,2026-01-01 20:44:18,1675,326,,1,183.44,105.75,0.01,183.44,181.61,75.86,AUD,paypal,marketplace,completed
TXN20260101000821,2026-01-01 20:44:24,2039,391,5008,2,294.69,110.36,0.13,589.38,512.76,292.04,AUD,debit_card,web,completed
TXN20260101000822,2026-01-01 20:45:51,1295,275,,5,116.41,50.22,0.22,582.05,454.0,202.9,AUD,bank_transfer,marketplace,completed
TXN20260101000823,2026-01-01 20:46:07,1951,11,5006,2,383.38,230.87,0.12,766.76,674.75,213.01,AUD,paypal,mobile_app,completed
TXN20260101000824,2026-01-01 20:46:23,2131,360,,2,22.41,17.01,0.17,44.82,37.2,3.18,AUD,credit_card,mobile_app,completed
TXN20260101000825,2026-01-01 20:46:45,1690,389,,2,275.99,150.66,0.0,551.98,551.98,250.66,AUD,credit_card,mobile_app,completed
TXN20260101000826,2026-01-01 20:47:44,2086,249,,4,96.17,46.26,0.08,384.68,353.91,168.87,AUD,credit_card,web,completed
TXN20260101000827,2026-01-01 20:47:48,1498,145,5005,5,333.84,132.73,0.19,1669.2,1352.05,688.4,AUD,paypal,mobile_app,completed
TXN20260101000828,2026-01-01 20:48:19,2149,208,,2,165.3,68.58,0.11,330.6,294.23,157.07,AUD,credit_card,mobile_app,completed
TXN20260101000829,2026-01-01 20:50:08,1163,383,,2,227.62,101.34,0.0,455.24,455.24,252.56,AUD,buy_now_pay_later,mobile_app,completed
TXN20260101000830,2026-01-01 20:52:46,1525,330,,2,125.71,91.59,0.02,251.42,246.39,63.21,AUD,debit_card,marketplace,completed
TXN20260101000831,2026-01-01 20:52:54,1553,294,5003,2,25.75,16.01,0.19,51.5,41.72,9.7,AUD,credit_card,web,completed
TXN20260101000832,2026-01-01 20:52:56,1711,364,,2,126.27,67.13,0.06,252.54,237.39,103.13,AUD,credit_card,mobile_app,completed
TXN20260101000833,2026-01-01 20:53:45,1263,96,,1,143.85,89.79,0.09,143.85,130.9,41.11,AUD,bank_transfer,mobile_app,completed
TXN20260101000834,2026-01-01 20:54:42,1989,91,,4,229.04,125.54,0.06,916.16,861.19,359.03,AUD,credit_card,mobile_app,completed
TXN20260101000835,2026-01-01 20:54:58,1573,76,5004,1,153.93,70.84,0.01,153.93,152.39,81.55,AUD,paypal,mobile_app,completed
TXN20260101000836,2026-01-01 20:55:44,1495,29,5002,5,157.08,114.81,0.13,785.4,683.3,109.25,AUD,debit_card,web,completed
TXN20260101000837,2026-01-01 20:56:21,1048,7,,3,75.68,42.79,0.13,227.04,197.52,69.15,AUD,buy_now_pay_later,mobile_app,completed
TXN20260101000838,2026-01-01 20:57:19,2191,84,,4,131.95,75.26,0.17,527.8,438.07,137.03,AUD,gift_card,mobile_app,completed
TXN20260101000839,2026-01-01 20:57:21,1113,176,5009,3,19.37,14.31,0.11,58.11,51.72,8.79,AUD,debit_card,web,completed
TXN20260101000840,2026-01-01 20:58:06,1121,196,,2,113.34,80.83,0.18,226.68,185.88,24.22,AUD,credit_card,mobile_app,completed
TXN20260101000841,2026-01-01 20:58:43,1074,361,5003,2,172.83,61.35,0.15,345.66,293.81,171.11,AUD,credit_card,mobile_app,completed
TXN20260101000842,2026-01-01 20:59:45,1180,106,,2,313.2,199.1,0.05,626.4,595.08,196.88,AUD,credit_card,marketplace,completed
TXN20260101000843,2026-01-01 21:02:48,1985,245,,2,349.8,233.63,0.02,699.6,685.61,218.35,AUD,bank_transfer,mobile_app,completed
TXN20260101000844,2026-01-01 21:03:22,1521,330,,2,125.71,91.59,0.02,251.42,246.39,63.21,AUD,paypal,web,completed
TXN20260101000845,2026-01-01 21:03:24,1646,385,5014,1,111.79,81.72,0.02,111.79,109.55,27.83,AUD,paypal,mobile_app,completed
TXN20260101000846,2026-01-01 21:04:42,1030,261,,6,222.59,120.24,0.13,1335.54,1161.92,440.48,AUD,bank_transfer,mobile_app,completed
TXN20260101000847,2026-01-01 21:04:53,2041,223,,4,140.86,54.16,0.16,563.44,473.29,256.65,AUD,credit_card,mobile_app,completed
TXN20260101000848,2026-01-01 21:06:41,1885,197,,4,161.84,90.95,0.02,647.36,634.41,270.61,AUD,buy_now_pay_later,mobile_app,completed
TXN20260101000849,2026-01-01 21:06:51,2137,76,,2,153.93,70.84,0.17,307.86,255.52,113.84,AUD,debit_card,mobile_app,completed
TXN20260101000850,2026-01-01 21:08:17,2161,254,5018,1,151.84,54.33,0.19,151.84,122.99,68.66,AUD,credit_card,marketplace,completed
TXN20260101000851,2026-01-01 21:08:29,1884,184,,2,24.72,17.45,0.12,49.44,43.51,8.61,AUD,credit_card,web,cancelled
TXN20260101000852,2026-01-01 21:08:40,1465,383,,3,227.62,101.34,0.17,682.86,566.77,262.75,AUD,debit_card,web,completed
TXN20260101000853,2026-01-01 21:11:06,1160,147,,2,287.02,186.05,0.13,574.04,499.41,127.31,AUD,paypal,in_store,completed
TXN20260101000854,2026-01-01 21:12:31,1643,298,5018,2,71.48,35.14,0.02,142.96,140.1,69.82,AUD,credit_card,web,completed
TXN20260101000855,2026-01-01 21:12:31,1962,149,,6,221.16,142.36,0.21,1326.96,1048.3,194.14,AUD,credit_card,web,completed
TXN20260101000856,2026-01-01 21:12:54,1562,392,5003,4,197.73,138.04,0.03,790.92,767.19,215.03,AUD,buy_now_pay_later,marketplace,completed
TXN20260101000857,2026-01-01 21:14:16,2059,287,,1,67.92,35.4,0.03,67.92,65.88,30.48,AUD,credit_card,mobile_app,refunded
TXN20260101000858,2026-01-01 21:16:21,1492,11,,2,383.38,230.87,0.15,766.76,651.75,190.01,AUD,credit_card,marketplace,completed
TXN20260101000859,2026-01-01 21:16:47,1389,276,,1,260.47,124.27,0.05,260.47,247.45,123.18,AUD,credit_card,web,pending
TXN20260101000860,2026-01-01 21:19:02,1129,290,,1,37.46,23.23,0.06,37.46,35.21,11.98,AUD,credit_card,web,refunded
TXN20260101000861,2026-01-01 21:19:19,1688,243,5009,3,6.18,2.24,0.06,18.54,17.43,10.71,AUD,credit_card,web,completed
TXN20260101000862,2026-01-01 21:19:41,2012,139,5017,3,93.98,72.88,0.08,281.94,259.38,40.74,AUD,bank_transfer,in_store,completed
TXN20260101000863,2026-01-01 21:19:50,1811,282,5008,1,11.8,8.78,0.01,11.8,11.68,2.9,AUD,credit_card,web,completed
TXN20260101000864,2026-01-01 21:21:04,1751,82,5007,4,269.27,177.26,0.0,1077.08,1077.08,368.04,AUD,credit_card,mobile_app,completed
TXN20260101000865,2026-01-01 21:21:17,1721,56,,2,221.91,135.65,0.07,443.82,412.75,141.45,AUD,credit_card,web,completed
TXN20260101000866,2026-01-01 21:21:20,1547,318,,1,104.56,45.81,0.28,104.56,75.28,29.47,AUD,paypal,in_store,completed
TXN20260101000867,2026-01-01 21:21:31,2182,112,,2,121.28,51.75,0.09,242.56,220.73,117.23,AUD,debit_card,web,completed
TXN20260101000868,2026-01-01 21:21:50,1267,266,,1,87.68,41.95,0.05,87.68,83.3,41.35,AUD,credit_card,marketplace,completed
TXN20260101000869,2026-01-01 21:25:37,1849,362,,2,10.4,7.12,0.04,20.8,19.97,5.73,AUD,credit_card,marketplace,refunded
TXN20260101000870,2026-01-01 21:25:47,2134,224,5009,6,135.38,94.24,0.02,812.28,796.03,230.59,AUD,bank_transfer,mobile_app,completed
TXN20260101000871,2026-01-01 21:26:00,1603,260,,1,168.41,124.86,0.05,168.41,159.99,35.13,AUD,buy_now_pay_later,web,completed
TXN20260101000872,2026-01-01 21:27:07,1216,334,5009,5,100.25,73.46,0.02,501.25,491.22,123.92,AUD,paypal,mobile_app,completed
TXN20260101000873,2026-01-01 21:28:28,1492,392,5017,2,197.73,138.04,0.13,395.46,344.05,67.97,AUD,credit_card,web,completed
TXN20260101000874,2026-01-01 21:29:19,1536,388,5014,2,178.72,91.5,0.05,357.44,339.57,156.57,AUD,buy_now_pay_later,web,completed
TXN20260101000875,2026-01-01 21:29:55,2043,190,,5,91.92,61.15,0.07,459.6,427.43,121.68,AUD,credit_card,web,completed
TXN20260101000876,2026-01-01 21:30:16,2003,266,5016,1,87.68,41.95,0.0,87.68,87.68,45.73,AUD,credit_card,mobile_app,completed
TXN20260101000877,2026-01-01 21:30:40,1785,362,,1,10.4,7.12,0.19,10.4,8.42,1.3,AUD,credit_card,web,completed
TXN20260101000878,2026-01-01 21:32:38,1823,297,5004,2,258.89,188.19,0.13,517.78,450.47,74.09,AUD,credit_card,web,completed
TXN20260101000879,2026-01-01 21:33:38,1770,196,,2,113.34,80.83,0.08,226.68,208.55,46.89,AUD,credit_card,web,completed
TXN20260101000880,2026-01-01 21:35:09,1283,389,,1,275.99,150.66,0.19,275.99,223.55,72.89,AUD,buy_now_pay_later,web,completed
TXN20260101000881,2026-01-01 21:35:28,1993,272,,3,48.63,25.3,0.11,145.89,129.84,53.94,AUD,credit_card,mobile_app,completed
TXN20260101000882,2026-01-01 21:35:45,1982,232,,5,159.76,96.34,0.09,798.8,726.91,245.21,AUD,debit_card,mobile_app,completed
TXN20260101000883,2026-01-01 21:36:16,1708,155,5014,1,402.98,307.8,0.02,402.98,394.92,87.12,AUD,credit_card,web,completed
TXN20260101000884,2026-01-01 21:36:34,1502,385,5017,4,111.79,81.72,0.01,447.16,442.69,115.81,AUD,credit_card,mobile_app,completed
TXN20260101000885,2026-01-01 21:37:00,1752,269,,2,129.92,57.09,0.04,259.84,249.45,135.27,AUD,debit_card,mobile_app,completed
TXN20260101000886,2026-01-01 21:37:13,1136,234,,2,153.86,117.69,0.14,307.72,264.64,29.26,AUD,credit_card,mobile_app,completed
TXN20260101000887,2026-01-01 21:37:53,1405,266,5007,1,87.68,41.95,0.09,87.68,79.79,37.84,AUD,credit_card,web,cancelled
TXN20260101000888,2026-01-01 21:39:03,1144,336,,3,250.44,165.04,0.18,751.32,616.08,120.96,AUD,buy_now_pay_later,mobile_app,completed
TXN20260101000889,2026-01-01 21:39:57,1885,295,,4,125.3,93.62,0.07,501.2,466.12,91.64,AUD,debit_card,mobile_app,completed
TXN20260101000890,2026-01-01 21:41:19,1173,220,,1,80.96,29.21,0.23,80.96,62.34,33.13,AUD,credit_card,web,completed
TXN20260101000891,2026-01-01 21:41:42,1485,167,5012,3,176.55,75.21,0.15,529.65,450.2,224.57,AUD,credit_card,marketplace,completed
TXN20260101000892,2026-01-01 21:42:51,1431,271,,5,132.74,79.27,0.12,663.7,584.06,187.71,AUD,paypal,web,completed
TXN20260101000893,2026-01-01 21:44:03,1199,281,,1,206.68,92.2,0.05,206.68,196.35,104.15,AUD,credit_card,web,completed
TXN20260101000894,2026-01-01 21:44:11,1265,86,5017,4,176.95,129.01,0.0,707.8,707.8,191.76,AUD,credit_card,marketplace,completed
TXN20260101000895,2026-01-01 21:44:17,1477,112,,1,121.28,51.75,0.12,121.28,106.73,54.98,AUD,paypal,mobile_app,completed
TXN20260101000896,2026-01-01 21:44:40,1851,220,,1,80.96,29.21,0.04,80.96,77.72,48.51,AUD,debit_card,mobile_app,completed
TXN20260101000897,2026-01-01 21:45:02,1771,299,5012,2,256.41,147.41,0.12,512.82,451.28,156.46,AUD,buy_now_pay_later,mobile_app,completed
TXN20260101000898,2026-01-01 21:45:07,1086,204,,3,256.41,190.36,0.18,769.23,630.77,59.69,AUD,credit_card,web,completed
TXN20260101000899,2026-01-01 21:45:24,1280,27,,2,172.81,116.75,0.14,345.62,297.23,63.73,AUD,credit_card,web,completed
TXN20260101000900,2026-01-01 21:46:28,1968,97,,1,261.47,109.45,0.12,261.47,230.09,120.64,AUD,debit_card,marketplace,completed
TXN20260101000901,2026-01-01 21:46:58,1826,46,5013,1,182.51,84.92,0.01,182.51,180.68,95.76,AUD,buy_now_pay_later,mobile_app,completed
TXN20260101000902,2026-01-01 21:47:18,1079,247,,1,32.77,14.35,0.05,32.77,31.13,16.78,AUD,credit_card,mobile_app,completed
TXN20260101000903,2026-01-01 21:47:20,1499,173,,6,67.53,28.1,0.14,405.18,348.45,179.85,AUD,debit_card,in_store,completed
TXN20260101000904,2026-01-01 21:47:21,2024,366,,2,212.32,146.95,0.02,424.64,416.15,122.25,AUD,debit_card,mobile_app,completed
TXN20260101000905,2026-01-01 21:51:44,1442,188,,3,141.88,98.58,0.07,425.64,395.85,100.11,AUD,bank_transfer,web,completed
TXN20260101000906,2026-01-01 21:52:05,1693,122,,1,163.85,114.55,0.01,163.85,162.21,47.66,AUD,buy_now_pay_later,web,completed
TXN20260101000907,2026-01-01 21:52:30,1775,100,5014,1,429.39,290.83,0.05,429.39,407.92,117.09,AUD,paypal,web,completed
TXN20260101000908,2026-01-01 21:52:35,2137,271,,4,132.74,79.27,0.04,530.96,509.72,192.64,AUD,credit_card,marketplace,completed
TXN20260101000909,2026-01-01 21:53:08,1833,63,,6,137.14,59.24,0.06,822.84,773.47,418.03,AUD,bank_transfer,web,completed
TXN20260101000910,2026-01-01 21:53:19,1709,292,5006,2,313.29,199.32,0.01,626.58,620.31,221.67,AUD,credit_card,mobile_app,completed
TXN20260101000911,2026-01-01 21:55:05,1894,238,5018,3,356.39,213.37,0.07,1069.17,994.33,354.22,AUD,credit_card,mobile_app,completed
TXN20260101000912,2026-01-01 21:56:51,1881,101,5014,1,352.61,157.72,0.02,352.61,345.56,187.84,AUD,debit_card,mobile_app,completed
TXN20260101000913,2026-01-01 21:59:14,1303,251,,5,245.15,169.74,0.02,1225.75,1201.23,352.53,AUD,debit_card,mobile_app,completed
TXN20260101000914,2026-01-01 21:59:28,1053,63,,2,137.14,59.24,0.19,274.28,222.17,103.69,AUD,credit_card,in_store,completed
TXN20260101000915,2026-01-01 22:00:43,1672,308,5004,2,227.37,123.17,0.01,454.74,450.19,203.85,AUD,credit_card,mobile_app,completed
TXN20260101000916,2026-01-01 22:00:49,1545,221,5015,1,157.27,79.8,0.01,157.27,155.7,75.9,AUD,credit_card,mobile_app,completed
TXN20260101000917,2026-01-01 22:01:26,1249,207,,1,174.77,73.18,0.19,174.77,141.56,68.38,AUD,debit_card,mobile_app,completed
TXN20260101000918,2026-01-01 22:02:02,1293,113,5002,1,424.44,152.08,0.12,424.44,373.51,221.43,AUD,buy_now_pay_later,mobile_app,completed
TXN20260101000919,2026-01-01 22:02:37,1679,261,,2,222.59,120.24,0.26,445.18,329.43,88.95,AUD,debit_card,phone,completed
TXN20260101000920,2026-01-01 22:02:54,2078,374,5007,1,37.72,26.89,0.12,37.72,33.19,6.3,AUD,gift_card,in_store,completed
TXN20260101000921,2026-01-01 22:03:32,1123,78,,4,128.52,52.69,0.09,514.08,467.81,257.05,AUD,paypal,mobile_app,completed
TXN20260101000922,2026-01-01 22:04:34,1040,383,5006,1,227.62,101.34,0.01,227.62,225.34,124.0,AUD,credit_card,mobile_app,refunded
TXN20260101000923,2026-01-01 22:07:08,1702,1,,1,367.54,272.05,0.03,367.54,356.51,84.46,AUD,credit_card,in_store,completed
TXN20260101000924,2026-01-01 22:07:15,1591,323,,3,154.89,83.84,0.04,464.67,446.08,194.56,AUD,credit_card,web,completed
TXN20260101000925,2026-01-01 22:08:10,1984,32,,1,107.59,39.39,0.17,107.59,89.3,49.91,AUD,buy_now_pay_later,web,completed
TXN20260101000926,2026-01-01 22:08:10,1142,370,5017,3,292.21,138.01,0.09,876.63,797.73,383.7,AUD,credit_card,mobile_app,completed
TXN20260101000927,2026-01-01 22:08:28,1117,399,,1,108.85,55.74,0.0,108.85,108.85,53.11,AUD,credit_card,web,completed
TXN20260101000928,2026-01-01 22:08:50,2182,70,5004,1,291.11,188.06,0.12,291.11,256.18,68.12,AUD,bank_transfer,mobile_app,completed
TXN20260101000929,2026-01-01 22:10:47,1391,249,5015,2,96.17,46.26,0.13,192.34,167.34,74.82,AUD,gift_card,web,refunded
TXN20260101000930,2026-01-01 22:11:13,1126,315,,1,85.51,53.68,0.26,85.51,63.28,9.6,AUD,credit_card,mobile_app,completed
TXN20260101000931,2026-01-01 22:12:09,2103,369,,4,254.39,165.86,0.08,1017.56,936.16,272.72,AUD,gift_card,web,completed
TXN20260101000932,2026-01-01 22:14:15,1774,134,5013,5,151.77,62.1,0.05,758.85,720.91,410.41,AUD,credit_card,mobile_app,completed
TXN20260101000933,2026-01-01 22:15:14,1652,313,5013,4,364.12,204.74,0.11,1456.48,1296.27,477.31,AUD,credit_card,web,cancelled
TXN20260101000934,2026-01-01 22:15:14,2179,270,5012,2,347.43,172.19,0.22,694.86,541.99,197.61,AUD,credit_card,web,completed
TXN20260101000935,2026-01-01 22:16:10,1169,244,,5,141.72,92.91,0.02,708.6,694.43,229.88,AUD,credit_card,mobile_app,completed
TXN20260101000936,2026-01-01 22:17:05,1096,251,5005,1,245.15,169.74,0.16,245.15,205.93,36.19,AUD,buy_now_pay_later,web,completed
TXN20260101000937,2026-01-01 22:18:36,1445,299,,3,256.41,147.41,0.0,769.23,769.23,327.0,AUD,paypal,mobile_app,completed
TXN20260101000938,2026-01-01 22:19:20,1180,37,,2,5.1,1.86,0.01,10.2,10.1,6.38,AUD,gift_card,web,completed
TXN20260101000939,2026-01-01 22:22:06,1990,254,,1,151.84,54.33,0.02,151.84,148.8,94.47,AUD,credit_card,mobile_app,refunded
TXN20260101000940,2026-01-01 22:22:24,1873,51,,4,162.3,85.52,0.08,649.2,597.26,255.18,AUD,gift_card,web,completed
TXN20260101000941,2026-01-01 22:22:39,1541,232,,2,159.76,96.34,0.04,319.52,306.74,114.06,AUD,debit_card,web,completed
TXN20260101000942,2026-01-01 22:24:26,1512,183,,5,56.96,21.65,0.16,284.8,239.23,130.98,AUD,paypal,mobile_app,completed
TXN20260101000943,2026-01-01 22:25:40,1139,36,5006,1,95.33,67.51,0.08,95.33,87.7,20.19,AUD,credit_card,web,completed
TXN20260101000944,2026-01-01 22:26:23,1603,186,,1,294.97,120.02,0.01,294.97,292.02,172.0,AUD,debit_card,web,refunded
TXN20260101000945,2026-01-01 22:26:43,1177,65,,5,253.83,167.53,0.02,1269.15,1243.77,406.12,AUD,debit_card,mobile_app,completed
TXN20260101000946,2026-01-01 22:28:13,1707,270,,3,347.43,172.19,0.05,1042.29,990.18,473.61,AUD,credit_card,web,completed
TXN20260101000947,2026-01-01 22:28:26,1152,117,,2,17.41,7.32,0.22,34.82,27.16,12.52,AUD,credit_card,phone,completed
TXN20260101000948,2026-01-01 22:28:50,1711,204,,3,256.41,190.36,0.16,769.23,646.15,75.07,AUD,credit_card,web,completed
TXN20260101000949,2026-01-01 22:31:02,1928,76,,2,153.93,70.84,0.02,307.86,301.7,160.02,AUD,credit_card,marketplace,completed
TXN20260101000950,2026-01-01 22:31:10,1036,51,5006,2,162.3,85.52,0.04,324.6,311.62,140.58,AUD,credit_card,phone,cancelled
TXN20260101000951,2026-01-01 22:32:16,1778,148,,4,64.17,49.35,0.19,256.68,207.91,10.51,AUD,paypal,marketplace,completed
TXN20260101000952,2026-01-01 22:35:30,1548,360,,2,22.41,17.01,0.04,44.82,43.03,9.01,AUD,credit_card,marketplace,refunded
TXN20260101000953,2026-01-01 22:35:58,1556,292,,3,313.29,199.32,0.08,939.87,864.68,266.72,AUD,credit_card,mobile_app,completed
TXN20260101000954,2026-01-01 22:36:15,1703,206,5003,4,211.48,126.89,0.06,845.92,795.16,287.6,AUD,credit_card,mobile_app,completed
TXN20260101000955,2026-01-01 22:36:18,1716,329,5005,2,58.04,30.71,0.16,116.08,97.51,36.09,AUD,credit_card,mobile_app,completed
TXN20260101000956,2026-01-01 22:36:38,1704,112,5003,1,121.28,51.75,0.15,121.28,103.09,51.34,AUD,credit_card,web,completed
TXN20260101000957,2026-01-01 22:39:01,1947,396,,2,358.76,209.23,0.1,717.52,645.77,227.31,AUD,gift_card,mobile_app,completed
TXN20260101000958,2026-01-01 22:40:25,1022,342,,2,119.39,87.78,0.04,238.78,229.23,53.67,AUD,credit_card,mobile_app,completed
TXN20260101000959,2026-01-01 22:42:57,1892,82,5014,4,269.27,177.26,0.08,1077.08,990.91,281.87,AUD,credit_card,mobile_app,completed
TXN20260101000960,2026-01-01 22:43:32,1755,222,,4,32.17,11.42,0.24,128.68,97.8,52.12,AUD,buy_now_pay_later,web,completed
TXN20260101000961,2026-01-01 22:43:45,1891,275,5012,2,116.41,50.22,0.08,232.82,214.19,113.75,AUD,debit_card,marketplace,completed
TXN20260101000962,2026-01-01 22:44:13,1341,257,,3,452.64,204.1,0.15,1357.92,1154.23,541.93,AUD,credit_card,web,completed
TXN20260101000963,2026-01-01 22:44:34,1695,144,5018,2,19.12,6.9,0.07,38.24,35.56,21.76,AUD,gift_card,phone,completed
TXN20260101000964,2026-01-01 22:44:47,1245,91,,4,229.04,125.54,0.05,916.16,870.35,368.19,AUD,credit_card,web,completed
TXN20260101000965,2026-01-01 22:46:01,2093,52,5017,4,213.42,159.81,0.0,853.68,853.68,214.44,AUD,credit_card,in_store,completed
TXN20260101000966,2026-01-01 22:46:19,1220,314,,3,218.05,92.26,0.09,654.15,595.28,318.5,AUD,buy_now_pay_later,mobile_app,completed
TXN20260101000967,2026-01-01 22:47:03,1603,121,,2,18.5,12.03,0.24,37.0,28.12,4.06,AUD,paypal,marketplace,completed
TXN20260101000968,2026-01-01 22:47:25,1075,400,5014,5,83.09,58.62,0.24,415.45,315.74,22.64,AUD,bank_transfer,web,completed
TXN20260101000969,2026-01-01 22:47:54,1021,125,,2,196.62,94.85,0.08,393.24,361.78,172.08,AUD,buy_now_pay_later,web,completed
TXN20260101000970,2026-01-01 22:48:13,2013,11,,2,383.38,230.87,0.1,766.76,690.08,228.34,AUD,credit_card,web,completed
TXN20260101000971,2026-01-01 22:48:56,1980,355,5014,4,211.06,93.04,0.15,844.24,717.6,345.44,AUD,credit_card,mobile_app,completed
TXN20260101000972,2026-01-01 22:49:07,1474,67,,1,164.66,66.92,0.12,164.66,144.9,77.98,AUD,credit_card,mobile_app,completed
TXN20260101000973,2026-01-01 22:49:11,1779,224,,1,135.38,94.24,0.09,135.38,123.2,28.96,AUD,credit_card,web,completed
TXN20260101000974,2026-01-01 22:49:33,1286,261,5012,4,222.59,120.24,0.13,890.36,774.61,293.65,AUD,credit_card,web,completed
TXN20260101000975,2026-01-01 22:50:02,1827,257,,1,452.64,204.1,0.18,452.64,371.16,167.06,AUD,credit_card,web,completed
TXN20260101000976,2026-01-01 22:51:56,2138,229,5014,2,23.31,18.16,0.11,46.62,41.49,5.17,AUD,paypal,web,completed
TXN20260101000977,2026-01-01 22:52:26,1733,154,,6,128.25,56.51,0.23,769.5,592.51,253.45,AUD,buy_now_pay_later,marketplace,completed
TXN20260101000978,2026-01-01 22:52:44,1547,232,5003,2,159.76,96.34,0.08,319.52,293.96,101.28,AUD,credit_card,mobile_app,completed
TXN20260101000979,2026-01-01 22:53:02,1228,5,,5,69.17,48.26,0.01,345.85,342.39,101.09,AUD,paypal,web,completed
TXN20260101000980,2026-01-01 22:53:17,2120,306,,3,201.0,135.59,0.18,603.0,494.46,87.69,AUD,credit_card,in_store,completed
TXN20260101000981,2026-01-01 22:53:58,1355,81,,3,133.11,71.55,0.01,399.33,395.34,180.69,AUD,debit_card,mobile_app,completed
TXN20260101000982,2026-01-01 22:55:15,2005,59,,5,66.9,33.14,0.06,334.5,314.43,148.73,AUD,credit_card,marketplace,completed
TXN20260101000983,2026-01-01 22:56:00,1380,336,5006,4,250.44,165.04,0.03,1001.76,971.71,311.55,AUD,credit_card,marketplace,completed
TXN20260101000984,2026-01-01 22:56:08,1458,106,5010,4,313.2,199.1,0.01,1252.8,1240.27,443.87,AUD,debit_card,web,cancelled
TXN20260101000985,2026-01-01 22:57:30,1112,275,,2,116.41,50.22,0.03,232.82,225.84,125.4,AUD,paypal,mobile_app,cancelled
TXN20260101000986,2026-01-01 22:58:55,1740,275,,3,116.41,50.22,0.03,349.23,338.75,188.09,AUD,credit_card,mobile_app,completed
TXN20260101000987,2026-01-01 22:59:02,1170,324,,1,79.51,55.68,0.09,79.51,72.35,16.67,AUD,paypal,web,completed
TXN20260101000988,2026-01-01 22:59:23,1737,214,,3,133.32,71.17,0.13,399.96,347.97,134.46,AUD,paypal,marketplace,completed
TXN20260101000989,2026-01-01 22:59:44,1002,53,5015,3,33.81,14.85,0.01,101.43,100.42,55.87,AUD,credit_card,mobile_app,completed
TXN20260101000990,2026-01-01 22:59:44,1696,18,5004,1,23.51,10.69,0.01,23.51,23.27,12.58,AUD,debit_card,web,completed
TXN20260101000991,2026-01-01 23:01:34,1194,204,5010,3,256.41,190.36,0.03,769.23,746.15,175.07,AUD,credit_card,web,completed
TXN20260101000992,2026-01-01 23:16:37,1504,231,5005,5,114.93,83.66,0.0,574.65,574.65,156.35,AUD,credit_card,mobile_app,completed
TXN20260101000993,2026-01-01 23:16:43,1288,158,,1,101.24,48.34,0.03,101.24,98.2,49.86,AUD,debit_card,mobile_app,cancelled
TXN20260101000994,2026-01-01 23:22:09,1170,76,5004,3,153.93,70.84,0.0,461.79,461.79,249.27,AUD,credit_card,web,completed
TXN20260101000995,2026-01-01 23:29:52,1648,346,,2,337.76,248.46,0.05,675.52,641.74,144.82,AUD,paypal,web,completed
TXN20260101000996,2026-01-01 23:32:43,1211,211,,1,125.27,94.18,0.07,125.27,116.5,22.32,AUD,paypal,web,completed
TXN20260101000997,2026-01-01 23:33:06,1572,46,,3,182.51,84.92,0.09,547.53,498.25,243.49,AUD,debit_card,web,completed
TXN20260101000998,2026-01-01 23:35:31,1854,142,5014,2,424.43,299.05,0.19,848.86,687.58,89.48,AUD,paypal,web,completed
TXN20260101000999,2026-01-01 23:36:55,1711,167,,1,176.55,75.21,0.05,176.55,167.72,92.51,AUD,debit_card,marketplace,completed
TXN20260101001000,2026-01-01 23:38:30,1137,275,,3,116.41,50.22,0.17,349.23,289.86,139.2,AUD,bank_transfer,web,completed
TXN20260101001001,2026-01-01 23:41:29,1300,57,,3,7.38,2.62,0.07,22.14,20.59,12.73,AUD,credit_card,mobile_app,completed
TXN20260101001002,2026-01-01 23:41:56,1762,387,,2,113.54,61.9,0.04,227.08,218.0,94.2,AUD,credit_card,mobile_app,completed
TXN20260101001003,2026-01-01 23:43:57,2163,302,,3,143.23,79.31,0.26,429.69,317.97,80.04,AUD,paypal,marketplace,completed
TXN20260101001004,2026-01-01 23:45:48,1380,52,,4,213.42,159.81,0.02,853.68,836.61,197.37,AUD,credit_card,web,completed
TXN20260101001005,2026-01-01 23:48:39,2003,44,,2,236.02,141.49,0.01,472.04,467.32,184.34,AUD,paypal,phone,completed
TXN20260101001006,2026-01-01 23:50:20,1462,185,5015,3,182.91,71.26,0.17,548.73,455.45,241.67,AUD,bank_transfer,web,completed
