transaction_id,event_ts,customer_id,product_id,campaign_id,quantity,unit_price,unit_cost,discount_pct,gross_amount,net_amount,margin_amount,currency,payment_method,channel,status
TXN20260104000001,2026-01-04 00:01:04,1997,212,,1,172.34,98.73,0.1,172.34,155.11,56.38,AUD,paypal,web,completed
TXN20260104000002,2026-01-04 00:01:27,1168,50,5012,1,145.4,62.87,0.1,145.4,130.86,67.99,AUD,credit_card,web,completed
TXN20260104000003,2026-01-04 00:03:15,1194,357,,2,49.08,20.39,0.11,98.16,87.36,46.58,AUD,credit_card,mobile_app,completed
TXN20260104000004,2026-01-04 00:04:13,1262,294,5005,3,25.75,16.01,0.03,77.25,74.93,26.9,AUD,credit_card,web,completed
TXN20260104000005,2026-01-04 00:05:14,1434,378,,3,355.29,228.27,0.17,1065.87,884.67,199.86,AUD,credit_card,mobile_app,completed
TXN20260104000006,2026-01-04 00:05:28,1189,287,,4,67.92,35.4,0.11,271.68,241.8,100.2,AUD,buy_now_pay_later,web,completed
TXN20260104000007,2026-01-04 00:06:12,1053,16,,2,185.65,67.71,0.05,371.3,352.74,217.32,AUD,paypal,mobile_app,completed
TXN20260104000008,2026-01-04 00:11:03,1162,293,,4,100.6,74.23,0.06,402.4,378.26,81.34,AUD,paypal,web,completed
TXN20260104000009,2026-01-04 00:12:18,2189,236,5002,1,7.93,6.02,0.19,7.93,6.42,0.4,AUD,paypal,marketplace,completed
TXN20260104000010,2026-01-04 00:13:08,1050,373,,1,423.09,155.74,0.21,423.09,334.24,178.5,AUD,credit_card,web,completed
TXN20260104000011,2026-01-04 00:13:51,1562,276,,2,260.47,124.27,0.09,520.94,474.06,225.52,AUD,credit_card,web,completed
TXN20260104000012,2026-01-04 00:13:59,1508,154,,2,128.25,56.51,0.05,256.5,243.67,130.65,AUD,credit_card,mobile_app,completed
TXN20260104000013,2026-01-04 00:15:08,1519,257,,2,452.64,204.1,0.07,905.28,841.91,433.71,AUD,debit_card,web,completed
TXN20260104000014,2026-01-04 00:15:12,2043,377,5016,3,34.75,17.44,0.14,104.25,89.66,37.34,AUD,paypal,mobile_app,completed
TXN20260104000015,2026-01-04 00:16:08,1303,109,5016,2,156.65,98.49,0.19,313.3,253.77,56.79,AUD,credit_card,mobile_app,refunded
TXN20260104000016,2026-01-04 00:17:47,1452,256,,1,65.44,43.78,0.14,65.44,56.28,12.5,AUD,credit_card,mobile_app,completed
TXN20260104000017,2026-01-04 00:18:32,1126,100,,1,429.39,290.83,0.18,429.39,352.1,61.27,AUD,paypal,web,completed
TXN20260104000018,2026-01-04 00:21:21,1657,378,5007,1,355.29,228.27,0.12,355.29,312.66,84.39,AUD,credit_card,mobile_app,completed
TXN20260104000019,2026-01-04 00:21:39,1383,138,5010,1,132.98,57.54,0.12,132.98,117.02,59.48,AUD,debit_card,mobile_app,completed
TXN20260104000020,2026-01-04 00:22:01,1742,103,,3,34.27,18.76,0.23,102.81,79.16,22.88,AUD,paypal,web,cancelled
TXN20260104000021,2026-01-04 00:22:04,1499,162,,1,102.25,40.84,0.26,102.25,75.66,34.82,AUD,paypal,web,completed
TXN20260104000022,2026-01-04 00:22:23,1902,117,,3,17.41,7.32,0.17,52.23,43.35,21.39,AUD,credit_card,marketplace,completed
TXN20260104000023,2026-01-04 00:24:09,1238,167,,1,176.55,75.21,0.03,176.55,171.25,96.04,AUD,buy_now_pay_later,marketplace,completed
TXN20260104000024,2026-01-04 00:27:36,1119,132,,2,109.21,38.28,0.01,218.42,216.24,139.68,AUD,debit_card,web,completed
TXN20260104000025,2026-01-04 00:29:02,1951,296,,1,305.06,151.58,0.04,305.06,292.86,141.28,AUD,bank_transfer,mobile_app,cancelled
TXN20260104000026,2026-01-04 00:30:30,1328,385,,2,111.79,81.72,0.16,223.58,187.81,24.37,AUD,debit_card,mobile_app,completed
TXN20260104000027,2026-01-04 00:34:50,1889,76,5005,1,153.93,70.84,0.08,153.93,141.62,70.78,AUD,bank_transfer,mobile_app,completed
TXN20260104000028,2026-01-04 00:37:15,1055,244,5017,4,141.72,92.91,0.02,566.88,555.54,183.9,AUD,bank_transfer,mobile_app,completed
TXN20260104000029,2026-01-04 00:37:21,1006,311,5005,3,265.88,206.32,0.07,797.64,741.81,122.85,AUD,credit_card,mobile_app,completed
TXN20260104000030,2026-01-04 00:40:39,1048,78,5004,2,128.52,52.69,0.04,257.04,246.76,141.38,AUD,paypal,marketplace,refunded
TXN20260104000031,2026-01-04 00:42:29,1923,310,,1,109.6,62.46,0.14,109.6,94.26,31.8,AUD,paypal,web,completed
TXN20260104000032,2026-01-04 00:42:35,1602,368,,3,77.62,57.72,0.2,232.86,186.29,13.13,AUD,paypal,marketplace,completed
TXN20260104000033,2026-01-04 00:42:40,1789,22,5008,3,239.15,141.03,0.1,717.45,645.71,222.62,AUD,credit_card,web,refunded
TXN20260104000034,2026-01-04 00:43:02,1080,170,,1,68.81,27.57,0.06,68.81,64.68,37.11,AUD,paypal,web,completed
TXN20260104000035,2026-01-04 00:45:08,1013,171,,2,126.82,54.58,0.23,253.64,195.3,86.14,AUD,buy_now_pay_later,mobile_app,completed
TXN20260104000036,2026-01-04 00:47:50,1361,200,5007,2,8.47,4.01,0.13,16.94,14.74,6.72,AUD,paypal,web,completed
TXN20260104000037,2026-01-04 00:48:18,1947,397,5016,1,183.67,101.88,0.09,183.67,167.14,65.26,AUD,credit_card,web,completed
TXN20260104000038,2026-01-04 00:53:04,1295,371,,5,279.28,128.3,0.04,1396.4,1340.54,699.04,AUD,credit_card,mobile_app,refunded
TXN20260104000039,2026-01-04 00:53:30,1131,26,,3,76.06,28.87,0.11,228.18,203.08,116.47,AUD,debit_card,mobile_app,pending
TXN20260104000040,2026-01-04 00:53:53,2191,226,,5,224.08,91.6,0.07,1120.4,1041.97,583.97,AUD,credit_card,web,cancelled
TXN20260104000041,2026-01-04 00:55:06,1640,16,,2,185.65,67.71,0.02,371.3,363.87,228.45,AUD,credit_card,web,completed
TXN20260104000042,2026-01-04 00:55:36,1297,359,5008,2,421.42,180.37,0.02,842.84,825.98,465.24,AUD,credit_card,web,completed
TXN20260104000043,2026-01-04 00:57:43,1590,163,,2,280.84,142.19,0.01,561.68,556.06,271.68,AUD,debit_card,web,completed
TXN20260104000044,2026-01-04 01:00:00,1064,89,,4,131.64,95.41,0.01,526.56,521.29,139.65,AUD,debit_card,web,completed
TXN20260104000045,2026-01-04 01:01:15,2123,209,,1,16.17,12.13,0.07,16.17,15.04,2.91,AUD,credit_card,mobile_app,completed
TXN20260104000046,2026-01-04 01:10:30,1283,82,,3,221.86,146.05,0.18,665.58,545.78,107.63,AUD,paypal,mobile_app,cancelled
TXN20260104000047,2026-01-04 01:11:38,1368,85,,1,173.56,99.76,0.02,173.56,170.09,70.33,AUD,credit_card,in_store,cancelled
TXN20260104000048,2026-01-04 01:11:39,2184,4,,4,238.89,172.72,0.03,955.56,926.89,236.01,AUD,paypal,web,completed
TXN20260104000049,2026-01-04 01:12:02,1813,193,5002,3,368.81,195.25,0.08,1106.43,1017.92,432.17,AUD,buy_now_pay_later,web,completed
TXN20260104000050,2026-01-04 01:12:02,1138,63,5002,4,137.14,59.24,0.02,548.56,537.59,300.63,AUD,buy_now_pay_later,mobile_app,completed
TXN20260104000051,2026-01-04 01:13:00,1790,240,,3,296.5,109.26,0.17,889.5,738.28,410.5,AUD,debit_card,mobile_app,completed
TXN20260104000052,2026-01-04 01:13:43,2137,329,,1,58.04,29.11,0.08,58.04,53.4,24.29,AUD,buy_now_pay_later,mobile_app,completed
TXN20260104000053,2026-01-04 01:14:17,1349,315,,1,85.51,53.68,0.08,85.51,78.67,24.99,AUD,credit_card,marketplace,completed
TXN20260104000054,2026-01-04 01:18:15,1177,144,,1,19.12,6.9,0.01,19.12,18.93,12.03,AUD,paypal,web,completed
TXN20260104000055,2026-01-04 01:24:30,1215,31,,1,125.26,43.94,0.02,125.26,122.75,78.81,AUD,credit_card,marketplace,completed
TXN20260104000056,2026-01-04 01:28:52,2135,249,,2,96.17,46.26,0.19,192.34,155.8,63.28,AUD,debit_card,mobile_app,completed
TXN20260104000057,2026-01-04 01:29:31,1163,84,5004,1,131.95,75.26,0.24,131.95,100.28,25.02,AUD,buy_now_pay_later,web,completed
TXN20260104000058,2026-01-04 01:30:11,1135,190,,1,232.96,154.99,0.13,232.96,202.68,47.69,AUD,paypal,web,completed
TXN20260104000059,2026-01-04 01:30:38,1659,95,,3,125.86,97.81,0.18,377.58,309.62,16.19,AUD,credit_card,web,completed
TXN20260104000060,2026-01-04 01:30:51,1672,230,,1,249.03,160.65,0.08,249.03,229.11,68.46,AUD,credit_card,web,completed
TXN20260104000061,2026-01-04 01:31:45,1821,116,,1,265.13,138.42,0.21,265.13,209.45,71.03,AUD,credit_card,web,completed
TXN20260104000062,2026-01-04 01:34:22,1271,349,,2,65.04,45.3,0.05,130.08,123.58,32.98,AUD,credit_card,web,completed
TXN20260104000063,2026-01-04 01:35:12,1227,342,5009,4,119.39,87.78,0.05,477.56,453.68,102.56,AUD,buy_now_pay_later,mobile_app,completed
TXN20260104000064,2026-01-04 01:35:13,1522,239,5005,3,33.36,20.5,0.08,100.08,92.07,30.57,AUD,paypal,web,completed
TXN20260104000065,2026-01-04 01:40:25,2119,395,,2,259.59,188.33,0.12,519.18,456.88,80.22,AUD,bank_transfer,web,completed
TXN20260104000066,2026-01-04 01:40:30,1868,4,,4,238.89,172.72,0.16,955.56,802.67,111.79,AUD,credit_card,mobile_app,completed
TXN20260104000067,2026-01-04 01:40:39,1010,120,,2,231.92,128.02,0.26,463.84,343.24,87.2,AUD,credit_card,marketplace,completed
TXN20260104000068,2026-01-04 01:41:45,1210,264,,5,82.43,34.18,0.03,412.15,399.79,228.89,AUD,credit_card,web,cancelled
TXN20260104000069,2026-01-04 01:41:47,1844,14,,3,60.5,36.5,0.05,181.5,172.42,62.92,AUD,credit_card,web,completed
TXN20260104000070,2026-01-04 01:42:03,1010,357,,2,49.08,20.39,0.06,98.16,92.27,51.49,AUD,debit_card,web,completed
TXN20260104000071,2026-01-04 01:42:14,1806,133,,5,22.32,9.12,0.04,111.6,107.14,61.54,AUD,paypal,web,completed
TXN20260104000072,2026-01-04 01:42:22,1043,89,,3,131.64,95.41,0.11,394.92,351.48,65.25,AUD,credit_card,web,completed
TXN20260104000073,2026-01-04 01:44:49,1230,217,,2,105.58,80.07,0.15,211.16,179.49,19.35,AUD,debit_card,web,completed
TXN20260104000074,2026-01-04 01:45:42,1877,207,,1,174.77,73.18,0.04,174.77,167.78,94.6,AUD,credit_card,web,completed
TXN20260104000075,2026-01-04 01:46:07,2115,192,,3,486.02,347.84,0.09,1458.06,1326.83,283.31,AUD,credit_card,marketplace,completed
TXN20260104000076,2026-01-04 01:48:20,1233,118,5007,4,63.49,25.23,0.03,253.96,246.34,145.42,AUD,buy_now_pay_later,web,completed
TXN20260104000077,2026-01-04 01:48:37,1451,16,,3,185.65,67.71,0.15,556.95,473.41,270.28,AUD,credit_card,mobile_app,completed
TXN20260104000078,2026-01-04 01:49:04,2148,67,,1,164.66,66.92,0.01,164.66,163.01,96.09,AUD,credit_card,mobile_app,completed
TXN20260104000079,2026-01-04 01:53:46,1059,386,,1,284.12,120.27,0.13,284.12,247.18,126.91,AUD,bank_transfer,marketplace,pending
TXN20260104000080,2026-01-04 01:53:54,1977,229,,2,23.31,18.16,0.05,46.62,44.29,7.97,AUD,debit_card,web,completed
TXN20260104000081,2026-01-04 01:54:25,1842,387,,3,113.54,61.9,0.03,340.62,330.4,144.7,AUD,debit_card,web,completed
TXN20260104000082,2026-01-04 01:54:59,1219,121,,2,18.5,12.03,0.06,37.0,34.78,10.72,AUD,debit_card,web,completed
TXN20260104000083,2026-01-04 02:03:17,1516,284,,1,359.21,205.04,0.02,359.21,352.03,146.99,AUD,credit_card,mobile_app,completed
TXN20260104000084,2026-01-04 02:03:41,1535,391,5002,4,294.69,110.36,0.06,1178.76,1108.03,666.59,AUD,paypal,mobile_app,completed
TXN20260104000085,2026-01-04 02:03:56,2067,379,5007,6,115.88,59.08,0.13,695.28,604.89,250.41,AUD,debit_card,web,cancelled
TXN20260104000086,2026-01-04 02:03:58,1466,377,5007,2,34.75,17.44,0.13,69.5,60.46,25.58,AUD,credit_card,marketplace,completed
TXN20260104000087,2026-01-04 02:04:57,1970,114,,4,311.7,127.05,0.09,1246.8,1134.59,626.39,AUD,debit_card,web,cancelled
TXN20260104000088,2026-01-04 02:05:05,1685,62,5005,3,46.07,33.25,0.06,138.21,129.92,30.17,AUD,credit_card,mobile_app,completed
TXN20260104000089,2026-01-04 02:05:16,1011,192,5018,3,486.02,347.84,0.22,1458.06,1137.29,93.77,AUD,credit_card,web,completed
TXN20260104000090,2026-01-04 02:06:30,1016,1,,2,367.54,272.05,0.05,735.08,698.33,154.23,AUD,credit_card,web,completed
TXN20260104000091,2026-01-04 02:09:09,2141,209,,2,16.17,12.13,0.06,32.34,30.4,6.14,AUD,credit_card,mobile_app,completed
TXN20260104000092,2026-01-04 02:09:19,1418,246,,1,334.95,216.34,0.14,334.95,288.06,71.72,AUD,credit_card,mobile_app,completed
TXN20260104000093,2026-01-04 02:09:25,1982,129,,1,266.79,109.41,0.04,266.79,256.12,146.71,AUD,credit_card,web,refunded
TXN20260104000094,2026-01-04 02:11:36,1302,316,,3,109.37,70.04,0.03,328.11,318.27,108.15,AUD,debit_card,mobile_app,completed
TXN20260104000095,2026-01-04 02:11:56,1029,45,,1,127.42,77.89,0.25,127.42,95.56,17.67,AUD,credit_card,mobile_app,completed
TXN20260104000096,2026-01-04 02:15:12,1213,77,5013,2,288.19,141.16,0.12,576.38,507.21,224.89,AUD,credit_card,marketplace,completed
TXN20260104000097,2026-01-04 02:17:41,1488,217,,2,105.58,80.07,0.01,211.16,209.05,48.91,AUD,debit_card,mobile_app,completed
TXN20260104000098,2026-01-04 02:18:11,1045,379,,2,115.88,59.08,0.17,231.76,192.36,74.2,AUD,credit_card,marketplace,completed
TXN20260104000099,2026-01-04 02:19:24,2093,65,,1,253.83,167.53,0.06,253.83,238.6,71.07,AUD,credit_card,web,completed
TXN20260104000100,2026-01-04 02:21:30,1572,97,5018,1,261.47,109.45,0.15,261.47,222.25,112.8,AUD,paypal,web,completed
TXN20260104000101,2026-01-04 02:22:40,1966,346,,3,337.76,248.46,0.19,1013.28,820.76,75.38,AUD,debit_card,marketplace,refunded
TXN20260104000102,2026-01-04 02:23:04,1198,389,,1,275.99,150.66,0.01,275.99,273.23,122.57,AUD,credit_card,web,completed
TXN20260104000103,2026-01-04 02:24:52,1239,22,5007,2,239.15,141.03,0.12,478.3,420.9,138.84,AUD,debit_card,marketplace,completed
TXN20260104000104,2026-01-04 02:25:22,1235,381,5005,1,12.14,8.81,0.15,12.14,10.32,1.51,AUD,credit_card,mobile_app,completed
TXN20260104000105,2026-01-04 02:26:16,1449,354,,2,128.43,85.15,0.22,256.86,200.35,30.05,AUD,credit_card,web,completed
TXN20260104000106,2026-01-04 02:26:38,1149,164,5004,2,219.94,105.48,0.25,439.88,329.91,118.95,AUD,credit_card,in_store,completed
TXN20260104000107,2026-01-04 02:27:37,1346,201,5006,2,105.57,80.82,0.1,211.14,190.03,28.39,AUD,debit_card,web,completed
TXN20260104000108,2026-01-04 02:27:45,1848,26,,1,76.06,28.87,0.22,76.06,59.33,30.46,AUD,credit_card,web,completed
TXN20260104000109,2026-01-04 02:31:44,1292,39,5014,1,153.21,59.61,0.01,153.21,151.68,92.07,AUD,paypal,web,completed
TXN20260104000110,2026-01-04 02:32:13,1297,226,5018,4,224.08,91.6,0.24,896.32,681.2,314.8,AUD,buy_now_pay_later,mobile_app,completed
TXN20260104000111,2026-01-04 02:34:28,1432,212,5002,4,172.34,98.73,0.03,689.36,668.68,273.76,AUD,paypal,marketplace,completed
TXN20260104000112,2026-01-04 02:38:17,1500,25,,1,279.71,213.59,0.01,279.71,276.91,63.32,AUD,credit_card,web,completed
TXN20260104000113,2026-01-04 02:41:11,1567,242,,2,149.29,73.33,0.02,298.58,292.61,145.95,AUD,debit_card,web,completed
TXN20260104000114,2026-01-04 02:42:04,1847,188,5004,5,141.88,98.58,0.06,709.4,666.84,173.94,AUD,credit_card,web,completed
TXN20260104000115,2026-01-04 02:42:25,1419,170,,4,68.81,27.57,0.08,275.24,253.22,142.94,AUD,debit_card,web,completed
TXN20260104000116,2026-01-04 02:44:32,1480,318,,2,104.56,45.81,0.05,209.12,198.66,107.04,AUD,debit_card,marketplace,completed
TXN20260104000117,2026-01-04 02:45:01,1989,107,5013,3,391.82,298.53,0.02,1175.46,1151.95,256.36,AUD,credit_card,web,completed
TXN20260104000118,2026-01-04 02:45:57,1462,134,,2,151.77,62.1,0.17,303.54,251.94,127.74,AUD,credit_card,web,completed
TXN20260104000119,2026-01-04 02:48:41,1711,241,,1,242.09,167.24,0.25,242.09,181.57,14.33,AUD,credit_card,marketplace,completed
TXN20260104000120,2026-01-04 02:49:59,2191,146,,1,182.6,76.84,0.0,182.6,182.6,105.76,AUD,debit_card,mobile_app,completed
TXN20260104000121,2026-01-04 02:50:27,2102,396,,1,358.76,209.23,0.04,358.76,344.41,135.18,AUD,paypal,web,completed
TXN20260104000122,2026-01-04 02:54:36,1441,249,,3,96.17,46.26,0.03,288.51,279.85,141.07,AUD,credit_card,web,completed
TXN20260104000123,2026-01-04 02:56:14,2168,175,,4,176.68,90.48,0.18,706.72,579.51,217.59,AUD,buy_now_pay_later,mobile_app,completed
TXN20260104000124,2026-01-04 02:56:35,1633,255,,3,109.46,69.18,0.08,328.38,302.11,94.57,AUD,debit_card,web,completed
TXN20260104000125,2026-01-04 02:57:24,1758,289,,4,135.78,64.29,0.03,543.12,526.83,269.67,AUD,credit_card,mobile_app,completed
TXN20260104000126,2026-01-04 02:57:46,1858,125,,4,196.62,94.85,0.11,786.48,699.97,320.57,AUD,credit_card,mobile_app,completed
TXN20260104000127,2026-01-04 02:59:40,1678,313,5006,1,364.12,204.74,0.13,364.12,316.78,112.04,AUD,buy_now_pay_later,mobile_app,cancelled
TXN20260104000128,2026-01-04 03:01:42,1199,131,5003,3,93.36,56.38,0.0,280.08,280.08,110.94,AUD,debit_card,web,completed
TXN20260104000129,2026-01-04 03:03:38,2158,207,,1,174.77,73.18,0.1,174.77,157.29,84.11,AUD,debit_card,mobile_app,completed
TXN20260104000130,2026-01-04 03:05:01,1060,377,,2,34.75,17.44,0.02,69.5,68.11,33.23,AUD,credit_card,web,completed
TXN20260104000131,2026-01-04 03:05:27,1659,388,,1,178.72,91.5,0.03,178.72,173.36,81.86,AUD,debit_card,web,completed
TXN20260104000132,2026-01-04 03:10:07,1300,307,,5,349.28,266.61,0.12,1746.4,1536.83,203.78,AUD,credit_card,mobile_app,completed
TXN20260104000133,2026-01-04 03:10:22,1199,397,,3,183.67,101.88,0.03,551.01,534.48,228.84,AUD,buy_now_pay_later,web,completed
TXN20260104000134,2026-01-04 03:13:04,1863,266,,4,87.68,41.95,0.18,350.72,287.59,119.79,AUD,credit_card,web,completed
TXN20260104000135,2026-01-04 03:13:47,1273,328,,1,33.71,19.15,0.14,33.71,28.99,9.84,AUD,debit_card,marketplace,completed
TXN20260104000136,2026-01-04 03:14:34,1949,268,,1,13.69,9.27,0.0,13.69,13.69,4.42,AUD,buy_now_pay_later,marketplace,completed
TXN20260104000137,2026-01-04 03:16:03,1427,251,5002,4,245.15,169.74,0.03,980.6,951.18,272.22,AUD,paypal,web,completed
TXN20260104000138,2026-01-04 03:16:44,1990,370,5018,1,292.21,138.01,0.11,292.21,260.07,122.06,AUD,credit_card,mobile_app,completed
TXN20260104000139,2026-01-04 03:18:43,1134,400,,1,83.09,58.62,0.0,83.09,83.09,24.47,AUD,debit_card,mobile_app,completed
TXN20260104000140,2026-01-04 03:22:57,1087,358,,2,15.86,5.64,0.12,31.72,27.91,16.63,AUD,debit_card,mobile_app,completed
TXN20260104000141,2026-01-04 03:23:45,1853,182,,4,185.56,117.63,0.18,742.24,608.64,138.12,AUD,credit_card,mobile_app,completed
TXN20260104000142,2026-01-04 03:24:45,1784,147,,3,287.02,186.05,0.05,861.06,818.01,259.86,AUD,credit_card,marketplace,completed
TXN20260104000143,2026-01-04 03:26:42,1672,24,,5,201.95,77.39,0.07,1009.75,939.07,552.12,AUD,credit_card,mobile_app,completed
TXN20260104000144,2026-01-04 03:27:11,1166,1,,1,367.54,272.05,0.15,367.54,312.41,40.36,AUD,debit_card,in_store,completed
TXN20260104000145,2026-01-04 03:29:15,1377,228,,2,85.54,59.94,0.24,171.08,130.02,10.14,AUD,credit_card,mobile_app,completed
TXN20260104000146,2026-01-04 03:30:55,1410,310,5014,1,109.6,62.46,0.07,109.6,101.93,39.47,AUD,debit_card,mobile_app,completed
TXN20260104000147,2026-01-04 03:36:13,1358,226,5004,1,224.08,91.6,0.18,224.08,183.75,92.15,AUD,credit_card,marketplace,completed
TXN20260104000148,2026-01-04 03:38:17,1590,60,5018,1,77.58,46.86,0.01,77.58,76.8,29.94,AUD,credit_card,marketplace,completed
TXN20260104000149,2026-01-04 03:38:42,1219,189,5006,2,209.27,158.1,0.01,418.54,414.35,98.15,AUD,credit_card,mobile_app,completed
TXN20260104000150,2026-01-04 03:39:48,1824,319,5008,2,134.18,49.74,0.13,268.36,233.47,133.99,AUD,buy_now_pay_later,web,completed
TXN20260104000151,2026-01-04 03:40:36,1563,385,,1,111.79,81.72,0.18,111.79,91.67,9.95,AUD,buy_now_pay_later,mobile_app,completed
TXN20260104000152,2026-01-04 03:40:46,1298,264,,1,82.43,34.18,0.05,82.43,78.31,44.13,AUD,credit_card,mobile_app,completed
TXN20260104000153,2026-01-04 03:41:12,1264,192,5002,1,486.02,347.84,0.07,486.02,452.0,104.16,AUD,credit_card,web,completed
TXN20260104000154,2026-01-04 03:41:15,1560,44,,1,236.02,141.49,0.26,236.02,174.65,33.16,AUD,credit_card,marketplace,completed
TXN20260104000155,2026-01-04 03:43:11,1491,66,,1,157.5,63.74,0.05,157.5,149.62,85.88,AUD,credit_card,marketplace,refunded
TXN20260104000156,2026-01-04 03:45:17,1757,241,,4,242.09,167.24,0.14,968.36,832.79,163.83,AUD,credit_card,web,completed
TXN20260104000157,2026-01-04 03:48:55,1418,311,5008,5,265.88,206.32,0.18,1329.4,1090.11,58.51,AUD,credit_card,marketplace,completed
TXN20260104000158,2026-01-04 03:49:25,1178,304,5004,1,87.75,49.18,0.17,87.75,72.83,23.65,AUD,gift_card,web,completed
TXN20260104000159,2026-01-04 03:50:30,2042,167,5006,3,176.55,75.21,0.06,529.65,497.87,272.24,AUD,buy_now_pay_later,web,completed
TXN20260104000160,2026-01-04 03:51:46,1296,303,,3,5.2,2.83,0.09,15.6,14.2,5.71,AUD,buy_now_pay_later,web,completed
TXN20260104000161,2026-01-04 03:52:08,1104,87,,2,137.75,85.09,0.08,275.5,253.46,83.28,AUD,debit_card,web,completed
TXN20260104000162,2026-01-04 03:52:33,2070,288,5016,3,349.87,265.76,0.01,1049.61,1039.11,241.83,AUD,debit_card,mobile_app,completed
TXN20260104000163,2026-01-04 03:52:48,1351,265,5006,5,217.01,151.39,0.01,1085.05,1074.2,317.25,AUD,debit_card,web,completed
TXN20260104000164,2026-01-04 03:54:12,2181,244,5008,1,141.72,92.91,0.01,141.72,140.3,47.39,AUD,credit_card,mobile_app,pending
TXN20260104000165,2026-01-04 03:54:26,1367,158,,1,101.24,48.34,0.1,101.24,91.12,42.78,AUD,credit_card,web,completed
TXN20260104000166,2026-01-04 03:55:14,2105,60,,3,77.58,46.86,0.14,232.74,200.16,59.58,AUD,paypal,web,completed
TXN20260104000167,2026-01-04 03:55:18,2131,163,,1,280.84,142.19,0.11,280.84,249.95,107.76,AUD,credit_card,web,cancelled
TXN20260104000168,2026-01-04 03:56:17,1438,209,,1,16.17,12.13,0.06,16.17,15.2,3.07,AUD,credit_card,web,refunded
TXN20260104000169,2026-01-04 03:56:36,1531,210,,3,210.36,163.77,0.04,631.08,605.84,114.53,AUD,credit_card,web,completed
TXN20260104000170,2026-01-04 03:56:43,1807,333,,2,41.88,25.97,0.21,83.76,66.17,14.23,AUD,paypal,web,completed
TXN20260104000171,2026-01-04 03:57:08,1885,315,5010,4,85.51,53.68,0.01,342.04,338.62,123.9,AUD,buy_now_pay_later,marketplace,completed
TXN20260104000172,2026-01-04 03:59:36,2167,331,5002,1,188.98,138.35,0.13,188.98,164.41,26.06,AUD,gift_card,mobile_app,completed
TXN20260104000173,2026-01-04 04:00:11,1739,69,,5,53.62,37.17,0.16,268.1,225.2,39.35,AUD,credit_card,mobile_app,completed
TXN20260104000174,2026-01-04 04:01:39,1142,287,,3,67.92,35.4,0.18,203.76,167.08,60.88,AUD,credit_card,web,completed
TXN20260104000175,2026-01-04 04:03:47,2044,77,,2,288.19,141.16,0.06,576.38,541.8,259.48,AUD,buy_now_pay_later,mobile_app,completed
TXN20260104000176,2026-01-04 04:05:14,1528,137,,2,230.43,174.09,0.16,460.86,387.12,38.94,AUD,paypal,web,completed
TXN20260104000177,2026-01-04 04:05:34,1582,313,,5,364.12,204.74,0.1,1820.6,1638.54,614.84,AUD,credit_card,web,completed
TXN20260104000178,2026-01-04 04:06:05,1001,290,,1,37.46,23.23,0.07,37.46,34.84,11.61,AUD,bank_transfer,mobile_app,completed
TXN20260104000179,2026-01-04 04:07:26,1233,233,,3,320.43,123.08,0.13,961.29,836.32,467.08,AUD,buy_now_pay_later,web,completed
TXN20260104000180,2026-01-04 04:07:59,1595,28,,1,154.87,112.5,0.14,154.87,133.19,20.69,AUD,credit_card,web,completed
TXN20260104000181,2026-01-04 04:08:45,1615,280,,4,235.41,129.45,0.14,941.64,809.81,292.01,AUD,debit_card,mobile_app,completed
TXN20260104000182,2026-01-04 04:09:34,2163,244,5003,5,141.72,92.91,0.16,708.6,595.22,130.67,AUD,credit_card,web,completed
TXN20260104000183,2026-01-04 04:10:21,1293,300,5008,1,134.02,50.66,0.14,134.02,115.26,64.6,AUD,credit_card,mobile_app,completed
TXN20260104000184,2026-01-04 04:10:25,1418,280,,2,235.41,129.45,0.17,470.82,390.78,131.88,AUD,credit_card,mobile_app,completed
TXN20260104000185,2026-01-04 04:10:54,1618,326,5003,3,183.44,105.75,0.03,550.32,533.81,216.56,AUD,debit_card,web,completed
TXN20260104000186,2026-01-04 04:11:06,1626,273,,1,15.74,11.24,0.03,15.74,15.27,4.03,AUD,credit_card,mobile_app,completed
TXN20260104000187,2026-01-04 04:12:12,1852,369,,5,254.39,165.86,0.05,1271.95,1208.35,379.05,AUD,credit_card,mobile_app,completed
TXN20260104000188,2026-01-04 04:12:55,1323,279,5003,3,202.1,80.17,0.08,606.3,557.8,317.29,AUD,credit_card,marketplace,completed
TXN20260104000189,2026-01-04 04:15:55,1963,56,,2,221.91,135.65,0.02,443.82,434.94,163.64,AUD,debit_card,web,completed
TXN20260104000190,2026-01-04 04:16:05,1477,359,5002,5,421.42,180.37,0.24,2107.1,1601.4,699.55,AUD,debit_card,web,cancelled
TXN20260104000191,2026-01-04 04:17:51,1362,18,,4,23.51,10.69,0.06,94.04,88.4,45.64,AUD,debit_card,web,completed
TXN20260104000192,2026-01-04 04:18:06,1306,191,,4,265.41,112.45,0.01,1061.64,1051.02,601.22,AUD,debit_card,web,completed
TXN20260104000193,2026-01-04 04:18:36,1707,376,,3,227.27,124.66,0.06,681.81,640.9,266.92,AUD,credit_card,mobile_app,completed
TXN20260104000194,2026-01-04 04:18:50,1229,289,,3,135.78,64.29,0.13,407.34,354.39,161.52,AUD,credit_card,web,completed
TXN20260104000195,2026-01-04 04:18:52,2102,58,5018,1,93.1,56.49,0.06,93.1,87.51,31.02,AUD,credit_card,web,completed
TXN20260104000196,2026-01-04 04:19:24,1216,227,,2,46.57,24.42,0.04,93.14,89.41,40.57,AUD,debit_card,web,completed
TXN20260104000197,2026-01-04 04:20:03,1692,311,,5,265.88,206.32,0.01,1329.4,1316.11,284.51,AUD,credit_card,mobile_app,completed
TXN20260104000198,2026-01-04 04:22:23,1753,259,,3,243.76,167.05,0.14,731.28,628.9,127.75,AUD,credit_card,mobile_app,refunded
TXN20260104000199,2026-01-04 04:22:30,1075,233,,2,320.43,123.08,0.06,640.86,602.41,356.25,AUD,credit_card,web,completed
TXN20260104000200,2026-01-04 04:24:04,1576,177,,3,287.87,144.14,0.21,863.61,682.25,249.83,AUD,debit_card,web,completed
TXN20260104000201,2026-01-04 04:24:26,1116,39,,1,153.21,59.61,0.23,153.21,117.97,58.36,AUD,buy_now_pay_later,web,completed
TXN20260104000202,2026-01-04 04:25:58,2044,192,,3,486.02,347.84,0.05,1458.06,1385.16,341.64,AUD,credit_card,mobile_app,completed
TXN20260104000203,2026-01-04 04:29:10,1677,233,5012,1,320.43,123.08,0.01,320.43,317.23,194.15,AUD,debit_card,mobile_app,refunded
TXN20260104000204,2026-01-04 04:34:16,1448,208,5003,4,165.3,68.58,0.16,661.2,555.41,281.09,AUD,debit_card,mobile_app,completed
TXN20260104000205,2026-01-04 04:34:49,1989,245,5007,2,349.8,233.63,0.11,699.6,622.64,155.38,AUD,debit_card,web,completed
TXN20260104000206,2026-01-04 04:34:50,1598,326,,1,183.44,105.75,0.13,183.44,159.59,53.84,AUD,credit_card,mobile_app,completed
TXN20260104000207,2026-01-04 04:35:06,2159,197,,1,161.84,90.95,0.2,161.84,129.47,38.52,AUD,debit_card,in_store,completed
TXN20260104000208,2026-01-04 04:36:28,2026,15,,3,42.26,18.74,0.05,126.78,120.44,64.22,AUD,buy_now_pay_later,web,completed
TXN20260104000209,2026-01-04 04:37:56,1887,355,,1,211.06,93.04,0.1,211.06,189.95,96.91,AUD,credit_card,web,completed
TXN20260104000210,2026-01-04 04:38:48,1456,274,,1,68.35,38.43,0.17,68.35,56.73,18.3,AUD,bank_transfer,mobile_app,refunded
TXN20260104000211,2026-01-04 04:39:29,1640,243,,3,6.18,2.24,0.02,18.54,18.17,11.45,AUD,credit_card,mobile_app,completed
TXN20260104000212,2026-01-04 04:41:20,1895,20,5009,1,230.82,128.98,0.19,230.82,186.96,57.98,AUD,credit_card,web,completed
TXN20260104000213,2026-01-04 04:43:14,1636,352,5007,2,241.96,137.89,0.06,483.92,454.88,179.1,AUD,bank_transfer,marketplace,completed
TXN20260104000214,2026-01-04 04:43:17,1533,277,,2,470.57,189.97,0.19,941.14,762.32,382.38,AUD,debit_card,web,completed
TXN20260104000215,2026-01-04 04:43:46,1231,54,,1,80.17,60.5,0.01,80.17,79.37,18.87,AUD,bank_transfer,web,completed
TXN20260104000216,2026-01-04 04:43:54,1985,185,,1,182.91,71.26,0.08,182.91,168.28,97.02,AUD,debit_card,web,completed
TXN20260104000217,2026-01-04 04:43:59,2082,275,,3,116.41,50.22,0.07,349.23,324.78,174.12,AUD,credit_card,web,refunded
TXN20260104000218,2026-01-04 04:44:15,1485,342,,5,119.39,87.78,0.11,596.95,531.29,92.39,AUD,debit_card,web,completed
TXN20260104000219,2026-01-04 04:46:37,1332,132,,2,109.21,38.28,0.19,218.42,176.92,100.36,AUD,credit_card,mobile_app,completed
TXN20260104000220,2026-01-04 04:50:19,1463,254,,2,151.84,54.33,0.18,303.68,249.02,140.36,AUD,buy_now_pay_later,mobile_app,completed
TXN20260104000221,2026-01-04 04:51:37,1508,202,,3,257.36,101.79,0.06,772.08,725.76,420.39,AUD,credit_card,mobile_app,completed
TXN20260104000222,2026-01-04 04:51:44,1544,61,,2,47.35,19.48,0.06,94.7,89.02,50.06,AUD,credit_card,marketplace,completed
TXN20260104000223,2026-01-04 04:53:15,1175,259,5018,2,243.76,167.05,0.1,487.52,438.77,104.67,AUD,credit_card,mobile_app,completed
TXN20260104000224,2026-01-04 04:54:42,2173,237,,3,5.09,3.29,0.08,15.27,14.05,4.18,AUD,debit_card,web,completed
TXN20260104000225,2026-01-04 04:56:09,1240,45,,2,127.42,77.89,0.04,254.84,244.65,88.87,AUD,buy_now_pay_later,web,completed
TXN20260104000226,2026-01-04 04:56:57,1171,161,,2,57.23,33.31,0.15,114.46,97.29,30.67,AUD,paypal,marketplace,completed
TXN20260104000227,2026-01-04 04:58:00,1615,81,5013,3,133.11,71.55,0.05,399.33,379.36,164.71,AUD,debit_card,web,completed
TXN20260104000228,2026-01-04 04:59:09,1597,16,5002,1,185.65,67.71,0.01,185.65,183.79,116.08,AUD,credit_card,marketplace,completed
TXN20260104000229,2026-01-04 05:00:20,1033,12,,3,22.05,16.18,0.24,66.15,50.27,1.73,AUD,gift_card,web,completed
TXN20260104000230,2026-01-04 05:00:58,1893,185,5003,3,182.91,71.26,0.08,548.73,504.83,291.05,AUD,credit_card,web,completed
TXN20260104000231,2026-01-04 05:01:31,1356,151,,3,36.21,16.06,0.09,108.63,98.85,50.67,AUD,credit_card,web,completed
TXN20260104000232,2026-01-04 05:01:33,1991,149,5016,3,221.16,142.36,0.01,663.48,656.85,229.77,AUD,credit_card,web,completed
TXN20260104000233,2026-01-04 05:06:00,1734,118,,1,63.49,25.23,0.05,63.49,60.32,35.09,AUD,credit_card,web,completed
TXN20260104000234,2026-01-04 05:09:59,1439,154,,1,128.25,56.51,0.2,128.25,102.6,46.09,AUD,buy_now_pay_later,mobile_app,completed
TXN20260104000235,2026-01-04 05:10:46,2184,41,5008,4,241.85,106.29,0.13,967.4,841.64,416.48,AUD,buy_now_pay_later,marketplace,refunded
TXN20260104000236,2026-01-04 05:11:36,1670,95,,1,125.86,97.81,0.09,125.86,114.53,16.72,AUD,credit_card,marketplace,completed
TXN20260104000237,2026-01-04 05:13:43,1975,271,,1,132.74,79.27,0.03,132.74,128.76,49.49,AUD,debit_card,mobile_app,completed
TXN20260104000238,2026-01-04 05:14:17,1556,99,5009,1,8.03,4.15,0.25,8.03,6.02,1.87,AUD,credit_card,in_store,completed
TXN20260104000239,2026-01-04 05:15:25,2142,373,5009,1,423.09,155.74,0.22,423.09,330.01,174.27,AUD,debit_card,web,completed
TXN20260104000240,2026-01-04 05:15:39,1665,43,,6,211.3,164.39,0.04,1267.8,1217.09,230.75,AUD,buy_now_pay_later,mobile_app,completed
TXN20260104000241,2026-01-04 05:16:05,1293,83,,1,271.39,135.83,0.27,271.39,198.11,62.28,AUD,debit_card,web,refunded
TXN20260104000242,2026-01-04 05:16:33,1716,210,,5,210.36,163.77,0.23,1051.8,809.89,-8.96,AUD,paypal,web,completed
TXN20260104000243,2026-01-04 05:16:37,1677,297,5012,3,258.89,188.19,0.06,776.67,730.07,165.5,AUD,paypal,web,pending
TXN20260104000244,2026-01-04 05:17:22,1559,380,,1,148.6,57.32,0.03,148.6,144.14,86.82,AUD,buy_now_pay_later,web,completed
TXN20260104000245,2026-01-04 05:19:19,2095,322,,6,98.42,48.71,0.12,590.52,519.66,227.4,AUD,credit_card,marketplace,completed
TXN20260104000246,2026-01-04 05:19:51,1520,84,5012,1,131.95,75.26,0.03,131.95,127.99,52.73,AUD,buy_now_pay_later,marketplace,completed
TXN20260104000247,2026-01-04 05:21:12,1334,371,,3,279.28,128.3,0.2,837.84,670.27,285.37,AUD,debit_card,web,completed
TXN20260104000248,2026-01-04 05:22:07,1817,38,,4,426.51,271.0,0.09,1706.04,1552.5,468.5,AUD,credit_card,marketplace,refunded
TXN20260104000249,2026-01-04 05:25:14,2012,45,5017,3,127.42,77.89,0.07,382.26,355.5,121.83,AUD,paypal,mobile_app,completed
TXN20260104000250,2026-01-04 05:26:32,1994,97,,1,261.47,109.45,0.24,261.47,198.72,89.27,AUD,debit_card,web,completed
TXN20260104000251,2026-01-04 05:26:56,2064,385,,2,111.79,81.72,0.04,223.58,214.64,51.2,AUD,debit_card,in_store,refunded
TXN20260104000252,2026-01-04 05:27:18,1974,237,,5,5.09,3.29,0.05,25.45,24.18,7.73,AUD,bank_transfer,mobile_app,completed
TXN20260104000253,2026-01-04 05:28:28,1275,311,5007,5,265.88,206.32,0.08,1329.4,1223.05,191.45,AUD,credit_card,web,completed
TXN20260104000254,2026-01-04 05:30:40,1447,167,,4,176.55,75.21,0.09,706.2,642.64,341.8,AUD,debit_card,web,completed
TXN20260104000255,2026-01-04 05:32:07,1617,178,,3,354.14,201.79,0.06,1062.42,998.67,393.3,AUD,credit_card,web,completed
TXN20260104000256,2026-01-04 05:35:42,1645,344,5008,2,24.55,10.75,0.07,49.1,45.66,24.16,AUD,paypal,marketplace,completed
TXN20260104000257,2026-01-04 05:36:02,1827,116,,5,265.13,138.42,0.07,1325.65,1232.85,540.75,AUD,credit_card,web,completed
TXN20260104000258,2026-01-04 05:38:34,1635,13,5005,2,39.93,31.05,0.21,79.86,63.09,0.99,AUD,credit_card,mobile_app,completed
TXN20260104000259,2026-01-04 05:40:18,1293,387,5004,5,113.54,61.9,0.12,567.7,499.58,190.08,AUD,debit_card,mobile_app,completed
TXN20260104000260,2026-01-04 05:41:44,1369,249,,1,96.17,46.26,0.01,96.17,95.21,48.95,AUD,credit_card,mobile_app,completed
TXN20260104000261,2026-01-04 05:42:27,1137,381,,1,12.14,8.81,0.09,12.14,11.05,2.24,AUD,debit_card,web,completed
TXN20260104000262,2026-01-04 05:42:27,1157,234,,1,153.86,117.69,0.06,153.86,144.63,26.94,AUD,credit_card,web,completed
TXN20260104000263,2026-01-04 05:44:20,1313,195,,4,142.11,62.0,0.26,568.44,420.65,172.65,AUD,gift_card,web,completed
TXN20260104000264,2026-01-04 05:46:21,1085,273,5003,2,15.74,11.24,0.05,31.48,29.91,7.43,AUD,debit_card,web,completed
TXN20260104000265,2026-01-04 05:49:07,1872,115,,2,166.75,108.87,0.06,333.5,313.49,95.75,AUD,buy_now_pay_later,mobile_app,completed
TXN20260104000266,2026-01-04 05:53:52,1379,276,5006,1,260.47,124.27,0.02,260.47,255.26,130.99,AUD,credit_card,marketplace,completed
TXN20260104000267,2026-01-04 05:56:41,1796,250,,3,231.82,122.47,0.07,695.46,646.78,279.37,AUD,credit_card,in_store,completed
TXN20260104000268,2026-01-04 05:57:13,1727,380,,3,148.6,57.32,0.01,445.8,441.34,269.38,AUD,credit_card,mobile_app,refunded
TXN20260104000269,2026-01-04 05:58:04,1460,224,5004,1,135.38,94.24,0.09,135.38,123.2,28.96,AUD,debit_card,in_store,completed
TXN20260104000270,2026-01-04 05:58:57,1038,20,5008,1,230.82,128.98,0.09,230.82,210.05,81.07,AUD,credit_card,mobile_app,completed
TXN20260104000271,2026-01-04 06:00:03,1648,340,,6,69.61,35.79,0.09,417.66,380.07,165.33,AUD,gift_card,web,completed
TXN20260104000272,2026-01-04 06:00:31,2131,236,,6,7.93,6.02,0.11,47.58,42.35,6.23,AUD,debit_card,marketplace,completed
TXN20260104000273,2026-01-04 06:00:56,1505,152,,2,18.61,8.27,0.0,37.22,37.22,20.68,AUD,credit_card,web,completed
TXN20260104000274,2026-01-04 06:03:04,2164,350,,1,78.73,28.3,0.14,78.73,67.71,39.41,AUD,paypal,web,completed
TXN20260104000275,2026-01-04 06:06:37,1289,162,,1,102.25,40.84,0.06,102.25,96.11,55.27,AUD,debit_card,web,cancelled
TXN20260104000276,2026-01-04 06:07:23,1634,12,5007,2,22.05,16.18,0.01,44.1,43.66,11.3,AUD,debit_card,web,completed
TXN20260104000277,2026-01-04 06:07:25,2121,16,,2,185.65,67.71,0.09,371.3,337.88,202.46,AUD,debit_card,web,completed
TXN20260104000278,2026-01-04 06:11:54,1436,241,5008,4,242.09,167.24,0.12,968.36,852.16,183.2,AUD,buy_now_pay_later,web,completed
TXN20260104000279,2026-01-04 06:12:05,1015,319,,5,134.18,49.74,0.01,670.9,664.19,415.49,AUD,paypal,web,completed
TXN20260104000280,2026-01-04 06:13:29,1769,179,,1,197.14,84.55,0.09,197.14,179.4,94.85,AUD,buy_now_pay_later,mobile_app,completed
TXN20260104000281,2026-01-04 06:13:55,1660,239,5004,1,33.36,20.5,0.02,33.36,32.69,12.19,AUD,paypal,web,completed
TXN20260104000282,2026-01-04 06:14:35,1334,22,5010,3,239.15,141.03,0.19,717.45,581.13,158.04,AUD,credit_card,web,completed
TXN20260104000283,2026-01-04 06:14:59,2034,277,,2,470.57,189.97,0.01,941.14,931.73,551.79,AUD,credit_card,web,completed
TXN20260104000284,2026-01-04 06:17:05,1291,81,,1,133.11,71.55,0.24,133.11,101.16,29.61,AUD,credit_card,web,completed
TXN20260104000285,2026-01-04 06:20:29,1635,266,5008,6,87.68,41.95,0.11,526.08,468.21,216.51,AUD,debit_card,marketplace,completed
TXN20260104000286,2026-01-04 06:21:02,1784,370,5012,5,292.21,138.01,0.18,1461.05,1198.06,508.01,AUD,debit_card,web,completed
TXN20260104000287,2026-01-04 06:21:48,1914,389,,3,275.99,150.66,0.07,827.97,770.01,318.03,AUD,credit_card,mobile_app,completed
TXN20260104000288,2026-01-04 06:24:13,1761,395,5016,3,259.59,188.33,0.16,778.77,654.17,89.18,AUD,credit_card,web,refunded
TXN20260104000289,2026-01-04 06:27:45,1335,257,5010,1,452.64,204.1,0.07,452.64,420.96,216.86,AUD,paypal,marketplace,completed
TXN20260104000290,2026-01-04 06:30:01,1785,118,5012,1,63.49,25.23,0.15,63.49,53.97,28.74,AUD,credit_card,mobile_app,completed
TXN20260104000291,2026-01-04 06:30:56,1458,338,,4,454.19,219.15,0.06,1816.76,1707.75,831.15,AUD,gift_card,web,completed
TXN20260104000292,2026-01-04 06:32:10,1590,302,,1,47.96,26.56,0.08,47.96,44.12,17.56,AUD,debit_card,web,completed
TXN20260104000293,2026-01-04 06:33:00,2056,57,,1,7.38,2.62,0.04,7.38,7.08,4.46,AUD,gift_card,web,completed
TXN20260104000294,2026-01-04 06:33:16,1231,314,,3,218.05,130.2,0.03,654.15,634.53,243.93,AUD,credit_card,mobile_app,completed
TXN20260104000295,2026-01-04 06:33:42,1577,8,,2,65.06,29.43,0.17,130.12,108.0,49.14,AUD,buy_now_pay_later,web,completed
TXN20260104000296,2026-01-04 06:33:51,1180,386,5014,2,284.12,120.27,0.2,568.24,454.59,214.05,AUD,debit_card,mobile_app,completed
TXN20260104000297,2026-01-04 06:37:55,1270,149,,1,221.16,142.36,0.18,221.16,181.35,38.99,AUD,credit_card,mobile_app,completed
TXN20260104000298,2026-01-04 06:40:54,1341,103,,1,34.27,18.76,0.04,34.27,32.9,14.14,AUD,debit_card,marketplace,completed
TXN20260104000299,2026-01-04 06:41:35,2018,187,,5,18.28,11.11,0.07,91.4,85.0,29.45,AUD,buy_now_pay_later,web,completed
TXN20260104000300,2026-01-04 06:42:09,2082,323,5003,5,154.89,83.84,0.13,774.45,673.77,254.57,AUD,bank_transfer,mobile_app,refunded
TXN20260104000301,2026-01-04 06:42:37,2171,150,,4,205.86,111.18,0.15,823.44,699.92,255.2,AUD,buy_now_pay_later,web,completed
TXN20260104000302,2026-01-04 06:42:57,1957,304,5004,5,87.75,49.18,0.14,438.75,377.32,131.42,AUD,credit_card,marketplace,completed
TXN20260104000303,2026-01-04 06:47:36,1908,8,5014,3,65.06,29.43,0.14,195.18,167.85,79.56,AUD,buy_now_pay_later,web,completed
TXN20260104000304,2026-01-04 06:52:43,1165,119,,1,26.62,12.14,0.02,26.62,26.09,13.95,AUD,debit_card,mobile_app,cancelled
TXN20260104000305,2026-01-04 06:55:43,1230,222,,3,32.17,11.42,0.07,96.51,89.75,55.49,AUD,debit_card,web,completed
TXN20260104000306,2026-01-04 06:58:58,1197,166,,2,414.85,167.06,0.05,829.7,788.22,454.1,AUD,credit_card,web,pending
TXN20260104000307,2026-01-04 07:00:59,1117,153,,4,133.15,94.62,0.01,532.6,527.27,148.79,AUD,credit_card,web,completed
TXN20260104000308,2026-01-04 07:01:30,1504,323,,1,154.89,83.84,0.15,154.89,131.66,47.82,AUD,credit_card,mobile_app,completed
TXN20260104000309,2026-01-04 07:01:30,1551,48,,2,196.8,70.47,0.0,393.6,393.6,252.66,AUD,credit_card,web,completed
TXN20260104000310,2026-01-04 07:01:42,1506,169,5017,4,175.58,82.15,0.03,702.32,681.25,352.65,AUD,credit_card,mobile_app,completed
TXN20260104000311,2026-01-04 07:01:42,1146,251,,1,245.15,169.74,0.06,245.15,230.44,60.7,AUD,buy_now_pay_later,mobile_app,completed
TXN20260104000312,2026-01-04 07:02:20,1885,35,,2,123.44,76.69,0.14,246.88,212.32,58.94,AUD,credit_card,web,completed
TXN20260104000313,2026-01-04 07:03:14,1480,249,,1,96.17,46.26,0.12,96.17,84.63,38.37,AUD,credit_card,mobile_app,cancelled
TXN20260104000314,2026-01-04 07:03:21,1601,380,,2,148.6,57.32,0.0,297.2,297.2,182.56,AUD,paypal,mobile_app,completed
TXN20260104000315,2026-01-04 07:03:46,1687,334,,4,100.25,73.46,0.15,401.0,340.85,47.01,AUD,bank_transfer,in_store,completed
TXN20260104000316,2026-01-04 07:03:53,2050,379,,4,115.88,59.08,0.1,463.52,417.17,180.85,AUD,bank_transfer,marketplace,completed
TXN20260104000317,2026-01-04 07:04:09,1888,73,,4,97.62,68.56,0.13,390.48,339.72,65.48,AUD,credit_card,marketplace,completed
TXN20260104000318,2026-01-04 07:04:19,2014,289,5014,3,135.78,64.29,0.2,407.34,325.87,133.0,AUD,buy_now_pay_later,web,completed
TXN20260104000319,2026-01-04 07:04:27,1059,331,,2,188.98,138.35,0.11,377.96,336.38,59.68,AUD,paypal,web,completed
TXN20260104000320,2026-01-04 07:05:16,1105,212,,3,172.34,98.73,0.04,517.02,496.34,200.15,AUD,buy_now_pay_later,mobile_app,completed
TXN20260104000321,2026-01-04 07:05:17,1361,158,,4,101.24,48.34,0.12,404.96,356.36,163.0,AUD,paypal,mobile_app,completed
TXN20260104000322,2026-01-04 07:05:44,2170,360,,3,22.41,17.01,0.1,67.23,60.51,9.48,AUD,paypal,marketplace,completed
TXN20260104000323,2026-01-04 07:05:48,1240,150,,4,205.86,111.18,0.01,823.44,815.21,370.49,AUD,credit_card,web,completed
TXN20260104000324,2026-01-04 07:05:55,1267,236,,1,7.93,6.02,0.08,7.93,7.3,1.28,AUD,credit_card,mobile_app,completed
TXN20260104000325,2026-01-04 07:06:00,1950,45,5007,3,127.42,77.89,0.11,382.26,340.21,106.54,AUD,credit_card,phone,completed
TXN20260104000326,2026-01-04 07:06:41,1860,215,,5,8.88,3.58,0.08,44.4,40.85,22.95,AUD,credit_card,mobile_app,pending
TXN20260104000327,2026-01-04 07:06:45,1405,395,,4,259.59,188.33,0.18,1038.36,851.46,98.14,AUD,debit_card,web,completed
TXN20260104000328,2026-01-04 07:06:54,1181,238,5018,3,356.39,213.37,0.22,1069.17,833.95,193.84,AUD,paypal,mobile_app,completed
TXN20260104000329,2026-01-04 07:07:06,1005,38,,1,426.51,271.0,0.14,426.51,366.8,95.8,AUD,buy_now_pay_later,marketplace,completed
TXN20260104000330,2026-01-04 07:07:15,2001,11,,5,383.38,230.87,0.01,1916.9,1897.73,743.38,AUD,debit_card,web,completed
TXN20260104000331,2026-01-04 07:07:38,1238,187,5017,2,18.28,11.11,0.03,36.56,35.46,13.24,AUD,paypal,marketplace,completed
TXN20260104000332,2026-01-04 07:07:41,1609,20,,1,230.82,128.98,0.14,230.82,198.51,69.53,AUD,buy_now_pay_later,mobile_app,completed
TXN20260104000333,2026-01-04 07:07:56,1668,331,,2,188.98,138.35,0.11,377.96,336.38,59.68,AUD,debit_card,web,completed
TXN20260104000334,2026-01-04 07:08:03,1852,25,5007,3,279.71,213.59,0.14,839.13,721.65,80.88,AUD,credit_card,mobile_app,completed
TXN20260104000335,2026-01-04 07:08:42,1332,168,5016,4,356.7,253.22,0.15,1426.8,1212.78,199.9,AUD,credit_card,in_store,completed
TXN20260104000336,2026-01-04 07:08:58,1980,13,,2,39.93,31.05,0.21,79.86,63.09,0.99,AUD,debit_card,web,pending
TXN20260104000337,2026-01-04 07:09:09,2139,319,,1,134.18,49.74,0.1,134.18,120.76,71.02,AUD,debit_card,web,cancelled
TXN20260104000338,2026-01-04 07:09:19,2142,116,,2,265.13,138.42,0.14,530.26,456.02,179.18,AUD,credit_card,web,completed
TXN20260104000339,2026-01-04 07:09:53,2056,77,5014,1,288.19,141.16,0.0,288.19,288.19,147.03,AUD,paypal,mobile_app,completed
TXN20260104000340,2026-01-04 07:10:29,1294,331,,3,188.98,138.35,0.07,566.94,527.25,112.2,AUD,debit_card,web,completed
TXN20260104000341,2026-01-04 07:11:28,1667,228,5002,3,85.54,59.94,0.1,256.62,230.96,51.14,AUD,credit_card,web,completed
TXN20260104000342,2026-01-04 07:12:28,2018,377,,4,34.75,17.44,0.02,139.0,136.22,66.46,AUD,bank_transfer,web,completed
TXN20260104000343,2026-01-04 07:13:09,2169,351,,1,410.9,255.25,0.05,410.9,390.35,135.1,AUD,paypal,marketplace,completed
TXN20260104000344,2026-01-04 07:13:14,1735,224,,5,135.38,94.24,0.04,676.9,649.82,178.62,AUD,debit_card,marketplace,completed
TXN20260104000345,2026-01-04 07:13:32,1894,170,5017,2,68.81,27.57,0.19,137.62,111.47,56.33,AUD,credit_card,mobile_app,completed
TXN20260104000346,2026-01-04 07:14:23,1293,249,,3,96.17,46.26,0.1,288.51,259.66,120.88,AUD,credit_card,marketplace,completed
TXN20260104000347,2026-01-04 07:14:26,2114,316,,2,109.37,70.04,0.01,218.74,216.55,76.47,AUD,credit_card,marketplace,completed
TXN20260104000348,2026-01-04 07:15:02,1188,99,,1,8.03,4.15,0.16,8.03,6.75,2.6,AUD,credit_card,web,completed
TXN20260104000349,2026-01-04 07:15:04,2138,170,5007,3,68.81,27.57,0.04,206.43,198.17,115.46,AUD,credit_card,marketplace,completed
TXN20260104000350,2026-01-04 07:15:23,1557,305,,1,51.53,22.19,0.01,51.53,51.01,28.82,AUD,bank_transfer,web,completed
TXN20260104000351,2026-01-04 07:15:49,1594,203,,1,5.97,4.17,0.11,5.97,5.31,1.14,AUD,debit_card,web,completed
TXN20260104000352,2026-01-04 07:15:49,1912,372,5005,3,321.9,183.97,0.0,965.7,965.7,413.79,AUD,credit_card,mobile_app,completed
TXN20260104000353,2026-01-04 07:16:25,2043,214,5017,2,133.32,71.17,0.0,266.64,266.64,124.3,AUD,bank_transfer,web,completed
TXN20260104000354,2026-01-04 07:17:34,1933,344,5004,2,24.55,10.75,0.08,49.1,45.17,23.67,AUD,credit_card,in_store,completed
TXN20260104000355,2026-01-04 07:17:35,1916,288,,1,349.87,265.76,0.24,349.87,265.9,0.14,AUD,credit_card,web,completed
TXN20260104000356,2026-01-04 07:17:36,1839,398,,2,94.81,37.08,0.11,189.62,168.76,94.6,AUD,paypal,mobile_app,completed
TXN20260104000357,2026-01-04 07:17:52,1652,229,,4,23.31,18.16,0.05,93.24,88.58,15.94,AUD,credit_card,mobile_app,completed
TXN20260104000358,2026-01-04 07:18:15,1362,248,,3,58.0,41.73,0.23,174.0,133.98,8.79,AUD,paypal,mobile_app,completed
TXN20260104000359,2026-01-04 07:18:21,1835,81,5014,5,133.11,71.55,0.04,665.55,638.93,281.18,AUD,gift_card,web,completed
TXN20260104000360,2026-01-04 07:18:32,1150,132,,1,109.21,38.28,0.12,109.21,96.1,57.82,AUD,bank_transfer,mobile_app,completed
TXN20260104000361,2026-01-04 07:18:47,1884,225,,3,310.73,232.58,0.05,932.19,885.58,187.84,AUD,credit_card,web,completed
TXN20260104000362,2026-01-04 07:19:12,1295,220,,5,80.96,29.21,0.11,404.8,360.27,214.22,AUD,debit_card,web,completed
TXN20260104000363,2026-01-04 07:19:36,1194,298,,5,71.48,35.14,0.14,357.4,307.36,131.66,AUD,credit_card,mobile_app,completed
TXN20260104000364,2026-01-04 07:19:48,1225,86,,4,176.95,129.01,0.15,707.8,601.63,85.59,AUD,debit_card,web,completed
TXN20260104000365,2026-01-04 07:19:51,1428,91,,1,229.04,125.54,0.08,229.04,210.72,85.18,AUD,buy_now_pay_later,web,completed
TXN20260104000366,2026-01-04 07:20:32,1298,230,,4,249.03,160.65,0.04,996.12,956.28,313.68,AUD,gift_card,marketplace,completed
TXN20260104000367,2026-01-04 07:21:12,2175,163,,2,280.84,142.19,0.07,561.68,522.36,237.98,AUD,credit_card,web,completed
TXN20260104000368,2026-01-04 07:22:14,1653,306,,2,201.0,79.58,0.02,402.0,393.96,234.8,AUD,paypal,web,completed
TXN20260104000369,2026-01-04 07:24:32,1682,261,,4,222.59,120.24,0.17,890.36,739.0,258.04,AUD,buy_now_pay_later,web,completed
TXN20260104000370,2026-01-04 07:24:43,1294,61,,1,47.35,19.48,0.1,47.35,42.62,23.14,AUD,credit_card,mobile_app,completed
TXN20260104000371,2026-01-04 07:25:18,1543,383,,1,227.62,101.34,0.01,227.62,225.34,124.0,AUD,credit_card,mobile_app,completed
TXN20260104000372,2026-01-04 07:25:27,2076,270,,1,347.43,172.19,0.15,347.43,295.32,123.13,AUD,credit_card,marketplace,completed
TXN20260104000373,2026-01-04 07:25:54,1747,200,,2,8.47,4.01,0.03,16.94,16.43,8.41,AUD,debit_card,mobile_app,completed
TXN20260104000374,2026-01-04 07:26:36,1797,72,5012,2,333.42,149.31,0.15,666.84,566.81,268.19,AUD,paypal,web,completed
TXN20260104000375,2026-01-04 07:26:57,1723,71,5004,2,451.62,218.09,0.07,903.24,840.01,403.83,AUD,debit_card,in_store,completed
TXN20260104000376,2026-01-04 07:27:35,1818,120,,3,231.92,128.02,0.03,695.76,674.89,290.83,AUD,credit_card,web,completed
TXN20260104000377,2026-01-04 07:27:54,1187,33,,6,120.22,59.38,0.05,721.32,685.25,328.97,AUD,credit_card,mobile_app,completed
TXN20260104000378,2026-01-04 07:29:58,2016,314,,1,218.05,130.2,0.15,218.05,185.34,55.14,AUD,buy_now_pay_later,web,completed
TXN20260104000379,2026-01-04 07:31:00,1200,189,5014,1,209.27,158.1,0.09,209.27,190.44,32.34,AUD,credit_card,web,completed
TXN20260104000380,2026-01-04 07:31:16,1663,203,5010,3,5.97,4.17,0.11,17.91,15.94,3.43,AUD,credit_card,web,completed
TXN20260104000381,2026-01-04 07:31:19,1713,282,5017,3,11.8,8.78,0.07,35.4,32.92,6.58,AUD,credit_card,mobile_app,completed
TXN20260104000382,2026-01-04 07:31:22,2146,213,,1,89.64,56.55,0.2,89.64,71.71,15.16,AUD,credit_card,mobile_app,completed
TXN20260104000383,2026-01-04 07:31:26,1203,304,,4,87.75,49.18,0.03,351.0,340.47,143.75,AUD,credit_card,mobile_app,completed
TXN20260104000384,2026-01-04 07:31:37,1869,171,,3,126.82,54.58,0.13,380.46,331.0,167.26,AUD,debit_card,web,completed
TXN20260104000385,2026-01-04 07:31:50,2081,212,,2,172.34,98.73,0.1,344.68,310.21,112.75,AUD,paypal,web,completed
TXN20260104000386,2026-01-04 07:32:18,1750,173,,1,67.53,28.1,0.11,67.53,60.1,32.0,AUD,paypal,web,completed
TXN20260104000387,2026-01-04 07:32:31,1792,374,,4,37.72,26.55,0.01,150.88,149.37,43.17,AUD,credit_card,web,completed
TXN20260104000388,2026-01-04 07:33:00,1394,191,,3,265.41,112.45,0.23,796.23,613.1,275.75,AUD,debit_card,web,completed
TXN20260104000389,2026-01-04 07:33:32,1642,257,,1,452.64,204.1,0.17,452.64,375.69,171.59,AUD,gift_card,mobile_app,completed
TXN20260104000390,2026-01-04 07:34:36,2164,371,,1,279.28,128.3,0.07,279.28,259.73,131.43,AUD,credit_card,mobile_app,completed
TXN20260104000391,2026-01-04 07:34:55,2103,348,5004,1,367.68,171.93,0.12,367.68,323.56,151.63,AUD,debit_card,web,completed
TXN20260104000392,2026-01-04 07:34:59,1669,383,,1,227.62,101.34,0.06,227.62,213.96,112.62,AUD,bank_transfer,mobile_app,completed
TXN20260104000393,2026-01-04 07:35:13,2180,69,,1,53.62,37.17,0.12,53.62,47.19,10.02,AUD,buy_now_pay_later,mobile_app,completed
TXN20260104000394,2026-01-04 07:35:17,1821,16,,1,185.65,67.71,0.07,185.65,172.65,104.94,AUD,credit_card,mobile_app,completed
TXN20260104000395,2026-01-04 07:35:19,1428,58,5007,3,93.1,56.49,0.21,279.3,220.65,51.18,AUD,credit_card,web,completed
TXN20260104000396,2026-01-04 07:35:22,1455,377,,5,34.75,17.44,0.13,173.75,151.16,63.96,AUD,credit_card,web,completed
TXN20260104000397,2026-01-04 07:35:23,1710,238,,4,356.39,213.37,0.11,1425.56,1268.75,415.27,AUD,credit_card,web,completed
TXN20260104000398,2026-01-04 07:35:26,2058,142,,3,424.43,299.05,0.18,1273.29,1044.1,146.95,AUD,debit_card,mobile_app,completed
TXN20260104000399,2026-01-04 07:35:27,1113,262,,3,30.32,15.63,0.05,90.96,86.41,39.52,AUD,credit_card,mobile_app,completed
TXN20260104000400,2026-01-04 07:35:54,1503,356,5010,4,35.78,19.54,0.22,143.12,111.63,33.47,AUD,credit_card,in_store,completed
TXN20260104000401,2026-01-04 07:36:28,1206,357,,1,49.08,20.39,0.16,49.08,41.23,20.84,AUD,gift_card,web,completed
TXN20260104000402,2026-01-04 07:36:38,1848,99,,1,8.03,4.15,0.26,8.03,5.94,1.79,AUD,bank_transfer,mobile_app,completed
TXN20260104000403,2026-01-04 07:36:42,1271,105,,6,142.92,89.61,0.08,857.52,788.92,251.26,AUD,debit_card,web,completed
TXN20260104000404,2026-01-04 07:37:45,1786,278,,2,60.0,45.1,0.13,120.0,104.4,14.2,AUD,credit_card,mobile_app,completed
TXN20260104000405,2026-01-04 07:37:50,1494,125,,1,196.62,94.85,0.07,196.62,182.86,88.01,AUD,credit_card,mobile_app,completed
TXN20260104000406,2026-01-04 07:38:37,1683,232,,1,159.76,96.34,0.02,159.76,156.56,60.22,AUD,credit_card,in_store,completed
TXN20260104000407,2026-01-04 07:38:42,1952,399,,3,108.85,51.12,0.02,326.55,320.02,166.66,AUD,credit_card,mobile_app,completed
TXN20260104000408,2026-01-04 07:38:45,1870,153,,2,133.15,94.62,0.11,266.3,237.01,47.77,AUD,debit_card,web,completed
TXN20260104000409,2026-01-04 07:39:27,1844,283,,2,155.88,105.7,0.17,311.76,258.76,47.36,AUD,paypal,web,completed
TXN20260104000410,2026-01-04 07:39:39,1460,19,,1,170.44,126.31,0.14,170.44,146.58,20.27,AUD,paypal,phone,completed
TXN20260104000411,2026-01-04 07:39:39,1047,394,5007,2,26.27,10.02,0.01,52.54,52.01,31.97,AUD,paypal,web,completed
TXN20260104000412,2026-01-04 07:40:03,1829,268,5009,3,13.69,9.27,0.15,41.07,34.91,7.1,AUD,credit_card,mobile_app,cancelled
TXN20260104000413,2026-01-04 07:40:18,1268,314,,1,218.05,130.2,0.02,218.05,213.69,83.49,AUD,credit_card,web,completed
TXN20260104000414,2026-01-04 07:40:20,2147,193,,3,368.81,195.25,0.08,1106.43,1017.92,432.17,AUD,paypal,mobile_app,completed
TXN20260104000415,2026-01-04 07:40:40,1724,58,5003,3,93.1,56.49,0.05,279.3,265.33,95.86,AUD,bank_transfer,marketplace,completed
TXN20260104000416,2026-01-04 07:41:14,2077,63,,5,137.14,59.24,0.19,685.7,555.42,259.22,AUD,buy_now_pay_later,web,completed
TXN20260104000417,2026-01-04 07:42:03,1307,400,,1,83.09,58.62,0.03,83.09,80.6,21.98,AUD,buy_now_pay_later,mobile_app,completed
TXN20260104000418,2026-01-04 07:43:00,1183,148,5007,2,64.17,49.35,0.06,128.34,120.64,21.94,AUD,credit_card,mobile_app,completed
TXN20260104000419,2026-01-04 07:43:06,2084,208,,1,165.3,68.58,0.07,165.3,153.73,85.15,AUD,credit_card,mobile_app,completed
TXN20260104000420,2026-01-04 07:44:32,1278,369,,1,254.39,165.86,0.06,254.39,239.13,73.27,AUD,paypal,mobile_app,completed
TXN20260104000421,2026-01-04 07:44:48,1951,184,5018,5,24.72,17.45,0.09,123.6,112.48,25.23,AUD,credit_card,mobile_app,completed
TXN20260104000422,2026-01-04 07:45:06,2007,204,5017,5,256.41,190.36,0.28,1282.05,923.08,-28.72,AUD,credit_card,web,refunded
TXN20260104000423,2026-01-04 07:46:20,1376,48,,3,196.8,70.47,0.07,590.4,549.07,337.66,AUD,credit_card,marketplace,completed
TXN20260104000424,2026-01-04 07:46:36,1962,356,,1,35.78,19.54,0.03,35.78,34.71,15.17,AUD,debit_card,web,completed
TXN20260104000425,2026-01-04 07:47:35,1380,84,5014,3,131.95,75.26,0.07,395.85,368.14,142.36,AUD,credit_card,mobile_app,completed
TXN20260104000426,2026-01-04 07:47:59,1228,377,,1,34.75,17.44,0.14,34.75,29.88,12.44,AUD,debit_card,web,completed
TXN20260104000427,2026-01-04 07:48:25,2022,322,,3,98.42,48.71,0.12,295.26,259.83,113.7,AUD,credit_card,mobile_app,completed
TXN20260104000428,2026-01-04 07:49:25,2170,35,5013,3,123.44,76.69,0.18,370.32,303.66,73.59,AUD,credit_card,web,completed
TXN20260104000429,2026-01-04 07:49:43,1756,199,,1,405.48,228.61,0.09,405.48,368.99,140.38,AUD,buy_now_pay_later,marketplace,completed
TXN20260104000430,2026-01-04 07:49:44,2132,16,5005,2,185.65,67.71,0.09,371.3,337.88,202.46,AUD,buy_now_pay_later,mobile_app,completed
TXN20260104000431,2026-01-04 07:49:51,1104,259,,1,243.76,167.05,0.08,243.76,224.26,57.21,AUD,debit_card,mobile_app,completed
TXN20260104000432,2026-01-04 07:50:03,1581,78,,2,128.52,52.69,0.16,257.04,215.91,110.53,AUD,credit_card,mobile_app,completed
TXN20260104000433,2026-01-04 07:50:10,1558,114,5004,1,311.7,127.05,0.05,311.7,296.11,169.06,AUD,credit_card,mobile_app,refunded
TXN20260104000434,2026-01-04 07:50:33,1434,136,,2,12.1,8.71,0.26,24.2,17.91,0.49,AUD,paypal,web,completed
TXN20260104000435,2026-01-04 07:50:39,1545,275,,2,116.41,50.22,0.11,232.82,207.21,106.77,AUD,debit_card,mobile_app,completed
TXN20260104000436,2026-01-04 07:52:08,1354,16,5012,2,185.65,67.71,0.06,371.3,349.02,213.6,AUD,debit_card,web,completed
TXN20260104000437,2026-01-04 07:52:31,2009,51,,1,162.3,85.52,0.12,162.3,142.82,57.3,AUD,credit_card,web,completed
TXN20260104000438,2026-01-04 07:52:50,2192,327,,2,27.46,12.97,0.07,54.92,51.08,25.14,AUD,buy_now_pay_later,mobile_app,completed
TXN20260104000439,2026-01-04 07:53:06,1282,79,,1,139.3,69.25,0.05,139.3,132.34,63.09,AUD,buy_now_pay_later,web,completed
TXN20260104000440,2026-01-04 07:53:07,1335,397,,1,183.67,101.88,0.02,183.67,180.0,78.12,AUD,credit_card,marketplace,completed
TXN20260104000441,2026-01-04 07:53:58,1504,354,,1,128.43,85.15,0.11,128.43,114.3,29.15,AUD,credit_card,mobile_app,completed
TXN20260104000442,2026-01-04 07:54:16,1878,89,5008,5,131.64,95.41,0.13,658.2,572.63,95.58,AUD,credit_card,mobile_app,completed
TXN20260104000443,2026-01-04 07:54:51,1460,270,,5,347.43,172.19,0.15,1737.15,1476.58,615.63,AUD,paypal,web,completed
TXN20260104000444,2026-01-04 07:55:41,1870,6,5006,1,45.92,33.82,0.05,45.92,43.62,9.8,AUD,credit_card,web,completed
TXN20260104000445,2026-01-04 07:56:18,2110,151,5017,1,36.21,16.06,0.17,36.21,30.05,13.99,AUD,debit_card,web,completed
TXN20260104000446,2026-01-04 07:56:20,2047,151,,1,36.21,16.06,0.04,36.21,34.76,18.7,AUD,credit_card,web,completed
TXN20260104000447,2026-01-04 07:57:40,1854,283,5005,1,155.88,105.7,0.15,155.88,132.5,26.8,AUD,bank_transfer,mobile_app,completed
TXN20260104000448,2026-01-04 07:57:42,1071,97,,2,261.47,109.45,0.13,522.94,454.96,236.06,AUD,debit_card,web,completed
TXN20260104000449,2026-01-04 07:57:59,1753,229,,3,23.31,18.16,0.22,69.93,54.55,0.07,AUD,credit_card,marketplace,completed
TXN20260104000450,2026-01-04 07:58:07,1018,300,5013,1,134.02,50.66,0.02,134.02,131.34,80.68,AUD,credit_card,mobile_app,completed
TXN20260104000451,2026-01-04 07:58:27,1132,225,,1,310.73,232.58,0.01,310.73,307.62,75.04,AUD,debit_card,in_store,completed
TXN20260104000452,2026-01-04 07:58:48,1556,29,,3,157.08,114.81,0.21,471.24,372.28,27.85,AUD,debit_card,mobile_app,completed
TXN20260104000453,2026-01-04 07:58:53,1480,46,5005,5,182.51,84.92,0.01,912.55,903.42,478.82,AUD,paypal,mobile_app,completed
TXN20260104000454,2026-01-04 07:59:13,2187,345,,3,301.49,218.7,0.15,904.47,768.8,112.7,AUD,credit_card,web,completed
TXN20260104000455,2026-01-04 07:59:49,2068,380,,5,148.6,57.32,0.17,743.0,616.69,330.09,AUD,paypal,web,completed
TXN20260104000456,2026-01-04 08:00:24,1392,44,,4,236.02,141.49,0.07,944.08,877.99,312.03,AUD,buy_now_pay_later,web,completed
TXN20260104000457,2026-01-04 08:00:34,2075,195,,5,142.11,62.0,0.08,710.55,653.71,343.71,AUD,buy_now_pay_later,web,completed
TXN20260104000458,2026-01-04 08:02:17,2147,71,,1,451.62,218.09,0.24,451.62,343.23,125.14,AUD,credit_card,in_store,completed
TXN20260104000459,2026-01-04 08:02:50,1636,310,,5,109.6,62.46,0.03,548.0,531.56,219.26,AUD,credit_card,marketplace,refunded
TXN20260104000460,2026-01-04 08:04:03,2184,27,,1,172.81,116.75,0.1,172.81,155.53,38.78,AUD,credit_card,web,completed
TXN20260104000461,2026-01-04 08:04:48,1965,398,,1,94.81,37.08,0.1,94.81,85.33,48.25,AUD,bank_transfer,in_store,completed
TXN20260104000462,2026-01-04 08:05:25,1351,398,5003,1,94.81,37.08,0.05,94.81,90.07,52.99,AUD,credit_card,mobile_app,completed
TXN20260104000463,2026-01-04 08:06:04,1780,351,,3,410.9,255.25,0.22,1232.7,961.51,195.76,AUD,credit_card,mobile_app,completed
TXN20260104000464,2026-01-04 08:06:22,1253,18,,1,23.51,10.69,0.02,23.51,23.04,12.35,AUD,credit_card,mobile_app,completed
TXN20260104000465,2026-01-04 08:06:49,1799,132,5017,3,109.21,38.28,0.24,327.63,249.0,134.16,AUD,credit_card,web,completed
TXN20260104000466,2026-01-04 08:06:58,1358,327,,4,27.46,12.97,0.12,109.84,96.66,44.78,AUD,debit_card,mobile_app,completed
TXN20260104000467,2026-01-04 08:07:17,2112,334,5012,1,100.25,73.46,0.14,100.25,86.22,12.76,AUD,debit_card,mobile_app,completed
TXN20260104000468,2026-01-04 08:07:36,1403,238,5004,5,356.39,213.37,0.08,1781.95,1639.39,572.54,AUD,gift_card,web,completed
TXN20260104000469,2026-01-04 08:07:58,1894,59,5008,4,66.9,33.14,0.03,267.6,259.57,127.01,AUD,paypal,mobile_app,completed
TXN20260104000470,2026-01-04 08:08:17,1457,359,,3,421.42,180.37,0.02,1264.26,1238.97,697.86,AUD,buy_now_pay_later,marketplace,completed
TXN20260104000471,2026-01-04 08:08:30,1971,331,5010,3,188.98,138.35,0.19,566.94,459.22,44.17,AUD,buy_now_pay_later,mobile_app,completed
TXN20260104000472,2026-01-04 08:08:34,1156,118,,2,63.49,25.23,0.01,126.98,125.71,75.25,AUD,buy_now_pay_later,marketplace,completed
TXN20260104000473,2026-01-04 08:09:24,1642,351,5007,3,410.9,255.25,0.04,1232.7,1183.39,417.64,AUD,gift_card,marketplace,completed
TXN20260104000474,2026-01-04 08:09:52,1666,188,5008,4,141.88,98.58,0.1,567.52,510.77,116.45,AUD,credit_card,mobile_app,completed
TXN20260104000475,2026-01-04 08:10:15,2090,1,,2,367.54,272.05,0.1,735.08,661.57,117.47,AUD,credit_card,web,completed
TXN20260104000476,2026-01-04 08:10:17,1253,357,5018,4,49.08,20.39,0.11,196.32,174.72,93.16,AUD,bank_transfer,marketplace,completed
TXN20260104000477,2026-01-04 08:10:52,1479,293,,1,100.6,74.23,0.01,100.6,99.59,25.36,AUD,credit_card,web,completed
TXN20260104000478,2026-01-04 08:13:21,1522,205,,2,200.88,145.96,0.05,401.76,381.67,89.75,AUD,gift_card,web,pending
TXN20260104000479,2026-01-04 08:13:26,1630,167,,2,176.55,75.21,0.01,353.1,349.57,199.15,AUD,debit_card,mobile_app,completed
TXN20260104000480,2026-01-04 08:13:39,1930,252,,1,12.21,8.71,0.19,12.21,9.89,1.18,AUD,paypal,marketplace,completed
TXN20260104000481,2026-01-04 08:13:59,1934,220,,1,80.96,29.21,0.06,80.96,76.1,46.89,AUD,paypal,web,cancelled
TXN20260104000482,2026-01-04 08:14:07,1027,238,,1,356.39,213.37,0.0,356.39,356.39,143.02,AUD,credit_card,web,completed
TXN20260104000483,2026-01-04 08:14:11,1937,198,,3,311.79,188.7,0.2,935.37,748.3,182.2,AUD,credit_card,mobile_app,completed
TXN20260104000484,2026-01-04 08:15:13,2198,299,,2,256.41,147.41,0.01,512.82,507.69,212.87,AUD,credit_card,phone,completed
TXN20260104000485,2026-01-04 08:15:23,1310,400,,2,83.09,58.62,0.17,166.18,137.93,20.69,AUD,debit_card,web,completed
TXN20260104000486,2026-01-04 08:15:48,1089,329,,5,58.04,29.11,0.14,290.2,249.57,104.02,AUD,gift_card,web,refunded
TXN20260104000487,2026-01-04 08:16:08,1353,152,5017,2,18.61,8.27,0.27,37.22,27.17,10.63,AUD,credit_card,mobile_app,completed
TXN20260104000488,2026-01-04 08:16:45,1913,217,,3,105.58,80.07,0.13,316.74,275.56,35.35,AUD,paypal,marketplace,completed
TXN20260104000489,2026-01-04 08:16:52,1644,324,,4,79.51,55.68,0.06,318.04,298.96,76.24,AUD,debit_card,web,completed
TXN20260104000490,2026-01-04 08:17:27,1376,150,5013,4,205.86,111.18,0.01,823.44,815.21,370.49,AUD,credit_card,web,completed
TXN20260104000491,2026-01-04 08:17:55,2190,275,5016,1,116.41,50.22,0.12,116.41,102.44,52.22,AUD,credit_card,web,completed
TXN20260104000492,2026-01-04 08:18:30,2071,374,,1,37.72,26.55,0.01,37.72,37.34,10.79,AUD,paypal,mobile_app,completed
TXN20260104000493,2026-01-04 08:19:18,1171,63,,2,137.14,59.24,0.01,274.28,271.54,153.06,AUD,debit_card,phone,cancelled
TXN20260104000494,2026-01-04 08:19:52,2007,328,,5,33.71,19.15,0.08,168.55,155.07,59.32,AUD,credit_card,web,completed
TXN20260104000495,2026-01-04 08:20:05,1241,221,,3,157.27,79.8,0.22,471.81,368.01,128.61,AUD,credit_card,in_store,completed
TXN20260104000496,2026-01-04 08:20:08,1879,163,5017,1,280.84,142.19,0.07,280.84,261.18,118.99,AUD,paypal,mobile_app,completed
TXN20260104000497,2026-01-04 08:20:47,1314,257,,6,452.64,204.1,0.2,2715.84,2172.67,948.07,AUD,bank_transfer,web,completed
TXN20260104000498,2026-01-04 08:20:58,1891,185,,2,182.91,71.26,0.17,365.82,303.63,161.11,AUD,credit_card,mobile_app,completed
TXN20260104000499,2026-01-04 08:21:20,1810,121,,1,18.5,12.03,0.08,18.5,17.02,4.99,AUD,debit_card,mobile_app,completed
TXN20260104000500,2026-01-04 08:21:30,1765,366,5002,2,212.32,146.95,0.26,424.64,314.23,20.33,AUD,credit_card,web,refunded
TXN20260104000501,2026-01-04 08:21:42,2044,370,,4,292.21,138.01,0.14,1168.84,1005.2,453.16,AUD,credit_card,web,completed
TXN20260104000502,2026-01-04 08:21:58,1218,160,,1,132.52,86.58,0.02,132.52,129.87,43.29,AUD,paypal,web,completed
TXN20260104000503,2026-01-04 08:22:15,1500,67,,2,164.66,66.92,0.18,329.32,270.04,136.2,AUD,credit_card,mobile_app,completed
TXN20260104000504,2026-01-04 08:22:21,2162,185,,1,182.91,71.26,0.01,182.91,181.08,109.82,AUD,credit_card,mobile_app,completed
TXN20260104000505,2026-01-04 08:23:15,1128,42,,3,64.61,39.72,0.04,193.83,186.08,66.92,AUD,debit_card,phone,completed
TXN20260104000506,2026-01-04 08:25:33,1968,345,,4,301.49,218.7,0.12,1205.96,1061.24,186.44,AUD,buy_now_pay_later,web,completed
TXN20260104000507,2026-01-04 08:26:20,1716,248,,4,58.0,41.73,0.27,232.0,169.36,2.44,AUD,credit_card,mobile_app,completed
TXN20260104000508,2026-01-04 08:26:36,1540,194,,2,45.96,33.9,0.18,91.92,75.37,7.57,AUD,credit_card,web,completed
TXN20260104000509,2026-01-04 08:26:36,1502,283,,3,155.88,105.7,0.01,467.64,462.96,145.86,AUD,buy_now_pay_later,web,completed
TXN20260104000510,2026-01-04 08:26:49,1469,386,5007,2,284.12,120.27,0.04,568.24,545.51,304.97,AUD,debit_card,web,completed
TXN20260104000511,2026-01-04 08:27:21,2062,18,,3,23.51,10.69,0.15,70.53,59.95,27.88,AUD,buy_now_pay_later,web,completed
TXN20260104000512,2026-01-04 08:27:44,1545,257,,1,452.64,204.1,0.06,452.64,425.48,221.38,AUD,credit_card,web,completed
TXN20260104000513,2026-01-04 08:28:03,1878,131,,2,93.36,56.38,0.01,186.72,184.85,72.09,AUD,paypal,web,completed
TXN20260104000514,2026-01-04 08:28:18,1798,199,,1,405.48,228.61,0.25,405.48,304.11,75.5,AUD,buy_now_pay_later,web,completed
TXN20260104000515,2026-01-04 08:29:36,1098,65,,2,253.83,167.53,0.09,507.66,461.97,126.91,AUD,paypal,web,completed
TXN20260104000516,2026-01-04 08:29:58,1120,336,,2,250.44,165.04,0.02,500.88,490.86,160.78,AUD,paypal,web,completed
TXN20260104000517,2026-01-04 08:30:04,2185,42,,1,64.61,39.72,0.15,64.61,54.92,15.2,AUD,debit_card,mobile_app,completed
TXN20260104000518,2026-01-04 08:30:27,1096,18,,3,23.51,10.69,0.06,70.53,66.3,34.23,AUD,debit_card,marketplace,completed
TXN20260104000519,2026-01-04 08:32:02,1501,238,,1,356.39,213.37,0.07,356.39,331.44,118.07,AUD,credit_card,marketplace,completed
TXN20260104000520,2026-01-04 08:32:39,1598,330,5017,5,125.71,91.59,0.12,628.55,553.12,95.17,AUD,credit_card,web,completed
TXN20260104000521,2026-01-04 08:32:48,1159,373,,4,423.09,155.74,0.03,1692.36,1641.59,1018.63,AUD,buy_now_pay_later,mobile_app,completed
TXN20260104000522,2026-01-04 08:33:23,1134,98,,1,129.89,79.62,0.0,129.89,129.89,50.27,AUD,credit_card,mobile_app,completed
TXN20260104000523,2026-01-04 08:33:41,1882,243,,3,6.18,2.24,0.09,18.54,16.87,10.15,AUD,credit_card,marketplace,completed
TXN20260104000524,2026-01-04 08:34:49,1897,334,5013,1,100.25,73.46,0.16,100.25,84.21,10.75,AUD,buy_now_pay_later,mobile_app,completed
TXN20260104000525,2026-01-04 08:34:55,1862,187,,4,18.28,11.11,0.14,73.12,62.88,18.44,AUD,credit_card,web,completed
TXN20260104000526,2026-01-04 08:35:00,1553,336,,2,250.44,165.04,0.15,500.88,425.75,95.67,AUD,credit_card,mobile_app,completed
TXN20260104000527,2026-01-04 08:35:04,1900,336,5005,3,250.44,165.04,0.16,751.32,631.11,135.99,AUD,credit_card,web,completed
TXN20260104000528,2026-01-04 08:35:26,1303,199,,3,405.48,228.61,0.02,1216.44,1192.11,506.28,AUD,debit_card,web,completed
TXN20260104000529,2026-01-04 08:35:40,1218,46,,3,182.51,84.92,0.09,547.53,498.25,243.49,AUD,debit_card,mobile_app,completed
TXN20260104000530,2026-01-04 08:36:39,1368,4,,2,238.89,172.72,0.05,477.78,453.89,108.45,AUD,paypal,mobile_app,completed
TXN20260104000531,2026-01-04 08:37:10,2068,96,,2,143.85,89.79,0.18,287.7,235.91,56.33,AUD,credit_card,marketplace,completed
TXN20260104000532,2026-01-04 08:37:34,1285,73,,2,97.62,68.56,0.07,195.24,181.57,44.45,AUD,credit_card,mobile_app,completed
TXN20260104000533,2026-01-04 08:37:36,1151,143,,3,166.42,116.53,0.12,499.26,439.35,89.76,AUD,debit_card,web,completed
TXN20260104000534,2026-01-04 08:37:54,1226,139,5002,1,93.98,72.88,0.05,93.98,89.28,16.4,AUD,credit_card,web,completed
TXN20260104000535,2026-01-04 08:37:55,1607,380,5009,1,148.6,57.32,0.12,148.6,130.77,73.45,AUD,debit_card,web,completed
TXN20260104000536,2026-01-04 08:38:35,1524,199,5002,1,405.48,228.61,0.04,405.48,389.26,160.65,AUD,credit_card,mobile_app,completed
TXN20260104000537,2026-01-04 08:39:22,1551,35,5009,3,123.44,76.69,0.14,370.32,318.48,88.41,AUD,buy_now_pay_later,mobile_app,completed
TXN20260104000538,2026-01-04 08:39:50,1049,400,,5,83.09,58.62,0.14,415.45,357.29,64.19,AUD,paypal,web,completed
TXN20260104000539,2026-01-04 08:40:04,1931,88,,2,104.05,41.24,0.06,208.1,195.61,113.13,AUD,paypal,web,completed
TXN20260104000540,2026-01-04 08:41:09,2092,273,,1,15.74,11.24,0.18,15.74,12.91,1.67,AUD,credit_card,mobile_app,completed
TXN20260104000541,2026-01-04 08:41:31,1667,79,,3,139.3,69.25,0.02,417.9,409.54,201.79,AUD,credit_card,web,completed
TXN20260104000542,2026-01-04 08:41:40,1311,375,5017,2,239.04,121.65,0.19,478.08,387.24,143.94,AUD,debit_card,in_store,completed
TXN20260104000543,2026-01-04 08:42:12,1839,36,,3,95.33,67.51,0.03,285.99,277.41,74.88,AUD,buy_now_pay_later,mobile_app,completed
TXN20260104000544,2026-01-04 08:42:16,2122,195,,3,142.11,62.0,0.04,426.33,409.28,223.28,AUD,paypal,mobile_app,completed
TXN20260104000545,2026-01-04 08:42:31,2059,260,,2,168.41,124.86,0.13,336.82,293.03,43.31,AUD,debit_card,web,completed
TXN20260104000546,2026-01-04 08:43:28,1885,108,5017,1,13.12,5.5,0.0,13.12,13.12,7.62,AUD,credit_card,in_store,completed
TXN20260104000547,2026-01-04 08:44:30,1493,311,,1,265.88,206.32,0.03,265.88,257.9,51.58,AUD,credit_card,marketplace,completed
TXN20260104000548,2026-01-04 08:44:34,1338,245,,1,349.8,233.63,0.06,349.8,328.81,95.18,AUD,credit_card,in_store,completed
TXN20260104000549,2026-01-04 08:45:18,1795,140,,4,98.88,53.29,0.09,395.52,359.92,146.76,AUD,credit_card,marketplace,completed
TXN20260104000550,2026-01-04 08:45:28,1521,340,,2,69.61,35.79,0.04,139.22,133.65,62.07,AUD,credit_card,web,completed
TXN20260104000551,2026-01-04 08:45:29,2195,263,5004,4,194.7,69.51,0.11,778.8,693.13,415.09,AUD,credit_card,mobile_app,completed
TXN20260104000552,2026-01-04 08:45:54,1404,277,,1,470.57,189.97,0.02,470.57,461.16,271.19,AUD,credit_card,web,completed
TXN20260104000553,2026-01-04 08:45:58,1310,288,,2,349.87,265.76,0.16,699.74,587.78,56.26,AUD,credit_card,mobile_app,completed
TXN20260104000554,2026-01-04 08:46:02,1924,325,,3,185.03,90.35,0.02,555.09,543.99,272.94,AUD,paypal,web,cancelled
TXN20260104000555,2026-01-04 08:46:11,2055,344,,1,24.55,10.75,0.04,24.55,23.57,12.82,AUD,debit_card,web,refunded
TXN20260104000556,2026-01-04 08:46:17,1044,144,,1,19.12,6.9,0.09,19.12,17.4,10.5,AUD,debit_card,mobile_app,completed
TXN20260104000557,2026-01-04 08:47:57,2162,361,,4,172.83,61.35,0.06,691.32,649.84,404.44,AUD,credit_card,web,completed
TXN20260104000558,2026-01-04 08:48:01,1986,190,,1,232.96,154.99,0.18,232.96,191.03,36.04,AUD,credit_card,mobile_app,completed
TXN20260104000559,2026-01-04 08:48:04,1108,138,,5,132.98,57.54,0.12,664.9,585.11,297.41,AUD,credit_card,web,completed
TXN20260104000560,2026-01-04 08:48:31,2018,381,,2,12.14,8.81,0.12,24.28,21.37,3.75,AUD,credit_card,mobile_app,completed
TXN20260104000561,2026-01-04 08:49:10,1396,190,,1,232.96,154.99,0.07,232.96,216.65,61.66,AUD,credit_card,web,completed
TXN20260104000562,2026-01-04 08:49:29,1973,60,5002,1,77.58,46.86,0.1,77.58,69.82,22.96,AUD,credit_card,marketplace,completed
TXN20260104000563,2026-01-04 08:49:35,1266,391,5004,4,294.69,110.36,0.1,1178.76,1060.88,619.44,AUD,debit_card,web,completed
TXN20260104000564,2026-01-04 08:50:08,1748,37,,2,5.1,1.86,0.01,10.2,10.1,6.38,AUD,paypal,web,completed
TXN20260104000565,2026-01-04 08:50:27,1601,331,,1,188.98,138.35,0.03,188.98,183.31,44.96,AUD,credit_card,mobile_app,completed
TXN20260104000566,2026-01-04 08:51:39,1311,195,,2,142.11,62.0,0.08,284.22,261.48,137.48,AUD,debit_card,mobile_app,completed
TXN20260104000567,2026-01-04 08:51:53,1114,320,,1,5.35,2.75,0.11,5.35,4.76,2.01,AUD,credit_card,mobile_app,completed
TXN20260104000568,2026-01-04 08:52:57,1975,78,5018,1,128.52,52.69,0.0,128.52,128.52,75.83,AUD,credit_card,marketplace,completed
TXN20260104000569,2026-01-04 08:53:09,1041,81,,1,133.11,71.55,0.01,133.11,131.78,60.23,AUD,credit_card,web,completed
TXN20260104000570,2026-01-04 08:53:29,1085,213,,5,89.64,56.55,0.07,448.2,416.83,134.08,AUD,credit_card,mobile_app,completed
TXN20260104000571,2026-01-04 08:53:54,1884,256,,4,65.44,43.78,0.02,261.76,256.52,81.4,AUD,debit_card,mobile_app,pending
TXN20260104000572,2026-01-04 08:54:03,1891,303,5007,2,5.2,2.83,0.03,10.4,10.09,4.43,AUD,bank_transfer,web,refunded
TXN20260104000573,2026-01-04 08:54:31,1725,231,5016,2,114.93,83.66,0.0,229.86,229.86,62.54,AUD,debit_card,marketplace,completed
TXN20260104000574,2026-01-04 08:55:48,1794,70,,3,291.11,188.06,0.02,873.33,855.86,291.68,AUD,gift_card,mobile_app,completed
TXN20260104000575,2026-01-04 08:55:51,1757,189,5017,1,209.27,158.1,0.16,209.27,175.79,17.69,AUD,buy_now_pay_later,mobile_app,completed
TXN20260104000576,2026-01-04 08:56:48,1272,330,,1,125.71,91.59,0.16,125.71,105.6,14.01,AUD,credit_card,web,completed
TXN20260104000577,2026-01-04 08:58:39,1563,209,,1,16.17,12.13,0.06,16.17,15.2,3.07,AUD,credit_card,mobile_app,completed
TXN20260104000578,2026-01-04 08:59:43,1782,245,,1,349.8,233.63,0.0,349.8,349.8,116.17,AUD,paypal,mobile_app,completed
TXN20260104000579,2026-01-04 08:59:48,1791,346,,3,337.76,248.46,0.12,1013.28,891.69,146.31,AUD,credit_card,web,completed
TXN20260104000580,2026-01-04 09:00:53,1980,279,5017,4,202.1,80.17,0.2,808.4,646.72,326.04,AUD,credit_card,mobile_app,refunded
TXN20260104000581,2026-01-04 09:01:07,1613,246,,5,334.95,216.34,0.09,1674.75,1524.02,442.32,AUD,paypal,web,completed
TXN20260104000582,2026-01-04 09:02:40,1094,107,,2,391.82,298.53,0.21,783.64,619.08,22.02,AUD,credit_card,marketplace,completed
TXN20260104000583,2026-01-04 09:02:45,1645,89,5013,5,131.64,95.41,0.0,658.2,658.2,181.15,AUD,credit_card,web,completed
TXN20260104000584,2026-01-04 09:03:06,1373,137,5010,2,230.43,174.09,0.02,460.86,451.64,103.46,AUD,debit_card,mobile_app,pending
TXN20260104000585,2026-01-04 09:03:16,1042,161,5012,5,57.23,33.31,0.04,286.15,274.7,108.15,AUD,credit_card,web,completed
TXN20260104000586,2026-01-04 09:03:40,2053,116,,1,265.13,138.42,0.24,265.13,201.5,63.08,AUD,debit_card,marketplace,completed
TXN20260104000587,2026-01-04 09:03:54,1381,44,,1,236.02,141.49,0.19,236.02,191.18,49.69,AUD,credit_card,web,completed
TXN20260104000588,2026-01-04 09:04:15,1593,99,,2,8.03,4.15,0.14,16.06,13.81,5.51,AUD,credit_card,web,completed
TXN20260104000589,2026-01-04 09:04:23,2039,374,,2,37.72,26.55,0.15,75.44,64.12,11.02,AUD,credit_card,mobile_app,completed
TXN20260104000590,2026-01-04 09:04:42,1582,232,5017,4,159.76,96.34,0.21,639.04,504.84,119.48,AUD,paypal,mobile_app,cancelled
TXN20260104000591,2026-01-04 09:05:33,2141,380,5002,5,148.6,57.32,0.09,743.0,676.13,389.53,AUD,debit_card,web,completed
TXN20260104000592,2026-01-04 09:05:38,1611,103,,2,34.27,18.76,0.15,68.54,58.26,20.74,AUD,credit_card,web,completed
TXN20260104000593,2026-01-04 09:05:43,1710,42,,4,64.61,39.72,0.08,258.44,237.76,78.88,AUD,credit_card,web,completed
TXN20260104000594,2026-01-04 09:05:52,1023,169,5010,3,175.58,82.15,0.03,526.74,510.94,264.49,AUD,debit_card,mobile_app,completed
TXN20260104000595,2026-01-04 09:06:24,1517,263,,1,194.7,69.51,0.13,194.7,169.39,99.88,AUD,buy_now_pay_later,web,completed
TXN20260104000596,2026-01-04 09:06:36,1110,197,,2,161.84,90.95,0.13,323.68,281.6,99.7,AUD,credit_card,marketplace,completed
TXN20260104000597,2026-01-04 09:06:50,1221,263,,5,194.7,69.51,0.01,973.5,963.76,616.21,AUD,credit_card,web,completed
TXN20260104000598,2026-01-04 09:07:10,1215,87,5013,2,137.75,85.09,0.1,275.5,247.95,77.77,AUD,credit_card,mobile_app,completed
TXN20260104000599,2026-01-04 09:07:36,1171,206,,4,211.48,126.89,0.0,845.92,845.92,338.36,AUD,credit_card,mobile_app,completed
TXN20260104000600,2026-01-04 09:07:50,1681,280,,3,235.41,129.45,0.0,706.23,706.23,317.88,AUD,paypal,web,completed
TXN20260104000601,2026-01-04 09:08:20,1051,63,,2,137.14,59.24,0.04,274.28,263.31,144.83,AUD,paypal,web,completed
TXN20260104000602,2026-01-04 09:08:41,1601,136,,6,12.1,8.71,0.15,72.6,61.71,9.45,AUD,debit_card,mobile_app,refunded
TXN20260104000603,2026-01-04 09:08:45,2039,38,,2,426.51,271.0,0.15,853.02,725.07,183.07,AUD,credit_card,marketplace,completed
TXN20260104000604,2026-01-04 09:09:13,1653,90,,1,65.94,42.23,0.11,65.94,58.69,16.46,AUD,bank_transfer,marketplace,completed
TXN20260104000605,2026-01-04 09:09:46,1029,179,5009,2,197.14,84.55,0.04,394.28,378.51,209.41,AUD,credit_card,web,completed
TXN20260104000606,2026-01-04 09:10:18,1683,383,5016,2,227.62,101.34,0.0,455.24,455.24,252.56,AUD,credit_card,mobile_app,completed
TXN20260104000607,2026-01-04 09:10:57,1321,162,,1,102.25,40.84,0.04,102.25,98.16,57.32,AUD,credit_card,mobile_app,completed
TXN20260104000608,2026-01-04 09:11:12,2189,317,,3,25.27,14.13,0.01,75.81,75.05,32.66,AUD,paypal,mobile_app,completed
TXN20260104000609,2026-01-04 09:11:48,1534,338,,3,454.19,219.15,0.0,1362.57,1362.57,705.12,AUD,credit_card,web,completed
TXN20260104000610,2026-01-04 09:12:13,1210,65,,2,253.83,167.53,0.06,507.66,477.2,142.14,AUD,credit_card,web,pending
TXN20260104000611,2026-01-04 09:13:14,1713,374,,2,37.72,26.55,0.15,75.44,64.12,11.02,AUD,credit_card,web,completed
TXN20260104000612,2026-01-04 09:13:41,1348,378,,4,355.29,228.27,0.15,1421.16,1207.99,294.91,AUD,credit_card,web,completed
TXN20260104000613,2026-01-04 09:14:00,1145,257,,1,452.64,204.1,0.22,452.64,353.06,148.96,AUD,credit_card,web,completed
TXN20260104000614,2026-01-04 09:14:19,1725,390,,1,368.36,241.5,0.15,368.36,313.11,71.61,AUD,credit_card,mobile_app,completed
TXN20260104000615,2026-01-04 09:15:11,1120,20,5016,1,230.82,128.98,0.1,230.82,207.74,78.76,AUD,paypal,marketplace,completed
TXN20260104000616,2026-01-04 09:16:17,1596,84,,2,131.95,75.26,0.18,263.9,216.4,65.88,AUD,credit_card,web,completed
TXN20260104000617,2026-01-04 09:16:22,1287,200,,1,8.47,4.01,0.01,8.47,8.39,4.38,AUD,debit_card,marketplace,completed
TXN20260104000618,2026-01-04 09:17:05,1215,5,5008,4,69.17,48.26,0.11,276.68,246.25,53.21,AUD,buy_now_pay_later,mobile_app,completed
TXN20260104000619,2026-01-04 09:17:24,1525,289,5003,1,135.78,64.29,0.06,135.78,127.63,63.34,AUD,debit_card,mobile_app,completed
TXN20260104000620,2026-01-04 09:18:52,1920,391,,4,294.69,110.36,0.28,1178.76,848.71,407.27,AUD,gift_card,in_store,completed
TXN20260104000621,2026-01-04 09:19:23,1753,216,5003,1,6.49,3.62,0.08,6.49,5.97,2.35,AUD,credit_card,web,completed
TXN20260104000622,2026-01-04 09:20:21,1023,35,5003,5,123.44,76.69,0.07,617.2,574.0,190.55,AUD,debit_card,in_store,completed
TXN20260104000623,2026-01-04 09:21:36,1659,325,,3,185.03,90.35,0.25,555.09,416.32,145.27,AUD,paypal,web,completed
TXN20260104000624,2026-01-04 09:22:11,1067,390,,1,368.36,241.5,0.02,368.36,360.99,119.49,AUD,credit_card,mobile_app,completed
TXN20260104000625,2026-01-04 09:22:41,1483,387,,5,113.54,61.9,0.17,567.7,471.19,161.69,AUD,debit_card,web,cancelled
TXN20260104000626,2026-01-04 09:22:49,1760,158,5014,2,101.24,48.34,0.08,202.48,186.28,89.6,AUD,credit_card,web,completed
TXN20260104000627,2026-01-04 09:26:05,1546,291,5008,2,348.41,145.57,0.01,696.82,689.85,398.71,AUD,buy_now_pay_later,web,completed
TXN20260104000628,2026-01-04 09:26:32,1065,116,,2,265.13,138.42,0.11,530.26,471.93,195.09,AUD,credit_card,mobile_app,completed
TXN20260104000629,2026-01-04 09:26:57,1795,387,,3,113.54,61.9,0.0,340.62,340.62,154.92,AUD,debit_card,mobile_app,completed
TXN20260104000630,2026-01-04 09:29:18,1044,176,,1,19.37,14.31,0.08,19.37,17.82,3.51,AUD,paypal,web,completed
TXN20260104000631,2026-01-04 09:29:44,1526,269,,2,129.92,57.09,0.13,259.84,226.06,111.88,AUD,credit_card,web,completed
TXN20260104000632,2026-01-04 09:30:16,1802,209,,6,16.17,12.13,0.25,97.02,72.77,-0.01,AUD,credit_card,web,completed
TXN20260104000633,2026-01-04 09:30:24,1113,326,,1,183.44,105.75,0.09,183.44,166.93,61.18,AUD,credit_card,mobile_app,completed
TXN20260104000634,2026-01-04 09:30:28,2040,148,,4,64.17,49.35,0.03,256.68,248.98,51.58,AUD,credit_card,mobile_app,completed
TXN20260104000635,2026-01-04 09:30:31,1757,67,5007,1,164.66,66.92,0.07,164.66,153.13,86.21,AUD,credit_card,mobile_app,completed
TXN20260104000636,2026-01-04 09:30:39,1218,51,,5,162.3,85.52,0.1,811.5,730.35,302.75,AUD,buy_now_pay_later,mobile_app,refunded
TXN20260104000637,2026-01-04 09:31:14,1530,162,,1,102.25,40.84,0.0,102.25,102.25,61.41,AUD,debit_card,marketplace,completed
TXN20260104000638,2026-01-04 09:31:27,2061,52,5012,5,213.42,159.81,0.03,1067.1,1035.09,236.04,AUD,bank_transfer,mobile_app,completed
TXN20260104000639,2026-01-04 09:31:50,1505,347,,4,71.51,38.02,0.02,286.04,280.32,128.24,AUD,debit_card,web,completed
TXN20260104000640,2026-01-04 09:32:07,1791,156,,2,179.48,110.08,0.01,358.96,355.37,135.21,AUD,credit_card,mobile_app,completed
TXN20260104000641,2026-01-04 09:33:24,1494,22,5010,3,239.15,141.03,0.19,717.45,581.13,158.04,AUD,buy_now_pay_later,web,completed
TXN20260104000642,2026-01-04 09:33:32,1682,159,,1,232.46,120.67,0.07,232.46,216.19,95.52,AUD,debit_card,marketplace,completed
TXN20260104000643,2026-01-04 09:35:12,2067,1,,1,367.54,272.05,0.16,367.54,308.73,36.68,AUD,credit_card,web,completed
TXN20260104000644,2026-01-04 09:35:16,1435,389,,3,275.99,150.66,0.02,827.97,811.41,359.43,AUD,credit_card,mobile_app,completed
TXN20260104000645,2026-01-04 09:35:42,1469,106,5017,1,313.2,199.1,0.22,313.2,244.3,45.2,AUD,credit_card,mobile_app,completed
TXN20260104000646,2026-01-04 09:36:51,1745,270,,3,347.43,172.19,0.25,1042.29,781.72,265.15,AUD,bank_transfer,web,completed
TXN20260104000647,2026-01-04 09:37:53,1119,352,5008,4,241.96,137.89,0.18,967.84,793.63,242.07,AUD,buy_now_pay_later,mobile_app,completed
TXN20260104000648,2026-01-04 09:38:20,2173,159,,3,232.46,120.67,0.05,697.38,662.51,300.5,AUD,debit_card,web,cancelled
TXN20260104000649,2026-01-04 09:39:17,1921,387,,1,113.54,61.9,0.01,113.54,112.4,50.5,AUD,paypal,in_store,completed
TXN20260104000650,2026-01-04 09:40:23,1706,224,,4,135.38,94.24,0.01,541.52,536.1,159.14,AUD,paypal,web,completed
TXN20260104000651,2026-01-04 09:42:13,1601,20,5014,1,230.82,128.98,0.14,230.82,198.51,69.53,AUD,credit_card,web,completed
TXN20260104000652,2026-01-04 09:42:24,1289,226,,1,224.08,91.6,0.01,224.08,221.84,130.24,AUD,credit_card,marketplace,completed
TXN20260104000653,2026-01-04 09:42:41,1635,41,,2,241.85,106.29,0.08,483.7,445.0,232.42,AUD,paypal,web,completed
TXN20260104000654,2026-01-04 09:43:41,2200,195,,3,142.11,62.0,0.09,426.33,387.96,201.96,AUD,credit_card,web,completed
TXN20260104000655,2026-01-04 09:44:14,1492,191,5016,2,265.41,112.45,0.02,530.82,520.2,295.3,AUD,debit_card,web,completed
TXN20260104000656,2026-01-04 09:44:16,1395,70,,1,291.11,188.06,0.14,291.11,250.35,62.29,AUD,credit_card,web,completed
TXN20260104000657,2026-01-04 09:44:39,1177,278,,1,60.0,45.1,0.15,60.0,51.0,5.9,AUD,debit_card,web,completed
TXN20260104000658,2026-01-04 09:45:28,1870,81,,2,133.11,71.55,0.1,266.22,239.6,96.5,AUD,credit_card,mobile_app,completed
TXN20260104000659,2026-01-04 09:45:34,2102,345,,2,301.49,218.7,0.08,602.98,554.74,117.34,AUD,credit_card,marketplace,completed
TXN20260104000660,2026-01-04 09:46:04,1489,282,5010,3,11.8,8.78,0.02,35.4,34.69,8.35,AUD,credit_card,marketplace,completed
TXN20260104000661,2026-01-04 09:47:29,1525,108,,1,13.12,5.5,0.07,13.12,12.2,6.7,AUD,paypal,mobile_app,completed
TXN20260104000662,2026-01-04 09:47:43,1836,259,,4,243.76,167.05,0.19,975.04,789.78,121.58,AUD,credit_card,web,completed
TXN20260104000663,2026-01-04 09:47:55,2075,374,,2,37.72,26.55,0.21,75.44,59.6,6.5,AUD,buy_now_pay_later,web,completed
TXN20260104000664,2026-01-04 09:48:29,2194,257,,5,452.64,204.1,0.05,2263.2,2150.04,1129.54,AUD,paypal,mobile_app,completed
TXN20260104000665,2026-01-04 09:48:49,1267,368,,3,77.62,57.72,0.05,232.86,221.22,48.06,AUD,bank_transfer,mobile_app,completed
TXN20260104000666,2026-01-04 09:49:46,1937,389,,3,275.99,150.66,0.07,827.97,770.01,318.03,AUD,gift_card,web,completed
TXN20260104000667,2026-01-04 09:49:52,1160,188,,2,141.88,98.58,0.06,283.76,266.73,69.57,AUD,paypal,mobile_app,completed
TXN20260104000668,2026-01-04 09:49:54,1637,65,5016,1,253.83,167.53,0.06,253.83,238.6,71.07,AUD,credit_card,web,completed
TXN20260104000669,2026-01-04 09:50:00,1339,53,5018,3,33.81,14.85,0.24,101.43,77.09,32.54,AUD,paypal,mobile_app,completed
TXN20260104000670,2026-01-04 09:50:43,1601,207,5010,4,174.77,73.18,0.2,699.08,559.26,266.54,AUD,debit_card,web,completed
TXN20260104000671,2026-01-04 09:52:59,1194,77,5013,1,288.19,141.16,0.06,288.19,270.9,129.74,AUD,credit_card,web,completed
TXN20260104000672,2026-01-04 09:53:07,1141,235,,3,18.79,8.45,0.04,56.37,54.12,28.77,AUD,paypal,web,completed
TXN20260104000673,2026-01-04 09:54:27,2067,373,5005,6,423.09,155.74,0.15,2538.54,2157.76,1223.32,AUD,credit_card,web,cancelled
TXN20260104000674,2026-01-04 09:54:45,2083,344,5018,1,24.55,10.75,0.11,24.55,21.85,11.1,AUD,debit_card,in_store,completed
TXN20260104000675,2026-01-04 09:54:52,1478,226,,6,224.08,91.6,0.07,1344.48,1250.37,700.77,AUD,debit_card,mobile_app,completed
TXN20260104000676,2026-01-04 09:55:07,1770,1,5016,3,367.54,272.05,0.06,1102.62,1036.46,220.31,AUD,debit_card,mobile_app,completed
TXN20260104000677,2026-01-04 09:56:04,1839,398,,3,94.81,37.08,0.16,284.43,238.92,127.68,AUD,paypal,marketplace,completed
TXN20260104000678,2026-01-04 09:56:11,1857,6,,1,45.92,33.82,0.01,45.92,45.46,11.64,AUD,debit_card,mobile_app,completed
TXN20260104000679,2026-01-04 09:56:14,2024,56,,3,221.91,135.65,0.16,665.73,559.21,152.26,AUD,credit_card,web,completed
TXN20260104000680,2026-01-04 09:56:28,1424,135,,2,141.91,90.68,0.06,283.82,266.79,85.43,AUD,credit_card,web,cancelled
TXN20260104000681,2026-01-04 09:57:26,1407,162,,1,102.25,40.84,0.06,102.25,96.11,55.27,AUD,credit_card,web,cancelled
TXN20260104000682,2026-01-04 09:57:48,1357,280,5014,5,235.41,129.45,0.05,1177.05,1118.2,470.95,AUD,credit_card,mobile_app,completed
TXN20260104000683,2026-01-04 09:57:53,2192,8,5007,3,65.06,29.43,0.0,195.18,195.18,106.89,AUD,debit_card,mobile_app,completed
TXN20260104000684,2026-01-04 09:58:03,1056,76,5002,4,153.93,70.84,0.04,615.72,591.09,307.73,AUD,credit_card,web,completed
TXN20260104000685,2026-01-04 09:58:18,1984,1,5009,2,367.54,272.05,0.09,735.08,668.92,124.82,AUD,credit_card,web,completed
TXN20260104000686,2026-01-04 09:58:21,1168,195,5002,3,142.11,62.0,0.1,426.33,383.7,197.7,AUD,credit_card,web,completed
TXN20260104000687,2026-01-04 09:58:37,1485,9,,1,470.11,214.65,0.0,470.11,470.11,255.46,AUD,credit_card,web,completed
TXN20260104000688,2026-01-04 09:59:44,1658,23,5012,4,371.29,240.22,0.22,1485.16,1158.42,197.54,AUD,paypal,web,completed
TXN20260104000689,2026-01-04 10:02:05,1578,102,5018,4,276.02,213.86,0.06,1104.08,1037.84,182.4,AUD,paypal,mobile_app,completed
TXN20260104000690,2026-01-04 10:02:44,1957,54,,3,80.17,60.5,0.09,240.51,218.86,37.36,AUD,credit_card,mobile_app,completed
TXN20260104000691,2026-01-04 10:03:13,2164,295,,2,125.3,93.62,0.09,250.6,228.05,40.81,AUD,credit_card,web,completed
TXN20260104000692,2026-01-04 10:03:23,1447,73,5008,1,97.62,68.56,0.03,97.62,94.69,26.13,AUD,paypal,web,completed
TXN20260104000693,2026-01-04 10:04:41,1205,16,,1,185.65,67.71,0.07,185.65,172.65,104.94,AUD,credit_card,mobile_app,completed
TXN20260104000694,2026-01-04 10:05:58,1968,299,5009,1,256.41,147.41,0.01,256.41,253.85,106.44,AUD,credit_card,mobile_app,completed
TXN20260104000695,2026-01-04 10:06:21,1807,215,,3,8.88,3.58,0.11,26.64,23.71,12.97,AUD,debit_card,web,completed
TXN20260104000696,2026-01-04 10:08:39,1211,125,5016,4,196.62,94.85,0.14,786.48,676.37,296.97,AUD,gift_card,mobile_app,completed
TXN20260104000697,2026-01-04 10:09:30,1851,72,5013,1,333.42,149.31,0.21,333.42,263.4,114.09,AUD,paypal,marketplace,completed
TXN20260104000698,2026-01-04 10:15:42,1665,339,,1,232.73,135.01,0.01,232.73,230.4,95.39,AUD,debit_card,web,completed
TXN20260104000699,2026-01-04 10:16:09,1881,33,,1,120.22,59.38,0.11,120.22,107.0,47.62,AUD,credit_card,mobile_app,completed
TXN20260104000700,2026-01-04 10:16:23,1585,128,5009,4,189.27,110.21,0.06,757.08,711.66,270.82,AUD,debit_card,web,completed
TXN20260104000701,2026-01-04 10:16:49,1429,73,5018,1,97.62,68.56,0.19,97.62,79.07,10.51,AUD,gift_card,web,completed
TXN20260104000702,2026-01-04 10:17:55,1533,286,,1,226.6,96.42,0.11,226.6,201.67,105.25,AUD,buy_now_pay_later,mobile_app,completed
TXN20260104000703,2026-01-04 10:18:19,1604,314,,3,218.05,130.2,0.19,654.15,529.86,139.26,AUD,buy_now_pay_later,mobile_app,completed
TXN20260104000704,2026-01-04 10:18:52,1596,106,,3,313.2,199.1,0.02,939.6,920.81,323.51,AUD,gift_card,mobile_app,completed
TXN20260104000705,2026-01-04 10:19:46,1241,100,,6,429.39,290.83,0.14,2576.34,2215.65,470.67,AUD,bank_transfer,web,completed
TXN20260104000706,2026-01-04 10:21:40,1762,109,5016,3,156.65,98.49,0.12,469.95,413.56,118.09,AUD,paypal,web,completed
TXN20260104000707,2026-01-04 10:21:49,1885,302,,1,47.96,26.56,0.04,47.96,46.04,19.48,AUD,buy_now_pay_later,web,completed
TXN20260104000708,2026-01-04 10:22:52,2069,291,5016,4,348.41,145.57,0.09,1393.64,1268.21,685.93,AUD,paypal,web,completed
TXN20260104000709,2026-01-04 10:25:44,1372,67,,4,164.66,66.92,0.07,658.64,612.54,344.86,AUD,credit_card,mobile_app,completed
TXN20260104000710,2026-01-04 10:28:04,1364,333,,1,41.88,25.97,0.03,41.88,40.62,14.65,AUD,credit_card,mobile_app,completed
TXN20260104000711,2026-01-04 10:28:22,1678,12,5003,2,22.05,16.18,0.04,44.1,42.34,9.98,AUD,paypal,mobile_app,completed
TXN20260104000712,2026-01-04 10:31:59,1563,23,5005,2,371.29,240.22,0.01,742.58,735.15,254.71,AUD,credit_card,mobile_app,completed
TXN20260104000713,2026-01-04 10:32:25,1046,80,,4,200.59,111.67,0.05,802.36,762.24,315.56,AUD,debit_card,mobile_app,completed
TXN20260104000714,2026-01-04 10:32:33,1620,280,5009,3,235.41,129.45,0.08,706.23,649.73,261.38,AUD,debit_card,marketplace,completed
TXN20260104000715,2026-01-04 10:32:34,1327,79,5005,2,139.3,69.25,0.21,278.6,220.09,81.59,AUD,debit_card,mobile_app,completed
TXN20260104000716,2026-01-04 10:34:38,1821,354,,3,128.43,85.15,0.16,385.29,323.64,68.19,AUD,credit_card,marketplace,completed
TXN20260104000717,2026-01-04 10:34:44,1459,343,,5,32.63,13.17,0.05,163.15,154.99,89.14,AUD,credit_card,web,completed
TXN20260104000718,2026-01-04 10:37:17,1283,20,5005,6,230.82,128.98,0.13,1384.92,1204.88,431.0,AUD,buy_now_pay_later,web,completed
TXN20260104000719,2026-01-04 10:37:19,1979,27,,1,172.81,116.75,0.07,172.81,160.71,43.96,AUD,credit_card,mobile_app,completed
TXN20260104000720,2026-01-04 10:37:54,1537,189,,1,209.27,158.1,0.11,209.27,186.25,28.15,AUD,debit_card,mobile_app,completed
TXN20260104000721,2026-01-04 10:38:15,1819,159,,5,232.46,120.67,0.0,1162.3,1162.3,558.95,AUD,paypal,web,completed
TXN20260104000722,2026-01-04 10:39:31,1065,370,,1,292.21,138.01,0.01,292.21,289.29,151.28,AUD,credit_card,mobile_app,completed
TXN20260104000723,2026-01-04 10:42:42,1914,112,,2,121.28,51.75,0.07,242.56,225.58,122.08,AUD,debit_card,mobile_app,completed
TXN20260104000724,2026-01-04 10:44:45,1794,307,,1,349.28,266.61,0.06,349.28,328.32,61.71,AUD,debit_card,mobile_app,completed
TXN20260104000725,2026-01-04 10:45:11,1490,332,,2,436.24,255.68,0.12,872.48,767.78,256.42,AUD,credit_card,mobile_app,refunded
TXN20260104000726,2026-01-04 10:45:53,1181,132,,4,109.21,38.28,0.01,436.84,432.47,279.35,AUD,credit_card,marketplace,completed
TXN20260104000727,2026-01-04 10:46:45,1871,59,,5,66.9,33.14,0.07,334.5,311.08,145.38,AUD,buy_now_pay_later,web,completed
TXN20260104000728,2026-01-04 10:47:10,1404,222,,1,32.17,11.42,0.01,32.17,31.85,20.43,AUD,credit_card,mobile_app,completed
TXN20260104000729,2026-01-04 10:48:40,1002,338,,5,454.19,219.15,0.07,2270.95,2111.98,1016.23,AUD,credit_card,mobile_app,completed
TXN20260104000730,2026-01-04 10:48:52,1096,42,5008,1,64.61,39.72,0.2,64.61,51.69,11.97,AUD,paypal,web,completed
TXN20260104000731,2026-01-04 10:49:05,1798,249,5016,2,96.17,46.26,0.17,192.34,159.64,67.12,AUD,gift_card,web,completed
TXN20260104000732,2026-01-04 10:51:24,1692,254,,3,151.84,54.33,0.16,455.52,382.64,219.65,AUD,paypal,web,completed
TXN20260104000733,2026-01-04 10:53:24,1508,218,,2,150.35,81.79,0.06,300.7,282.66,119.08,AUD,credit_card,web,completed
TXN20260104000734,2026-01-04 10:58:13,2044,38,,2,426.51,271.0,0.02,853.02,835.96,293.96,AUD,credit_card,web,completed
TXN20260104000735,2026-01-04 11:00:58,1670,18,,5,23.51,10.69,0.2,117.55,94.04,40.59,AUD,paypal,web,completed
TXN20260104000736,2026-01-04 11:03:55,2115,52,,3,213.42,159.81,0.02,640.26,627.45,148.02,AUD,debit_card,in_store,completed
TXN20260104000737,2026-01-04 11:07:56,1967,157,5007,3,63.5,40.09,0.12,190.5,167.64,47.37,AUD,credit_card,mobile_app,completed
TXN20260104000738,2026-01-04 11:09:57,1198,152,,1,18.61,8.27,0.06,18.61,17.49,9.22,AUD,bank_transfer,mobile_app,completed
TXN20260104000739,2026-01-04 11:13:05,1507,215,,5,8.88,3.58,0.1,44.4,39.96,22.06,AUD,credit_card,mobile_app,completed
TXN20260104000740,2026-01-04 11:14:14,1115,52,5010,1,213.42,159.81,0.1,213.42,192.08,32.27,AUD,credit_card,marketplace,completed
TXN20260104000741,2026-01-04 11:15:08,1487,55,,1,51.38,24.77,0.04,51.38,49.32,24.55,AUD,paypal,mobile_app,completed
TXN20260104000742,2026-01-04 11:16:47,2163,31,,3,125.26,43.94,0.05,375.78,356.99,225.17,AUD,credit_card,web,completed
TXN20260104000743,2026-01-04 11:18:36,1411,106,,1,313.2,199.1,0.21,313.2,247.43,48.33,AUD,debit_card,web,completed
TXN20260104000744,2026-01-04 11:19:32,1315,153,,5,133.15,94.62,0.13,665.75,579.2,106.1,AUD,credit_card,phone,completed
TXN20260104000745,2026-01-04 11:27:47,1278,327,,2,27.46,12.97,0.25,54.92,41.19,15.25,AUD,credit_card,mobile_app,completed
TXN20260104000746,2026-01-04 11:28:10,1171,157,,3,63.5,40.09,0.06,190.5,179.07,58.8,AUD,buy_now_pay_later,mobile_app,completed
TXN20260104000747,2026-01-04 11:28:27,2180,36,,2,95.33,67.51,0.04,190.66,183.03,48.01,AUD,credit_card,mobile_app,completed
TXN20260104000748,2026-01-04 11:32:21,1734,164,,2,219.94,105.48,0.09,439.88,400.29,189.33,AUD,debit_card,web,completed
TXN20260104000749,2026-01-04 11:33:29,1581,120,5013,2,231.92,128.02,0.2,463.84,371.07,115.03,AUD,credit_card,mobile_app,completed
TXN20260104000750,2026-01-04 11:34:27,1065,45,5004,4,127.42,77.89,0.09,509.68,463.81,152.25,AUD,credit_card,web,completed
TXN20260104000751,2026-01-04 11:37:59,1105,65,,5,253.83,167.53,0.18,1269.15,1040.7,203.05,AUD,bank_transfer,mobile_app,completed
TXN20260104000752,2026-01-04 11:39:17,1780,173,,2,67.53,28.1,0.03,135.06,131.01,74.81,AUD,paypal,mobile_app,completed
TXN20260104000753,2026-01-04 11:40:12,2056,188,,2,141.88,98.58,0.11,283.76,252.55,55.39,AUD,paypal,web,completed
TXN20260104000754,2026-01-04 11:45:50,1671,353,5005,2,53.63,27.2,0.08,107.26,98.68,44.28,AUD,credit_card,mobile_app,completed
TXN20260104000755,2026-01-04 11:47:36,1920,302,,3,47.96,26.56,0.08,143.88,132.37,52.69,AUD,credit_card,mobile_app,completed
TXN20260104000756,2026-01-04 11:48:10,1670,91,5018,5,229.04,125.54,0.09,1145.2,1042.13,414.43,AUD,credit_card,web,completed
TXN20260104000757,2026-01-04 11:49:07,1734,316,5002,1,109.37,70.04,0.17,109.37,90.78,20.74,AUD,debit_card,mobile_app,completed
TXN20260104000758,2026-01-04 11:51:35,2051,213,,1,89.64,56.55,0.07,89.64,83.37,26.82,AUD,credit_card,web,completed
TXN20260104000759,2026-01-04 11:56:59,1520,186,5009,1,294.97,120.02,0.17,294.97,244.83,124.81,AUD,buy_now_pay_later,web,refunded
TXN20260104000760,2026-01-04 12:00:20,1507,314,,1,218.05,130.2,0.05,218.05,207.15,76.95,AUD,debit_card,mobile_app,completed
TXN20260104000761,2026-01-04 12:00:44,2040,35,,1,123.44,76.69,0.23,123.44,95.05,18.36,AUD,credit_card,web,refunded
TXN20260104000762,2026-01-04 12:01:50,1765,340,,4,69.61,35.79,0.02,278.44,272.87,129.71,AUD,credit_card,in_store,completed
TXN20260104000763,2026-01-04 12:02:15,1445,307,5004,1,349.28,266.61,0.15,349.28,296.89,30.28,AUD,buy_now_pay_later,marketplace,refunded
TXN20260104000764,2026-01-04 12:02:15,1201,379,,2,115.88,59.08,0.23,231.76,178.46,60.3,AUD,credit_card,web,completed
TXN20260104000765,2026-01-04 12:02:24,1036,121,5007,4,18.5,12.03,0.23,74.0,56.98,8.86,AUD,bank_transfer,web,completed
TXN20260104000766,2026-01-04 12:03:23,1485,259,,1,243.76,167.05,0.04,243.76,234.01,66.96,AUD,paypal,mobile_app,completed
TXN20260104000767,2026-01-04 12:03:45,1411,110,5018,2,30.96,17.81,0.09,61.92,56.35,20.73,AUD,credit_card,mobile_app,completed
TXN20260104000768,2026-01-04 12:04:21,1406,242,5007,2,149.29,73.33,0.06,298.58,280.67,134.01,AUD,gift_card,web,refunded
TXN20260104000769,2026-01-04 12:04:50,1474,299,,5,256.41,147.41,0.08,1282.05,1179.49,442.44,AUD,paypal,mobile_app,completed
TXN20260104000770,2026-01-04 12:05:11,1482,207,,3,174.77,73.18,0.07,524.31,487.61,268.07,AUD,credit_card,mobile_app,completed
TXN20260104000771,2026-01-04 12:05:51,1529,332,,1,436.24,255.68,0.11,436.24,388.25,132.57,AUD,credit_card,mobile_app,completed
TXN20260104000772,2026-01-04 12:06:50,1961,362,,2,10.4,7.12,0.03,20.8,20.18,5.94,AUD,bank_transfer,mobile_app,completed
TXN20260104000773,2026-01-04 12:07:09,1286,199,,5,405.48,228.61,0.0,2027.4,2027.4,884.35,AUD,credit_card,web,completed
TXN20260104000774,2026-01-04 12:07:19,1949,220,,1,80.96,29.21,0.25,80.96,60.72,31.51,AUD,debit_card,marketplace,refunded
TXN20260104000775,2026-01-04 12:07:24,1966,298,,3,71.48,35.14,0.04,214.44,205.86,100.44,AUD,debit_card,mobile_app,completed
TXN20260104000776,2026-01-04 12:08:18,1949,295,,2,125.3,93.62,0.02,250.6,245.59,58.35,AUD,credit_card,mobile_app,completed
TXN20260104000777,2026-01-04 12:08:39,1496,379,,2,115.88,59.08,0.05,231.76,220.17,102.01,AUD,buy_now_pay_later,web,completed
TXN20260104000778,2026-01-04 12:08:41,1825,322,,1,98.42,48.71,0.02,98.42,96.45,47.74,AUD,credit_card,in_store,completed
TXN20260104000779,2026-01-04 12:09:06,1692,44,5010,1,236.02,141.49,0.2,236.02,188.82,47.33,AUD,bank_transfer,mobile_app,completed
TXN20260104000780,2026-01-04 12:09:37,2043,162,,5,102.25,40.84,0.11,511.25,455.01,250.81,AUD,buy_now_pay_later,web,completed
TXN20260104000781,2026-01-04 12:09:41,2008,32,5017,1,107.59,39.39,0.24,107.59,81.77,42.38,AUD,credit_card,web,completed
TXN20260104000782,2026-01-04 12:10:19,1047,128,,3,189.27,110.21,0.02,567.81,556.45,225.82,AUD,credit_card,web,completed
TXN20260104000783,2026-01-04 12:10:28,1898,356,,2,35.78,19.54,0.1,71.56,64.4,25.32,AUD,debit_card,web,cancelled
TXN20260104000784,2026-01-04 12:11:02,1808,347,,1,71.51,38.02,0.09,71.51,65.07,27.05,AUD,debit_card,mobile_app,completed
TXN20260104000785,2026-01-04 12:11:15,2007,127,,3,45.1,29.41,0.19,135.3,109.59,21.36,AUD,buy_now_pay_later,web,completed
TXN20260104000786,2026-01-04 12:11:15,1472,398,,1,94.81,37.08,0.05,94.81,90.07,52.99,AUD,debit_card,mobile_app,completed
TXN20260104000787,2026-01-04 12:11:37,2127,50,,1,145.4,62.87,0.18,145.4,119.23,56.36,AUD,credit_card,mobile_app,completed
TXN20260104000788,2026-01-04 12:12:19,1696,284,,1,359.21,205.04,0.07,359.21,334.07,129.03,AUD,buy_now_pay_later,marketplace,completed
TXN20260104000789,2026-01-04 12:12:32,1500,328,,2,33.71,19.15,0.1,67.42,60.68,22.38,AUD,credit_card,web,completed
TXN20260104000790,2026-01-04 12:12:36,1083,79,5016,2,139.3,69.25,0.21,278.6,220.09,81.59,AUD,credit_card,web,completed
TXN20260104000791,2026-01-04 12:12:44,2080,147,5010,4,287.02,186.05,0.09,1148.08,1044.75,300.55,AUD,credit_card,marketplace,completed
TXN20260104000792,2026-01-04 12:12:51,1407,230,,2,249.03,160.65,0.1,498.06,448.25,126.95,AUD,debit_card,mobile_app,completed
TXN20260104000793,2026-01-04 12:13:17,1210,312,5017,3,142.79,97.05,0.16,428.37,359.83,68.68,AUD,credit_card,marketplace,completed
TXN20260104000794,2026-01-04 12:13:56,2098,20,5018,2,230.82,128.98,0.07,461.64,429.33,171.37,AUD,paypal,in_store,completed
TXN20260104000795,2026-01-04 12:14:32,1314,242,,2,149.29,73.33,0.16,298.58,250.81,104.15,AUD,debit_card,marketplace,completed
TXN20260104000796,2026-01-04 12:15:11,2102,220,5014,4,80.96,29.21,0.22,323.84,252.6,135.76,AUD,credit_card,mobile_app,completed
TXN20260104000797,2026-01-04 12:15:33,1877,134,,1,151.77,62.1,0.17,151.77,125.97,63.87,AUD,buy_now_pay_later,web,completed
TXN20260104000798,2026-01-04 12:15:41,1423,80,,2,200.59,111.67,0.02,401.18,393.16,169.82,AUD,buy_now_pay_later,web,completed
TXN20260104000799,2026-01-04 12:16:30,1417,131,,1,93.36,56.38,0.0,93.36,93.36,36.98,AUD,buy_now_pay_later,marketplace,cancelled
TXN20260104000800,2026-01-04 12:17:07,2091,312,,2,142.79,97.05,0.2,285.58,228.46,34.36,AUD,paypal,mobile_app,completed
TXN20260104000801,2026-01-04 12:18:07,2061,260,,3,168.41,124.86,0.08,505.23,464.81,90.23,AUD,buy_now_pay_later,web,completed
TXN20260104000802,2026-01-04 12:18:24,1883,70,5013,4,291.11,188.06,0.0,1164.44,1164.44,412.2,AUD,credit_card,web,completed
TXN20260104000803,2026-01-04 12:19:26,1710,349,5003,4,65.04,45.3,0.18,260.16,213.33,32.13,AUD,debit_card,web,completed
TXN20260104000804,2026-01-04 12:19:55,1369,57,,2,7.38,2.62,0.01,14.76,14.61,9.37,AUD,credit_card,web,completed
TXN20260104000805,2026-01-04 12:20:05,1158,57,,2,7.38,2.62,0.15,14.76,12.55,7.31,AUD,paypal,web,completed
TXN20260104000806,2026-01-04 12:20:17,1995,262,,1,30.32,15.63,0.25,30.32,22.74,7.11,AUD,credit_card,phone,completed
TXN20260104000807,2026-01-04 12:21:09,1263,116,5006,3,265.13,138.42,0.07,795.39,739.71,324.45,AUD,bank_transfer,mobile_app,completed
TXN20260104000808,2026-01-04 12:21:13,1563,360,5012,5,22.41,17.01,0.09,112.05,101.97,16.92,AUD,credit_card,web,completed
TXN20260104000809,2026-01-04 12:22:33,1372,60,,1,77.58,46.86,0.1,77.58,69.82,22.96,AUD,credit_card,web,completed
TXN20260104000810,2026-01-04 12:22:37,2179,145,,1,333.84,132.73,0.0,333.84,333.84,201.11,AUD,debit_card,web,completed
TXN20260104000811,2026-01-04 12:24:01,2072,160,,6,132.52,86.58,0.0,795.12,795.12,275.64,AUD,credit_card,web,cancelled
TXN20260104000812,2026-01-04 12:24:02,1717,299,5014,1,256.41,147.41,0.11,256.41,228.2,80.79,AUD,buy_now_pay_later,mobile_app,completed
TXN20260104000813,2026-01-04 12:24:03,1588,169,,3,175.58,82.15,0.05,526.74,500.4,253.95,AUD,paypal,web,completed
TXN20260104000814,2026-01-04 12:24:05,1913,311,5004,3,265.88,206.32,0.12,797.64,701.92,82.96,AUD,buy_now_pay_later,web,completed
TXN20260104000815,2026-01-04 12:24:18,1046,17,5018,4,15.98,12.32,0.03,63.92,62.0,12.72,AUD,buy_now_pay_later,marketplace,completed
TXN20260104000816,2026-01-04 12:25:09,1110,199,,2,405.48,228.61,0.11,810.96,721.75,264.53,AUD,credit_card,mobile_app,completed
TXN20260104000817,2026-01-04 12:25:16,1425,176,,6,19.37,14.31,0.12,116.22,102.27,16.41,AUD,paypal,marketplace,completed
TXN20260104000818,2026-01-04 12:25:27,1467,351,5010,4,410.9,255.25,0.01,1643.6,1627.16,606.16,AUD,bank_transfer,mobile_app,completed
TXN20260104000819,2026-01-04 12:25:52,1424,75,,1,200.92,131.5,0.1,200.92,180.83,49.33,AUD,paypal,mobile_app,completed
TXN20260104000820,2026-01-04 12:26:01,1143,131,,4,93.36,56.38,0.07,373.44,347.3,121.78,AUD,paypal,marketplace,completed
TXN20260104000821,2026-01-04 12:26:21,1160,253,,2,39.46,26.36,0.1,78.92,71.03,18.31,AUD,debit_card,web,completed
TXN20260104000822,2026-01-04 12:26:30,1927,364,5009,3,126.27,67.13,0.09,378.81,344.72,143.33,AUD,credit_card,web,completed
TXN20260104000823,2026-01-04 12:27:08,2106,389,5004,6,275.99,150.66,0.09,1655.94,1506.91,602.95,AUD,debit_card,mobile_app,completed
TXN20260104000824,2026-01-04 12:27:43,1436,400,5008,4,83.09,58.62,0.02,332.36,325.71,91.23,AUD,credit_card,marketplace,completed
TXN20260104000825,2026-01-04 12:28:45,1640,360,5005,3,22.41,17.01,0.11,67.23,59.83,8.8,AUD,credit_card,web,completed
TXN20260104000826,2026-01-04 12:28:55,2162,271,,1,132.74,79.27,0.25,132.74,99.56,20.29,AUD,paypal,web,completed
TXN20260104000827,2026-01-04 12:29:47,2024,66,,5,157.5,63.74,0.07,787.5,732.38,413.68,AUD,paypal,mobile_app,completed
TXN20260104000828,2026-01-04 12:30:03,1563,224,,3,135.38,94.24,0.18,406.14,333.03,50.31,AUD,credit_card,in_store,refunded
TXN20260104000829,2026-01-04 12:30:19,1278,194,,5,45.96,33.9,0.18,229.8,188.44,18.94,AUD,credit_card,marketplace,completed
TXN20260104000830,2026-01-04 12:30:54,2199,24,5016,6,201.95,77.39,0.07,1211.7,1126.88,662.54,AUD,debit_card,web,completed
TXN20260104000831,2026-01-04 12:30:56,1692,196,,2,113.34,80.83,0.19,226.68,183.61,21.95,AUD,credit_card,mobile_app,completed
TXN20260104000832,2026-01-04 12:31:28,1016,213,,3,89.64,56.55,0.2,268.92,215.14,45.49,AUD,credit_card,mobile_app,completed
TXN20260104000833,2026-01-04 12:31:51,1984,394,5008,4,26.27,10.02,0.13,105.08,91.42,51.34,AUD,debit_card,mobile_app,completed
TXN20260104000834,2026-01-04 12:32:49,1952,308,,2,227.37,123.17,0.0,454.74,454.74,208.4,AUD,credit_card,marketplace,completed
TXN20260104000835,2026-01-04 12:32:55,1592,126,5002,1,63.01,42.43,0.07,63.01,58.6,16.17,AUD,paypal,mobile_app,completed
TXN20260104000836,2026-01-04 12:33:28,1866,56,,4,221.91,135.65,0.09,887.64,807.75,265.15,AUD,paypal,web,refunded
TXN20260104000837,2026-01-04 12:34:51,1994,2,5013,3,292.97,126.42,0.12,878.91,773.44,394.18,AUD,debit_card,mobile_app,completed
TXN20260104000838,2026-01-04 12:35:51,1680,227,5005,5,46.57,24.42,0.18,232.85,190.94,68.84,AUD,credit_card,mobile_app,completed
TXN20260104000839,2026-01-04 12:35:55,2148,240,,3,296.5,109.26,0.06,889.5,836.13,508.35,AUD,paypal,web,completed
TXN20260104000840,2026-01-04 12:36:09,1950,32,,3,107.59,39.39,0.24,322.77,245.31,127.14,AUD,debit_card,mobile_app,completed
TXN20260104000841,2026-01-04 12:36:18,2068,113,,3,424.44,152.08,0.2,1273.32,1018.66,562.42,AUD,bank_transfer,web,completed
TXN20260104000842,2026-01-04 12:36:22,2168,169,,1,175.58,82.15,0.05,175.58,166.8,84.65,AUD,paypal,marketplace,completed
TXN20260104000843,2026-01-04 12:36:54,1734,119,5012,3,26.62,12.14,0.12,79.86,70.28,33.86,AUD,debit_card,in_store,completed
TXN20260104000844,2026-01-04 12:37:26,1919,303,,4,5.2,2.83,0.21,20.8,16.43,5.11,AUD,credit_card,web,completed
TXN20260104000845,2026-01-04 12:37:32,2197,369,,1,254.39,165.86,0.08,254.39,234.04,68.18,AUD,credit_card,mobile_app,completed
TXN20260104000846,2026-01-04 12:37:55,1015,85,,4,173.56,99.76,0.13,694.24,603.99,204.95,AUD,credit_card,web,completed
TXN20260104000847,2026-01-04 12:39:02,1382,63,,1,137.14,59.24,0.15,137.14,116.57,57.33,AUD,credit_card,mobile_app,completed
TXN20260104000848,2026-01-04 12:39:31,2117,207,,3,174.77,73.18,0.19,524.31,424.69,205.15,AUD,credit_card,marketplace,completed
TXN20260104000849,2026-01-04 12:40:03,2069,131,,1,93.36,56.38,0.08,93.36,85.89,29.51,AUD,credit_card,mobile_app,completed
TXN20260104000850,2026-01-04 12:40:05,1635,18,,5,23.51,10.69,0.06,117.55,110.5,57.05,AUD,buy_now_pay_later,mobile_app,pending
TXN20260104000851,2026-01-04 12:40:47,1464,233,5010,4,320.43,123.08,0.01,1281.72,1268.9,776.58,AUD,buy_now_pay_later,web,completed
TXN20260104000852,2026-01-04 12:40:49,1594,62,,3,46.07,33.25,0.01,138.21,136.83,37.08,AUD,paypal,in_store,completed
TXN20260104000853,2026-01-04 12:41:13,1365,363,,2,161.87,102.03,0.08,323.74,297.84,93.78,AUD,debit_card,web,completed
TXN20260104000854,2026-01-04 12:41:38,1970,283,,2,155.88,105.7,0.05,311.76,296.17,84.77,AUD,paypal,web,completed
TXN20260104000855,2026-01-04 12:41:39,1878,2,5014,2,292.97,126.42,0.16,585.94,492.19,239.35,AUD,credit_card,mobile_app,completed
TXN20260104000856,2026-01-04 12:42:11,1989,18,5012,4,23.51,10.69,0.17,94.04,78.05,35.29,AUD,credit_card,web,completed
TXN20260104000857,2026-01-04 12:42:12,1785,146,,4,182.6,76.84,0.21,730.4,577.02,269.66,AUD,credit_card,web,completed
TXN20260104000858,2026-01-04 12:42:19,1336,275,,2,116.41,50.22,0.02,232.82,228.16,127.72,AUD,paypal,web,completed
TXN20260104000859,2026-01-04 12:42:29,1822,378,5007,1,355.29,228.27,0.12,355.29,312.66,84.39,AUD,paypal,mobile_app,completed
TXN20260104000860,2026-01-04 12:43:07,1400,242,5016,3,149.29,73.33,0.25,447.87,335.9,115.91,AUD,credit_card,web,completed
TXN20260104000861,2026-01-04 12:43:11,1965,291,,5,348.41,145.57,0.04,1742.05,1672.37,944.52,AUD,credit_card,web,completed
TXN20260104000862,2026-01-04 12:43:21,1409,263,5018,1,194.7,69.51,0.11,194.7,173.28,103.77,AUD,bank_transfer,web,completed
TXN20260104000863,2026-01-04 12:43:25,1987,97,,3,261.47,109.45,0.08,784.41,721.66,393.31,AUD,credit_card,web,completed
TXN20260104000864,2026-01-04 12:43:53,2128,302,5009,6,47.96,26.56,0.26,287.76,212.94,53.58,AUD,paypal,in_store,completed
TXN20260104000865,2026-01-04 12:44:27,1358,363,,4,161.87,102.03,0.08,647.48,595.68,187.56,AUD,bank_transfer,mobile_app,cancelled
TXN20260104000866,2026-01-04 12:45:04,1550,96,,4,143.85,89.79,0.16,575.4,483.34,124.18,AUD,credit_card,mobile_app,completed
TXN20260104000867,2026-01-04 12:45:39,1451,67,5014,2,164.66,66.92,0.1,329.32,296.39,162.55,AUD,debit_card,mobile_app,completed
TXN20260104000868,2026-01-04 12:46:03,1984,281,,2,206.68,92.2,0.12,413.36,363.76,179.36,AUD,credit_card,mobile_app,completed
TXN20260104000869,2026-01-04 12:46:17,1792,256,5008,3,65.44,43.78,0.14,196.32,168.84,37.5,AUD,debit_card,web,completed
TXN20260104000870,2026-01-04 12:46:20,1171,126,,3,63.01,42.43,0.03,189.03,183.36,56.07,AUD,credit_card,mobile_app,completed
TXN20260104000871,2026-01-04 12:47:59,1936,259,,2,243.76,167.05,0.09,487.52,443.64,109.54,AUD,credit_card,web,refunded
TXN20260104000872,2026-01-04 12:50:15,1182,85,5010,1,173.56,99.76,0.09,173.56,157.94,58.18,AUD,buy_now_pay_later,marketplace,completed
TXN20260104000873,2026-01-04 12:51:15,1419,106,5006,4,313.2,199.1,0.17,1252.8,1039.82,243.42,AUD,debit_card,marketplace,completed
TXN20260104000874,2026-01-04 12:51:18,2030,318,5006,1,104.56,45.81,0.05,104.56,99.33,53.52,AUD,credit_card,marketplace,completed
TXN20260104000875,2026-01-04 12:52:29,1969,19,,5,170.44,126.31,0.04,852.2,818.11,186.56,AUD,paypal,mobile_app,completed
TXN20260104000876,2026-01-04 12:53:08,1779,205,,1,200.88,145.96,0.07,200.88,186.82,40.86,AUD,paypal,web,completed
TXN20260104000877,2026-01-04 12:53:08,2193,65,5009,1,253.83,167.53,0.24,253.83,192.91,25.38,AUD,credit_card,web,completed
TXN20260104000878,2026-01-04 12:53:11,1560,100,,4,429.39,290.83,0.24,1717.56,1305.35,142.03,AUD,paypal,marketplace,completed
TXN20260104000879,2026-01-04 12:53:44,1279,348,,1,367.68,171.93,0.08,367.68,338.27,166.34,AUD,paypal,mobile_app,completed
TXN20260104000880,2026-01-04 12:54:54,1426,285,,2,333.53,259.05,0.08,667.06,613.7,95.6,AUD,credit_card,web,pending
TXN20260104000881,2026-01-04 12:55:45,1258,232,,5,159.76,96.34,0.12,798.8,702.94,221.24,AUD,credit_card,mobile_app,completed
TXN20260104000882,2026-01-04 12:56:23,2121,368,5012,1,77.62,57.72,0.19,77.62,62.87,5.15,AUD,debit_card,web,completed
TXN20260104000883,2026-01-04 12:56:41,2164,232,,3,159.76,96.34,0.11,479.28,426.56,137.54,AUD,debit_card,mobile_app,completed
TXN20260104000884,2026-01-04 12:57:13,1415,269,,5,129.92,57.09,0.13,649.6,565.15,279.7,AUD,debit_card,mobile_app,completed
TXN20260104000885,2026-01-04 12:58:05,1645,150,,2,205.86,111.18,0.15,411.72,349.96,127.6,AUD,paypal,mobile_app,completed
TXN20260104000886,2026-01-04 12:58:07,1543,386,,1,284.12,120.27,0.25,284.12,213.09,92.82,AUD,credit_card,web,completed
TXN20260104000887,2026-01-04 12:58:14,1482,304,,4,87.75,49.18,0.14,351.0,301.86,105.14,AUD,debit_card,marketplace,completed
TXN20260104000888,2026-01-04 12:58:17,2026,53,,2,33.81,14.85,0.11,67.62,60.18,30.48,AUD,debit_card,mobile_app,completed
TXN20260104000889,2026-01-04 12:59:22,2183,339,,1,232.73,135.01,0.15,232.73,197.82,62.81,AUD,buy_now_pay_later,mobile_app,completed
TXN20260104000890,2026-01-04 13:00:19,1819,399,,3,108.85,51.12,0.07,326.55,303.69,150.33,AUD,paypal,web,completed
TXN20260104000891,2026-01-04 13:00:41,1864,273,,1,15.74,11.24,0.09,15.74,14.32,3.08,AUD,credit_card,mobile_app,completed
TXN20260104000892,2026-01-04 13:01:16,1279,79,,1,139.3,69.25,0.11,139.3,123.98,54.73,AUD,buy_now_pay_later,web,completed
TXN20260104000893,2026-01-04 13:01:21,1079,145,,4,333.84,132.73,0.25,1335.36,1001.52,470.6,AUD,credit_card,web,completed
TXN20260104000894,2026-01-04 13:01:54,1141,229,5013,1,23.31,18.16,0.22,23.31,18.18,0.02,AUD,credit_card,web,completed
TXN20260104000895,2026-01-04 13:02:11,2134,88,5014,5,104.05,41.24,0.04,520.25,499.44,293.24,AUD,gift_card,mobile_app,refunded
TXN20260104000896,2026-01-04 13:02:13,1051,359,5003,2,421.42,180.37,0.11,842.84,750.13,389.39,AUD,credit_card,mobile_app,completed
TXN20260104000897,2026-01-04 13:02:14,1942,132,,3,109.21,38.28,0.01,327.63,324.35,209.51,AUD,credit_card,in_store,completed
TXN20260104000898,2026-01-04 13:02:21,1328,337,,5,146.92,72.71,0.07,734.6,683.18,319.63,AUD,buy_now_pay_later,mobile_app,completed
TXN20260104000899,2026-01-04 13:02:26,1347,263,,6,194.7,69.51,0.08,1168.2,1074.74,657.68,AUD,credit_card,web,completed
TXN20260104000900,2026-01-04 13:02:37,1918,76,,5,153.93,70.84,0.25,769.65,577.24,223.04,AUD,credit_card,web,completed
TXN20260104000901,2026-01-04 13:02:49,1153,201,,2,105.57,80.82,0.07,211.14,196.36,34.72,AUD,credit_card,web,completed
TXN20260104000902,2026-01-04 13:03:32,1330,98,,2,129.89,79.62,0.1,259.78,233.8,74.56,AUD,credit_card,marketplace,completed
TXN20260104000903,2026-01-04 13:03:34,2181,131,5016,1,93.36,56.38,0.15,93.36,79.36,22.98,AUD,credit_card,web,completed
TXN20260104000904,2026-01-04 13:03:47,1806,198,5007,3,311.79,188.7,0.03,935.37,907.31,341.21,AUD,credit_card,mobile_app,completed
TXN20260104000905,2026-01-04 13:04:12,1805,91,5007,2,229.04,125.54,0.02,458.08,448.92,197.84,AUD,paypal,web,completed
TXN20260104000906,2026-01-04 13:04:33,1144,73,,1,97.62,68.56,0.02,97.62,95.67,27.11,AUD,credit_card,mobile_app,completed
TXN20260104000907,2026-01-04 13:05:26,1993,158,5002,5,101.24,48.34,0.27,506.2,369.53,127.83,AUD,buy_now_pay_later,marketplace,completed
TXN20260104000908,2026-01-04 13:05:33,1706,111,,4,130.14,98.41,0.23,520.56,400.83,7.19,AUD,credit_card,web,completed
TXN20260104000909,2026-01-04 13:05:59,1768,181,,3,219.32,157.3,0.24,657.96,500.05,28.15,AUD,credit_card,web,completed
TXN20260104000910,2026-01-04 13:06:12,1717,203,,1,5.97,4.17,0.28,5.97,4.3,0.13,AUD,bank_transfer,web,completed
TXN20260104000911,2026-01-04 13:06:34,2074,244,,3,141.72,92.91,0.0,425.16,425.16,146.43,AUD,credit_card,mobile_app,completed
TXN20260104000912,2026-01-04 13:06:39,1626,398,,1,94.81,37.08,0.0,94.81,94.81,57.73,AUD,paypal,web,completed
TXN20260104000913,2026-01-04 13:06:58,2157,360,,3,22.41,17.01,0.13,67.23,58.49,7.46,AUD,credit_card,mobile_app,completed
TXN20260104000914,2026-01-04 13:07:22,1484,171,,3,126.82,54.58,0.06,380.46,357.63,193.89,AUD,bank_transfer,web,completed
TXN20260104000915,2026-01-04 13:07:22,1517,196,,3,113.34,80.83,0.05,340.02,323.02,80.53,AUD,credit_card,mobile_app,completed
TXN20260104000916,2026-01-04 13:07:23,2112,185,,3,182.91,71.26,0.24,548.73,417.03,203.25,AUD,debit_card,marketplace,completed
TXN20260104000917,2026-01-04 13:07:37,1956,284,,4,359.21,205.04,0.1,1436.84,1293.16,473.0,AUD,credit_card,web,completed
TXN20260104000918,2026-01-04 13:07:47,1262,66,,3,157.5,63.74,0.21,472.5,373.28,182.06,AUD,credit_card,web,completed
TXN20260104000919,2026-01-04 13:08:25,1893,261,,5,222.59,120.24,0.09,1112.95,1012.78,411.58,AUD,credit_card,mobile_app,completed
TXN20260104000920,2026-01-04 13:08:39,2168,80,,1,200.59,111.67,0.02,200.59,196.58,84.91,AUD,credit_card,web,completed
TXN20260104000921,2026-01-04 13:08:57,1675,395,,1,259.59,188.33,0.17,259.59,215.46,27.13,AUD,credit_card,mobile_app,completed
TXN20260104000922,2026-01-04 13:09:43,1351,67,5009,3,164.66,66.92,0.04,493.98,474.22,273.46,AUD,credit_card,mobile_app,completed
TXN20260104000923,2026-01-04 13:09:43,1506,185,5018,1,182.91,71.26,0.08,182.91,168.28,97.02,AUD,credit_card,mobile_app,completed
TXN20260104000924,2026-01-04 13:10:02,1005,187,,1,18.28,11.11,0.27,18.28,13.34,2.23,AUD,buy_now_pay_later,web,completed
TXN20260104000925,2026-01-04 13:10:31,1612,185,5016,4,182.91,71.26,0.03,731.64,709.69,424.65,AUD,credit_card,in_store,completed
TXN20260104000926,2026-01-04 13:10:39,1500,154,,4,128.25,56.51,0.02,513.0,502.74,276.7,AUD,credit_card,web,completed
TXN20260104000927,2026-01-04 13:10:58,1988,394,5013,1,26.27,10.02,0.26,26.27,19.44,9.42,AUD,debit_card,web,completed
TXN20260104000928,2026-01-04 13:11:00,1553,166,5007,1,414.85,167.06,0.06,414.85,389.96,222.9,AUD,credit_card,web,completed
TXN20260104000929,2026-01-04 13:11:12,1792,43,5018,2,211.3,164.39,0.14,422.6,363.44,34.66,AUD,credit_card,web,completed
TXN20260104000930,2026-01-04 13:11:36,1820,392,5012,2,197.73,138.04,0.06,395.46,371.73,95.65,AUD,bank_transfer,web,completed
TXN20260104000931,2026-01-04 13:13:27,1804,220,,1,80.96,29.21,0.25,80.96,60.72,31.51,AUD,paypal,web,completed
TXN20260104000932,2026-01-04 13:13:39,2154,110,,2,30.96,17.81,0.09,61.92,56.35,20.73,AUD,paypal,mobile_app,completed
TXN20260104000933,2026-01-04 13:14:29,1887,213,,3,89.64,56.55,0.0,268.92,268.92,99.27,AUD,buy_now_pay_later,web,completed
TXN20260104000934,2026-01-04 13:17:14,1388,44,5003,3,236.02,141.49,0.11,708.06,630.17,205.7,AUD,credit_card,web,completed
TXN20260104000935,2026-01-04 13:17:34,1939,115,,2,166.75,108.87,0.04,333.5,320.16,102.42,AUD,paypal,mobile_app,completed
TXN20260104000936,2026-01-04 13:17:40,1580,111,,3,130.14,98.41,0.03,390.42,378.71,83.48,AUD,debit_card,mobile_app,completed
TXN20260104000937,2026-01-04 13:20:21,1835,124,,2,396.85,254.98,0.2,793.7,634.96,125.0,AUD,credit_card,web,completed
TXN20260104000938,2026-01-04 13:21:29,1108,268,,3,13.69,9.27,0.07,41.07,38.2,10.39,AUD,credit_card,web,completed
TXN20260104000939,2026-01-04 13:21:30,1094,132,5008,2,109.21,38.28,0.01,218.42,216.24,139.68,AUD,credit_card,web,completed
TXN20260104000940,2026-01-04 13:22:24,1145,350,,3,78.73,28.3,0.0,236.19,236.19,151.29,AUD,credit_card,web,completed
TXN20260104000941,2026-01-04 13:22:30,1316,9,,4,470.11,214.65,0.1,1880.44,1692.4,833.8,AUD,credit_card,marketplace,completed
TXN20260104000942,2026-01-04 13:22:38,1670,383,5017,1,227.62,101.34,0.14,227.62,195.75,94.41,AUD,credit_card,mobile_app,completed
TXN20260104000943,2026-01-04 13:23:23,1098,225,5006,3,310.73,232.58,0.16,932.19,783.04,85.3,AUD,credit_card,mobile_app,cancelled
TXN20260104000944,2026-01-04 13:24:00,2089,45,,3,127.42,77.89,0.19,382.26,309.63,75.96,AUD,debit_card,marketplace,completed
TXN20260104000945,2026-01-04 13:24:21,2196,222,,2,32.17,11.42,0.01,64.34,63.7,40.86,AUD,credit_card,web,completed
TXN20260104000946,2026-01-04 13:25:15,1554,246,,1,334.95,216.34,0.09,334.95,304.8,88.46,AUD,debit_card,mobile_app,completed
TXN20260104000947,2026-01-04 13:26:05,1006,137,5013,1,230.43,174.09,0.04,230.43,221.21,47.12,AUD,credit_card,web,completed
TXN20260104000948,2026-01-04 13:26:21,1386,387,,1,113.54,61.9,0.03,113.54,110.13,48.23,AUD,credit_card,mobile_app,completed
TXN20260104000949,2026-01-04 13:27:16,1443,97,5006,1,261.47,109.45,0.06,261.47,245.78,136.33,AUD,credit_card,mobile_app,completed
TXN20260104000950,2026-01-04 13:29:17,1011,184,,1,24.72,17.45,0.16,24.72,20.76,3.31,AUD,credit_card,mobile_app,completed
TXN20260104000951,2026-01-04 13:30:02,1529,220,5007,1,80.96,29.21,0.01,80.96,80.15,50.94,AUD,paypal,mobile_app,cancelled
TXN20260104000952,2026-01-04 13:30:09,1176,298,,3,71.48,35.14,0.12,214.44,188.71,83.29,AUD,debit_card,web,completed
TXN20260104000953,2026-01-04 13:30:31,1942,195,5018,3,142.11,62.0,0.18,426.33,349.59,163.59,AUD,credit_card,web,completed
TXN20260104000954,2026-01-04 13:30:48,1713,317,,2,25.27,14.13,0.12,50.54,44.48,16.22,AUD,credit_card,web,completed
TXN20260104000955,2026-01-04 13:31:20,1137,301,,2,288.28,108.1,0.03,576.56,559.26,343.06,AUD,paypal,web,completed
TXN20260104000956,2026-01-04 13:31:30,1771,31,,4,125.26,43.94,0.14,501.04,430.89,255.13,AUD,credit_card,web,completed
TXN20260104000957,2026-01-04 13:31:48,2176,41,5003,1,241.85,106.29,0.2,241.85,193.48,87.19,AUD,gift_card,marketplace,completed
TXN20260104000958,2026-01-04 13:32:23,1512,330,,1,125.71,91.59,0.02,125.71,123.2,31.61,AUD,paypal,web,completed
TXN20260104000959,2026-01-04 13:32:33,1905,6,,2,45.92,33.82,0.12,91.84,80.82,13.18,AUD,gift_card,mobile_app,completed
TXN20260104000960,2026-01-04 13:32:44,1174,213,,4,89.64,56.55,0.17,358.56,297.6,71.4,AUD,credit_card,web,completed
TXN20260104000961,2026-01-04 13:32:54,1656,72,,3,333.42,149.31,0.17,1000.26,830.22,382.29,AUD,credit_card,web,completed
TXN20260104000962,2026-01-04 13:32:57,1867,108,,1,13.12,5.5,0.22,13.12,10.23,4.73,AUD,credit_card,web,completed
TXN20260104000963,2026-01-04 13:33:14,1326,354,,3,128.43,85.15,0.0,385.29,385.29,129.84,AUD,debit_card,web,completed
TXN20260104000964,2026-01-04 13:33:17,1852,252,,3,12.21,8.71,0.03,36.63,35.53,9.4,AUD,credit_card,in_store,completed
TXN20260104000965,2026-01-04 13:35:15,2166,315,,1,85.51,53.68,0.22,85.51,66.7,13.02,AUD,debit_card,marketplace,completed
TXN20260104000966,2026-01-04 13:35:34,1246,29,,3,157.08,114.81,0.14,471.24,405.27,60.84,AUD,paypal,marketplace,completed
TXN20260104000967,2026-01-04 13:35:35,1946,206,,5,211.48,126.89,0.07,1057.4,983.38,348.93,AUD,credit_card,web,refunded
TXN20260104000968,2026-01-04 13:35:57,1691,176,,1,19.37,14.31,0.13,19.37,16.85,2.54,AUD,paypal,web,completed
TXN20260104000969,2026-01-04 13:37:49,1332,235,5014,1,18.79,8.45,0.0,18.79,18.79,10.34,AUD,debit_card,web,completed
TXN20260104000970,2026-01-04 13:38:29,1108,330,,1,125.71,91.59,0.12,125.71,110.62,19.03,AUD,paypal,web,completed
TXN20260104000971,2026-01-04 13:38:39,1914,33,,1,120.22,59.38,0.0,120.22,120.22,60.84,AUD,credit_card,web,completed
TXN20260104000972,2026-01-04 13:38:39,1574,153,5003,1,133.15,94.62,0.18,133.15,109.18,14.56,AUD,credit_card,marketplace,completed
TXN20260104000973,2026-01-04 13:38:44,2056,399,5007,2,108.85,51.12,0.14,217.7,187.22,84.98,AUD,credit_card,web,completed
TXN20260104000974,2026-01-04 13:38:53,1161,241,,3,242.09,167.24,0.18,726.27,595.54,93.82,AUD,credit_card,web,completed
TXN20260104000975,2026-01-04 13:38:59,1036,231,,2,114.93,83.66,0.11,229.86,204.58,37.26,AUD,credit_card,mobile_app,completed
TXN20260104000976,2026-01-04 13:39:45,1757,397,,2,183.67,101.88,0.22,367.34,286.53,82.77,AUD,buy_now_pay_later,mobile_app,completed
TXN20260104000977,2026-01-04 13:39:56,1580,198,,5,311.79,188.7,0.06,1558.95,1465.41,521.91,AUD,buy_now_pay_later,phone,completed
TXN20260104000978,2026-01-04 13:40:06,1016,330,,2,125.71,91.59,0.12,251.42,221.25,38.07,AUD,paypal,web,completed
TXN20260104000979,2026-01-04 13:41:02,1292,237,5010,2,5.09,3.29,0.15,10.18,8.65,2.07,AUD,buy_now_pay_later,web,completed
TXN20260104000980,2026-01-04 13:41:26,1433,18,,3,23.51,10.69,0.11,70.53,62.77,30.7,AUD,credit_card,mobile_app,cancelled
TXN20260104000981,2026-01-04 13:41:41,1682,71,,5,451.62,218.09,0.18,2258.1,1851.64,761.19,AUD,paypal,web,cancelled
TXN20260104000982,2026-01-04 13:41:50,1620,166,5009,1,414.85,167.06,0.07,414.85,385.81,218.75,AUD,buy_now_pay_later,web,completed
TXN20260104000983,2026-01-04 13:41:50,2139,379,,3,115.88,59.08,0.05,347.64,330.26,153.02,AUD,credit_card,mobile_app,completed
TXN20260104000984,2026-01-04 13:41:53,1958,210,5018,3,210.36,163.77,0.16,631.08,530.11,38.8,AUD,bank_transfer,mobile_app,completed
TXN20260104000985,2026-01-04 13:42:15,1291,11,,3,383.38,230.87,0.05,1150.14,1092.63,400.02,AUD,credit_card,web,completed
TXN20260104000986,2026-01-04 13:42:45,1586,283,,4,155.88,105.7,0.15,623.52,529.99,107.19,AUD,credit_card,web,completed
TXN20260104000987,2026-01-04 13:43:16,1886,234,,3,153.86,117.69,0.1,461.58,415.42,62.35,AUD,credit_card,web,completed
TXN20260104000988,2026-01-04 13:43:23,2078,240,,1,296.5,109.26,0.07,296.5,275.75,166.49,AUD,debit_card,mobile_app,refunded
TXN20260104000989,2026-01-04 13:43:50,1920,211,,1,125.27,94.18,0.18,125.27,102.72,8.54,AUD,credit_card,web,completed
TXN20260104000990,2026-01-04 13:44:08,1456,164,,4,219.94,105.48,0.02,879.76,862.16,440.24,AUD,debit_card,mobile_app,completed
TXN20260104000991,2026-01-04 13:44:50,1692,396,5002,1,358.76,209.23,0.15,358.76,304.95,95.72,AUD,buy_now_pay_later,web,completed
TXN20260104000992,2026-01-04 13:45:37,1724,220,,5,80.96,29.21,0.24,404.8,307.65,161.6,AUD,credit_card,marketplace,completed
TXN20260104000993,2026-01-04 13:45:40,1698,313,5013,2,364.12,204.74,0.09,728.24,662.7,253.22,AUD,paypal,mobile_app,cancelled
TXN20260104000994,2026-01-04 13:46:53,1028,4,5003,3,238.89,172.72,0.06,716.67,673.67,155.51,AUD,debit_card,web,completed
TXN20260104000995,2026-01-04 13:47:24,1497,97,,1,261.47,109.45,0.1,261.47,235.32,125.87,AUD,debit_card,mobile_app,completed
TXN20260104000996,2026-01-04 13:47:25,1945,157,5006,3,63.5,40.09,0.12,190.5,167.64,47.37,AUD,buy_now_pay_later,mobile_app,completed
TXN20260104000997,2026-01-04 13:49:15,1997,63,,1,137.14,59.24,0.19,137.14,111.08,51.84,AUD,paypal,mobile_app,completed
TXN20260104000998,2026-01-04 13:49:16,1207,119,,1,26.62,12.14,0.21,26.62,21.03,8.89,AUD,credit_card,web,completed
TXN20260104000999,2026-01-04 13:49:36,2015,131,,1,93.36,56.38,0.0,93.36,93.36,36.98,AUD,buy_now_pay_later,web,completed
TXN20260104001000,2026-01-04 13:50:26,1954,317,5012,1,25.27,14.13,0.06,25.27,23.75,9.62,AUD,credit_card,web,completed
TXN20260104001001,2026-01-04 13:51:13,1277,158,,1,101.24,48.34,0.07,101.24,94.15,45.81,AUD,credit_card,web,completed
TXN20260104001002,2026-01-04 13:51:20,1561,226,,3,224.08,91.6,0.04,672.24,645.35,370.55,AUD,credit_card,in_store,completed
TXN20260104001003,2026-01-04 13:51:29,1627,57,,4,7.38,2.62,0.13,29.52,25.68,15.2,AUD,debit_card,mobile_app,completed
TXN20260104001004,2026-01-04 13:51:35,1874,328,5012,5,33.71,19.15,0.17,168.55,139.9,44.15,AUD,credit_card,marketplace,completed
TXN20260104001005,2026-01-04 13:51:42,1283,287,,1,67.92,35.4,0.22,67.92,52.98,17.58,AUD,buy_now_pay_later,mobile_app,completed
TXN20260104001006,2026-01-04 13:51:42,1015,93,,1,325.04,177.67,0.16,325.04,273.03,95.36,AUD,buy_now_pay_later,web,completed
TXN20260104001007,2026-01-04 13:51:50,1044,194,5017,4,45.96,33.9,0.08,183.84,169.13,33.53,AUD,buy_now_pay_later,web,completed
TXN20260104001008,2026-01-04 13:52:00,1917,340,,2,69.61,35.79,0.13,139.22,121.12,49.54,AUD,debit_card,mobile_app,completed
TXN20260104001009,2026-01-04 13:52:06,1481,57,,1,7.38,2.62,0.11,7.38,6.57,3.95,AUD,debit_card,web,completed
TXN20260104001010,2026-01-04 13:52:20,1751,70,,1,291.11,188.06,0.12,291.11,256.18,68.12,AUD,buy_now_pay_later,web,completed
TXN20260104001011,2026-01-04 13:52:53,1723,140,,1,98.88,53.29,0.11,98.88,88.0,34.71,AUD,credit_card,mobile_app,completed
TXN20260104001012,2026-01-04 13:52:55,1090,137,,3,230.43,174.09,0.2,691.29,553.03,30.76,AUD,credit_card,marketplace,completed
TXN20260104001013,2026-01-04 13:53:31,1715,73,5014,1,97.62,68.56,0.01,97.62,96.64,28.08,AUD,credit_card,marketplace,completed
TXN20260104001014,2026-01-04 13:53:47,1458,35,,2,123.44,76.69,0.03,246.88,239.47,86.09,AUD,credit_card,web,completed
TXN20260104001015,2026-01-04 13:53:59,2195,293,,1,100.6,74.23,0.06,100.6,94.56,20.33,AUD,debit_card,mobile_app,completed
TXN20260104001016,2026-01-04 13:54:35,2056,201,,1,105.57,80.82,0.04,105.57,101.35,20.53,AUD,debit_card,marketplace,completed
TXN20260104001017,2026-01-04 13:54:54,1361,239,5014,1,33.36,20.5,0.0,33.36,33.36,12.86,AUD,debit_card,in_store,completed
TXN20260104001018,2026-01-04 13:55:26,1637,331,,2,188.98,138.35,0.06,377.96,355.28,78.58,AUD,credit_card,web,completed
TXN20260104001019,2026-01-04 13:55:50,1666,234,,1,153.86,117.69,0.05,153.86,146.17,28.48,AUD,credit_card,web,completed
TXN20260104001020,2026-01-04 13:55:51,1949,253,,1,39.46,26.36,0.03,39.46,38.28,11.92,AUD,bank_transfer,marketplace,completed
TXN20260104001021,2026-01-04 13:56:09,1793,341,,4,329.88,115.66,0.01,1319.52,1306.32,843.68,AUD,paypal,mobile_app,completed
TXN20260104001022,2026-01-04 13:56:18,1644,136,,3,12.1,8.71,0.03,36.3,35.21,9.08,AUD,debit_card,web,completed
TXN20260104001023,2026-01-04 13:56:54,2041,100,,2,429.39,290.83,0.07,858.78,798.67,217.01,AUD,debit_card,web,completed
TXN20260104001024,2026-01-04 13:57:01,1193,392,5014,1,197.73,138.04,0.23,197.73,152.25,14.21,AUD,paypal,web,completed
TXN20260104001025,2026-01-04 13:57:02,1245,259,,1,243.76,167.05,0.26,243.76,180.38,13.33,AUD,credit_card,mobile_app,completed
TXN20260104001026,2026-01-04 13:57:06,1763,261,,5,222.59,120.24,0.12,1112.95,979.4,378.2,AUD,credit_card,in_store,completed
TXN20260104001027,2026-01-04 13:57:16,1874,305,5007,2,51.53,22.19,0.15,103.06,87.6,43.22,AUD,debit_card,mobile_app,completed
TXN20260104001028,2026-01-04 13:57:31,2140,31,,4,125.26,43.94,0.03,501.04,486.01,310.25,AUD,credit_card,mobile_app,completed
TXN20260104001029,2026-01-04 13:58:14,1878,217,5004,6,105.58,80.07,0.02,633.48,620.81,140.39,AUD,credit_card,mobile_app,completed
TXN20260104001030,2026-01-04 13:59:15,1213,260,,2,168.41,124.86,0.08,336.82,309.87,60.15,AUD,paypal,web,completed
TXN20260104001031,2026-01-04 13:59:38,1045,377,5005,3,34.75,17.44,0.28,104.25,75.06,22.74,AUD,paypal,mobile_app,completed
TXN20260104001032,2026-01-04 13:59:40,1664,249,5014,5,96.17,46.26,0.16,480.85,403.91,172.61,AUD,buy_now_pay_later,mobile_app,completed
TXN20260104001033,2026-01-04 14:00:40,1519,277,,1,470.57,189.97,0.14,470.57,404.69,214.72,AUD,credit_card,web,completed
TXN20260104001034,2026-01-04 14:03:31,1401,272,5016,5,48.63,36.18,0.08,243.15,223.7,42.8,AUD,debit_card,mobile_app,completed
TXN20260104001035,2026-01-04 14:05:53,1940,58,,1,93.1,56.49,0.13,93.1,81.0,24.51,AUD,credit_card,web,completed
TXN20260104001036,2026-01-04 14:07:51,1464,330,5007,4,125.71,91.59,0.19,502.84,407.3,40.94,AUD,credit_card,mobile_app,completed
TXN20260104001037,2026-01-04 14:08:43,1068,233,,4,320.43,123.08,0.18,1281.72,1051.01,558.69,AUD,credit_card,web,completed
TXN20260104001038,2026-01-04 14:09:03,1415,288,,2,349.87,265.76,0.11,699.74,622.77,91.25,AUD,credit_card,web,completed
TXN20260104001039,2026-01-04 14:11:45,1213,235,,1,18.79,8.45,0.0,18.79,18.79,10.34,AUD,paypal,web,completed
TXN20260104001040,2026-01-04 14:12:37,1370,72,,2,333.42,149.31,0.05,666.84,633.5,334.88,AUD,credit_card,web,completed
TXN20260104001041,2026-01-04 14:14:56,1705,70,,2,291.11,188.06,0.29,582.22,413.38,37.26,AUD,debit_card,web,completed
TXN20260104001042,2026-01-04 14:15:07,1762,363,5010,3,161.87,102.03,0.02,485.61,475.9,169.81,AUD,credit_card,web,completed
TXN20260104001043,2026-01-04 14:16:18,1513,356,5016,4,35.78,19.54,0.02,143.12,140.26,62.1,AUD,credit_card,web,completed
TXN20260104001044,2026-01-04 14:17:32,2158,131,5017,1,93.36,56.38,0.12,93.36,82.16,25.78,AUD,buy_now_pay_later,mobile_app,refunded
TXN20260104001045,2026-01-04 14:19:03,1713,296,,1,305.06,151.58,0.07,305.06,283.71,132.13,AUD,buy_now_pay_later,web,completed
TXN20260104001046,2026-01-04 14:21:00,2137,156,,4,179.48,110.08,0.08,717.92,660.49,220.17,AUD,buy_now_pay_later,mobile_app,completed
TXN20260104001047,2026-01-04 14:23:22,1767,148,,1,64.17,49.35,0.11,64.17,57.11,7.76,AUD,buy_now_pay_later,marketplace,completed
TXN20260104001048,2026-01-04 14:26:01,1913,50,,5,145.4,62.87,0.01,727.0,719.73,405.38,AUD,debit_card,mobile_app,completed
TXN20260104001049,2026-01-04 14:26:20,1448,273,,2,15.74,11.24,0.24,31.48,23.92,1.44,AUD,credit_card,web,completed
TXN20260104001050,2026-01-04 14:28:04,1524,96,,2,143.85,89.79,0.06,287.7,270.44,90.86,AUD,credit_card,marketplace,completed
TXN20260104001051,2026-01-04 14:29:20,2066,392,,1,197.73,138.04,0.01,197.73,195.75,57.71,AUD,buy_now_pay_later,web,completed
TXN20260104001052,2026-01-04 14:32:37,1678,97,,2,261.47,109.45,0.13,522.94,454.96,236.06,AUD,credit_card,web,completed
TXN20260104001053,2026-01-04 14:33:00,1869,67,,2,164.66,66.92,0.26,329.32,243.7,109.86,AUD,credit_card,web,completed
TXN20260104001054,2026-01-04 14:37:47,2134,127,,1,45.1,29.41,0.13,45.1,39.24,9.83,AUD,debit_card,mobile_app,completed
TXN20260104001055,2026-01-04 14:38:31,1596,357,5008,2,49.08,20.39,0.0,98.16,98.16,57.38,AUD,debit_card,mobile_app,completed
TXN20260104001056,2026-01-04 14:39:45,1841,210,5016,3,210.36,163.77,0.21,631.08,498.55,7.24,AUD,credit_card,web,completed
TXN20260104001057,2026-01-04 14:40:37,1482,285,,4,333.53,259.05,0.07,1334.12,1240.73,204.53,AUD,credit_card,mobile_app,completed
TXN20260104001058,2026-01-04 14:41:00,1477,210,,1,210.36,163.77,0.2,210.36,168.29,4.52,AUD,credit_card,web,completed
TXN20260104001059,2026-01-04 14:41:17,2001,32,,2,107.59,39.39,0.09,215.18,195.81,117.03,AUD,buy_now_pay_later,web,completed
TXN20260104001060,2026-01-04 14:42:00,1737,101,5012,2,352.61,157.72,0.12,705.22,620.59,305.15,AUD,paypal,mobile_app,completed
TXN20260104001061,2026-01-04 14:42:05,1676,45,,1,127.42,77.89,0.04,127.42,122.32,44.43,AUD,buy_now_pay_later,web,completed
TXN20260104001062,2026-01-04 14:42:08,1035,393,,3,18.4,11.45,0.01,55.2,54.65,20.3,AUD,credit_card,web,completed
TXN20260104001063,2026-01-04 14:42:23,1870,275,,5,116.41,50.22,0.13,582.05,506.38,255.28,AUD,credit_card,mobile_app,completed
TXN20260104001064,2026-01-04 14:44:20,2160,33,,1,120.22,59.38,0.02,120.22,117.82,58.44,AUD,debit_card,mobile_app,completed
TXN20260104001065,2026-01-04 14:46:58,1984,17,5017,3,15.98,12.32,0.04,47.94,46.02,9.06,AUD,credit_card,web,completed
TXN20260104001066,2026-01-04 14:53:46,1545,36,5017,3,95.33,67.51,0.09,285.99,260.25,57.72,AUD,debit_card,mobile_app,completed
TXN20260104001067,2026-01-04 14:53:50,1230,385,5012,2,111.79,81.72,0.09,223.58,203.46,40.02,AUD,credit_card,mobile_app,completed
TXN20260104001068,2026-01-04 14:54:57,1177,119,,1,26.62,12.14,0.06,26.62,25.02,12.88,AUD,debit_card,web,completed
TXN20260104001069,2026-01-04 14:55:38,1544,104,,3,41.5,18.2,0.02,124.5,122.01,67.41,AUD,debit_card,web,completed
TXN20260104001070,2026-01-04 14:57:31,2017,170,,2,68.81,27.57,0.02,137.62,134.87,79.73,AUD,credit_card,web,completed
TXN20260104001071,2026-01-04 14:58:05,1234,285,5014,1,333.53,259.05,0.03,333.53,323.52,64.47,AUD,credit_card,web,completed
TXN20260104001072,2026-01-04 14:58:12,1606,234,5014,2,153.86,117.69,0.1,307.72,276.95,41.57,AUD,debit_card,web,completed
TXN20260104001073,2026-01-04 15:00:15,1076,104,,4,41.5,18.2,0.27,166.0,121.18,48.38,AUD,credit_card,mobile_app,completed
TXN20260104001074,2026-01-04 15:00:30,1754,138,,3,132.98,57.54,0.12,398.94,351.07,178.45,AUD,credit_card,web,completed
TXN20260104001075,2026-01-04 15:02:02,1864,150,,3,205.86,111.18,0.22,617.58,481.71,148.17,AUD,credit_card,web,completed
TXN20260104001076,2026-01-04 15:02:18,1113,171,,6,126.82,54.58,0.13,760.92,662.0,334.52,AUD,paypal,mobile_app,completed
TXN20260104001077,2026-01-04 15:02:25,1354,90,,1,65.94,42.23,0.03,65.94,63.96,21.73,AUD,debit_card,web,completed
TXN20260104001078,2026-01-04 15:04:32,1389,205,,1,200.88,145.96,0.12,200.88,176.77,30.81,AUD,buy_now_pay_later,web,completed
TXN20260104001079,2026-01-04 15:04:56,1039,378,5009,2,355.29,228.27,0.17,710.58,589.78,133.24,AUD,credit_card,marketplace,completed
TXN20260104001080,2026-01-04 15:06:21,1561,100,,1,429.39,290.83,0.2,429.39,343.51,52.68,AUD,debit_card,web,completed
TXN20260104001081,2026-01-04 15:06:44,1500,146,,3,182.6,76.84,0.01,547.8,542.32,311.8,AUD,debit_card,in_store,completed
TXN20260104001082,2026-01-04 15:07:57,1411,391,,5,294.69,110.36,0.28,1473.45,1060.88,509.08,AUD,debit_card,web,completed
TXN20260104001083,2026-01-04 15:09:02,1590,187,5016,1,18.28,11.11,0.14,18.28,15.72,4.61,AUD,bank_transfer,web,completed
TXN20260104001084,2026-01-04 15:11:00,1067,399,,3,108.85,51.12,0.05,326.55,310.22,156.86,AUD,credit_card,mobile_app,completed
TXN20260104001085,2026-01-04 15:11:44,1654,78,5010,2,128.52,52.69,0.28,257.04,185.07,79.69,AUD,credit_card,mobile_app,completed
TXN20260104001086,2026-01-04 15:11:46,1993,376,5002,2,227.27,124.66,0.01,454.54,449.99,200.67,AUD,debit_card,mobile_app,completed
TXN20260104001087,2026-01-04 15:12:52,1529,327,,1,27.46,12.97,0.0,27.46,27.46,14.49,AUD,bank_transfer,web,completed
TXN20260104001088,2026-01-04 15:13:07,1658,145,5008,1,333.84,132.73,0.08,333.84,307.13,174.4,AUD,debit_card,mobile_app,completed
TXN20260104001089,2026-01-04 15:14:28,1847,187,5005,1,18.28,11.11,0.09,18.28,16.63,5.52,AUD,credit_card,mobile_app,completed
TXN20260104001090,2026-01-04 15:14:33,1138,167,,4,176.55,75.21,0.03,706.2,685.01,384.17,AUD,debit_card,mobile_app,completed
TXN20260104001091,2026-01-04 15:14:49,1908,171,,6,126.82,54.58,0.27,760.92,555.47,227.99,AUD,paypal,web,completed
TXN20260104001092,2026-01-04 15:15:23,1049,334,5013,4,100.25,73.46,0.05,401.0,380.95,87.11,AUD,paypal,marketplace,completed
TXN20260104001093,2026-01-04 15:15:25,1658,99,5006,3,8.03,4.15,0.14,24.09,20.72,8.27,AUD,bank_transfer,marketplace,completed
TXN20260104001094,2026-01-04 15:16:36,1575,101,,1,352.61,157.72,0.03,352.61,342.03,184.31,AUD,debit_card,web,completed
TXN20260104001095,2026-01-04 15:18:17,1934,349,,1,65.04,45.3,0.06,65.04,61.14,15.84,AUD,credit_card,mobile_app,completed
TXN20260104001096,2026-01-04 15:18:18,1274,194,5008,3,45.96,33.9,0.13,137.88,119.96,18.26,AUD,credit_card,marketplace,completed
TXN20260104001097,2026-01-04 15:22:11,1081,395,,1,259.59,188.33,0.02,259.59,254.4,66.07,AUD,paypal,marketplace,completed
TXN20260104001098,2026-01-04 15:22:30,1237,226,5005,2,224.08,91.6,0.06,448.16,421.27,238.07,AUD,credit_card,marketplace,completed
TXN20260104001099,2026-01-04 15:22:37,1766,189,,1,209.27,158.1,0.06,209.27,196.71,38.61,AUD,paypal,mobile_app,completed
TXN20260104001100,2026-01-04 15:23:04,1662,80,5003,4,200.59,111.67,0.13,802.36,698.05,251.37,AUD,credit_card,web,completed
TXN20260104001101,2026-01-04 15:23:19,1658,212,,1,172.34,98.73,0.03,172.34,167.17,68.44,AUD,credit_card,mobile_app,completed
TXN20260104001102,2026-01-04 15:26:45,2002,35,5018,1,123.44,76.69,0.1,123.44,111.1,34.41,AUD,buy_now_pay_later,web,completed
TXN20260104001103,2026-01-04 15:26:51,1165,338,5018,1,454.19,219.15,0.07,454.19,422.4,203.25,AUD,debit_card,web,completed
TXN20260104001104,2026-01-04 15:27:21,1699,41,,1,241.85,106.29,0.07,241.85,224.92,118.63,AUD,credit_card,mobile_app,completed
TXN20260104001105,2026-01-04 15:27:40,1953,221,5013,2,157.27,79.8,0.01,314.54,311.39,151.79,AUD,credit_card,web,completed
TXN20260104001106,2026-01-04 15:29:04,1975,44,5004,2,236.02,141.49,0.14,472.04,405.95,122.97,AUD,credit_card,mobile_app,completed
TXN20260104001107,2026-01-04 15:31:43,1997,349,5013,1,65.04,45.3,0.04,65.04,62.44,17.14,AUD,credit_card,web,completed
TXN20260104001108,2026-01-04 15:32:07,1445,169,,2,175.58,82.15,0.07,351.16,326.58,162.28,AUD,debit_card,web,completed
TXN20260104001109,2026-01-04 15:32:42,2021,58,5003,1,93.1,56.49,0.13,93.1,81.0,24.51,AUD,debit_card,marketplace,completed
TXN20260104001110,2026-01-04 15:32:43,1051,24,5017,2,201.95,77.39,0.01,403.9,399.86,245.08,AUD,credit_card,web,completed
TXN20260104001111,2026-01-04 15:34:15,1133,392,5008,1,197.73,138.04,0.23,197.73,152.25,14.21,AUD,credit_card,web,completed
TXN20260104001112,2026-01-04 15:36:54,1613,35,,1,123.44,76.69,0.17,123.44,102.46,25.77,AUD,debit_card,mobile_app,completed
TXN20260104001113,2026-01-04 15:37:25,1362,284,,5,359.21,205.04,0.2,1796.05,1436.84,411.64,AUD,debit_card,web,completed
TXN20260104001114,2026-01-04 15:38:51,1072,354,5003,5,128.43,85.15,0.23,642.15,494.46,68.71,AUD,bank_transfer,web,completed
TXN20260104001115,2026-01-04 15:41:17,1593,257,,4,452.64,204.1,0.02,1810.56,1774.35,957.95,AUD,bank_transfer,marketplace,completed
TXN20260104001116,2026-01-04 15:41:32,1207,361,,3,172.83,61.35,0.22,518.49,404.42,220.37,AUD,credit_card,mobile_app,completed
TXN20260104001117,2026-01-04 15:41:41,1787,346,,2,337.76,248.46,0.14,675.52,580.95,84.03,AUD,credit_card,in_store,completed
TXN20260104001118,2026-01-04 15:42:20,1157,96,,5,143.85,89.79,0.1,719.25,647.33,198.38,AUD,debit_card,mobile_app,completed
TXN20260104001119,2026-01-04 15:44:29,1032,10,,3,246.81,139.27,0.0,740.43,740.43,322.62,AUD,credit_card,mobile_app,completed
TXN20260104001120,2026-01-04 15:45:05,1641,114,,3,311.7,127.05,0.04,935.1,897.7,516.55,AUD,buy_now_pay_later,web,completed
TXN20260104001121,2026-01-04 15:46:43,1145,41,,1,241.85,106.29,0.04,241.85,232.18,125.89,AUD,credit_card,mobile_app,completed
TXN20260104001122,2026-01-04 15:46:56,1281,331,5014,2,188.98,138.35,0.0,377.96,377.96,101.26,AUD,credit_card,marketplace,completed
TXN20260104001123,2026-01-04 15:48:03,1450,158,,1,101.24,48.34,0.13,101.24,88.08,39.74,AUD,debit_card,mobile_app,completed
TXN20260104001124,2026-01-04 15:48:45,1541,198,,3,311.79,188.7,0.05,935.37,888.6,322.5,AUD,credit_card,web,completed
TXN20260104001125,2026-01-04 15:48:59,1217,178,5005,1,354.14,201.79,0.18,354.14,290.39,88.6,AUD,paypal,web,completed
TXN20260104001126,2026-01-04 15:50:19,1566,156,,1,179.48,110.08,0.16,179.48,150.76,40.68,AUD,credit_card,web,completed
TXN20260104001127,2026-01-04 15:50:30,1509,256,,1,65.44,43.78,0.1,65.44,58.9,15.12,AUD,credit_card,mobile_app,completed
TXN20260104001128,2026-01-04 15:52:00,2108,126,5012,3,63.01,42.43,0.18,189.03,155.0,27.71,AUD,credit_card,web,completed
TXN20260104001129,2026-01-04 15:52:02,1523,293,,1,100.6,74.23,0.18,100.6,82.49,8.26,AUD,credit_card,web,completed
TXN20260104001130,2026-01-04 15:54:44,1446,51,5009,1,162.3,85.52,0.16,162.3,136.33,50.81,AUD,debit_card,mobile_app,completed
TXN20260104001131,2026-01-04 15:55:08,1893,311,,2,265.88,206.32,0.1,531.76,478.58,65.94,AUD,buy_now_pay_later,mobile_app,completed
TXN20260104001132,2026-01-04 15:56:31,1784,186,5004,3,294.97,120.02,0.15,884.91,752.17,392.11,AUD,debit_card,mobile_app,completed
TXN20260104001133,2026-01-04 15:56:40,1711,223,,1,140.86,54.16,0.12,140.86,123.96,69.8,AUD,credit_card,mobile_app,completed
TXN20260104001134,2026-01-04 15:59:24,1370,333,5010,2,41.88,25.97,0.13,83.76,72.87,20.93,AUD,paypal,web,completed
TXN20260104001135,2026-01-04 15:59:57,1272,255,,3,109.46,69.18,0.05,328.38,311.96,104.42,AUD,credit_card,mobile_app,completed
TXN20260104001136,2026-01-04 16:00:06,1497,249,,2,96.17,46.26,0.05,192.34,182.72,90.2,AUD,buy_now_pay_later,web,completed
TXN20260104001137,2026-01-04 16:00:44,1562,111,,2,130.14,98.41,0.01,260.28,257.68,60.86,AUD,credit_card,web,completed
TXN20260104001138,2026-01-04 16:03:24,1898,74,5009,5,161.48,101.89,0.22,807.4,629.77,120.32,AUD,credit_card,mobile_app,completed
TXN20260104001139,2026-01-04 16:04:01,2152,68,,4,197.74,154.22,0.16,790.96,664.41,47.53,AUD,bank_transfer,web,completed
TXN20260104001140,2026-01-04 16:04:52,1543,253,5012,3,39.46,26.36,0.01,118.38,117.2,38.12,AUD,credit_card,mobile_app,completed
TXN20260104001141,2026-01-04 16:09:42,1045,187,,2,18.28,11.11,0.11,36.56,32.54,10.32,AUD,credit_card,mobile_app,completed
TXN20260104001142,2026-01-04 16:09:56,1630,151,5006,1,36.21,16.06,0.09,36.21,32.95,16.89,AUD,buy_now_pay_later,web,completed
TXN20260104001143,2026-01-04 16:10:25,1899,306,,2,201.0,79.58,0.05,402.0,381.9,222.74,AUD,credit_card,mobile_app,completed
TXN20260104001144,2026-01-04 16:10:46,1794,139,5003,1,93.98,72.88,0.08,93.98,86.46,13.58,AUD,credit_card,web,completed
TXN20260104001145,2026-01-04 16:11:08,1883,303,5005,1,5.2,2.83,0.07,5.2,4.84,2.01,AUD,credit_card,web,completed
TXN20260104001146,2026-01-04 16:12:29,2030,184,,2,24.72,17.45,0.14,49.44,42.52,7.62,AUD,debit_card,mobile_app,completed
TXN20260104001147,2026-01-04 16:13:29,2107,338,5012,3,454.19,219.15,0.0,1362.57,1362.57,705.12,AUD,credit_card,mobile_app,completed
TXN20260104001148,2026-01-04 16:14:44,1746,220,,3,80.96,29.21,0.2,242.88,194.3,106.67,AUD,credit_card,mobile_app,completed
TXN20260104001149,2026-01-04 16:22:34,1554,279,,2,202.1,80.17,0.16,404.2,339.53,179.19,AUD,credit_card,web,completed
TXN20260104001150,2026-01-04 16:22:57,1829,237,5016,2,5.09,3.29,0.02,10.18,9.98,3.4,AUD,paypal,web,cancelled
TXN20260104001151,2026-01-04 16:26:18,1215,143,,1,166.42,116.53,0.14,166.42,143.12,26.59,AUD,debit_card,web,completed
TXN20260104001152,2026-01-04 16:27:03,1099,260,5004,2,168.41,124.86,0.01,336.82,333.45,83.73,AUD,debit_card,mobile_app,completed
TXN20260104001153,2026-01-04 16:27:09,1272,371,,2,279.28,128.3,0.21,558.56,441.26,184.66,AUD,credit_card,web,completed
TXN20260104001154,2026-01-04 16:29:41,1854,7,5007,1,75.68,42.79,0.12,75.68,66.6,23.81,AUD,credit_card,mobile_app,completed
TXN20260104001155,2026-01-04 16:30:10,1770,134,,1,151.77,62.1,0.05,151.77,144.18,82.08,AUD,credit_card,mobile_app,completed
TXN20260104001156,2026-01-04 16:30:10,1668,340,5013,2,69.61,35.79,0.17,139.22,115.55,43.97,AUD,gift_card,web,completed
TXN20260104001157,2026-01-04 16:32:17,1084,160,,3,132.52,86.58,0.25,397.56,298.17,38.43,AUD,credit_card,in_store,completed
TXN20260104001158,2026-01-04 16:35:39,1536,364,5013,2,126.27,67.13,0.1,252.54,227.29,93.03,AUD,credit_card,web,completed
TXN20260104001159,2026-01-04 16:36:07,1296,273,,6,15.74,11.24,0.21,94.44,74.61,7.17,AUD,credit_card,web,completed
TXN20260104001160,2026-01-04 16:37:49,1952,195,5010,4,142.11,62.0,0.18,568.44,466.12,218.12,AUD,credit_card,mobile_app,pending
TXN20260104001161,2026-01-04 16:38:59,2027,216,5017,3,6.49,3.62,0.07,19.47,18.11,7.25,AUD,credit_card,marketplace,completed
TXN20260104001162,2026-01-04 16:42:22,2054,275,,1,116.41,50.22,0.2,116.41,93.13,42.91,AUD,credit_card,marketplace,completed
TXN20260104001163,2026-01-04 16:42:55,1503,171,,1,126.82,54.58,0.09,126.82,115.41,60.83,AUD,paypal,mobile_app,completed
TXN20260104001164,2026-01-04 16:43:02,1928,373,,4,423.09,155.74,0.19,1692.36,1370.81,747.85,AUD,debit_card,mobile_app,completed
TXN20260104001165,2026-01-04 16:44:56,2160,373,,3,423.09,155.74,0.17,1269.27,1053.49,586.27,AUD,debit_card,mobile_app,cancelled
TXN20260104001166,2026-01-04 16:45:56,1832,51,5013,2,162.3,85.52,0.02,324.6,318.11,147.07,AUD,debit_card,mobile_app,completed
TXN20260104001167,2026-01-04 16:48:38,1366,290,,2,37.46,23.23,0.09,74.92,68.18,21.72,AUD,buy_now_pay_later,web,completed
TXN20260104001168,2026-01-04 16:49:12,1982,318,5007,5,104.56,45.81,0.0,522.8,522.8,293.75,AUD,debit_card,mobile_app,completed
TXN20260104001169,2026-01-04 16:50:40,1732,29,,5,157.08,114.81,0.06,785.4,738.28,164.23,AUD,credit_card,web,completed
TXN20260104001170,2026-01-04 16:53:30,1696,96,5005,1,143.85,89.79,0.28,143.85,103.57,13.78,AUD,paypal,marketplace,completed
TXN20260104001171,2026-01-04 16:57:13,1920,158,,3,101.24,48.34,0.11,303.72,270.31,125.29,AUD,debit_card,in_store,completed
TXN20260104001172,2026-01-04 16:58:19,2025,373,5007,2,423.09,155.74,0.0,846.18,846.18,534.7,AUD,bank_transfer,mobile_app,completed
TXN20260104001173,2026-01-04 16:59:30,1031,393,5004,3,18.4,11.45,0.11,55.2,49.13,14.78,AUD,credit_card,web,completed
TXN20260104001174,2026-01-04 16:59:54,1287,311,5017,2,265.88,206.32,0.05,531.76,505.17,92.53,AUD,debit_card,mobile_app,completed
TXN20260104001175,2026-01-04 17:01:54,1704,116,5014,3,265.13,138.42,0.15,795.39,676.08,260.82,AUD,credit_card,web,completed
TXN20260104001176,2026-01-04 17:03:06,1532,148,,2,64.17,49.35,0.07,128.34,119.36,20.66,AUD,debit_card,web,completed
TXN20260104001177,2026-01-04 17:03:35,1418,7,,1,75.68,42.79,0.11,75.68,67.36,24.57,AUD,debit_card,marketplace,completed
TXN20260104001178,2026-01-04 17:04:55,2064,371,,3,279.28,128.3,0.04,837.84,804.33,419.43,AUD,debit_card,web,completed
TXN20260104001179,2026-01-04 17:05:24,1611,216,,2,6.49,3.62,0.04,12.98,12.46,5.22,AUD,debit_card,mobile_app,completed
TXN20260104001180,2026-01-04 17:07:29,1845,145,,3,333.84,132.73,0.15,1001.52,851.29,453.1,AUD,credit_card,mobile_app,completed
TXN20260104001181,2026-01-04 17:08:21,1646,144,,5,19.12,6.9,0.07,95.6,88.91,54.41,AUD,credit_card,web,completed
TXN20260104001182,2026-01-04 17:08:35,1862,266,5006,4,87.68,41.95,0.28,350.72,252.52,84.72,AUD,credit_card,mobile_app,completed
TXN20260104001183,2026-01-04 17:09:24,2195,158,,2,101.24,48.34,0.06,202.48,190.33,93.65,AUD,debit_card,mobile_app,completed
TXN20260104001184,2026-01-04 17:09:26,1798,216,,1,6.49,3.62,0.07,6.49,6.04,2.42,AUD,debit_card,web,refunded
TXN20260104001185,2026-01-04 17:09:39,1287,199,,3,405.48,228.61,0.19,1216.44,985.32,299.49,AUD,credit_card,mobile_app,completed
TXN20260104001186,2026-01-04 17:10:03,1454,162,5016,4,102.25,40.84,0.09,409.0,372.19,208.83,AUD,credit_card,web,completed
TXN20260104001187,2026-01-04 17:10:38,2169,142,,5,424.43,299.05,0.12,2122.15,1867.49,372.24,AUD,credit_card,mobile_app,completed
TXN20260104001188,2026-01-04 17:11:15,1105,57,,3,7.38,2.62,0.03,22.14,21.48,13.62,AUD,credit_card,mobile_app,completed
TXN20260104001189,2026-01-04 17:12:42,2151,4,,3,238.89,172.72,0.08,716.67,659.34,141.18,AUD,gift_card,web,completed
TXN20260104001190,2026-01-04 17:13:55,1971,356,5016,1,35.78,19.54,0.1,35.78,32.2,12.66,AUD,paypal,mobile_app,completed
TXN20260104001191,2026-01-04 17:14:16,1765,293,,1,100.6,74.23,0.22,100.6,78.47,4.24,AUD,debit_card,web,completed
TXN20260104001192,2026-01-04 17:14:32,1645,287,,5,67.92,35.4,0.13,339.6,295.45,118.45,AUD,credit_card,web,completed
TXN20260104001193,2026-01-04 17:16:40,1753,378,5004,2,355.29,228.27,0.03,710.58,689.26,232.72,AUD,paypal,web,completed
TXN20260104001194,2026-01-04 17:17:18,1778,235,,1,18.79,8.45,0.06,18.79,17.66,9.21,AUD,credit_card,mobile_app,completed
TXN20260104001195,2026-01-04 17:19:28,1742,393,5007,1,18.4,11.45,0.14,18.4,15.82,4.37,AUD,bank_transfer,web,completed
TXN20260104001196,2026-01-04 17:20:37,1547,311,,1,265.88,206.32,0.23,265.88,204.73,-1.59,AUD,credit_card,web,completed
TXN20260104001197,2026-01-04 17:20:53,1189,153,5014,6,133.15,94.62,0.06,798.9,750.97,183.25,AUD,debit_card,mobile_app,completed
TXN20260104001198,2026-01-04 17:21:33,1523,289,5016,3,135.78,64.29,0.05,407.34,386.97,194.1,AUD,paypal,web,completed
TXN20260104001199,2026-01-04 17:24:11,1347,243,,1,6.18,2.24,0.08,6.18,5.69,3.45,AUD,credit_card,in_store,completed
TXN20260104001200,2026-01-04 17:24:22,1159,357,,3,49.08,20.39,0.14,147.24,126.63,65.46,AUD,debit_card,web,completed
TXN20260104001201,2026-01-04 17:30:01,1906,366,,1,212.32,146.95,0.08,212.32,195.33,48.38,AUD,bank_transfer,web,completed
TXN20260104001202,2026-01-04 17:31:23,1776,90,,2,65.94,42.23,0.22,131.88,102.87,18.41,AUD,debit_card,mobile_app,completed
TXN20260104001203,2026-01-04 17:31:28,1051,313,,2,364.12,204.74,0.14,728.24,626.29,216.81,AUD,paypal,web,completed
TXN20260104001204,2026-01-04 17:34:57,1095,139,,4,93.98,72.88,0.04,375.92,360.88,69.36,AUD,credit_card,mobile_app,completed
TXN20260104001205,2026-01-04 17:36:26,1166,225,5014,3,310.73,232.58,0.17,932.19,773.72,75.98,AUD,credit_card,web,completed
TXN20260104001206,2026-01-04 17:36:37,1531,274,,3,68.35,38.43,0.11,205.05,182.49,67.2,AUD,credit_card,web,refunded
TXN20260104001207,2026-01-04 17:36:40,2117,8,5007,1,65.06,29.43,0.03,65.06,63.11,33.68,AUD,buy_now_pay_later,web,completed
TXN20260104001208,2026-01-04 17:38:45,1393,105,5006,1,142.92,89.61,0.22,142.92,111.48,21.87,AUD,paypal,marketplace,completed
TXN20260104001209,2026-01-04 17:39:39,1091,381,,1,12.14,8.81,0.09,12.14,11.05,2.24,AUD,credit_card,web,completed
TXN20260104001210,2026-01-04 17:40:37,1075,154,5005,3,128.25,56.51,0.14,384.75,330.88,161.35,AUD,bank_transfer,web,completed
TXN20260104001211,2026-01-04 17:40:56,1303,272,5006,2,48.63,36.18,0.0,97.26,97.26,24.9,AUD,credit_card,mobile_app,completed
TXN20260104001212,2026-01-04 17:41:15,1086,26,,1,76.06,28.87,0.24,76.06,57.81,28.94,AUD,credit_card,mobile_app,completed
TXN20260104001213,2026-01-04 17:43:00,1085,149,,3,221.16,142.36,0.09,663.48,603.77,176.69,AUD,credit_card,marketplace,completed
TXN20260104001214,2026-01-04 17:44:01,1507,285,5012,2,333.53,259.05,0.15,667.06,567.0,48.9,AUD,debit_card,web,completed
TXN20260104001215,2026-01-04 17:46:33,1430,275,,2,116.41,50.22,0.11,232.82,207.21,106.77,AUD,debit_card,mobile_app,completed
TXN20260104001216,2026-01-04 17:54:18,1736,378,,6,355.29,228.27,0.03,2131.74,2067.79,698.17,AUD,credit_card,web,completed
TXN20260104001217,2026-01-04 17:55:31,1748,115,,3,166.75,108.87,0.16,500.25,420.21,93.6,AUD,paypal,web,completed
TXN20260104001218,2026-01-04 17:56:11,1810,278,,1,60.0,45.1,0.1,60.0,54.0,8.9,AUD,credit_card,mobile_app,completed
TXN20260104001219,2026-01-04 17:57:28,1440,175,5012,2,176.68,90.48,0.22,353.36,275.62,94.66,AUD,credit_card,web,refunded
TXN20260104001220,2026-01-04 17:59:05,1109,330,,4,125.71,91.59,0.17,502.84,417.36,51.0,AUD,debit_card,mobile_app,completed
TXN20260104001221,2026-01-04 18:05:47,1828,3,,4,142.91,77.99,0.05,571.64,543.06,231.1,AUD,credit_card,web,completed
TXN20260104001222,2026-01-04 18:06:58,1496,376,5014,1,227.27,124.66,0.15,227.27,193.18,68.52,AUD,buy_now_pay_later,web,completed
TXN20260104001223,2026-01-04 18:07:25,1915,276,5010,3,260.47,124.27,0.02,781.41,765.78,392.97,AUD,credit_card,phone,completed
TXN20260104001224,2026-01-04 18:09:10,2033,263,,1,194.7,69.51,0.01,194.7,192.75,123.24,AUD,credit_card,mobile_app,completed
TXN20260104001225,2026-01-04 18:09:14,1753,237,,1,5.09,3.29,0.17,5.09,4.22,0.93,AUD,credit_card,web,completed
TXN20260104001226,2026-01-04 18:10:27,1082,349,5016,6,65.04,45.3,0.1,390.24,351.22,79.42,AUD,credit_card,web,completed
TXN20260104001227,2026-01-04 18:10:50,1420,231,,1,114.93,83.66,0.05,114.93,109.18,25.52,AUD,credit_card,in_store,completed
TXN20260104001228,2026-01-04 18:10:53,2124,216,,2,6.49,3.62,0.03,12.98,12.59,5.35,AUD,credit_card,marketplace,completed
TXN20260104001229,2026-01-04 18:11:20,1165,42,5003,2,64.61,39.72,0.22,129.22,100.79,21.35,AUD,paypal,web,completed
TXN20260104001230,2026-01-04 18:11:27,1588,185,,1,182.91,71.26,0.13,182.91,159.13,87.87,AUD,paypal,web,completed
TXN20260104001231,2026-01-04 18:13:47,1855,221,,5,157.27,79.8,0.13,786.35,684.12,285.12,AUD,paypal,web,completed
TXN20260104001232,2026-01-04 18:13:59,1903,127,,2,45.1,29.41,0.07,90.2,83.89,25.07,AUD,debit_card,mobile_app,cancelled
TXN20260104001233,2026-01-04 18:17:04,1891,65,5006,3,253.83,167.53,0.05,761.49,723.42,220.83,AUD,buy_now_pay_later,in_store,completed
TXN20260104001234,2026-01-04 18:18:55,2171,380,,4,148.6,57.32,0.14,594.4,511.18,281.9,AUD,debit_card,mobile_app,completed
TXN20260104001235,2026-01-04 18:23:34,1748,215,,2,8.88,3.58,0.23,17.76,13.68,6.52,AUD,debit_card,marketplace,completed
TXN20260104001236,2026-01-04 18:23:50,1980,54,,5,80.17,60.5,0.08,400.85,368.78,66.28,AUD,buy_now_pay_later,web,completed
TXN20260104001237,2026-01-04 18:26:50,1578,112,,2,121.28,51.75,0.03,242.56,235.28,131.78,AUD,bank_transfer,web,completed
TXN20260104001238,2026-01-04 18:27:07,2187,127,5018,5,45.1,29.41,0.13,225.5,196.19,49.14,AUD,credit_card,mobile_app,completed
TXN20260104001239,2026-01-04 18:27:23,1642,158,,3,101.24,48.34,0.08,303.72,279.42,134.4,AUD,buy_now_pay_later,mobile_app,completed
TXN20260104001240,2026-01-04 18:28:19,1076,228,,1,85.54,59.94,0.1,85.54,76.99,17.05,AUD,credit_card,web,refunded
TXN20260104001241,2026-01-04 18:28:49,1602,176,,1,19.37,14.31,0.03,19.37,18.79,4.48,AUD,credit_card,mobile_app,completed
TXN20260104001242,2026-01-04 18:29:13,1004,400,,6,83.09,58.62,0.0,498.54,498.54,146.82,AUD,paypal,marketplace,completed
TXN20260104001243,2026-01-04 18:32:41,2076,201,,1,105.57,80.82,0.18,105.57,86.57,5.75,AUD,debit_card,web,completed
TXN20260104001244,2026-01-04 18:33:30,1553,337,,6,146.92,72.71,0.16,881.52,740.48,304.22,AUD,credit_card,mobile_app,completed
TXN20260104001245,2026-01-04 18:33:50,1867,206,,1,211.48,126.89,0.14,211.48,181.87,54.98,AUD,credit_card,web,completed
TXN20260104001246,2026-01-04 18:34:47,1392,365,,2,229.11,163.97,0.2,458.22,366.58,38.64,AUD,credit_card,mobile_app,completed
TXN20260104001247,2026-01-04 18:35:01,2040,303,,1,5.2,2.83,0.21,5.2,4.11,1.28,AUD,credit_card,in_store,completed
TXN20260104001248,2026-01-04 18:36:23,1800,350,5014,1,78.73,28.3,0.08,78.73,72.43,44.13,AUD,credit_card,web,completed
TXN20260104001249,2026-01-04 18:37:04,1264,83,,3,271.39,135.83,0.05,814.17,773.46,365.97,AUD,credit_card,marketplace,completed
TXN20260104001250,2026-01-04 18:39:28,1788,85,,5,173.56,99.76,0.02,867.8,850.44,351.64,AUD,bank_transfer,phone,cancelled
TXN20260104001251,2026-01-04 18:42:18,1888,134,,2,151.77,62.1,0.06,303.54,285.33,161.13,AUD,debit_card,mobile_app,completed
TXN20260104001252,2026-01-04 18:42:25,1897,162,,1,102.25,40.84,0.12,102.25,89.98,49.14,AUD,buy_now_pay_later,mobile_app,completed
TXN20260104001253,2026-01-04 18:42:58,2016,79,,2,139.3,69.25,0.18,278.6,228.45,89.95,AUD,credit_card,marketplace,completed
TXN20260104001254,2026-01-04 18:43:02,1409,164,,1,219.94,105.48,0.07,219.94,204.54,99.06,AUD,debit_card,web,completed
TXN20260104001255,2026-01-04 18:45:38,1041,294,5009,2,25.75,16.01,0.07,51.5,47.89,15.87,AUD,paypal,web,completed
TXN20260104001256,2026-01-04 18:47:24,1687,241,,1,242.09,167.24,0.22,242.09,188.83,21.59,AUD,buy_now_pay_later,mobile_app,completed
TXN20260104001257,2026-01-04 18:48:11,1288,24,,6,201.95,77.39,0.03,1211.7,1175.35,711.01,AUD,credit_card,mobile_app,completed
TXN20260104001258,2026-01-04 18:48:15,2137,86,,1,176.95,129.01,0.12,176.95,155.72,26.71,AUD,credit_card,mobile_app,completed
TXN20260104001259,2026-01-04 18:49:42,1090,32,,1,107.59,39.39,0.0,107.59,107.59,68.2,AUD,credit_card,web,completed
TXN20260104001260,2026-01-04 18:51:36,1179,48,,3,196.8,70.47,0.1,590.4,531.36,319.95,AUD,paypal,web,completed
TXN20260104001261,2026-01-04 18:52:25,2194,163,,1,280.84,142.19,0.01,280.84,278.03,135.84,AUD,buy_now_pay_later,web,completed
TXN20260104001262,2026-01-04 18:53:22,1683,204,5005,1,256.41,190.36,0.08,256.41,235.9,45.54,AUD,credit_card,mobile_app,completed
TXN20260104001263,2026-01-04 18:55:13,1018,135,5003,5,141.91,90.68,0.02,709.55,695.36,241.96,AUD,credit_card,mobile_app,refunded
TXN20260104001264,2026-01-04 18:56:14,1585,210,,1,210.36,163.77,0.01,210.36,208.26,44.49,AUD,paypal,marketplace,completed
TXN20260104001265,2026-01-04 18:58:41,1749,77,,3,288.19,141.16,0.07,864.57,804.05,380.57,AUD,buy_now_pay_later,marketplace,completed
TXN20260104001266,2026-01-04 19:00:12,1535,14,,1,60.5,36.5,0.06,60.5,56.87,20.37,AUD,debit_card,mobile_app,completed
TXN20260104001267,2026-01-04 19:00:44,1309,130,5004,4,18.48,10.08,0.09,73.92,67.27,26.95,AUD,gift_card,mobile_app,completed
TXN20260104001268,2026-01-04 19:00:46,1476,53,,5,33.81,14.85,0.04,169.05,162.29,88.04,AUD,credit_card,web,completed
TXN20260104001269,2026-01-04 19:01:03,1647,80,,1,200.59,111.67,0.17,200.59,166.49,54.82,AUD,credit_card,mobile_app,completed
TXN20260104001270,2026-01-04 19:01:38,1657,68,,1,197.74,154.22,0.1,197.74,177.97,23.75,AUD,credit_card,mobile_app,completed
TXN20260104001271,2026-01-04 19:02:08,1188,399,,2,108.85,51.12,0.05,217.7,206.81,104.57,AUD,credit_card,mobile_app,completed
TXN20260104001272,2026-01-04 19:02:13,1573,190,,4,232.96,154.99,0.2,931.84,745.47,125.51,AUD,credit_card,mobile_app,completed
TXN20260104001273,2026-01-04 19:02:20,1807,70,,4,291.11,188.06,0.08,1164.44,1071.28,319.04,AUD,credit_card,web,refunded
TXN20260104001274,2026-01-04 19:02:56,1374,59,,2,66.9,33.14,0.14,133.8,115.07,48.79,AUD,debit_card,mobile_app,completed
TXN20260104001275,2026-01-04 19:03:30,2149,268,5008,6,13.69,9.27,0.03,82.14,79.68,24.06,AUD,paypal,mobile_app,completed
TXN20260104001276,2026-01-04 19:03:51,1916,165,5012,1,198.75,72.56,0.08,198.75,182.85,110.29,AUD,debit_card,mobile_app,completed
TXN20260104001277,2026-01-04 19:04:18,1400,332,,4,436.24,255.68,0.06,1744.96,1640.26,617.54,AUD,credit_card,web,completed
TXN20260104001278,2026-01-04 19:04:31,2080,371,5006,6,279.28,128.3,0.08,1675.68,1541.63,771.83,AUD,credit_card,mobile_app,completed
TXN20260104001279,2026-01-04 19:05:10,1542,235,5014,3,18.79,8.45,0.16,56.37,47.35,22.0,AUD,gift_card,mobile_app,refunded
TXN20260104001280,2026-01-04 19:05:38,1556,48,,2,196.8,70.47,0.08,393.6,362.11,221.17,AUD,paypal,mobile_app,completed
TXN20260104001281,2026-01-04 19:06:26,1688,64,,1,148.54,87.49,0.08,148.54,136.66,49.17,AUD,gift_card,mobile_app,completed
TXN20260104001282,2026-01-04 19:06:42,1081,330,,2,125.71,91.59,0.13,251.42,218.74,35.56,AUD,debit_card,mobile_app,completed
TXN20260104001283,2026-01-04 19:06:48,1305,93,5012,1,325.04,177.67,0.09,325.04,295.79,118.12,AUD,paypal,web,completed
TXN20260104001284,2026-01-04 19:07:04,1372,194,,4,45.96,33.9,0.06,183.84,172.81,37.21,AUD,debit_card,web,completed
TXN20260104001285,2026-01-04 19:07:16,1074,170,,4,68.81,27.57,0.1,275.24,247.72,137.44,AUD,credit_card,mobile_app,completed
TXN20260104001286,2026-01-04 19:07:18,1118,263,5016,3,194.7,69.51,0.16,584.1,490.64,282.11,AUD,credit_card,in_store,completed
TXN20260104001287,2026-01-04 19:07:20,2016,11,,4,383.38,230.87,0.02,1533.52,1502.85,579.37,AUD,credit_card,web,completed
TXN20260104001288,2026-01-04 19:07:26,1702,205,,2,200.88,145.96,0.05,401.76,381.67,89.75,AUD,bank_transfer,web,completed
TXN20260104001289,2026-01-04 19:07:35,2196,283,,3,155.88,105.7,0.11,467.64,416.2,99.1,AUD,paypal,web,completed
TXN20260104001290,2026-01-04 19:07:42,1307,250,,1,231.82,122.47,0.08,231.82,213.27,90.8,AUD,credit_card,web,completed
TXN20260104001291,2026-01-04 19:08:35,1728,399,,1,108.85,51.12,0.22,108.85,84.9,33.78,AUD,bank_transfer,mobile_app,completed
TXN20260104001292,2026-01-04 19:08:44,1248,31,,1,125.26,43.94,0.08,125.26,115.24,71.3,AUD,debit_card,phone,completed
TXN20260104001293,2026-01-04 19:09:05,1780,322,,4,98.42,48.71,0.08,393.68,362.19,167.35,AUD,credit_card,web,completed
TXN20260104001294,2026-01-04 19:10:44,1720,377,,5,34.75,17.44,0.09,173.75,158.11,70.91,AUD,credit_card,marketplace,refunded
TXN20260104001295,2026-01-04 19:11:04,1310,313,,2,364.12,204.74,0.1,728.24,655.42,245.94,AUD,bank_transfer,web,completed
TXN20260104001296,2026-01-04 19:11:07,1158,277,5012,2,470.57,189.97,0.19,941.14,762.32,382.38,AUD,credit_card,web,completed
TXN20260104001297,2026-01-04 19:11:35,1424,262,,2,30.32,15.63,0.04,60.64,58.21,26.95,AUD,debit_card,web,completed
TXN20260104001298,2026-01-04 19:11:46,1206,29,,4,157.08,114.81,0.14,628.32,540.36,81.12,AUD,debit_card,mobile_app,completed
TXN20260104001299,2026-01-04 19:11:54,1767,45,,1,127.42,77.89,0.0,127.42,127.42,49.53,AUD,credit_card,mobile_app,completed
TXN20260104001300,2026-01-04 19:12:25,1024,88,,1,104.05,41.24,0.01,104.05,103.01,61.77,AUD,debit_card,mobile_app,completed
TXN20260104001301,2026-01-04 19:12:58,2124,253,,1,39.46,26.36,0.0,39.46,39.46,13.1,AUD,debit_card,mobile_app,completed
TXN20260104001302,2026-01-04 19:13:36,1851,286,,5,226.6,96.42,0.03,1133.0,1099.01,616.91,AUD,bank_transfer,marketplace,completed
TXN20260104001303,2026-01-04 19:13:47,1825,386,,1,284.12,120.27,0.08,284.12,261.39,141.12,AUD,credit_card,marketplace,refunded
TXN20260104001304,2026-01-04 19:14:41,1660,205,5004,1,200.88,145.96,0.2,200.88,160.7,14.74,AUD,paypal,web,completed
TXN20260104001305,2026-01-04 19:14:50,1740,284,5018,3,359.21,205.04,0.21,1077.63,851.33,236.21,AUD,credit_card,web,completed
TXN20260104001306,2026-01-04 19:15:13,1863,295,,1,125.3,93.62,0.01,125.3,124.05,30.43,AUD,bank_transfer,web,completed
TXN20260104001307,2026-01-04 19:15:14,1567,130,,1,18.48,10.08,0.18,18.48,15.15,5.07,AUD,buy_now_pay_later,marketplace,refunded
TXN20260104001308,2026-01-04 19:16:20,2193,109,,2,156.65,98.49,0.07,313.3,291.37,94.39,AUD,buy_now_pay_later,web,refunded
TXN20260104001309,2026-01-04 19:17:08,1451,150,,2,205.86,111.18,0.01,411.72,407.6,185.24,AUD,debit_card,web,completed
TXN20260104001310,2026-01-04 19:17:30,1766,266,5004,1,87.68,41.95,0.25,87.68,65.76,23.81,AUD,debit_card,mobile_app,completed
TXN20260104001311,2026-01-04 19:17:48,1124,351,,3,410.9,255.25,0.01,1232.7,1220.37,454.62,AUD,gift_card,marketplace,completed
TXN20260104001312,2026-01-04 19:18:21,1858,31,5004,3,125.26,43.94,0.11,375.78,334.44,202.62,AUD,credit_card,in_store,completed
TXN20260104001313,2026-01-04 19:18:23,1628,263,,2,194.7,69.51,0.04,389.4,373.82,234.8,AUD,credit_card,mobile_app,completed
TXN20260104001314,2026-01-04 19:19:28,1292,91,,3,229.04,125.54,0.05,687.12,652.76,276.14,AUD,credit_card,mobile_app,completed
TXN20260104001315,2026-01-04 19:20:12,1368,381,,1,12.14,8.81,0.18,12.14,9.95,1.14,AUD,credit_card,web,completed
TXN20260104001316,2026-01-04 19:20:13,1389,208,,1,165.3,68.58,0.02,165.3,161.99,93.41,AUD,debit_card,in_store,completed
TXN20260104001317,2026-01-04 19:20:37,1223,397,,1,183.67,101.88,0.22,183.67,143.26,41.38,AUD,credit_card,marketplace,completed
TXN20260104001318,2026-01-04 19:22:14,1407,259,,1,243.76,167.05,0.22,243.76,190.13,23.08,AUD,buy_now_pay_later,web,completed
TXN20260104001319,2026-01-04 19:22:42,1214,46,,4,182.51,84.92,0.07,730.04,678.94,339.26,AUD,credit_card,marketplace,completed
TXN20260104001320,2026-01-04 19:23:07,1537,232,,2,159.76,96.34,0.03,319.52,309.93,117.25,AUD,credit_card,web,completed
TXN20260104001321,2026-01-04 19:23:11,1742,6,,2,45.92,33.82,0.08,91.84,84.49,16.85,AUD,credit_card,web,completed
TXN20260104001322,2026-01-04 19:23:27,1592,376,,4,227.27,124.66,0.21,909.08,718.17,219.53,AUD,bank_transfer,web,refunded
TXN20260104001323,2026-01-04 19:23:32,1111,43,,5,211.3,164.39,0.01,1056.5,1045.93,223.98,AUD,debit_card,mobile_app,completed
TXN20260104001324,2026-01-04 19:24:10,1639,260,,3,168.41,124.86,0.22,505.23,394.08,19.5,AUD,credit_card,web,completed
TXN20260104001325,2026-01-04 19:24:15,1775,61,,1,47.35,19.48,0.1,47.35,42.62,23.14,AUD,credit_card,web,refunded
TXN20260104001326,2026-01-04 19:25:12,2053,197,,1,161.84,90.95,0.11,161.84,144.04,53.09,AUD,debit_card,mobile_app,completed
TXN20260104001327,2026-01-04 19:25:32,1600,388,,2,178.72,91.5,0.1,357.44,321.7,138.7,AUD,credit_card,mobile_app,completed
TXN20260104001328,2026-01-04 19:25:44,1405,352,,6,241.96,137.89,0.0,1451.76,1451.76,624.42,AUD,credit_card,mobile_app,completed
TXN20260104001329,2026-01-04 19:25:44,1876,256,5002,5,65.44,43.78,0.09,327.2,297.75,78.85,AUD,credit_card,web,completed
TXN20260104001330,2026-01-04 19:25:46,1212,324,5018,1,79.51,55.68,0.02,79.51,77.92,22.24,AUD,debit_card,web,completed
TXN20260104001331,2026-01-04 19:26:18,1212,55,5014,1,51.38,24.77,0.19,51.38,41.62,16.85,AUD,paypal,mobile_app,cancelled
TXN20260104001332,2026-01-04 19:26:55,1174,366,5006,1,212.32,146.95,0.2,212.32,169.86,22.91,AUD,credit_card,web,cancelled
TXN20260104001333,2026-01-04 19:27:02,1207,271,,4,132.74,79.27,0.09,530.96,483.17,166.09,AUD,buy_now_pay_later,web,completed
TXN20260104001334,2026-01-04 19:27:27,1035,318,,3,104.56,45.81,0.01,313.68,310.54,173.11,AUD,debit_card,web,completed
TXN20260104001335,2026-01-04 19:28:05,1933,202,,1,257.36,101.79,0.05,257.36,244.49,142.7,AUD,bank_transfer,mobile_app,completed
TXN20260104001336,2026-01-04 19:28:27,1610,188,,4,141.88,98.58,0.04,567.52,544.82,150.5,AUD,debit_card,mobile_app,completed
TXN20260104001337,2026-01-04 19:28:29,1001,60,,1,77.58,46.86,0.05,77.58,73.7,26.84,AUD,debit_card,mobile_app,completed
TXN20260104001338,2026-01-04 19:29:50,1116,217,,1,105.58,80.07,0.01,105.58,104.52,24.45,AUD,credit_card,mobile_app,completed
TXN20260104001339,2026-01-04 19:29:50,1331,400,5008,3,83.09,58.62,0.01,249.27,246.78,70.92,AUD,credit_card,web,completed
TXN20260104001340,2026-01-04 19:30:01,1391,6,,5,45.92,33.82,0.1,229.6,206.64,37.54,AUD,debit_card,web,completed
TXN20260104001341,2026-01-04 19:30:34,1811,144,,1,19.12,6.9,0.1,19.12,17.21,10.31,AUD,debit_card,mobile_app,completed
TXN20260104001342,2026-01-04 19:31:19,1459,318,,2,104.56,45.81,0.25,209.12,156.84,65.22,AUD,gift_card,web,completed
TXN20260104001343,2026-01-04 19:32:01,1623,139,,2,93.98,72.88,0.12,187.96,165.4,19.64,AUD,paypal,web,completed
TXN20260104001344,2026-01-04 19:32:10,1487,149,5016,3,221.16,142.36,0.2,663.48,530.78,103.7,AUD,gift_card,mobile_app,completed
TXN20260104001345,2026-01-04 19:32:45,1063,268,5007,4,13.69,9.27,0.08,54.76,50.38,13.3,AUD,credit_card,web,completed
TXN20260104001346,2026-01-04 19:33:10,1866,130,,3,18.48,10.08,0.08,55.44,51.0,20.76,AUD,buy_now_pay_later,web,completed
TXN20260104001347,2026-01-04 19:33:35,2062,305,,1,51.53,22.19,0.11,51.53,45.86,23.67,AUD,credit_card,marketplace,completed
TXN20260104001348,2026-01-04 19:35:01,1693,196,,2,113.34,80.83,0.08,226.68,208.55,46.89,AUD,credit_card,mobile_app,completed
TXN20260104001349,2026-01-04 19:35:02,1010,378,,4,355.29,228.27,0.24,1421.16,1080.08,167.0,AUD,debit_card,web,completed
TXN20260104001350,2026-01-04 19:35:06,1216,8,5010,6,65.06,29.43,0.02,390.36,382.55,205.97,AUD,credit_card,in_store,completed
TXN20260104001351,2026-01-04 19:35:15,2199,305,5014,3,51.53,22.19,0.02,154.59,151.5,84.93,AUD,credit_card,mobile_app,completed
TXN20260104001352,2026-01-04 19:36:11,1925,353,,1,53.63,27.2,0.07,53.63,49.88,22.68,AUD,credit_card,marketplace,completed
TXN20260104001353,2026-01-04 19:36:19,1183,363,,1,161.87,102.03,0.01,161.87,160.25,58.22,AUD,credit_card,mobile_app,completed
TXN20260104001354,2026-01-04 19:36:22,1088,368,,4,77.62,57.72,0.01,310.48,307.38,76.5,AUD,credit_card,mobile_app,completed
TXN20260104001355,2026-01-04 19:36:22,1619,233,,3,320.43,123.08,0.01,961.29,951.68,582.44,AUD,credit_card,web,completed
TXN20260104001356,2026-01-04 19:36:25,1838,232,,1,159.76,96.34,0.18,159.76,131.0,34.66,AUD,credit_card,mobile_app,completed
TXN20260104001357,2026-01-04 19:37:17,1682,157,5010,2,63.5,40.09,0.05,127.0,120.65,40.47,AUD,bank_transfer,mobile_app,completed
TXN20260104001358,2026-01-04 19:37:38,1555,286,,3,226.6,96.42,0.06,679.8,639.01,349.75,AUD,buy_now_pay_later,web,completed
TXN20260104001359,2026-01-04 19:38:29,1575,317,,3,25.27,14.13,0.17,75.81,62.92,20.53,AUD,bank_transfer,web,refunded
TXN20260104001360,2026-01-04 19:38:35,1023,238,5013,2,356.39,213.37,0.09,712.78,648.63,221.89,AUD,credit_card,in_store,completed
TXN20260104001361,2026-01-04 19:39:05,1239,70,5017,1,291.11,188.06,0.13,291.11,253.27,65.21,AUD,credit_card,mobile_app,completed
TXN20260104001362,2026-01-04 19:39:27,1126,159,,3,232.46,120.67,0.24,697.38,530.01,168.0,AUD,debit_card,mobile_app,completed
TXN20260104001363,2026-01-04 19:39:46,1635,137,,1,230.43,174.09,0.06,230.43,216.6,42.51,AUD,credit_card,mobile_app,completed
TXN20260104001364,2026-01-04 19:40:32,1247,66,,1,157.5,63.74,0.15,157.5,133.88,70.14,AUD,credit_card,in_store,completed
TXN20260104001365,2026-01-04 19:40:37,1771,18,,4,23.51,10.69,0.05,94.04,89.34,46.58,AUD,debit_card,marketplace,completed
TXN20260104001366,2026-01-04 19:40:46,1849,394,5004,3,26.27,10.02,0.01,78.81,78.02,47.96,AUD,paypal,marketplace,completed
TXN20260104001367,2026-01-04 19:40:49,1783,264,,1,82.43,34.18,0.06,82.43,77.48,43.3,AUD,credit_card,web,completed
TXN20260104001368,2026-01-04 19:41:06,2064,62,,2,46.07,33.25,0.03,92.14,89.38,22.88,AUD,paypal,mobile_app,completed
TXN20260104001369,2026-01-04 19:41:12,1452,221,,1,157.27,79.8,0.01,157.27,155.7,75.9,AUD,buy_now_pay_later,web,completed
TXN20260104001370,2026-01-04 19:41:41,1246,293,5002,4,100.6,74.23,0.2,402.4,321.92,25.0,AUD,gift_card,web,completed
TXN20260104001371,2026-01-04 19:41:43,1299,78,,2,128.52,52.69,0.0,257.04,257.04,151.66,AUD,paypal,mobile_app,completed
TXN20260104001372,2026-01-04 19:42:37,1264,287,,5,67.92,35.4,0.22,339.6,264.89,87.89,AUD,credit_card,web,completed
TXN20260104001373,2026-01-04 19:42:43,1985,250,,2,231.82,122.47,0.22,463.64,361.64,116.7,AUD,gift_card,marketplace,completed
TXN20260104001374,2026-01-04 19:42:45,1748,361,,3,172.83,61.35,0.11,518.49,461.46,277.41,AUD,credit_card,mobile_app,completed
TXN20260104001375,2026-01-04 19:42:47,1682,146,5002,3,182.6,76.84,0.12,547.8,482.06,251.54,AUD,credit_card,web,refunded
TXN20260104001376,2026-01-04 19:42:51,1524,389,,1,275.99,150.66,0.22,275.99,215.27,64.61,AUD,bank_transfer,mobile_app,completed
TXN20260104001377,2026-01-04 19:43:47,1159,246,,1,334.95,216.34,0.05,334.95,318.2,101.86,AUD,debit_card,web,cancelled
TXN20260104001378,2026-01-04 19:43:47,1160,84,5013,2,131.95,75.26,0.1,263.9,237.51,86.99,AUD,credit_card,mobile_app,completed
TXN20260104001379,2026-01-04 19:44:01,1926,168,,1,356.7,253.22,0.15,356.7,303.19,49.97,AUD,credit_card,mobile_app,completed
TXN20260104001380,2026-01-04 19:44:02,1201,380,5003,2,148.6,57.32,0.04,297.2,285.31,170.67,AUD,gift_card,mobile_app,completed
TXN20260104001381,2026-01-04 19:44:12,1515,370,5009,1,292.21,138.01,0.05,292.21,277.6,139.59,AUD,debit_card,marketplace,completed
TXN20260104001382,2026-01-04 19:44:21,2052,37,,1,5.1,1.86,0.0,5.1,5.1,3.24,AUD,debit_card,web,completed
TXN20260104001383,2026-01-04 19:44:33,2180,199,5008,1,405.48,228.61,0.11,405.48,360.88,132.27,AUD,credit_card,web,completed
TXN20260104001384,2026-01-04 19:45:28,1985,50,,1,145.4,62.87,0.15,145.4,123.59,60.72,AUD,paypal,mobile_app,completed
TXN20260104001385,2026-01-04 19:45:58,1695,142,5009,1,424.43,299.05,0.11,424.43,377.74,78.69,AUD,credit_card,web,completed
TXN20260104001386,2026-01-04 19:46:00,1801,180,5016,1,233.35,116.35,0.23,233.35,179.68,63.33,AUD,debit_card,web,completed
TXN20260104001387,2026-01-04 19:46:07,1115,255,,3,109.46,69.18,0.03,328.38,318.53,110.99,AUD,credit_card,web,cancelled
TXN20260104001388,2026-01-04 19:46:19,1742,93,,4,325.04,177.67,0.09,1300.16,1183.15,472.47,AUD,bank_transfer,mobile_app,completed
TXN20260104001389,2026-01-04 19:46:45,1528,331,,5,188.98,138.35,0.02,944.9,926.0,234.25,AUD,paypal,web,completed
TXN20260104001390,2026-01-04 19:46:53,2068,22,,1,239.15,141.03,0.14,239.15,205.67,64.64,AUD,credit_card,mobile_app,completed
TXN20260104001391,2026-01-04 19:46:59,2177,317,,2,25.27,14.13,0.05,50.54,48.01,19.75,AUD,credit_card,mobile_app,completed
TXN20260104001392,2026-01-04 19:47:05,1730,61,,4,47.35,19.48,0.01,189.4,187.51,109.59,AUD,credit_card,web,completed
TXN20260104001393,2026-01-04 19:47:33,1112,209,5004,3,16.17,12.13,0.14,48.51,41.72,5.33,AUD,paypal,mobile_app,completed
TXN20260104001394,2026-01-04 19:47:36,1205,57,5007,4,7.38,2.62,0.1,29.52,26.57,16.09,AUD,credit_card,web,completed
TXN20260104001395,2026-01-04 19:47:52,1548,179,,1,197.14,84.55,0.14,197.14,169.54,84.99,AUD,paypal,web,completed
TXN20260104001396,2026-01-04 19:47:55,1050,380,,3,148.6,57.32,0.0,445.8,445.8,273.84,AUD,paypal,mobile_app,completed
TXN20260104001397,2026-01-04 19:48:06,1241,154,,3,128.25,56.51,0.07,384.75,357.82,188.29,AUD,credit_card,mobile_app,completed
TXN20260104001398,2026-01-04 19:48:16,1960,14,5012,2,60.5,36.5,0.03,121.0,117.37,44.37,AUD,credit_card,web,completed
TXN20260104001399,2026-01-04 19:48:17,1088,212,5003,1,172.34,98.73,0.14,172.34,148.21,49.48,AUD,debit_card,marketplace,completed
TXN20260104001400,2026-01-04 19:48:36,2084,286,5010,1,226.6,96.42,0.1,226.6,203.94,107.52,AUD,credit_card,mobile_app,refunded
TXN20260104001401,2026-01-04 19:48:39,1527,338,5003,3,454.19,219.15,0.11,1362.57,1212.69,555.24,AUD,credit_card,marketplace,completed
TXN20260104001402,2026-01-04 19:48:45,2041,308,,5,227.37,123.17,0.27,1136.85,829.9,214.05,AUD,credit_card,web,completed
TXN20260104001403,2026-01-04 19:48:46,1181,25,5008,3,279.71,213.59,0.14,839.13,721.65,80.88,AUD,credit_card,marketplace,completed
TXN20260104001404,2026-01-04 19:50:51,1676,22,,2,239.15,141.03,0.23,478.3,368.29,86.23,AUD,debit_card,mobile_app,completed
TXN20260104001405,2026-01-04 19:50:53,1540,84,5017,1,131.95,75.26,0.08,131.95,121.39,46.13,AUD,credit_card,mobile_app,completed
TXN20260104001406,2026-01-04 19:51:32,1271,95,5014,5,125.86,97.81,0.01,629.3,623.01,133.96,AUD,paypal,mobile_app,completed
TXN20260104001407,2026-01-04 19:53:34,1804,246,5007,5,334.95,216.34,0.0,1674.75,1674.75,593.05,AUD,credit_card,web,completed
TXN20260104001408,2026-01-04 19:53:37,2122,184,,1,24.72,17.45,0.05,24.72,23.48,6.03,AUD,buy_now_pay_later,web,completed
TXN20260104001409,2026-01-04 19:53:49,2132,337,5012,3,146.92,72.71,0.12,440.76,387.87,169.74,AUD,credit_card,web,completed
TXN20260104001410,2026-01-04 19:54:03,2046,186,,2,294.97,120.02,0.25,589.94,442.46,202.42,AUD,credit_card,web,completed
TXN20260104001411,2026-01-04 19:54:49,2134,118,5002,2,63.49,25.23,0.1,126.98,114.28,63.82,AUD,debit_card,in_store,cancelled
TXN20260104001412,2026-01-04 19:55:01,1375,217,,1,105.58,80.07,0.25,105.58,79.19,-0.88,AUD,bank_transfer,mobile_app,completed
TXN20260104001413,2026-01-04 19:55:16,2068,341,,3,329.88,115.66,0.04,989.64,950.05,603.07,AUD,buy_now_pay_later,web,completed
TXN20260104001414,2026-01-04 19:55:29,1365,148,,1,64.17,49.35,0.05,64.17,60.96,11.61,AUD,credit_card,mobile_app,completed
TXN20260104001415,2026-01-04 19:56:25,1856,189,5007,2,209.27,158.1,0.01,418.54,414.35,98.15,AUD,paypal,marketplace,completed
TXN20260104001416,2026-01-04 19:56:31,1453,74,,1,161.48,101.89,0.08,161.48,148.56,46.67,AUD,credit_card,mobile_app,completed
TXN20260104001417,2026-01-04 19:56:56,1580,119,,5,26.62,12.14,0.14,133.1,114.47,53.77,AUD,debit_card,web,completed
TXN20260104001418,2026-01-04 19:57:17,1901,277,,2,470.57,189.97,0.07,941.14,875.26,495.32,AUD,credit_card,web,completed
TXN20260104001419,2026-01-04 19:57:56,1173,316,,1,109.37,70.04,0.22,109.37,85.31,15.27,AUD,credit_card,marketplace,completed
TXN20260104001420,2026-01-04 19:58:12,1472,42,5016,3,64.61,39.72,0.01,193.83,191.89,72.73,AUD,paypal,web,completed
TXN20260104001421,2026-01-04 19:59:07,1032,399,,2,108.85,51.12,0.0,217.7,217.7,115.46,AUD,credit_card,web,completed
TXN20260104001422,2026-01-04 19:59:24,1494,138,,3,132.98,57.54,0.11,398.94,355.06,182.44,AUD,paypal,web,completed
TXN20260104001423,2026-01-04 19:59:40,2015,87,5003,1,137.75,85.09,0.08,137.75,126.73,41.64,AUD,credit_card,mobile_app,completed
TXN20260104001424,2026-01-04 20:00:07,2142,354,5009,3,128.43,85.15,0.1,385.29,346.76,91.31,AUD,credit_card,web,completed
TXN20260104001425,2026-01-04 20:00:10,1542,105,5010,2,142.92,89.61,0.04,285.84,274.41,95.19,AUD,credit_card,marketplace,completed
TXN20260104001426,2026-01-04 20:00:40,1835,366,,5,212.32,146.95,0.07,1061.6,987.29,252.54,AUD,bank_transfer,web,completed
TXN20260104001427,2026-01-04 20:00:54,1690,340,,3,69.61,35.79,0.22,208.83,162.89,55.52,AUD,paypal,mobile_app,completed
TXN20260104001428,2026-01-04 20:03:05,1292,67,,1,164.66,66.92,0.12,164.66,144.9,77.98,AUD,debit_card,mobile_app,completed
TXN20260104001429,2026-01-04 20:03:18,1152,330,,1,125.71,91.59,0.26,125.71,93.03,1.44,AUD,credit_card,mobile_app,completed
TXN20260104001430,2026-01-04 20:03:57,1044,65,,2,253.83,167.53,0.12,507.66,446.74,111.68,AUD,paypal,mobile_app,completed
TXN20260104001431,2026-01-04 20:03:59,1226,312,5006,2,142.79,97.05,0.16,285.58,239.89,45.79,AUD,credit_card,mobile_app,completed
TXN20260104001432,2026-01-04 20:04:54,1975,132,5012,5,109.21,38.28,0.04,546.05,524.21,332.81,AUD,credit_card,mobile_app,completed
TXN20260104001433,2026-01-04 20:05:28,1606,363,,4,161.87,102.03,0.01,647.48,641.01,232.89,AUD,buy_now_pay_later,mobile_app,refunded
TXN20260104001434,2026-01-04 20:05:58,1826,86,,4,176.95,129.01,0.06,707.8,665.33,149.29,AUD,debit_card,mobile_app,completed
TXN20260104001435,2026-01-04 20:06:42,1549,342,,1,119.39,87.78,0.02,119.39,117.0,29.22,AUD,debit_card,mobile_app,completed
TXN20260104001436,2026-01-04 20:07:05,1313,383,5010,4,227.62,101.34,0.03,910.48,883.17,477.81,AUD,credit_card,web,completed
TXN20260104001437,2026-01-04 20:07:39,1351,366,,6,212.32,146.95,0.03,1273.92,1235.7,354.0,AUD,paypal,mobile_app,completed
TXN20260104001438,2026-01-04 20:08:09,1402,88,5007,1,104.05,41.24,0.21,104.05,82.2,40.96,AUD,credit_card,mobile_app,completed
TXN20260104001439,2026-01-04 20:08:53,1289,82,,3,221.86,146.05,0.13,665.58,579.05,140.9,AUD,debit_card,web,completed
TXN20260104001440,2026-01-04 20:08:55,2079,230,,1,249.03,160.65,0.15,249.03,211.68,51.03,AUD,credit_card,in_store,completed
TXN20260104001441,2026-01-04 20:09:18,1129,366,,3,212.32,146.95,0.11,636.96,566.89,126.04,AUD,bank_transfer,web,completed
TXN20260104001442,2026-01-04 20:09:24,1426,392,5017,3,197.73,138.04,0.09,593.19,539.8,125.68,AUD,credit_card,mobile_app,completed
TXN20260104001443,2026-01-04 20:10:04,1663,284,5017,2,359.21,205.04,0.12,718.42,632.21,222.13,AUD,debit_card,web,completed
TXN20260104001444,2026-01-04 20:10:28,1782,187,,3,18.28,11.11,0.11,54.84,48.81,15.48,AUD,credit_card,marketplace,completed
TXN20260104001445,2026-01-04 20:11:17,1755,360,5010,5,22.41,17.01,0.03,112.05,108.69,23.64,AUD,buy_now_pay_later,mobile_app,completed
TXN20260104001446,2026-01-04 20:11:44,1028,326,5002,1,183.44,105.75,0.05,183.44,174.27,68.52,AUD,credit_card,mobile_app,completed
TXN20260104001447,2026-01-04 20:12:11,2080,10,,3,246.81,139.27,0.15,740.43,629.37,211.56,AUD,bank_transfer,web,completed
TXN20260104001448,2026-01-04 20:12:19,1952,96,,4,143.85,89.79,0.08,575.4,529.37,170.21,AUD,credit_card,marketplace,completed
TXN20260104001449,2026-01-04 20:12:45,1928,20,5007,6,230.82,128.98,0.07,1384.92,1287.98,514.1,AUD,buy_now_pay_later,marketplace,completed
TXN20260104001450,2026-01-04 20:13:14,1302,160,,3,132.52,86.58,0.03,397.56,385.63,125.89,AUD,credit_card,marketplace,completed
TXN20260104001451,2026-01-04 20:14:43,1817,102,,2,276.02,213.86,0.14,552.04,474.75,47.03,AUD,debit_card,marketplace,cancelled
TXN20260104001452,2026-01-04 20:15:58,1194,383,,4,227.62,101.34,0.04,910.48,874.06,468.7,AUD,paypal,in_store,completed
TXN20260104001453,2026-01-04 20:16:18,1860,327,,5,27.46,12.97,0.15,137.3,116.71,51.86,AUD,paypal,marketplace,completed
TXN20260104001454,2026-01-04 20:16:26,1782,111,,4,130.14,98.41,0.07,520.56,484.12,90.48,AUD,debit_card,web,completed
TXN20260104001455,2026-01-04 20:16:36,1357,67,5014,2,164.66,66.92,0.04,329.32,316.15,182.31,AUD,debit_card,mobile_app,completed
TXN20260104001456,2026-01-04 20:16:54,1072,80,5004,4,200.59,111.67,0.01,802.36,794.34,347.66,AUD,credit_card,web,completed
TXN20260104001457,2026-01-04 20:17:46,1300,120,,2,231.92,128.02,0.02,463.84,454.56,198.52,AUD,debit_card,mobile_app,completed
TXN20260104001458,2026-01-04 20:17:55,1773,28,,2,154.87,112.5,0.14,309.74,266.38,41.38,AUD,credit_card,web,completed
TXN20260104001459,2026-01-04 20:18:09,2149,86,,2,176.95,129.01,0.07,353.9,329.13,71.11,AUD,credit_card,mobile_app,completed
TXN20260104001460,2026-01-04 20:18:12,2175,68,,3,197.74,154.22,0.08,593.22,545.76,83.1,AUD,debit_card,web,completed
TXN20260104001461,2026-01-04 20:19:16,1722,232,5007,5,159.76,96.34,0.13,798.8,694.96,213.26,AUD,credit_card,web,completed
TXN20260104001462,2026-01-04 20:21:13,1420,196,5008,1,113.34,80.83,0.13,113.34,98.61,17.78,AUD,gift_card,web,completed
TXN20260104001463,2026-01-04 20:22:48,2105,117,,2,17.41,7.32,0.09,34.82,31.69,17.05,AUD,credit_card,web,completed
TXN20260104001464,2026-01-04 20:23:15,2081,58,,1,93.1,56.49,0.1,93.1,83.79,27.3,AUD,buy_now_pay_later,web,completed
TXN20260104001465,2026-01-04 20:24:06,2197,200,,5,8.47,4.01,0.1,42.35,38.12,18.07,AUD,credit_card,mobile_app,completed
TXN20260104001466,2026-01-04 20:24:12,1748,285,,2,333.53,259.05,0.27,667.06,486.95,-31.15,AUD,paypal,mobile_app,completed
TXN20260104001467,2026-01-04 20:24:55,1697,190,,2,232.96,154.99,0.15,465.92,396.03,86.05,AUD,credit_card,mobile_app,completed
TXN20260104001468,2026-01-04 20:24:57,1199,74,5012,4,161.48,101.89,0.24,645.92,490.9,83.34,AUD,paypal,web,completed
TXN20260104001469,2026-01-04 20:25:39,1484,234,,2,153.86,117.69,0.03,307.72,298.49,63.11,AUD,credit_card,web,completed
TXN20260104001470,2026-01-04 20:25:45,1175,384,,5,25.19,17.92,0.01,125.95,124.69,35.09,AUD,bank_transfer,marketplace,completed
TXN20260104001471,2026-01-04 20:26:01,2159,288,,3,349.87,265.76,0.16,1049.61,881.67,84.39,AUD,credit_card,web,completed
TXN20260104001472,2026-01-04 20:27:35,1292,370,,2,292.21,138.01,0.15,584.42,496.76,220.74,AUD,debit_card,web,completed
TXN20260104001473,2026-01-04 20:27:54,2092,62,,1,46.07,33.25,0.03,46.07,44.69,11.44,AUD,credit_card,web,completed
TXN20260104001474,2026-01-04 20:28:19,1996,205,,1,200.88,145.96,0.07,200.88,186.82,40.86,AUD,credit_card,web,completed
TXN20260104001475,2026-01-04 20:28:41,2055,199,,3,405.48,228.61,0.0,1216.44,1216.44,530.61,AUD,credit_card,mobile_app,completed
TXN20260104001476,2026-01-04 20:28:50,1149,87,,2,137.75,85.09,0.0,275.5,275.5,105.32,AUD,credit_card,mobile_app,completed
TXN20260104001477,2026-01-04 20:28:56,1250,249,5007,4,96.17,46.26,0.19,384.68,311.59,126.55,AUD,gift_card,web,completed
TXN20260104001478,2026-01-04 20:29:40,2054,390,5018,2,368.36,241.5,0.1,736.72,663.05,180.05,AUD,credit_card,web,completed
TXN20260104001479,2026-01-04 20:29:45,1661,236,,1,7.93,6.02,0.01,7.93,7.85,1.83,AUD,debit_card,web,completed
TXN20260104001480,2026-01-04 20:29:51,1371,46,5004,1,182.51,84.92,0.04,182.51,175.21,90.29,AUD,credit_card,web,completed
TXN20260104001481,2026-01-04 20:29:52,1713,139,5002,4,93.98,72.88,0.09,375.92,342.09,50.57,AUD,paypal,marketplace,completed
TXN20260104001482,2026-01-04 20:30:47,2066,136,,2,12.1,8.71,0.09,24.2,22.02,4.6,AUD,debit_card,mobile_app,completed
TXN20260104001483,2026-01-04 20:31:04,1643,33,,3,120.22,59.38,0.08,360.66,331.81,153.67,AUD,credit_card,web,completed
TXN20260104001484,2026-01-04 20:32:29,1756,221,,1,157.27,79.8,0.01,157.27,155.7,75.9,AUD,debit_card,mobile_app,completed
TXN20260104001485,2026-01-04 20:32:30,2182,254,,4,151.84,54.33,0.01,607.36,601.29,383.97,AUD,buy_now_pay_later,mobile_app,completed
TXN20260104001486,2026-01-04 20:32:46,1475,249,,1,96.17,46.26,0.14,96.17,82.71,36.45,AUD,credit_card,web,refunded
TXN20260104001487,2026-01-04 20:33:25,1361,303,,1,5.2,2.83,0.07,5.2,4.84,2.01,AUD,credit_card,mobile_app,completed
TXN20260104001488,2026-01-04 20:33:54,1136,297,5017,4,258.89,188.19,0.05,1035.56,983.78,231.02,AUD,credit_card,web,completed
TXN20260104001489,2026-01-04 20:34:04,1267,330,,1,125.71,91.59,0.07,125.71,116.91,25.32,AUD,debit_card,web,completed
TXN20260104001490,2026-01-04 20:34:04,2044,154,,3,128.25,56.51,0.06,384.75,361.66,192.13,AUD,buy_now_pay_later,phone,completed
TXN20260104001491,2026-01-04 20:35:11,2004,240,,2,296.5,109.26,0.08,593.0,545.56,327.04,AUD,credit_card,marketplace,completed
TXN20260104001492,2026-01-04 20:37:14,1417,202,5016,2,257.36,101.79,0.01,514.72,509.57,305.99,AUD,credit_card,mobile_app,completed
TXN20260104001493,2026-01-04 20:37:50,1698,199,,3,405.48,228.61,0.08,1216.44,1119.12,433.29,AUD,credit_card,web,completed
TXN20260104001494,2026-01-04 20:38:13,1303,59,,4,66.9,33.14,0.2,267.6,214.08,81.52,AUD,credit_card,mobile_app,completed
TXN20260104001495,2026-01-04 20:38:24,1863,360,,3,22.41,17.01,0.21,67.23,53.11,2.08,AUD,credit_card,web,completed
TXN20260104001496,2026-01-04 20:38:32,1366,381,,2,12.14,8.81,0.22,24.28,18.94,1.32,AUD,credit_card,web,completed
TXN20260104001497,2026-01-04 20:38:36,2066,206,5009,6,211.48,126.89,0.09,1268.88,1154.68,393.34,AUD,credit_card,web,completed
TXN20260104001498,2026-01-04 20:39:18,1048,13,,3,39.93,31.05,0.25,119.79,89.84,-3.31,AUD,credit_card,web,completed
TXN20260104001499,2026-01-04 20:39:55,1854,333,,3,41.88,25.97,0.09,125.64,114.33,36.42,AUD,gift_card,web,cancelled
TXN20260104001500,2026-01-04 20:41:12,1244,366,,2,212.32,146.95,0.03,424.64,411.9,118.0,AUD,paypal,web,completed
TXN20260104001501,2026-01-04 20:41:12,1212,343,5017,2,32.63,13.17,0.26,65.26,48.29,21.95,AUD,buy_now_pay_later,mobile_app,completed
TXN20260104001502,2026-01-04 20:41:20,1548,380,,2,148.6,57.32,0.05,297.2,282.34,167.7,AUD,credit_card,mobile_app,cancelled
TXN20260104001503,2026-01-04 20:42:45,1709,26,,1,76.06,28.87,0.19,76.06,61.61,32.74,AUD,debit_card,web,completed
TXN20260104001504,2026-01-04 20:44:20,1948,32,5007,2,107.59,39.39,0.1,215.18,193.66,114.88,AUD,credit_card,web,completed
TXN20260104001505,2026-01-04 20:45:22,1474,73,,2,97.62,68.56,0.08,195.24,179.62,42.5,AUD,gift_card,web,completed
TXN20260104001506,2026-01-04 20:45:37,1237,235,,1,18.79,8.45,0.17,18.79,15.6,7.15,AUD,credit_card,mobile_app,completed
TXN20260104001507,2026-01-04 20:45:41,2102,127,,1,45.1,29.41,0.16,45.1,37.88,8.47,AUD,paypal,marketplace,completed
TXN20260104001508,2026-01-04 20:46:00,1929,217,,4,105.58,80.07,0.13,422.32,367.42,47.14,AUD,bank_transfer,web,completed
TXN20260104001509,2026-01-04 20:46:25,2084,359,,3,421.42,180.37,0.07,1264.26,1175.76,634.65,AUD,paypal,marketplace,completed
TXN20260104001510,2026-01-04 20:48:31,1653,311,,4,265.88,206.32,0.21,1063.52,840.18,14.9,AUD,credit_card,web,completed
TXN20260104001511,2026-01-04 20:48:33,1765,218,,5,150.35,81.79,0.22,751.75,586.37,177.42,AUD,credit_card,web,completed
TXN20260104001512,2026-01-04 20:49:08,1906,188,,4,141.88,98.58,0.03,567.52,550.49,156.17,AUD,debit_card,web,completed
TXN20260104001513,2026-01-04 20:49:21,2117,56,,4,221.91,135.65,0.09,887.64,807.75,265.15,AUD,buy_now_pay_later,web,cancelled
TXN20260104001514,2026-01-04 20:49:28,1132,294,,4,25.75,16.01,0.19,103.0,83.43,19.39,AUD,debit_card,in_store,refunded
TXN20260104001515,2026-01-04 20:49:28,1143,85,,2,173.56,99.76,0.04,347.12,333.24,133.72,AUD,paypal,mobile_app,completed
TXN20260104001516,2026-01-04 20:49:56,1185,326,,3,183.44,105.75,0.07,550.32,511.8,194.55,AUD,debit_card,mobile_app,completed
TXN20260104001517,2026-01-04 20:50:35,2007,124,,5,396.85,254.98,0.09,1984.25,1805.67,530.77,AUD,debit_card,mobile_app,completed
TXN20260104001518,2026-01-04 20:51:02,1077,318,,2,104.56,45.81,0.08,209.12,192.39,100.77,AUD,credit_card,mobile_app,completed
TXN20260104001519,2026-01-04 20:52:15,1181,73,5013,1,97.62,68.56,0.22,97.62,76.14,7.58,AUD,buy_now_pay_later,web,completed
TXN20260104001520,2026-01-04 20:52:45,1300,281,5018,5,206.68,92.2,0.15,1033.4,878.39,417.39,AUD,bank_transfer,web,cancelled
TXN20260104001521,2026-01-04 20:52:53,1861,147,5013,3,287.02,186.05,0.12,861.06,757.73,199.58,AUD,credit_card,web,completed
TXN20260104001522,2026-01-04 20:53:13,1133,95,,1,125.86,97.81,0.11,125.86,112.02,14.21,AUD,debit_card,mobile_app,refunded
TXN20260104001523,2026-01-04 20:53:27,1774,267,,4,13.67,9.81,0.05,54.68,51.95,12.71,AUD,credit_card,web,completed
TXN20260104001524,2026-01-04 20:53:46,1647,139,,3,93.98,72.88,0.05,281.94,267.84,49.2,AUD,debit_card,marketplace,refunded
TXN20260104001525,2026-01-04 20:54:01,1270,84,,1,131.95,75.26,0.04,131.95,126.67,51.41,AUD,gift_card,web,completed
TXN20260104001526,2026-01-04 20:54:02,1001,110,,2,30.96,17.81,0.07,61.92,57.59,21.97,AUD,credit_card,mobile_app,refunded
TXN20260104001527,2026-01-04 20:54:51,1474,356,,2,35.78,19.54,0.2,71.56,57.25,18.17,AUD,buy_now_pay_later,web,completed
TXN20260104001528,2026-01-04 20:55:16,1500,281,,2,206.68,92.2,0.19,413.36,334.82,150.42,AUD,paypal,web,completed
TXN20260104001529,2026-01-04 20:55:17,1769,271,5014,3,132.74,79.27,0.16,398.22,334.5,96.69,AUD,debit_card,web,completed
TXN20260104001530,2026-01-04 20:55:40,1822,374,5004,2,37.72,26.55,0.24,75.44,57.33,4.23,AUD,credit_card,marketplace,completed
TXN20260104001531,2026-01-04 20:56:23,1219,43,,1,211.3,164.39,0.18,211.3,173.27,8.88,AUD,credit_card,mobile_app,completed
TXN20260104001532,2026-01-04 20:56:43,1184,396,,2,358.76,209.23,0.09,717.52,652.94,234.48,AUD,debit_card,marketplace,completed
TXN20260104001533,2026-01-04 20:56:47,1188,53,,1,33.81,14.85,0.19,33.81,27.39,12.54,AUD,paypal,web,completed
TXN20260104001534,2026-01-04 20:57:59,1865,160,,4,132.52,86.58,0.02,530.08,519.48,173.16,AUD,paypal,mobile_app,cancelled
TXN20260104001535,2026-01-04 20:58:55,1483,85,5009,2,173.56,99.76,0.07,347.12,322.82,123.3,AUD,debit_card,web,completed
TXN20260104001536,2026-01-04 20:59:04,2008,239,,1,33.36,20.5,0.2,33.36,26.69,6.19,AUD,debit_card,in_store,completed
TXN20260104001537,2026-01-04 20:59:06,1906,332,,4,436.24,255.68,0.02,1744.96,1710.06,687.34,AUD,paypal,mobile_app,completed
TXN20260104001538,2026-01-04 20:59:17,1844,393,,2,18.4,11.45,0.02,36.8,36.06,13.16,AUD,credit_card,web,completed
TXN20260104001539,2026-01-04 20:59:21,1007,365,,2,229.11,163.97,0.01,458.22,453.64,125.7,AUD,buy_now_pay_later,web,completed
TXN20260104001540,2026-01-04 20:59:21,1590,126,5006,2,63.01,42.43,0.06,126.02,118.46,33.6,AUD,paypal,web,completed
TXN20260104001541,2026-01-04 21:00:29,1281,286,,3,226.6,96.42,0.17,679.8,564.23,274.97,AUD,paypal,marketplace,completed
TXN20260104001542,2026-01-04 21:00:33,1828,371,5014,2,279.28,128.3,0.01,558.56,552.97,296.37,AUD,credit_card,web,completed
TXN20260104001543,2026-01-04 21:00:33,1579,344,,3,24.55,10.75,0.09,73.65,67.02,34.77,AUD,paypal,web,completed
TXN20260104001544,2026-01-04 21:02:15,1281,14,5004,1,60.5,36.5,0.22,60.5,47.19,10.69,AUD,credit_card,web,refunded
TXN20260104001545,2026-01-04 21:02:20,1591,206,5006,1,211.48,126.89,0.1,211.48,190.33,63.44,AUD,credit_card,web,cancelled
TXN20260104001546,2026-01-04 21:02:27,2041,260,,4,168.41,124.86,0.08,673.64,619.75,120.31,AUD,credit_card,web,cancelled
TXN20260104001547,2026-01-04 21:02:37,1936,43,,3,211.3,164.39,0.03,633.9,614.88,121.71,AUD,buy_now_pay_later,mobile_app,completed
TXN20260104001548,2026-01-04 21:04:03,2102,201,,5,105.57,80.82,0.07,527.85,490.9,86.8,AUD,credit_card,mobile_app,completed
TXN20260104001549,2026-01-04 21:04:06,1019,250,5003,3,231.82,122.47,0.04,695.46,667.64,300.23,AUD,paypal,web,completed
TXN20260104001550,2026-01-04 21:04:48,1628,183,,2,56.96,21.65,0.12,113.92,100.25,56.95,AUD,buy_now_pay_later,web,completed
TXN20260104001551,2026-01-04 21:05:09,2071,158,,4,101.24,48.34,0.08,404.96,372.56,179.2,AUD,debit_card,web,completed
TXN20260104001552,2026-01-04 21:06:31,1699,365,5012,2,229.11,163.97,0.09,458.22,416.98,89.04,AUD,buy_now_pay_later,web,completed
TXN20260104001553,2026-01-04 21:06:59,1956,256,5012,2,65.44,43.78,0.11,130.88,116.48,28.92,AUD,paypal,mobile_app,completed
TXN20260104001554,2026-01-04 21:07:20,1492,161,,5,57.23,33.31,0.11,286.15,254.67,88.12,AUD,bank_transfer,web,completed
TXN20260104001555,2026-01-04 21:07:27,1472,270,,1,347.43,172.19,0.09,347.43,316.16,143.97,AUD,debit_card,mobile_app,completed
TXN20260104001556,2026-01-04 21:08:04,1739,397,5009,2,183.67,101.88,0.28,367.34,264.48,60.72,AUD,credit_card,web,completed
TXN20260104001557,2026-01-04 21:08:17,2110,313,,4,364.12,204.74,0.15,1456.48,1238.01,419.05,AUD,paypal,web,completed
TXN20260104001558,2026-01-04 21:08:21,1632,237,5012,2,5.09,3.29,0.11,10.18,9.06,2.48,AUD,debit_card,mobile_app,completed
TXN20260104001559,2026-01-04 21:08:38,1886,393,5007,1,18.4,11.45,0.02,18.4,18.03,6.58,AUD,credit_card,mobile_app,completed
TXN20260104001560,2026-01-04 21:10:27,1673,148,,1,64.17,49.35,0.23,64.17,49.41,0.06,AUD,credit_card,mobile_app,completed
TXN20260104001561,2026-01-04 21:10:37,1108,240,5006,3,296.5,109.26,0.03,889.5,862.81,535.03,AUD,bank_transfer,mobile_app,completed
TXN20260104001562,2026-01-04 21:11:23,1087,193,,3,368.81,195.25,0.06,1106.43,1040.04,454.29,AUD,buy_now_pay_later,mobile_app,completed
TXN20260104001563,2026-01-04 21:11:52,1042,7,5013,1,75.68,42.79,0.21,75.68,59.79,17.0,AUD,buy_now_pay_later,in_store,completed
TXN20260104001564,2026-01-04 21:12:13,1187,11,,2,383.38,230.87,0.09,766.76,697.75,236.01,AUD,bank_transfer,mobile_app,completed
TXN20260104001565,2026-01-04 21:12:29,1751,329,,2,58.04,29.11,0.04,116.08,111.44,53.22,AUD,buy_now_pay_later,web,completed
TXN20260104001566,2026-01-04 21:13:59,1501,129,,4,266.79,109.41,0.14,1067.16,917.76,480.12,AUD,paypal,mobile_app,completed
TXN20260104001567,2026-01-04 21:14:14,2072,148,,1,64.17,49.35,0.23,64.17,49.41,0.06,AUD,credit_card,web,completed
TXN20260104001568,2026-01-04 21:15:28,2131,228,,1,85.54,59.94,0.0,85.54,85.54,25.6,AUD,debit_card,web,completed
TXN20260104001569,2026-01-04 21:17:01,1912,187,,2,18.28,11.11,0.02,36.56,35.83,13.61,AUD,credit_card,web,completed
TXN20260104001570,2026-01-04 21:17:11,1714,245,5018,5,349.8,233.63,0.01,1749.0,1731.51,563.36,AUD,credit_card,mobile_app,completed
TXN20260104001571,2026-01-04 21:17:30,1776,301,5007,3,288.28,108.1,0.12,864.84,761.06,436.76,AUD,bank_transfer,web,completed
TXN20260104001572,2026-01-04 21:17:36,1775,53,5003,5,33.81,14.85,0.16,169.05,142.0,67.75,AUD,credit_card,web,completed
TXN20260104001573,2026-01-04 21:18:22,1696,220,,6,80.96,29.21,0.12,485.76,427.47,252.21,AUD,debit_card,web,completed
TXN20260104001574,2026-01-04 21:18:47,1909,364,,2,126.27,67.13,0.07,252.54,234.86,100.6,AUD,bank_transfer,mobile_app,completed
TXN20260104001575,2026-01-04 21:19:23,1744,322,,1,98.42,48.71,0.06,98.42,92.51,43.8,AUD,credit_card,web,completed
TXN20260104001576,2026-01-04 21:20:05,2064,8,5009,3,65.06,29.43,0.01,195.18,193.23,104.94,AUD,credit_card,mobile_app,completed
TXN20260104001577,2026-01-04 21:22:18,1811,217,5012,2,105.58,80.07,0.01,211.16,209.05,48.91,AUD,buy_now_pay_later,mobile_app,completed
TXN20260104001578,2026-01-04 21:22:47,1331,286,,2,226.6,96.42,0.02,453.2,444.14,251.3,AUD,debit_card,mobile_app,completed
TXN20260104001579,2026-01-04 21:22:48,1050,158,,4,101.24,48.34,0.07,404.96,376.61,183.25,AUD,buy_now_pay_later,web,completed
TXN20260104001580,2026-01-04 21:23:13,1977,223,,2,140.86,54.16,0.01,281.72,278.9,170.58,AUD,paypal,web,completed
TXN20260104001581,2026-01-04 21:23:24,1908,178,,1,354.14,201.79,0.04,354.14,339.97,138.18,AUD,credit_card,web,completed
TXN20260104001582,2026-01-04 21:23:35,1710,20,,1,230.82,128.98,0.06,230.82,216.97,87.99,AUD,debit_card,mobile_app,completed
TXN20260104001583,2026-01-04 21:23:49,1780,312,,1,142.79,97.05,0.03,142.79,138.51,41.46,AUD,debit_card,web,completed
TXN20260104001584,2026-01-04 21:24:27,1397,236,5017,1,7.93,6.02,0.08,7.93,7.3,1.28,AUD,credit_card,mobile_app,completed
TXN20260104001585,2026-01-04 21:24:27,1489,282,,1,11.8,8.78,0.22,11.8,9.2,0.42,AUD,bank_transfer,mobile_app,completed
TXN20260104001586,2026-01-04 21:25:01,1667,179,,5,197.14,84.55,0.09,985.7,896.99,474.24,AUD,paypal,web,completed
TXN20260104001587,2026-01-04 21:25:15,1410,33,5013,2,120.22,59.38,0.26,240.44,177.93,59.17,AUD,gift_card,marketplace,completed
TXN20260104001588,2026-01-04 21:26:58,1314,341,,1,329.88,115.66,0.23,329.88,254.01,138.35,AUD,buy_now_pay_later,web,completed
TXN20260104001589,2026-01-04 21:27:04,1662,243,5010,4,6.18,2.24,0.06,24.72,23.24,14.28,AUD,credit_card,mobile_app,completed
TXN20260104001590,2026-01-04 21:27:54,1373,29,,2,157.08,114.81,0.05,314.16,298.45,68.83,AUD,bank_transfer,mobile_app,completed
TXN20260104001591,2026-01-04 21:29:19,1845,98,,3,129.89,79.62,0.04,389.67,374.08,135.22,AUD,buy_now_pay_later,mobile_app,completed
TXN20260104001592,2026-01-04 21:29:29,1316,207,,3,174.77,73.18,0.15,524.31,445.66,226.12,AUD,credit_card,web,completed
TXN20260104001593,2026-01-04 21:30:14,2120,285,5009,2,333.53,259.05,0.15,667.06,567.0,48.9,AUD,paypal,web,completed
TXN20260104001594,2026-01-04 21:30:46,1160,221,,2,157.27,79.8,0.1,314.54,283.09,123.49,AUD,buy_now_pay_later,mobile_app,completed
TXN20260104001595,2026-01-04 21:31:27,1230,383,,5,227.62,101.34,0.03,1138.1,1103.96,597.26,AUD,credit_card,mobile_app,completed
TXN20260104001596,2026-01-04 21:31:37,1607,282,,5,11.8,8.78,0.27,59.0,43.07,-0.83,AUD,credit_card,web,completed
TXN20260104001597,2026-01-04 21:31:50,1624,366,,3,212.32,146.95,0.1,636.96,573.26,132.41,AUD,paypal,mobile_app,completed
TXN20260104001598,2026-01-04 21:32:10,1068,220,,2,80.96,29.21,0.0,161.92,161.92,103.5,AUD,paypal,mobile_app,completed
TXN20260104001599,2026-01-04 21:32:20,1982,234,,2,153.86,117.69,0.03,307.72,298.49,63.11,AUD,debit_card,marketplace,completed
TXN20260104001600,2026-01-04 21:32:52,1553,25,,2,279.71,213.59,0.1,559.42,503.48,76.3,AUD,credit_card,mobile_app,completed
TXN20260104001601,2026-01-04 21:34:28,1703,295,,1,125.3,93.62,0.06,125.3,117.78,24.16,AUD,credit_card,web,completed
TXN20260104001602,2026-01-04 21:34:33,1245,120,5006,4,231.92,128.02,0.02,927.68,909.13,397.05,AUD,debit_card,mobile_app,completed
TXN20260104001603,2026-01-04 21:35:05,1452,347,,1,71.51,38.02,0.06,71.51,67.22,29.2,AUD,debit_card,mobile_app,completed
TXN20260104001604,2026-01-04 21:35:09,1673,304,5002,2,87.75,49.18,0.02,175.5,171.99,73.63,AUD,credit_card,mobile_app,completed
TXN20260104001605,2026-01-04 21:35:21,2042,202,5018,2,257.36,101.79,0.14,514.72,442.66,239.08,AUD,credit_card,mobile_app,completed
TXN20260104001606,2026-01-04 21:35:26,1160,98,5006,4,129.89,79.62,0.07,519.56,483.19,164.71,AUD,buy_now_pay_later,web,completed
TXN20260104001607,2026-01-04 21:35:36,1634,95,,2,125.86,97.81,0.05,251.72,239.13,43.51,AUD,credit_card,web,refunded
TXN20260104001608,2026-01-04 21:36:05,1982,190,5012,6,232.96,154.99,0.06,1397.76,1313.89,383.95,AUD,credit_card,marketplace,completed
TXN20260104001609,2026-01-04 21:36:11,1930,11,,4,383.38,230.87,0.03,1533.52,1487.51,564.03,AUD,bank_transfer,mobile_app,completed
TXN20260104001610,2026-01-04 21:37:16,1709,27,5004,1,172.81,116.75,0.08,172.81,158.99,42.24,AUD,paypal,web,completed
TXN20260104001611,2026-01-04 21:37:36,1555,83,5017,4,271.39,135.83,0.21,1085.56,857.59,314.27,AUD,debit_card,mobile_app,completed
TXN20260104001612,2026-01-04 21:37:52,1397,34,5003,5,250.91,140.28,0.06,1254.55,1179.28,477.88,AUD,debit_card,web,completed
TXN20260104001613,2026-01-04 21:39:39,2038,220,,3,80.96,29.21,0.16,242.88,204.02,116.39,AUD,credit_card,mobile_app,completed
TXN20260104001614,2026-01-04 21:40:09,1439,377,5007,4,34.75,17.44,0.04,139.0,133.44,63.68,AUD,buy_now_pay_later,web,completed
TXN20260104001615,2026-01-04 21:40:25,1358,192,,3,486.02,347.84,0.12,1458.06,1283.09,239.57,AUD,credit_card,web,completed
TXN20260104001616,2026-01-04 21:41:55,1958,23,,5,371.29,240.22,0.03,1856.45,1800.76,599.66,AUD,credit_card,mobile_app,completed
TXN20260104001617,2026-01-04 21:41:57,1872,129,5016,5,266.79,109.41,0.21,1333.95,1053.82,506.77,AUD,credit_card,mobile_app,completed
TXN20260104001618,2026-01-04 21:42:25,1717,113,5007,3,424.44,152.08,0.03,1273.32,1235.12,778.88,AUD,debit_card,mobile_app,completed
TXN20260104001619,2026-01-04 21:42:25,1079,118,5018,4,63.49,25.23,0.03,253.96,246.34,145.42,AUD,buy_now_pay_later,web,completed
TXN20260104001620,2026-01-04 21:42:56,1255,147,5010,5,287.02,186.05,0.06,1435.1,1348.99,418.74,AUD,debit_card,marketplace,completed
TXN20260104001621,2026-01-04 21:43:10,1587,337,,3,146.92,72.71,0.15,440.76,374.65,156.52,AUD,credit_card,web,completed
TXN20260104001622,2026-01-04 21:43:18,1258,345,,6,301.49,218.7,0.24,1808.94,1374.79,62.59,AUD,paypal,web,completed
TXN20260104001623,2026-01-04 21:44:32,2102,63,,2,137.14,59.24,0.07,274.28,255.08,136.6,AUD,credit_card,web,completed
TXN20260104001624,2026-01-04 21:44:42,1654,218,,1,150.35,81.79,0.06,150.35,141.33,59.54,AUD,credit_card,mobile_app,completed
TXN20260104001625,2026-01-04 21:44:51,1753,234,5004,1,153.86,117.69,0.18,153.86,126.17,8.48,AUD,paypal,mobile_app,completed
TXN20260104001626,2026-01-04 21:45:00,1906,366,,2,212.32,146.95,0.05,424.64,403.41,109.51,AUD,paypal,web,completed
TXN20260104001627,2026-01-04 21:46:12,1299,1,5009,1,367.54,272.05,0.24,367.54,279.33,7.28,AUD,credit_card,web,completed
TXN20260104001628,2026-01-04 21:46:25,2111,292,5003,4,313.29,237.82,0.02,1253.16,1228.1,276.82,AUD,credit_card,mobile_app,completed
TXN20260104001629,2026-01-04 21:46:40,1230,260,5003,3,168.41,124.86,0.07,505.23,469.86,95.28,AUD,paypal,web,completed
TXN20260104001630,2026-01-04 21:47:14,2049,115,5010,4,166.75,108.87,0.07,667.0,620.31,184.83,AUD,credit_card,mobile_app,completed
TXN20260104001631,2026-01-04 21:47:41,1583,153,,1,133.15,94.62,0.1,133.15,119.84,25.22,AUD,credit_card,mobile_app,completed
TXN20260104001632,2026-01-04 21:48:16,1218,336,5014,1,250.44,165.04,0.06,250.44,235.41,70.37,AUD,debit_card,mobile_app,completed
TXN20260104001633,2026-01-04 21:49:04,1905,253,5006,1,39.46,26.36,0.24,39.46,29.99,3.63,AUD,paypal,in_store,completed
TXN20260104001634,2026-01-04 21:49:05,1357,158,,2,101.24,48.34,0.01,202.48,200.46,103.78,AUD,paypal,mobile_app,completed
TXN20260104001635,2026-01-04 21:49:22,1054,146,,1,182.6,76.84,0.04,182.6,175.3,98.46,AUD,paypal,in_store,completed
TXN20260104001636,2026-01-04 21:49:52,1312,324,,4,79.51,55.68,0.07,318.04,295.78,73.06,AUD,credit_card,mobile_app,cancelled
TXN20260104001637,2026-01-04 21:49:52,1212,285,,2,333.53,259.05,0.09,667.06,607.02,88.92,AUD,credit_card,web,completed
TXN20260104001638,2026-01-04 21:50:16,1835,25,5003,2,279.71,213.59,0.04,559.42,537.04,109.86,AUD,credit_card,mobile_app,completed
TXN20260104001639,2026-01-04 21:50:30,2147,300,5018,2,134.02,50.66,0.09,268.04,243.92,142.6,AUD,credit_card,web,completed
TXN20260104001640,2026-01-04 21:50:44,2043,364,5002,4,126.27,67.13,0.1,505.08,454.57,186.05,AUD,credit_card,web,completed
TXN20260104001641,2026-01-04 21:50:45,1702,276,,2,260.47,124.27,0.12,520.94,458.43,209.89,AUD,credit_card,web,completed
TXN20260104001642,2026-01-04 21:51:01,1674,284,,4,359.21,205.04,0.12,1436.84,1264.42,444.26,AUD,paypal,mobile_app,completed
TXN20260104001643,2026-01-04 21:51:13,1177,240,,4,296.5,109.26,0.16,1186.0,996.24,559.2,AUD,credit_card,in_store,completed
TXN20260104001644,2026-01-04 21:51:49,1600,53,,2,33.81,14.85,0.01,67.62,66.94,37.24,AUD,bank_transfer,web,completed
TXN20260104001645,2026-01-04 21:52:43,1468,366,,2,212.32,146.95,0.07,424.64,394.92,101.02,AUD,paypal,mobile_app,completed
TXN20260104001646,2026-01-04 21:53:21,1500,245,5009,3,349.8,233.63,0.1,1049.4,944.46,243.57,AUD,credit_card,web,completed
TXN20260104001647,2026-01-04 21:54:05,1062,338,5014,2,454.19,219.15,0.1,908.38,817.54,379.24,AUD,paypal,mobile_app,cancelled
TXN20260104001648,2026-01-04 21:54:19,1458,142,5013,1,424.43,299.05,0.07,424.43,394.72,95.67,AUD,credit_card,web,completed
TXN20260104001649,2026-01-04 21:55:51,1004,121,,1,18.5,12.03,0.09,18.5,16.84,4.81,AUD,paypal,web,completed
TXN20260104001650,2026-01-04 21:56:12,2175,264,,1,82.43,34.18,0.22,82.43,64.3,30.12,AUD,credit_card,mobile_app,completed
TXN20260104001651,2026-01-04 21:56:48,2061,154,,3,128.25,56.51,0.05,384.75,365.51,195.98,AUD,debit_card,marketplace,refunded
TXN20260104001652,2026-01-04 21:57:04,1682,140,,1,98.88,53.29,0.02,98.88,96.9,43.61,AUD,paypal,mobile_app,completed
TXN20260104001653,2026-01-04 21:58:14,1818,23,,1,371.29,240.22,0.21,371.29,293.32,53.1,AUD,debit_card,web,completed
TXN20260104001654,2026-01-04 21:58:25,1583,204,5002,2,256.41,190.36,0.16,512.82,430.77,50.05,AUD,credit_card,web,completed
TXN20260104001655,2026-01-04 21:58:57,2187,211,,1,125.27,94.18,0.14,125.27,107.73,13.55,AUD,credit_card,web,completed
TXN20260104001656,2026-01-04 21:58:58,1455,345,5010,5,301.49,218.7,0.21,1507.45,1190.89,97.39,AUD,bank_transfer,mobile_app,completed
TXN20260104001657,2026-01-04 21:59:08,1750,122,,4,163.85,114.55,0.05,655.4,622.63,164.43,AUD,paypal,in_store,completed
TXN20260104001658,2026-01-04 21:59:12,1807,10,,3,246.81,139.27,0.26,740.43,547.92,130.11,AUD,debit_card,mobile_app,completed
TXN20260104001659,2026-01-04 21:59:15,1242,68,,1,197.74,154.22,0.2,197.74,158.19,3.97,AUD,debit_card,marketplace,completed
TXN20260104001660,2026-01-04 21:59:31,2018,129,5007,2,266.79,109.41,0.18,533.58,437.54,218.72,AUD,debit_card,web,completed
TXN20260104001661,2026-01-04 21:59:37,1271,332,,1,436.24,255.68,0.04,436.24,418.79,163.11,AUD,paypal,mobile_app,completed
TXN20260104001662,2026-01-04 22:00:14,1897,168,5013,2,356.7,253.22,0.01,713.4,706.27,199.83,AUD,credit_card,web,completed
TXN20260104001663,2026-01-04 22:00:45,1058,322,,2,98.42,48.71,0.03,196.84,190.93,93.51,AUD,buy_now_pay_later,web,completed
TXN20260104001664,2026-01-04 22:00:52,1864,223,,2,140.86,54.16,0.1,281.72,253.55,145.23,AUD,debit_card,mobile_app,pending
TXN20260104001665,2026-01-04 22:00:54,1387,318,,2,104.56,45.81,0.17,209.12,173.57,81.95,AUD,paypal,mobile_app,completed
TXN20260104001666,2026-01-04 22:00:56,1523,169,5012,1,175.58,82.15,0.13,175.58,152.75,70.6,AUD,buy_now_pay_later,mobile_app,completed
TXN20260104001667,2026-01-04 22:01:28,1654,83,5012,3,271.39,135.83,0.04,814.17,781.6,374.11,AUD,credit_card,mobile_app,completed
TXN20260104001668,2026-01-04 22:02:00,1838,307,,2,349.28,266.61,0.24,698.56,530.91,-2.31,AUD,debit_card,in_store,completed
TXN20260104001669,2026-01-04 22:02:16,2160,78,5013,4,128.52,52.69,0.05,514.08,488.38,277.62,AUD,credit_card,web,completed
TXN20260104001670,2026-01-04 22:02:45,1918,67,5005,2,164.66,66.92,0.03,329.32,319.44,185.6,AUD,credit_card,web,completed
TXN20260104001671,2026-01-04 22:02:49,1140,183,,4,56.96,21.65,0.24,227.84,173.16,86.56,AUD,debit_card,mobile_app,completed
TXN20260104001672,2026-01-04 22:02:52,2195,46,,4,182.51,84.92,0.04,730.04,700.84,361.16,AUD,credit_card,mobile_app,completed
TXN20260104001673,2026-01-04 22:03:40,1988,69,5003,1,53.62,37.17,0.07,53.62,49.87,12.7,AUD,credit_card,marketplace,completed
TXN20260104001674,2026-01-04 22:03:55,2053,60,,1,77.58,46.86,0.15,77.58,65.94,19.08,AUD,credit_card,marketplace,completed
TXN20260104001675,2026-01-04 22:04:35,1857,149,5010,4,221.16,142.36,0.2,884.64,707.71,138.27,AUD,credit_card,marketplace,completed
TXN20260104001676,2026-01-04 22:05:59,2026,305,,1,51.53,22.19,0.0,51.53,51.53,29.34,AUD,credit_card,phone,cancelled
TXN20260104001677,2026-01-04 22:06:01,1823,71,,1,451.62,218.09,0.1,451.62,406.46,188.37,AUD,credit_card,mobile_app,completed
TXN20260104001678,2026-01-04 22:07:44,1478,125,5009,1,196.62,94.85,0.07,196.62,182.86,88.01,AUD,credit_card,mobile_app,completed
TXN20260104001679,2026-01-04 22:08:07,1337,194,,2,45.96,33.9,0.17,91.92,76.29,8.49,AUD,buy_now_pay_later,mobile_app,completed
TXN20260104001680,2026-01-04 22:09:19,2069,212,,1,172.34,98.73,0.08,172.34,158.55,59.82,AUD,credit_card,mobile_app,completed
TXN20260104001681,2026-01-04 22:09:31,2013,239,5014,5,33.36,20.5,0.02,166.8,163.46,60.96,AUD,debit_card,mobile_app,completed
TXN20260104001682,2026-01-04 22:09:39,1375,353,,1,53.63,27.2,0.13,53.63,46.66,19.46,AUD,debit_card,mobile_app,completed
TXN20260104001683,2026-01-04 22:09:42,1133,261,,1,222.59,120.24,0.02,222.59,218.14,97.9,AUD,credit_card,web,completed
TXN20260104001684,2026-01-04 22:10:01,2091,156,,4,179.48,110.08,0.24,717.92,545.62,105.3,AUD,debit_card,web,completed
TXN20260104001685,2026-01-04 22:10:33,1945,63,5018,3,137.14,59.24,0.0,411.42,411.42,233.7,AUD,paypal,mobile_app,refunded
TXN20260104001686,2026-01-04 22:10:37,1661,187,5017,2,18.28,11.11,0.03,36.56,35.46,13.24,AUD,bank_transfer,web,completed
TXN20260104001687,2026-01-04 22:10:40,1159,43,,2,211.3,164.39,0.14,422.6,363.44,34.66,AUD,buy_now_pay_later,web,completed
TXN20260104001688,2026-01-04 22:11:17,1491,246,,1,334.95,216.34,0.08,334.95,308.15,91.81,AUD,gift_card,web,completed
TXN20260104001689,2026-01-04 22:11:58,1279,213,,3,89.64,56.55,0.05,268.92,255.47,85.82,AUD,credit_card,marketplace,completed
TXN20260104001690,2026-01-04 22:12:05,1743,97,,1,261.47,109.45,0.21,261.47,206.56,97.11,AUD,credit_card,mobile_app,completed
TXN20260104001691,2026-01-04 22:12:17,1616,119,,3,26.62,12.14,0.07,79.86,74.27,37.85,AUD,credit_card,in_store,completed
TXN20260104001692,2026-01-04 22:12:37,1328,338,,1,454.19,219.15,0.02,454.19,445.11,225.96,AUD,credit_card,mobile_app,completed
TXN20260104001693,2026-01-04 22:13:33,1249,334,5017,5,100.25,73.46,0.08,501.25,461.15,93.85,AUD,credit_card,mobile_app,completed
TXN20260104001694,2026-01-04 22:14:32,1992,56,,3,221.91,135.65,0.05,665.73,632.44,225.49,AUD,paypal,marketplace,completed
TXN20260104001695,2026-01-04 22:14:40,1526,39,5013,5,153.21,59.61,0.21,766.05,605.18,307.13,AUD,debit_card,web,completed
TXN20260104001696,2026-01-04 22:14:54,1830,4,,2,238.89,172.72,0.15,477.78,406.11,60.67,AUD,credit_card,web,completed
TXN20260104001697,2026-01-04 22:15:20,1412,269,,1,129.92,57.09,0.13,129.92,113.03,55.94,AUD,debit_card,web,completed
TXN20260104001698,2026-01-04 22:15:28,1313,230,,2,249.03,160.65,0.14,498.06,428.33,107.03,AUD,credit_card,marketplace,completed
TXN20260104001699,2026-01-04 22:15:34,1972,32,5016,3,107.59,39.39,0.12,322.77,284.04,165.87,AUD,debit_card,marketplace,completed
TXN20260104001700,2026-01-04 22:15:51,1466,156,,2,179.48,110.08,0.06,358.96,337.42,117.26,AUD,paypal,marketplace,completed
TXN20260104001701,2026-01-04 22:16:41,1777,350,,4,78.73,28.3,0.25,314.92,236.19,122.99,AUD,credit_card,web,completed
TXN20260104001702,2026-01-04 22:17:38,1330,152,,5,18.61,8.27,0.05,93.05,88.4,47.05,AUD,credit_card,mobile_app,completed
TXN20260104001703,2026-01-04 22:18:22,1515,93,,2,325.04,177.67,0.08,650.08,598.07,242.73,AUD,buy_now_pay_later,web,completed
TXN20260104001704,2026-01-04 22:18:39,2182,145,,4,333.84,132.73,0.08,1335.36,1228.53,697.61,AUD,credit_card,mobile_app,completed
TXN20260104001705,2026-01-04 22:18:50,1364,315,,1,85.51,53.68,0.25,85.51,64.13,10.45,AUD,credit_card,mobile_app,refunded
TXN20260104001706,2026-01-04 22:19:35,1402,190,5017,3,232.96,154.99,0.25,698.88,524.16,59.19,AUD,gift_card,mobile_app,completed
TXN20260104001707,2026-01-04 22:19:38,1504,256,,2,65.44,43.78,0.14,130.88,112.56,25.0,AUD,credit_card,web,completed
TXN20260104001708,2026-01-04 22:19:53,1219,206,5012,1,211.48,126.89,0.12,211.48,186.1,59.21,AUD,credit_card,marketplace,cancelled
TXN20260104001709,2026-01-04 22:20:19,1303,139,,4,93.98,72.88,0.08,375.92,345.85,54.33,AUD,paypal,web,completed
TXN20260104001710,2026-01-04 22:21:47,1414,171,5010,2,126.82,54.58,0.02,253.64,248.57,139.41,AUD,credit_card,marketplace,completed
TXN20260104001711,2026-01-04 22:21:53,1264,88,,3,104.05,41.24,0.17,312.15,259.08,135.36,AUD,debit_card,web,completed
TXN20260104001712,2026-01-04 22:22:48,1719,45,5006,3,127.42,77.89,0.1,382.26,344.03,110.36,AUD,credit_card,mobile_app,completed
TXN20260104001713,2026-01-04 22:23:23,2134,213,,1,89.64,56.55,0.19,89.64,72.61,16.06,AUD,credit_card,web,completed
TXN20260104001714,2026-01-04 22:23:33,1005,263,,2,194.7,69.51,0.05,389.4,369.93,230.91,AUD,credit_card,web,completed
TXN20260104001715,2026-01-04 22:23:41,1211,389,,2,275.99,150.66,0.23,551.98,425.02,123.7,AUD,credit_card,web,completed
TXN20260104001716,2026-01-04 22:24:04,1039,383,,3,227.62,101.34,0.14,682.86,587.26,283.24,AUD,paypal,mobile_app,completed
TXN20260104001717,2026-01-04 22:24:07,1261,60,,1,77.58,46.86,0.07,77.58,72.15,25.29,AUD,credit_card,web,completed
TXN20260104001718,2026-01-04 22:24:41,1324,400,,5,83.09,58.62,0.21,415.45,328.21,35.11,AUD,credit_card,mobile_app,completed
TXN20260104001719,2026-01-04 22:25:01,1197,168,,4,356.7,253.22,0.18,1426.8,1169.98,157.1,AUD,credit_card,marketplace,completed
TXN20260104001720,2026-01-04 22:25:06,1775,374,5013,1,37.72,26.55,0.12,37.72,33.19,6.64,AUD,debit_card,mobile_app,completed
TXN20260104001721,2026-01-04 22:25:33,1866,304,,2,87.75,49.18,0.22,175.5,136.89,38.53,AUD,paypal,web,completed
TXN20260104001722,2026-01-04 22:25:56,1648,231,,2,114.93,83.66,0.11,229.86,204.58,37.26,AUD,credit_card,mobile_app,completed
TXN20260104001723,2026-01-04 22:25:59,1173,5,,5,69.17,48.26,0.17,345.85,287.06,45.76,AUD,paypal,web,completed
TXN20260104001724,2026-01-04 22:26:24,1254,360,5017,2,22.41,17.01,0.05,44.82,42.58,8.56,AUD,paypal,marketplace,completed
TXN20260104001725,2026-01-04 22:27:15,1244,271,5009,1,132.74,79.27,0.05,132.74,126.1,46.83,AUD,bank_transfer,mobile_app,completed
TXN20260104001726,2026-01-04 22:27:47,1957,197,5003,4,161.84,90.95,0.1,647.36,582.62,218.82,AUD,debit_card,mobile_app,completed
TXN20260104001727,2026-01-04 22:27:50,2141,165,5016,3,198.75,72.56,0.04,596.25,572.4,354.72,AUD,credit_card,web,completed
TXN20260104001728,2026-01-04 22:28:08,1003,399,,2,108.85,51.12,0.11,217.7,193.75,91.51,AUD,paypal,web,completed
TXN20260104001729,2026-01-04 22:28:10,1703,232,5004,2,159.76,96.34,0.1,319.52,287.57,94.89,AUD,credit_card,web,completed
TXN20260104001730,2026-01-04 22:28:35,1347,393,,5,18.4,11.45,0.15,92.0,78.2,20.95,AUD,buy_now_pay_later,web,completed
TXN20260104001731,2026-01-04 22:28:43,1274,340,,1,69.61,35.79,0.2,69.61,55.69,19.9,AUD,bank_transfer,mobile_app,completed
TXN20260104001732,2026-01-04 22:29:09,1124,305,5014,5,51.53,22.19,0.19,257.65,208.7,97.75,AUD,debit_card,web,completed
TXN20260104001733,2026-01-04 22:29:19,1039,173,,1,67.53,28.1,0.13,67.53,58.75,30.65,AUD,credit_card,web,completed
TXN20260104001734,2026-01-04 22:30:50,1080,350,,1,78.73,28.3,0.09,78.73,71.64,43.34,AUD,debit_card,web,completed
TXN20260104001735,2026-01-04 22:31:48,1757,270,,6,347.43,172.19,0.06,2084.58,1959.51,926.37,AUD,buy_now_pay_later,web,completed
TXN20260104001736,2026-01-04 22:32:42,1757,233,,6,320.43,123.08,0.11,1922.58,1711.1,972.62,AUD,credit_card,mobile_app,completed
TXN20260104001737,2026-01-04 22:32:44,2162,98,,2,129.89,79.62,0.21,259.78,205.23,45.99,AUD,credit_card,marketplace,completed
TXN20260104001738,2026-01-04 22:32:55,1402,46,5008,1,182.51,84.92,0.04,182.51,175.21,90.29,AUD,debit_card,marketplace,completed
TXN20260104001739,2026-01-04 22:32:59,1955,177,,3,287.87,144.14,0.17,863.61,716.8,284.38,AUD,buy_now_pay_later,web,completed
TXN20260104001740,2026-01-04 22:33:16,1729,302,,1,47.96,26.56,0.06,47.96,45.08,18.52,AUD,credit_card,mobile_app,completed
TXN20260104001741,2026-01-04 22:35:05,1491,113,,2,424.44,152.08,0.1,848.88,763.99,459.83,AUD,paypal,web,completed
TXN20260104001742,2026-01-04 22:35:37,1243,192,5003,5,486.02,347.84,0.18,2430.1,1992.68,253.48,AUD,bank_transfer,web,completed
TXN20260104001743,2026-01-04 22:35:44,1206,252,,6,12.21,8.71,0.08,73.26,67.4,15.14,AUD,credit_card,mobile_app,completed
TXN20260104001744,2026-01-04 22:35:51,1725,9,5016,3,470.11,214.65,0.03,1410.33,1368.02,724.07,AUD,paypal,mobile_app,completed
TXN20260104001745,2026-01-04 22:36:11,1050,200,5006,1,8.47,4.01,0.13,8.47,7.37,3.36,AUD,credit_card,web,completed
TXN20260104001746,2026-01-04 22:36:24,1367,112,5017,2,121.28,51.75,0.03,242.56,235.28,131.78,AUD,buy_now_pay_later,mobile_app,completed
TXN20260104001747,2026-01-04 22:37:21,1887,3,,4,142.91,77.99,0.15,571.64,485.89,173.93,AUD,debit_card,mobile_app,cancelled
TXN20260104001748,2026-01-04 22:40:10,2197,250,5007,1,231.82,122.47,0.1,231.82,208.64,86.17,AUD,bank_transfer,mobile_app,completed
TXN20260104001749,2026-01-04 22:40:17,1693,200,,4,8.47,4.01,0.1,33.88,30.49,14.45,AUD,debit_card,web,completed
TXN20260104001750,2026-01-04 22:41:27,1977,23,,3,371.29,240.22,0.12,1113.87,980.21,259.55,AUD,credit_card,web,completed
TXN20260104001751,2026-01-04 22:42:42,1873,235,,1,18.79,8.45,0.19,18.79,15.22,6.77,AUD,buy_now_pay_later,web,completed
TXN20260104001752,2026-01-04 22:43:10,1287,169,5004,1,175.58,82.15,0.09,175.58,159.78,77.63,AUD,credit_card,web,completed
TXN20260104001753,2026-01-04 22:43:29,1428,359,,5,421.42,180.37,0.06,2107.1,1980.67,1078.82,AUD,credit_card,web,completed
TXN20260104001754,2026-01-04 22:43:40,1609,35,,3,123.44,76.69,0.14,370.32,318.48,88.41,AUD,debit_card,web,completed
TXN20260104001755,2026-01-04 22:43:42,1441,225,5013,2,310.73,232.58,0.17,621.46,515.81,50.65,AUD,debit_card,marketplace,completed
TXN20260104001756,2026-01-04 22:43:44,1219,174,,3,56.31,22.6,0.04,168.93,162.17,94.37,AUD,credit_card,web,refunded
TXN20260104001757,2026-01-04 22:44:29,2085,291,,1,348.41,145.57,0.2,348.41,278.73,133.16,AUD,debit_card,marketplace,pending
TXN20260104001758,2026-01-04 22:44:36,1945,17,5003,2,15.98,12.32,0.04,31.96,30.68,6.04,AUD,debit_card,web,completed
TXN20260104001759,2026-01-04 22:44:51,1774,106,,2,313.2,199.1,0.26,626.4,463.54,65.34,AUD,credit_card,marketplace,completed
TXN20260104001760,2026-01-04 22:45:30,2048,330,,1,125.71,91.59,0.13,125.71,109.37,17.78,AUD,buy_now_pay_later,mobile_app,cancelled
TXN20260104001761,2026-01-04 22:45:38,1826,144,,3,19.12,6.9,0.09,57.36,52.2,31.5,AUD,credit_card,mobile_app,completed
TXN20260104001762,2026-01-04 22:46:00,1837,325,5006,4,185.03,90.35,0.07,740.12,688.31,326.91,AUD,credit_card,web,completed
TXN20260104001763,2026-01-04 22:46:15,1997,6,5007,1,45.92,33.82,0.08,45.92,42.25,8.43,AUD,paypal,mobile_app,completed
TXN20260104001764,2026-01-04 22:46:48,1187,315,,6,85.51,53.68,0.18,513.06,420.71,98.63,AUD,credit_card,web,completed
TXN20260104001765,2026-01-04 22:47:17,1920,164,,1,219.94,105.48,0.1,219.94,197.95,92.47,AUD,debit_card,web,completed
TXN20260104001766,2026-01-04 22:47:25,1798,212,,2,172.34,98.73,0.05,344.68,327.45,129.99,AUD,debit_card,web,completed
TXN20260104001767,2026-01-04 22:47:44,1783,234,,2,153.86,117.69,0.1,307.72,276.95,41.57,AUD,debit_card,web,completed
TXN20260104001768,2026-01-04 22:48:07,1995,167,,1,176.55,75.21,0.11,176.55,157.13,81.92,AUD,credit_card,web,completed
TXN20260104001769,2026-01-04 22:48:54,1535,209,,2,16.17,12.13,0.01,32.34,32.02,7.76,AUD,debit_card,web,completed
TXN20260104001770,2026-01-04 22:48:55,1015,188,,3,141.88,98.58,0.17,425.64,353.28,57.54,AUD,credit_card,mobile_app,completed
TXN20260104001771,2026-01-04 22:49:10,1545,236,,1,7.93,6.02,0.08,7.93,7.3,1.28,AUD,credit_card,web,completed
TXN20260104001772,2026-01-04 22:49:46,2063,345,,1,301.49,218.7,0.04,301.49,289.43,70.73,AUD,credit_card,marketplace,completed
TXN20260104001773,2026-01-04 22:49:53,2173,41,,2,241.85,106.29,0.05,483.7,459.51,246.93,AUD,credit_card,web,refunded
TXN20260104001774,2026-01-04 22:50:12,1253,234,,1,153.86,117.69,0.25,153.86,115.4,-2.29,AUD,buy_now_pay_later,mobile_app,completed
TXN20260104001775,2026-01-04 22:50:57,1969,191,,1,265.41,112.45,0.1,265.41,238.87,126.42,AUD,debit_card,web,completed
TXN20260104001776,2026-01-04 22:51:38,1066,191,5003,4,265.41,112.45,0.19,1061.64,859.93,410.13,AUD,paypal,mobile_app,completed
TXN20260104001777,2026-01-04 22:52:01,1959,230,5016,4,249.03,160.65,0.02,996.12,976.2,333.6,AUD,credit_card,mobile_app,cancelled
TXN20260104001778,2026-01-04 22:52:08,2095,138,,1,132.98,57.54,0.27,132.98,97.08,39.54,AUD,credit_card,mobile_app,completed
TXN20260104001779,2026-01-04 22:52:40,1371,79,,3,139.3,69.25,0.01,417.9,413.72,205.97,AUD,credit_card,web,completed
TXN20260104001780,2026-01-04 22:53:40,1856,370,5004,3,292.21,138.01,0.08,876.63,806.5,392.47,AUD,credit_card,web,completed
TXN20260104001781,2026-01-04 22:53:52,2065,101,5009,3,352.61,157.72,0.07,1057.83,983.78,510.62,AUD,paypal,web,completed
TXN20260104001782,2026-01-04 22:54:16,1209,356,5014,4,35.78,19.54,0.2,143.12,114.5,36.34,AUD,credit_card,mobile_app,completed
TXN20260104001783,2026-01-04 22:54:36,2113,130,,3,18.48,10.08,0.05,55.44,52.67,22.43,AUD,credit_card,mobile_app,completed
TXN20260104001784,2026-01-04 22:55:03,1718,168,,1,356.7,253.22,0.21,356.7,281.79,28.57,AUD,credit_card,web,completed
TXN20260104001785,2026-01-04 22:55:19,1362,1,,1,367.54,272.05,0.16,367.54,308.73,36.68,AUD,debit_card,mobile_app,completed
TXN20260104001786,2026-01-04 22:55:57,1587,197,5006,3,161.84,90.95,0.11,485.52,432.11,159.26,AUD,credit_card,mobile_app,completed
TXN20260104001787,2026-01-04 22:56:02,1913,177,,4,287.87,144.14,0.26,1151.48,852.1,275.54,AUD,credit_card,web,completed
TXN20260104001788,2026-01-04 22:56:30,1683,134,,1,151.77,62.1,0.01,151.77,150.25,88.15,AUD,debit_card,mobile_app,cancelled
TXN20260104001789,2026-01-04 22:56:41,1120,142,,3,424.43,299.05,0.07,1273.29,1184.16,287.01,AUD,paypal,mobile_app,completed
TXN20260104001790,2026-01-04 22:57:53,1552,18,,1,23.51,10.69,0.27,23.51,17.16,6.47,AUD,debit_card,web,pending
TXN20260104001791,2026-01-04 22:57:54,1328,386,,1,284.12,120.27,0.14,284.12,244.34,124.07,AUD,debit_card,mobile_app,completed
TXN20260104001792,2026-01-04 22:58:13,1127,245,5016,1,349.8,233.63,0.06,349.8,328.81,95.18,AUD,paypal,mobile_app,completed
TXN20260104001793,2026-01-04 22:58:31,1244,341,,1,329.88,115.66,0.05,329.88,313.39,197.73,AUD,credit_card,in_store,completed
TXN20260104001794,2026-01-04 22:58:51,1263,231,,1,114.93,83.66,0.13,114.93,99.99,16.33,AUD,bank_transfer,mobile_app,completed
TXN20260104001795,2026-01-04 22:59:10,1514,68,5010,1,197.74,154.22,0.09,197.74,179.94,25.72,AUD,debit_card,mobile_app,completed
TXN20260104001796,2026-01-04 22:59:49,1038,13,,1,39.93,31.05,0.02,39.93,39.13,8.08,AUD,debit_card,web,completed
TXN20260104001797,2026-01-04 23:01:04,2036,2,,4,292.97,126.42,0.07,1171.88,1089.85,584.17,AUD,credit_card,web,cancelled
TXN20260104001798,2026-01-04 23:01:18,1440,283,5010,3,155.88,105.7,0.12,467.64,411.52,94.42,AUD,credit_card,web,completed
TXN20260104001799,2026-01-04 23:02:21,1748,268,,4,13.69,9.27,0.01,54.76,54.21,17.13,AUD,credit_card,web,completed
TXN20260104001800,2026-01-04 23:02:42,1235,137,,3,230.43,174.09,0.05,691.29,656.73,134.46,AUD,debit_card,web,cancelled
TXN20260104001801,2026-01-04 23:04:16,1866,360,,3,22.41,17.01,0.01,67.23,66.56,15.53,AUD,credit_card,web,completed
TXN20260104001802,2026-01-04 23:04:49,1089,108,5004,2,13.12,5.5,0.01,26.24,25.98,14.98,AUD,credit_card,mobile_app,completed
TXN20260104001803,2026-01-04 23:06:47,1231,333,,3,41.88,25.97,0.05,125.64,119.36,41.45,AUD,buy_now_pay_later,mobile_app,completed
TXN20260104001804,2026-01-04 23:12:05,1664,381,,1,12.14,8.81,0.12,12.14,10.68,1.87,AUD,credit_card,marketplace,completed
TXN20260104001805,2026-01-04 23:13:46,1788,212,,1,172.34,98.73,0.05,172.34,163.72,64.99,AUD,credit_card,web,completed
TXN20260104001806,2026-01-04 23:14:29,1486,230,,2,249.03,160.65,0.06,498.06,468.18,146.88,AUD,paypal,marketplace,completed
TXN20260104001807,2026-01-04 23:14:42,1881,202,,3,257.36,101.79,0.16,772.08,648.55,343.18,AUD,credit_card,web,completed
TXN20260104001808,2026-01-04 23:15:17,1241,20,5013,2,230.82,128.98,0.15,461.64,392.39,134.43,AUD,debit_card,mobile_app,cancelled
TXN20260104001809,2026-01-04 23:16:14,1503,24,,2,201.95,77.39,0.03,403.9,391.78,237.0,AUD,paypal,web,completed
TXN20260104001810,2026-01-04 23:16:27,1070,130,5012,1,18.48,10.08,0.18,18.48,15.15,5.07,AUD,paypal,mobile_app,completed
TXN20260104001811,2026-01-04 23:18:17,2059,344,,1,24.55,10.75,0.12,24.55,21.6,10.85,AUD,paypal,mobile_app,completed
TXN20260104001812,2026-01-04 23:18:31,2012,99,,2,8.03,4.15,0.06,16.06,15.1,6.8,AUD,debit_card,web,completed
TXN20260104001813,2026-01-04 23:19:04,1267,132,,2,109.21,38.28,0.0,218.42,218.42,141.86,AUD,credit_card,marketplace,completed
TXN20260104001814,2026-01-04 23:19:42,1839,113,5002,5,424.44,152.08,0.04,2122.2,2037.31,1276.91,AUD,credit_card,web,completed
TXN20260104001815,2026-01-04 23:19:50,1610,365,5018,2,229.11,163.97,0.09,458.22,416.98,89.04,AUD,debit_card,marketplace,completed
TXN20260104001816,2026-01-04 23:21:08,2011,185,5002,1,182.91,71.26,0.05,182.91,173.76,102.5,AUD,debit_card,web,completed
TXN20260104001817,2026-01-04 23:21:17,1941,109,,3,156.65,98.49,0.11,469.95,418.26,122.79,AUD,credit_card,marketplace,refunded
TXN20260104001818,2026-01-04 23:25:37,1325,20,,6,230.82,128.98,0.16,1384.92,1163.33,389.45,AUD,credit_card,web,completed
TXN20260104001819,2026-01-04 23:26:35,1673,55,5004,2,51.38,24.77,0.15,102.76,87.35,37.81,AUD,paypal,in_store,completed
TXN20260104001820,2026-01-04 23:30:08,1683,47,,2,383.34,271.98,0.09,766.68,697.68,153.72,AUD,credit_card,web,completed
TXN20260104001821,2026-01-04 23:30:56,1689,288,,4,349.87,265.76,0.19,1399.48,1133.58,70.54,AUD,debit_card,web,completed
TXN20260104001822,2026-01-04 23:31:06,2051,132,,1,109.21,38.28,0.26,109.21,80.82,42.54,AUD,buy_now_pay_later,web,completed
TXN20260104001823,2026-01-04 23:34:55,2059,5,5018,5,69.17,48.26,0.16,345.85,290.51,49.21,AUD,bank_transfer,web,completed
TXN20260104001824,2026-01-04 23:36:48,2091,369,5003,2,254.39,165.86,0.04,508.78,488.43,156.71,AUD,gift_card,mobile_app,completed
TXN20260104001825,2026-01-04 23:36:59,1628,324,,4,79.51,55.68,0.03,318.04,308.5,85.78,AUD,debit_card,web,completed
TXN20260104001826,2026-01-04 23:37:52,1650,286,5010,5,226.6,96.42,0.01,1133.0,1121.67,639.57,AUD,credit_card,web,completed
TXN20260104001827,2026-01-04 23:38:39,1990,318,,1,104.56,45.81,0.2,104.56,83.65,37.84,AUD,gift_card,mobile_app,completed
TXN20260104001828,2026-01-04 23:38:42,1373,312,,2,142.79,97.05,0.24,285.58,217.04,22.94,AUD,credit_card,web,completed
TXN20260104001829,2026-01-04 23:39:30,1900,305,,3,51.53,22.19,0.07,154.59,143.77,77.2,AUD,credit_card,mobile_app,completed
TXN20260104001830,2026-01-04 23:43:33,1453,251,5002,4,245.15,169.74,0.14,980.6,843.32,164.36,AUD,credit_card,web,completed
TXN20260104001831,2026-01-04 23:45:45,1497,88,,5,104.05,41.24,0.09,520.25,473.43,267.23,AUD,credit_card,web,completed
TXN20260104001832,2026-01-04 23:49:22,1544,117,,3,17.41,7.32,0.0,52.23,52.23,30.27,AUD,debit_card,mobile_app,completed
TXN20260104001833,2026-01-04 23:50:42,1190,211,5017,2,125.27,94.18,0.0,250.54,250.54,62.18,AUD,credit_card,mobile_app,completed
TXN20260104001834,2026-01-04 23:51:21,1507,9,5003,1,470.11,214.65,0.0,470.11,470.11,255.46,AUD,bank_transfer,web,completed
TXN20260104001835,2026-01-04 23:51:25,1505,95,,3,125.86,97.81,0.04,377.58,362.48,69.05,AUD,buy_now_pay_later,mobile_app,completed
TXN20260104001836,2026-01-04 23:52:09,1386,218,5012,1,150.35,81.79,0.07,150.35,139.83,58.04,AUD,credit_card,web,completed
TXN20260104001837,2026-01-04 23:52:35,1153,388,,3,178.72,91.5,0.03,536.16,520.08,245.58,AUD,credit_card,web,completed
TXN20260104001838,2026-01-04 23:53:51,1651,64,,2,148.54,87.49,0.18,297.08,243.61,68.63,AUD,debit_card,mobile_app,completed
TXN20260104001839,2026-01-04 23:53:52,2194,256,5007,1,65.44,43.78,0.13,65.44,56.93,13.15,AUD,paypal,web,completed
TXN20260104001840,2026-01-04 23:55:01,1192,154,,2,128.25,56.51,0.01,256.5,253.94,140.92,AUD,credit_card,web,completed
TXN20260104001841,2026-01-04 23:56:22,1704,155,,4,402.98,307.8,0.25,1611.92,1208.94,-22.26,AUD,debit_card,web,completed
TXN20260104001842,2026-01-04 23:57:01,1135,166,,2,414.85,167.06,0.14,829.7,713.54,379.42,AUD,credit_card,mobile_app,completed
TXN20260104001843,2026-01-04 23:58:10,1611,334,,2,100.25,73.46,0.04,200.5,192.48,45.56,AUD,credit_card,web,completed
