transaction_id,event_ts,customer_id,product_id,campaign_id,quantity,unit_price,unit_cost,discount_pct,gross_amount,net_amount,margin_amount,currency,payment_method,channel,status
TXN20260102000001,2026-01-02 00:02:46,1859,164,5007,1,219.94,105.48,0.14,219.94,189.15,83.67,AUD,debit_card,web,completed
TXN20260102000002,2026-01-02 00:06:51,1008,122,5003,2,163.85,114.55,0.17,327.7,271.99,42.89,AUD,credit_card,web,completed
TXN20260102000003,2026-01-02 00:07:55,1949,220,,6,80.96,29.21,0.11,485.76,432.33,257.07,AUD,paypal,marketplace,completed
TXN20260102000004,2026-01-02 00:08:45,1654,120,5015,2,231.92,128.02,0.17,463.84,384.99,128.95,AUD,paypal,web,completed
TXN20260102000005,2026-01-02 00:09:20,2156,334,,5,100.25,73.46,0.13,501.25,436.09,68.79,AUD,bank_transfer,marketplace,completed
TXN20260102000006,2026-01-02 00:09:51,1810,181,,3,219.32,157.3,0.01,657.96,651.38,179.48,AUD,credit_card,web,completed
TXN20260102000007,2026-01-02 00:11:21,1327,387,5018,2,113.54,61.9,0.14,227.08,195.29,71.49,AUD,gift_card,web,completed
TXN20260102000008,2026-01-02 00:17:06,2022,28,,2,154.87,112.5,0.18,309.74,253.99,28.99,AUD,credit_card,mobile_app,completed
TXN20260102000009,2026-01-02 00:18:31,2197,206,,1,211.48,126.89,0.01,211.48,209.37,82.48,AUD,paypal,marketplace,completed
TXN20260102000010,2026-01-02 00:23:09,1532,347,,1,71.51,38.02,0.11,71.51,63.64,25.62,AUD,debit_card,web,completed
TXN20260102000011,2026-01-02 00:24:15,1785,160,5003,1,132.52,86.58,0.18,132.52,108.67,22.09,AUD,debit_card,web,completed
TXN20260102000012,2026-01-02 00:27:16,1574,261,,2,222.59,120.24,0.24,445.18,338.34,97.86,AUD,credit_card,mobile_app,completed
TXN20260102000013,2026-01-02 00:29:11,1845,246,5014,2,334.95,216.34,0.19,669.9,542.62,109.94,AUD,paypal,mobile_app,completed
TXN20260102000014,2026-01-02 00:30:40,1828,226,,2,224.08,91.6,0.24,448.16,340.6,157.4,AUD,buy_now_pay_later,mobile_app,completed
TXN20260102000015,2026-01-02 00:34:13,1387,136,,3,12.1,8.71,0.2,36.3,29.04,2.91,AUD,debit_card,web,completed
TXN20260102000016,2026-01-02 00:34:31,1180,316,5013,3,109.37,70.04,0.05,328.11,311.7,101.58,AUD,credit_card,mobile_app,completed
TXN20260102000017,2026-01-02 00:37:19,1762,296,,3,305.06,151.58,0.2,915.18,732.14,277.4,AUD,credit_card,in_store,completed
TXN20260102000018,2026-01-02 00:38:59,1223,122,5007,1,163.85,114.55,0.06,163.85,154.02,39.47,AUD,debit_card,mobile_app,completed
TXN20260102000019,2026-01-02 00:41:08,1759,115,5010,5,166.75,108.87,0.06,833.75,783.72,239.37,AUD,credit_card,web,completed
TXN20260102000020,2026-01-02 00:41:22,1026,354,,3,128.43,85.15,0.14,385.29,331.35,75.9,AUD,debit_card,mobile_app,completed
TXN20260102000021,2026-01-02 00:43:47,1218,53,,3,33.81,14.85,0.04,101.43,97.37,52.82,AUD,debit_card,web,completed
TXN20260102000022,2026-01-02 00:44:05,1551,264,,1,82.43,34.18,0.16,82.43,69.24,35.06,AUD,debit_card,mobile_app,completed
TXN20260102000023,2026-01-02 00:44:55,2055,166,,2,414.85,167.06,0.03,829.7,804.81,470.69,AUD,debit_card,web,completed
TXN20260102000024,2026-01-02 00:46:13,2096,102,,2,276.02,213.86,0.18,552.04,452.67,24.95,AUD,bank_transfer,web,completed
TXN20260102000025,2026-01-02 00:51:06,1795,339,,3,232.73,135.01,0.04,698.19,670.26,265.23,AUD,paypal,mobile_app,completed
TXN20260102000026,2026-01-02 00:52:23,2185,218,5014,1,150.35,81.79,0.16,150.35,126.29,44.5,AUD,credit_card,web,completed
TXN20260102000027,2026-01-02 00:54:47,2158,281,,2,206.68,92.2,0.24,413.36,314.15,129.75,AUD,paypal,in_store,completed
TXN20260102000028,2026-01-02 00:56:01,1325,56,,2,221.91,135.65,0.06,443.82,417.19,145.89,AUD,bank_transfer,mobile_app,completed
TXN20260102000029,2026-01-02 00:56:10,1523,364,,3,126.27,67.13,0.21,378.81,299.26,97.87,AUD,credit_card,in_store,cancelled
TXN20260102000030,2026-01-02 01:00:28,1781,375,,2,239.04,121.65,0.0,478.08,478.08,234.78,AUD,buy_now_pay_later,mobile_app,completed
TXN20260102000031,2026-01-02 01:00:57,1883,136,,4,12.1,8.71,0.21,48.4,38.24,3.4,AUD,paypal,web,completed
TXN20260102000032,2026-01-02 01:02:23,1295,378,,1,355.29,228.27,0.12,355.29,312.66,84.39,AUD,bank_transfer,mobile_app,completed
TXN20260102000033,2026-01-02 01:03:27,1571,29,,4,157.08,114.81,0.16,628.32,527.79,68.55,AUD,debit_card,in_store,completed
TXN20260102000034,2026-01-02 01:04:22,1543,400,,4,83.09,58.62,0.15,332.36,282.51,48.03,AUD,credit_card,in_store,completed
TXN20260102000035,2026-01-02 01:08:52,2093,19,,4,170.44,126.31,0.15,681.76,579.5,74.26,AUD,credit_card,mobile_app,completed
TXN20260102000036,2026-01-02 01:13:16,1569,280,,1,235.41,129.45,0.02,235.41,230.7,101.25,AUD,credit_card,web,completed
TXN20260102000037,2026-01-02 01:13:20,1588,95,,2,125.86,97.81,0.0,251.72,251.72,56.1,AUD,credit_card,marketplace,completed
TXN20260102000038,2026-01-02 01:13:32,1611,81,,1,133.11,71.55,0.14,133.11,114.47,42.92,AUD,credit_card,web,completed
TXN20260102000039,2026-01-02 01:14:28,1682,252,,1,12.21,8.71,0.01,12.21,12.09,3.38,AUD,debit_card,web,completed
TXN20260102000040,2026-01-02 01:15:43,1500,261,5016,1,222.59,120.24,0.18,222.59,182.52,62.28,AUD,debit_card,web,completed
TXN20260102000041,2026-01-02 01:19:47,1262,364,5007,1,126.27,67.13,0.02,126.27,123.74,56.61,AUD,buy_now_pay_later,web,completed
TXN20260102000042,2026-01-02 01:20:48,1997,30,,4,170.45,127.12,0.04,681.8,654.53,146.05,AUD,debit_card,mobile_app,completed
TXN20260102000043,2026-01-02 01:20:49,1348,371,,1,279.28,128.3,0.11,279.28,248.56,120.26,AUD,debit_card,mobile_app,completed
TXN20260102000044,2026-01-02 01:25:38,1614,280,5012,2,235.41,129.45,0.05,470.82,447.28,188.38,AUD,paypal,mobile_app,completed
TXN20260102000045,2026-01-02 01:31:58,1252,378,5014,4,355.29,228.27,0.02,1421.16,1392.74,479.66,AUD,buy_now_pay_later,phone,completed
TXN20260102000046,2026-01-02 01:35:07,2004,242,,4,149.29,73.33,0.11,597.16,531.47,238.15,AUD,credit_card,mobile_app,completed
TXN20260102000047,2026-01-02 01:38:59,1331,115,,2,166.75,108.87,0.25,333.5,250.12,32.38,AUD,paypal,web,completed
TXN20260102000048,2026-01-02 01:44:50,1347,221,,3,157.27,79.8,0.24,471.81,358.58,119.18,AUD,bank_transfer,web,completed
TXN20260102000049,2026-01-02 01:46:56,2199,43,5018,2,211.3,164.39,0.04,422.6,405.7,76.92,AUD,debit_card,mobile_app,completed
TXN20260102000050,2026-01-02 01:47:17,1617,234,5009,1,153.86,117.69,0.12,153.86,135.4,17.71,AUD,debit_card,web,completed
TXN20260102000051,2026-01-02 01:47:36,1906,359,5014,2,421.42,180.37,0.21,842.84,665.84,305.1,AUD,credit_card,mobile_app,completed
TXN20260102000052,2026-01-02 01:48:01,1921,388,,4,178.72,91.5,0.07,714.88,664.84,298.84,AUD,credit_card,web,completed
TXN20260102000053,2026-01-02 01:48:25,1208,31,,5,125.26,43.94,0.21,626.3,494.78,275.08,AUD,debit_card,web,completed
TXN20260102000054,2026-01-02 01:51:52,1417,308,,1,227.37,123.17,0.2,227.37,181.9,58.73,AUD,bank_transfer,web,completed
TXN20260102000055,2026-01-02 01:54:05,1473,293,5014,3,100.6,74.23,0.23,301.8,232.39,9.7,AUD,buy_now_pay_later,web,completed
TXN20260102000056,2026-01-02 01:55:06,1610,261,,3,222.59,120.24,0.08,667.77,614.35,253.63,AUD,debit_card,mobile_app,completed
TXN20260102000057,2026-01-02 01:55:25,1716,264,,5,82.43,34.18,0.08,412.15,379.18,208.28,AUD,debit_card,web,completed
TXN20260102000058,2026-01-02 01:57:29,1117,67,5007,3,164.66,66.92,0.13,493.98,429.76,229.0,AUD,debit_card,mobile_app,completed
TXN20260102000059,2026-01-02 01:57:42,1360,103,,5,34.27,18.76,0.17,171.35,142.22,48.42,AUD,credit_card,mobile_app,completed
TXN20260102000060,2026-01-02 01:57:53,1264,162,,3,102.25,40.84,0.19,306.75,248.47,125.95,AUD,credit_card,web,completed
TXN20260102000061,2026-01-02 01:59:59,1193,11,,2,383.38,230.87,0.1,766.76,690.08,228.34,AUD,credit_card,mobile_app,completed
TXN20260102000062,2026-01-02 02:04:11,1336,19,5013,3,170.44,126.31,0.02,511.32,501.09,122.16,AUD,credit_card,mobile_app,completed
TXN20260102000063,2026-01-02 02:05:45,1047,263,,3,194.7,69.51,0.07,584.1,543.21,334.68,AUD,credit_card,web,completed
TXN20260102000064,2026-01-02 02:08:17,1151,300,5004,2,134.02,50.66,0.05,268.04,254.64,153.32,AUD,paypal,web,completed
TXN20260102000065,2026-01-02 02:10:01,1789,47,5015,1,383.34,271.98,0.01,383.34,379.51,107.53,AUD,debit_card,mobile_app,completed
TXN20260102000066,2026-01-02 02:22:31,2086,281,,3,206.68,92.2,0.11,620.04,551.84,275.24,AUD,buy_now_pay_later,web,completed
TXN20260102000067,2026-01-02 02:23:00,1450,257,,1,452.64,204.1,0.09,452.64,411.9,207.8,AUD,debit_card,marketplace,completed
TXN20260102000068,2026-01-02 02:23:57,1766,26,5003,6,76.06,28.87,0.01,456.36,451.8,278.58,AUD,paypal,mobile_app,completed
TXN20260102000069,2026-01-02 02:24:07,1681,174,,4,56.31,22.6,0.04,225.24,216.23,125.83,AUD,buy_now_pay_later,web,completed
TXN20260102000070,2026-01-02 02:25:08,1569,344,,1,24.55,10.75,0.11,24.55,21.85,11.1,AUD,buy_now_pay_later,mobile_app,cancelled
TXN20260102000071,2026-01-02 02:31:02,1474,336,,5,250.44,165.04,0.1,1252.2,1126.98,301.78,AUD,paypal,mobile_app,completed
TXN20260102000072,2026-01-02 02:32:11,1905,56,5017,2,221.91,135.65,0.16,443.82,372.81,101.51,AUD,credit_card,web,completed
TXN20260102000073,2026-01-02 02:33:22,1052,395,5009,2,259.59,188.33,0.24,519.18,394.58,17.92,AUD,credit_card,marketplace,refunded
TXN20260102000074,2026-01-02 02:34:58,1815,387,,3,113.54,61.9,0.04,340.62,327.0,141.3,AUD,paypal,marketplace,completed
TXN20260102000075,2026-01-02 02:36:14,1346,134,5015,1,151.77,62.1,0.15,151.77,129.0,66.9,AUD,bank_transfer,mobile_app,completed
TXN20260102000076,2026-01-02 02:37:13,1082,267,5016,6,13.67,9.81,0.2,82.02,65.62,6.76,AUD,credit_card,mobile_app,completed
TXN20260102000077,2026-01-02 02:38:28,1831,322,,2,98.42,48.71,0.16,196.84,165.35,67.93,AUD,debit_card,mobile_app,completed
TXN20260102000078,2026-01-02 02:39:28,1313,189,5004,5,209.27,158.1,0.14,1046.35,899.86,109.36,AUD,credit_card,web,completed
TXN20260102000079,2026-01-02 02:40:01,1250,342,5004,3,119.39,87.78,0.11,358.17,318.77,55.43,AUD,buy_now_pay_later,web,completed
TXN20260102000080,2026-01-02 02:40:23,2117,315,,1,85.51,53.68,0.25,85.51,64.13,10.45,AUD,credit_card,web,refunded
TXN20260102000081,2026-01-02 02:41:46,2091,336,5012,3,250.44,165.04,0.03,751.32,728.78,233.66,AUD,paypal,web,cancelled
TXN20260102000082,2026-01-02 02:51:00,1635,85,,2,173.56,99.76,0.05,347.12,329.76,130.24,AUD,credit_card,mobile_app,completed
TXN20260102000083,2026-01-02 02:52:11,1179,296,,2,305.06,151.58,0.12,610.12,536.91,233.75,AUD,bank_transfer,mobile_app,completed
TXN20260102000084,2026-01-02 02:56:40,1079,171,5017,2,126.82,54.58,0.04,253.64,243.49,134.33,AUD,debit_card,in_store,completed
TXN20260102000085,2026-01-02 02:57:28,1059,129,5012,2,266.79,109.41,0.15,533.58,453.54,234.72,AUD,paypal,mobile_app,completed
TXN20260102000086,2026-01-02 03:00:50,2142,189,5009,4,209.27,158.1,0.14,837.08,719.89,87.49,AUD,credit_card,web,completed
TXN20260102000087,2026-01-02 03:03:03,1016,218,,4,150.35,81.79,0.1,601.4,541.26,214.1,AUD,credit_card,mobile_app,completed
TXN20260102000088,2026-01-02 03:03:29,1932,390,,2,368.36,241.5,0.05,736.72,699.88,216.88,AUD,paypal,mobile_app,completed
TXN20260102000089,2026-01-02 03:05:11,1944,328,,6,33.71,19.15,0.14,202.26,173.94,59.04,AUD,paypal,mobile_app,completed
TXN20260102000090,2026-01-02 03:08:15,1336,242,,5,149.29,73.33,0.03,746.45,724.06,357.41,AUD,buy_now_pay_later,web,completed
TXN20260102000091,2026-01-02 03:09:03,1708,164,,3,219.94,105.48,0.25,659.82,494.87,178.43,AUD,buy_now_pay_later,web,completed
TXN20260102000092,2026-01-02 03:09:18,1513,157,,2,63.5,40.09,0.19,127.0,102.87,22.69,AUD,credit_card,mobile_app,completed
TXN20260102000093,2026-01-02 03:11:46,1306,388,,3,178.72,91.5,0.06,536.16,503.99,229.49,AUD,credit_card,marketplace,completed
TXN20260102000094,2026-01-02 03:14:47,2055,134,5012,3,151.77,62.1,0.23,455.31,350.59,164.29,AUD,credit_card,in_store,completed
TXN20260102000095,2026-01-02 03:15:35,1902,76,,3,153.93,70.84,0.07,461.79,429.46,216.94,AUD,debit_card,mobile_app,completed
TXN20260102000096,2026-01-02 03:16:04,1608,238,,1,356.39,213.37,0.25,356.39,267.29,53.92,AUD,debit_card,marketplace,completed
TXN20260102000097,2026-01-02 03:18:05,1589,126,5007,2,63.01,42.43,0.03,126.02,122.24,37.38,AUD,gift_card,mobile_app,completed
TXN20260102000098,2026-01-02 03:18:10,1017,388,,3,178.72,91.5,0.15,536.16,455.74,181.24,AUD,buy_now_pay_later,mobile_app,completed
TXN20260102000099,2026-01-02 03:21:43,1055,180,,3,233.35,116.35,0.03,700.05,679.05,330.0,AUD,credit_card,marketplace,completed
TXN20260102000100,2026-01-02 03:22:38,1664,232,,1,159.76,96.34,0.11,159.76,142.19,45.85,AUD,credit_card,mobile_app,completed
TXN20260102000101,2026-01-02 03:23:42,2187,143,,3,166.42,116.53,0.05,499.26,474.3,124.71,AUD,debit_card,web,completed
TXN20260102000102,2026-01-02 03:36:20,1462,59,,5,66.9,33.14,0.12,334.5,294.36,128.66,AUD,credit_card,web,completed
TXN20260102000103,2026-01-02 03:38:18,2146,61,5016,2,47.35,19.48,0.11,94.7,84.28,45.32,AUD,bank_transfer,in_store,completed
TXN20260102000104,2026-01-02 03:39:17,1002,98,,1,129.89,79.62,0.27,129.89,94.82,15.2,AUD,debit_card,in_store,completed
TXN20260102000105,2026-01-02 03:41:53,1606,334,,2,100.25,73.46,0.01,200.5,198.5,51.58,AUD,paypal,web,completed
TXN20260102000106,2026-01-02 03:46:28,2188,11,5015,2,383.38,230.87,0.19,766.76,621.08,159.34,AUD,credit_card,web,completed
TXN20260102000107,2026-01-02 03:51:17,1480,60,,1,77.58,46.86,0.0,77.58,77.58,30.72,AUD,buy_now_pay_later,mobile_app,refunded
TXN20260102000108,2026-01-02 03:54:06,1202,251,,2,245.15,169.74,0.13,490.3,426.56,87.08,AUD,buy_now_pay_later,web,completed
TXN20260102000109,2026-01-02 04:08:37,1564,279,,4,202.1,80.17,0.1,808.4,727.56,406.88,AUD,credit_card,in_store,completed
TXN20260102000110,2026-01-02 04:12:03,2092,124,5010,1,396.85,254.98,0.16,396.85,333.35,78.37,AUD,credit_card,web,completed
TXN20260102000111,2026-01-02 04:14:08,2151,350,5016,1,78.73,28.3,0.02,78.73,77.16,48.86,AUD,debit_card,mobile_app,completed
TXN20260102000112,2026-01-02 04:17:19,1592,217,,6,105.58,80.07,0.05,633.48,601.81,121.39,AUD,bank_transfer,web,completed
TXN20260102000113,2026-01-02 04:17:40,2170,121,,2,18.5,12.03,0.02,37.0,36.26,12.2,AUD,credit_card,mobile_app,completed
TXN20260102000114,2026-01-02 04:19:18,1856,129,5008,1,266.79,109.41,0.02,266.79,261.45,152.04,AUD,debit_card,mobile_app,completed
TXN20260102000115,2026-01-02 04:20:40,1940,172,5006,5,191.33,75.08,0.05,956.65,908.82,533.42,AUD,paypal,mobile_app,completed
TXN20260102000116,2026-01-02 04:26:35,1779,98,,3,129.89,79.62,0.06,389.67,366.29,127.43,AUD,paypal,web,completed
TXN20260102000117,2026-01-02 04:30:08,1869,151,,3,36.21,16.06,0.19,108.63,87.99,39.81,AUD,credit_card,mobile_app,completed
TXN20260102000118,2026-01-02 04:32:37,1555,131,5018,6,93.36,56.38,0.01,560.16,554.56,216.28,AUD,credit_card,web,completed
TXN20260102000119,2026-01-02 04:32:47,1466,33,,2,120.22,59.38,0.02,240.44,235.63,116.87,AUD,debit_card,web,completed
TXN20260102000120,2026-01-02 04:40:10,1265,138,,6,132.98,57.54,0.06,797.88,750.01,404.77,AUD,credit_card,mobile_app,completed
TXN20260102000121,2026-01-02 04:43:40,2127,35,5010,1,123.44,76.69,0.2,123.44,98.75,22.06,AUD,debit_card,web,completed
TXN20260102000122,2026-01-02 04:44:54,1761,71,5008,2,451.62,218.09,0.09,903.24,821.95,385.77,AUD,credit_card,web,completed
TXN20260102000123,2026-01-02 04:45:58,2176,274,5003,1,157.3,88.45,0.02,157.3,154.15,65.7,AUD,debit_card,web,refunded
TXN20260102000124,2026-01-02 04:46:06,1495,124,5007,4,396.85,254.98,0.11,1587.4,1412.79,392.87,AUD,debit_card,web,completed
TXN20260102000125,2026-01-02 04:47:45,1007,106,,3,313.2,199.1,0.06,939.6,883.22,285.92,AUD,credit_card,mobile_app,completed
TXN20260102000126,2026-01-02 04:48:59,1922,305,5016,3,51.53,22.19,0.19,154.59,125.22,58.65,AUD,debit_card,marketplace,completed
TXN20260102000127,2026-01-02 04:49:10,1104,279,5005,3,202.1,80.17,0.07,606.3,563.86,323.35,AUD,credit_card,marketplace,completed
TXN20260102000128,2026-01-02 04:50:35,1128,149,5009,4,221.16,142.36,0.11,884.64,787.33,217.89,AUD,debit_card,mobile_app,completed
TXN20260102000129,2026-01-02 04:50:58,1980,39,,1,153.21,59.61,0.0,153.21,153.21,93.6,AUD,credit_card,web,completed
TXN20260102000130,2026-01-02 04:51:42,1699,316,,5,109.37,70.04,0.09,546.85,497.63,147.43,AUD,buy_now_pay_later,web,pending
TXN20260102000131,2026-01-02 04:52:48,1669,199,,2,405.48,228.61,0.04,810.96,778.52,321.3,AUD,credit_card,mobile_app,completed
TXN20260102000132,2026-01-02 04:52:59,1899,235,,1,18.79,8.45,0.25,18.79,14.09,5.64,AUD,credit_card,mobile_app,refunded
TXN20260102000133,2026-01-02 05:00:18,2184,317,,1,25.27,14.13,0.26,25.27,18.7,4.57,AUD,credit_card,web,completed
TXN20260102000134,2026-01-02 05:01:19,1771,89,,1,131.64,95.41,0.0,131.64,131.64,36.23,AUD,buy_now_pay_later,web,completed
TXN20260102000135,2026-01-02 05:04:17,1790,209,5012,1,16.17,12.13,0.13,16.17,14.07,1.94,AUD,credit_card,marketplace,completed
TXN20260102000136,2026-01-02 05:08:18,1907,140,,1,98.88,53.29,0.03,98.88,95.91,42.62,AUD,debit_card,mobile_app,completed
TXN20260102000137,2026-01-02 05:09:23,1025,97,5005,1,261.47,109.45,0.06,261.47,245.78,136.33,AUD,credit_card,web,completed
TXN20260102000138,2026-01-02 05:10:49,1991,366,5009,1,212.32,146.95,0.01,212.32,210.2,63.25,AUD,debit_card,mobile_app,completed
TXN20260102000139,2026-01-02 05:12:07,1144,328,,2,33.71,19.15,0.11,67.42,60.0,21.7,AUD,credit_card,web,completed
TXN20260102000140,2026-01-02 05:12:32,1241,223,,3,140.86,54.16,0.1,422.58,380.32,217.84,AUD,credit_card,mobile_app,cancelled
TXN20260102000141,2026-01-02 05:12:52,1588,222,,2,32.17,11.42,0.24,64.34,48.9,26.06,AUD,gift_card,web,completed
TXN20260102000142,2026-01-02 05:14:05,1762,154,,2,128.25,56.51,0.03,256.5,248.81,135.79,AUD,paypal,mobile_app,refunded
TXN20260102000143,2026-01-02 05:15:16,1765,221,,3,157.27,79.8,0.04,471.81,452.94,213.54,AUD,credit_card,web,completed
TXN20260102000144,2026-01-02 05:15:30,1342,16,,1,185.65,67.71,0.15,185.65,157.8,90.09,AUD,debit_card,mobile_app,completed
TXN20260102000145,2026-01-02 05:16:46,1425,176,,2,19.37,14.31,0.0,38.74,38.74,10.12,AUD,paypal,mobile_app,completed
TXN20260102000146,2026-01-02 05:18:14,1620,243,,5,6.18,2.24,0.08,30.9,28.43,17.23,AUD,credit_card,web,completed
TXN20260102000147,2026-01-02 05:19:34,1127,302,,5,47.96,26.56,0.05,239.8,227.81,95.01,AUD,credit_card,marketplace,completed
TXN20260102000148,2026-01-02 05:20:31,2066,115,5004,2,166.75,108.87,0.2,333.5,266.8,49.06,AUD,credit_card,marketplace,completed
TXN20260102000149,2026-01-02 05:22:48,1382,372,,5,321.9,183.97,0.13,1609.5,1400.27,480.42,AUD,bank_transfer,mobile_app,completed
TXN20260102000150,2026-01-02 05:23:32,1310,136,,1,12.1,8.71,0.15,12.1,10.29,1.58,AUD,bank_transfer,marketplace,completed
TXN20260102000151,2026-01-02 05:24:03,2016,360,,2,22.41,17.01,0.15,44.82,38.1,4.08,AUD,credit_card,mobile_app,completed
TXN20260102000152,2026-01-02 05:25:54,2051,150,5004,1,205.86,111.18,0.2,205.86,164.69,53.51,AUD,buy_now_pay_later,web,completed
TXN20260102000153,2026-01-02 05:25:58,1673,38,,3,426.51,271.0,0.07,1279.53,1189.96,376.96,AUD,credit_card,mobile_app,completed
TXN20260102000154,2026-01-02 05:27:15,1238,357,,3,49.08,20.39,0.02,147.24,144.3,83.13,AUD,debit_card,mobile_app,completed
TXN20260102000155,2026-01-02 05:27:50,1498,150,,5,205.86,111.18,0.15,1029.3,874.9,319.0,AUD,paypal,web,completed
TXN20260102000156,2026-01-02 05:36:59,2077,162,,1,102.25,40.84,0.19,102.25,82.82,41.98,AUD,buy_now_pay_later,mobile_app,completed
TXN20260102000157,2026-01-02 05:39:44,2143,298,,1,71.48,35.14,0.0,71.48,71.48,36.34,AUD,credit_card,mobile_app,completed
TXN20260102000158,2026-01-02 05:43:55,1646,164,5006,2,219.94,105.48,0.05,439.88,417.89,206.93,AUD,credit_card,web,completed
TXN20260102000159,2026-01-02 05:46:33,1674,115,,2,166.75,108.87,0.05,333.5,316.82,99.08,AUD,credit_card,web,completed
TXN20260102000160,2026-01-02 05:47:55,1147,384,,1,25.19,17.92,0.1,25.19,22.67,4.75,AUD,credit_card,web,completed
TXN20260102000161,2026-01-02 05:48:03,2097,119,5015,5,26.62,12.14,0.23,133.1,102.49,41.79,AUD,bank_transfer,web,completed
TXN20260102000162,2026-01-02 05:49:04,2052,333,,6,41.88,25.97,0.03,251.28,243.74,87.92,AUD,debit_card,web,completed
TXN20260102000163,2026-01-02 05:49:21,1283,204,5009,2,256.41,190.36,0.12,512.82,451.28,70.56,AUD,bank_transfer,web,completed
TXN20260102000164,2026-01-02 05:51:06,1886,47,,1,383.34,271.98,0.14,383.34,329.67,57.69,AUD,credit_card,web,completed
TXN20260102000165,2026-01-02 05:51:58,1964,150,,1,205.86,111.18,0.12,205.86,181.16,69.98,AUD,paypal,mobile_app,completed
TXN20260102000166,2026-01-02 05:54:06,1070,89,,1,131.64,95.41,0.0,131.64,131.64,36.23,AUD,paypal,mobile_app,completed
TXN20260102000167,2026-01-02 05:54:26,1532,188,,3,141.88,98.58,0.14,425.64,366.05,70.31,AUD,credit_card,mobile_app,completed
TXN20260102000168,2026-01-02 05:54:42,1695,110,5015,1,30.96,17.81,0.26,30.96,22.91,5.1,AUD,buy_now_pay_later,marketplace,completed
TXN20260102000169,2026-01-02 05:54:44,1029,53,5009,5,33.81,14.85,0.1,169.05,152.15,77.9,AUD,gift_card,mobile_app,completed
TXN20260102000170,2026-01-02 05:55:22,1698,345,,2,301.49,218.7,0.2,602.98,482.38,44.98,AUD,credit_card,web,completed
TXN20260102000171,2026-01-02 05:55:22,2056,262,,1,30.32,15.63,0.1,30.32,27.29,11.66,AUD,buy_now_pay_later,mobile_app,completed
TXN20260102000172,2026-01-02 05:59:58,1159,193,,1,368.81,195.25,0.02,368.81,361.43,166.18,AUD,credit_card,web,completed
TXN20260102000173,2026-01-02 06:00:14,1573,86,5016,3,176.95,129.01,0.19,530.85,429.99,42.96,AUD,buy_now_pay_later,mobile_app,completed
TXN20260102000174,2026-01-02 06:02:02,1713,167,,1,176.55,75.21,0.05,176.55,167.72,92.51,AUD,buy_now_pay_later,mobile_app,completed
TXN20260102000175,2026-01-02 06:02:27,1412,332,,3,436.24,255.68,0.15,1308.72,1112.41,345.37,AUD,paypal,marketplace,completed
TXN20260102000176,2026-01-02 06:07:30,2147,196,5017,3,113.34,80.83,0.04,340.02,326.42,83.93,AUD,paypal,web,completed
TXN20260102000177,2026-01-02 06:07:37,1459,233,,4,320.43,123.08,0.09,1281.72,1166.37,674.05,AUD,debit_card,mobile_app,completed
TXN20260102000178,2026-01-02 06:09:33,1278,126,,2,63.01,42.43,0.23,126.02,97.04,12.18,AUD,debit_card,web,completed
TXN20260102000179,2026-01-02 06:14:46,2143,253,,2,39.46,26.36,0.1,78.92,71.03,18.31,AUD,debit_card,mobile_app,completed
TXN20260102000180,2026-01-02 06:15:19,2124,133,5013,2,22.32,9.12,0.22,44.64,34.82,16.58,AUD,credit_card,web,completed
TXN20260102000181,2026-01-02 06:18:54,1171,140,,3,98.88,53.29,0.04,296.64,284.77,124.9,AUD,credit_card,web,completed
TXN20260102000182,2026-01-02 06:19:02,1914,115,5017,4,166.75,108.87,0.25,667.0,500.25,64.77,AUD,credit_card,web,completed
TXN20260102000183,2026-01-02 06:21:30,1664,203,5009,1,5.97,4.17,0.02,5.97,5.85,1.68,AUD,paypal,mobile_app,completed
TXN20260102000184,2026-01-02 06:22:18,2029,15,,2,42.26,18.74,0.11,84.52,75.22,37.74,AUD,buy_now_pay_later,marketplace,completed
TXN20260102000185,2026-01-02 06:22:52,1801,72,,2,333.42,149.31,0.03,666.84,646.83,348.21,AUD,paypal,web,completed
TXN20260102000186,2026-01-02 06:23:32,1953,310,,1,109.6,62.46,0.17,109.6,90.97,28.51,AUD,credit_card,web,completed
TXN20260102000187,2026-01-02 06:27:04,1831,124,,1,396.85,254.98,0.12,396.85,349.23,94.25,AUD,bank_transfer,web,completed
TXN20260102000188,2026-01-02 06:27:23,1633,222,5014,2,32.17,11.42,0.18,64.34,52.76,29.92,AUD,credit_card,web,completed
TXN20260102000189,2026-01-02 06:27:46,1777,13,,2,39.93,31.05,0.1,79.86,71.87,9.77,AUD,credit_card,mobile_app,completed
TXN20260102000190,2026-01-02 06:28:47,1110,386,,2,284.12,120.27,0.2,568.24,454.59,214.05,AUD,debit_card,mobile_app,completed
TXN20260102000191,2026-01-02 06:32:24,1213,236,5003,3,7.93,6.02,0.06,23.79,22.36,4.3,AUD,credit_card,web,completed
TXN20260102000192,2026-01-02 06:34:30,1768,391,,1,294.69,110.36,0.13,294.69,256.38,146.02,AUD,debit_card,marketplace,completed
TXN20260102000193,2026-01-02 06:35:55,1783,84,,2,131.95,75.26,0.23,263.9,203.2,52.68,AUD,credit_card,web,completed
TXN20260102000194,2026-01-02 06:39:48,1023,389,,4,275.99,150.66,0.21,1103.96,872.13,269.49,AUD,credit_card,mobile_app,completed
TXN20260102000195,2026-01-02 06:39:51,1630,218,,4,150.35,81.79,0.05,601.4,571.33,244.17,AUD,credit_card,web,completed
TXN20260102000196,2026-01-02 06:40:58,2169,88,,1,104.05,41.24,0.17,104.05,86.36,45.12,AUD,credit_card,mobile_app,completed
TXN20260102000197,2026-01-02 06:41:01,2027,393,,4,18.4,11.45,0.07,73.6,68.45,22.65,AUD,buy_now_pay_later,web,completed
TXN20260102000198,2026-01-02 06:42:33,2160,178,,3,354.14,201.79,0.15,1062.42,903.06,297.69,AUD,debit_card,mobile_app,completed
TXN20260102000199,2026-01-02 06:43:02,1565,262,5018,4,30.32,15.63,0.19,121.28,98.24,35.72,AUD,credit_card,web,completed
TXN20260102000200,2026-01-02 06:43:33,1678,394,5010,1,26.27,10.02,0.01,26.27,26.01,15.99,AUD,bank_transfer,mobile_app,completed
TXN20260102000201,2026-01-02 06:47:39,1961,357,,1,49.08,20.39,0.03,49.08,47.61,27.22,AUD,debit_card,marketplace,completed
TXN20260102000202,2026-01-02 06:51:09,2179,30,,1,170.45,127.12,0.01,170.45,168.75,41.63,AUD,paypal,web,refunded
TXN20260102000203,2026-01-02 06:51:58,1672,396,,2,358.76,209.23,0.17,717.52,595.54,177.08,AUD,credit_card,web,completed
TXN20260102000204,2026-01-02 06:53:38,1723,336,,3,250.44,165.04,0.03,751.32,728.78,233.66,AUD,paypal,web,completed
TXN20260102000205,2026-01-02 06:58:31,1263,9,,1,470.11,214.65,0.07,470.11,437.2,222.55,AUD,credit_card,web,completed
TXN20260102000206,2026-01-02 06:58:38,1022,232,,3,159.76,96.34,0.26,479.28,354.67,65.65,AUD,credit_card,web,completed
TXN20260102000207,2026-01-02 06:59:23,1937,200,,1,8.47,4.01,0.09,8.47,7.71,3.7,AUD,debit_card,mobile_app,completed
TXN20260102000208,2026-01-02 06:59:53,1357,327,,4,27.46,12.97,0.09,109.84,99.95,48.07,AUD,debit_card,web,completed
TXN20260102000209,2026-01-02 07:00:17,1307,120,,4,231.92,128.02,0.02,927.68,909.13,397.05,AUD,credit_card,marketplace,completed
TXN20260102000210,2026-01-02 07:01:28,1308,33,5012,1,120.22,59.38,0.02,120.22,117.82,58.44,AUD,paypal,mobile_app,completed
TXN20260102000211,2026-01-02 07:01:56,1331,226,5013,3,224.08,91.6,0.18,672.24,551.24,276.44,AUD,debit_card,web,cancelled
TXN20260102000212,2026-01-02 07:02:57,2195,39,5013,4,153.21,59.61,0.01,612.84,606.71,368.27,AUD,paypal,mobile_app,completed
TXN20260102000213,2026-01-02 07:03:40,1915,311,5013,2,265.88,206.32,0.03,531.76,515.81,103.17,AUD,credit_card,web,completed
TXN20260102000214,2026-01-02 07:04:18,1427,15,5009,2,42.26,18.74,0.25,84.52,63.39,25.91,AUD,buy_now_pay_later,marketplace,completed
TXN20260102000215,2026-01-02 07:07:14,1882,319,5004,4,134.18,49.74,0.24,536.72,407.91,208.95,AUD,debit_card,web,completed
TXN20260102000216,2026-01-02 07:08:54,1446,110,5007,3,30.96,17.81,0.05,92.88,88.24,34.81,AUD,debit_card,mobile_app,completed
TXN20260102000217,2026-01-02 07:09:25,1965,170,,2,68.81,27.57,0.03,137.62,133.49,78.35,AUD,credit_card,mobile_app,completed
TXN20260102000218,2026-01-02 07:09:53,1502,323,5010,3,154.89,83.84,0.25,464.67,348.5,96.98,AUD,credit_card,web,completed
TXN20260102000219,2026-01-02 07:11:42,1430,317,,4,25.27,14.13,0.07,101.08,94.0,37.48,AUD,credit_card,mobile_app,completed
TXN20260102000220,2026-01-02 07:11:42,1213,314,,2,218.05,92.26,0.11,436.1,388.13,203.61,AUD,debit_card,mobile_app,completed
TXN20260102000221,2026-01-02 07:11:49,1542,181,5006,2,219.32,157.3,0.05,438.64,416.71,102.11,AUD,paypal,in_store,completed
TXN20260102000222,2026-01-02 07:12:40,1047,158,,1,101.24,48.34,0.23,101.24,77.95,29.61,AUD,buy_now_pay_later,mobile_app,completed
TXN20260102000223,2026-01-02 07:13:57,1159,347,,3,71.51,38.02,0.02,214.53,210.24,96.18,AUD,paypal,web,cancelled
TXN20260102000224,2026-01-02 07:14:31,1722,135,,1,141.91,90.68,0.01,141.91,140.49,49.81,AUD,buy_now_pay_later,mobile_app,refunded
TXN20260102000225,2026-01-02 07:15:58,1707,327,,1,27.46,12.97,0.04,27.46,26.36,13.39,AUD,credit_card,marketplace,completed
TXN20260102000226,2026-01-02 07:18:04,2091,35,,5,123.44,76.69,0.02,617.2,604.86,221.41,AUD,credit_card,mobile_app,completed
TXN20260102000227,2026-01-02 07:18:16,1957,8,,2,65.06,29.43,0.14,130.12,111.9,53.04,AUD,buy_now_pay_later,mobile_app,completed
TXN20260102000228,2026-01-02 07:18:31,1414,68,,6,197.74,154.22,0.13,1186.44,1032.2,106.88,AUD,debit_card,web,completed
TXN20260102000229,2026-01-02 07:19:23,1344,394,,5,26.27,10.02,0.02,131.35,128.72,78.62,AUD,gift_card,in_store,completed
TXN20260102000230,2026-01-02 07:19:36,1577,145,,1,333.84,132.73,0.05,333.84,317.15,184.42,AUD,credit_card,mobile_app,completed
TXN20260102000231,2026-01-02 07:19:40,2176,245,,3,349.8,233.63,0.11,1049.4,933.97,233.08,AUD,debit_card,web,completed
TXN20260102000232,2026-01-02 07:19:59,2184,337,5012,2,146.92,72.71,0.01,293.84,290.9,145.48,AUD,credit_card,mobile_app,completed
TXN20260102000233,2026-01-02 07:20:48,1742,326,5002,1,183.44,105.75,0.23,183.44,141.25,35.5,AUD,paypal,mobile_app,completed
TXN20260102000234,2026-01-02 07:24:31,1738,340,,2,69.61,35.79,0.22,139.22,108.59,37.01,AUD,credit_card,mobile_app,completed
TXN20260102000235,2026-01-02 07:25:21,1344,334,,4,100.25,73.46,0.15,401.0,340.85,47.01,AUD,paypal,marketplace,completed
TXN20260102000236,2026-01-02 07:25:36,1071,291,5010,3,348.41,145.57,0.1,1045.23,940.71,504.0,AUD,credit_card,mobile_app,completed
TXN20260102000237,2026-01-02 07:27:30,1481,174,,6,56.31,22.6,0.02,337.86,331.1,195.5,AUD,debit_card,web,completed
TXN20260102000238,2026-01-02 07:27:45,1272,183,,2,56.96,21.65,0.24,113.92,86.58,43.28,AUD,buy_now_pay_later,in_store,completed
TXN20260102000239,2026-01-02 07:27:56,1929,275,,3,116.41,50.22,0.0,349.23,349.23,198.57,AUD,debit_card,mobile_app,completed
TXN20260102000240,2026-01-02 07:29:59,1529,153,,2,133.15,94.62,0.21,266.3,210.38,21.14,AUD,debit_card,web,completed
TXN20260102000241,2026-01-02 07:30:17,1727,206,5016,1,211.48,126.89,0.04,211.48,203.02,76.13,AUD,debit_card,mobile_app,completed
TXN20260102000242,2026-01-02 07:30:23,1191,364,5014,5,126.27,67.13,0.07,631.35,587.16,251.51,AUD,debit_card,mobile_app,refunded
TXN20260102000243,2026-01-02 07:30:52,2066,354,,6,128.43,85.15,0.24,770.58,585.64,74.74,AUD,paypal,mobile_app,completed
TXN20260102000244,2026-01-02 07:32:10,1221,388,5013,3,178.72,91.5,0.07,536.16,498.63,224.13,AUD,paypal,mobile_app,completed
TXN20260102000245,2026-01-02 07:32:44,2165,171,5016,5,126.82,54.58,0.08,634.1,583.37,310.47,AUD,credit_card,mobile_app,completed
TXN20260102000246,2026-01-02 07:32:48,1679,41,5016,2,241.85,106.29,0.08,483.7,445.0,232.42,AUD,credit_card,mobile_app,completed
TXN20260102000247,2026-01-02 07:33:00,1478,236,,5,7.93,6.02,0.08,39.65,36.48,6.38,AUD,paypal,web,completed
TXN20260102000248,2026-01-02 07:33:28,1453,150,,1,205.86,111.18,0.11,205.86,183.22,72.04,AUD,debit_card,web,pending
TXN20260102000249,2026-01-02 07:33:36,2026,247,5004,1,32.77,14.35,0.03,32.77,31.79,17.44,AUD,debit_card,web,completed
TXN20260102000250,2026-01-02 07:34:42,1657,338,,5,454.19,219.15,0.15,2270.95,1930.31,834.56,AUD,debit_card,mobile_app,completed
TXN20260102000251,2026-01-02 07:35:00,1343,371,,1,279.28,128.3,0.22,279.28,217.84,89.54,AUD,paypal,web,completed
TXN20260102000252,2026-01-02 07:37:13,1459,188,,2,141.88,98.58,0.11,283.76,252.55,55.39,AUD,credit_card,mobile_app,completed
TXN20260102000253,2026-01-02 07:37:46,1102,317,5016,5,25.27,14.13,0.02,126.35,123.82,53.17,AUD,buy_now_pay_later,web,completed
TXN20260102000254,2026-01-02 07:38:49,1767,311,5013,1,265.88,206.32,0.12,265.88,233.97,27.65,AUD,credit_card,web,completed
TXN20260102000255,2026-01-02 07:41:10,1339,164,,2,219.94,105.48,0.11,439.88,391.49,180.53,AUD,gift_card,web,completed
TXN20260102000256,2026-01-02 07:42:47,1799,152,,3,18.61,8.27,0.02,55.83,54.71,29.9,AUD,credit_card,mobile_app,completed
TXN20260102000257,2026-01-02 07:43:49,1153,170,,3,68.81,27.57,0.09,206.43,187.85,105.14,AUD,paypal,mobile_app,completed
TXN20260102000258,2026-01-02 07:46:23,1147,264,,4,82.43,34.18,0.13,329.72,286.86,150.14,AUD,credit_card,mobile_app,completed
TXN20260102000259,2026-01-02 07:46:49,2098,297,,3,258.89,188.19,0.22,776.67,605.8,41.23,AUD,credit_card,mobile_app,completed
TXN20260102000260,2026-01-02 07:47:49,1516,66,,3,157.5,63.74,0.07,472.5,439.42,248.2,AUD,credit_card,web,completed
TXN20260102000261,2026-01-02 07:48:05,1483,133,,2,22.32,9.12,0.03,44.64,43.3,25.06,AUD,credit_card,marketplace,completed
TXN20260102000262,2026-01-02 07:48:50,2148,146,,2,182.6,76.84,0.06,365.2,343.29,189.61,AUD,credit_card,in_store,completed
TXN20260102000263,2026-01-02 07:49:33,1385,164,5018,4,219.94,105.48,0.1,879.76,791.78,369.86,AUD,paypal,marketplace,completed
TXN20260102000264,2026-01-02 07:50:04,1447,74,5016,4,161.48,101.89,0.21,645.92,510.28,102.72,AUD,paypal,web,completed
TXN20260102000265,2026-01-02 07:50:15,1305,229,,2,23.31,18.16,0.02,46.62,45.69,9.37,AUD,debit_card,mobile_app,completed
TXN20260102000266,2026-01-02 07:50:28,2153,230,,3,249.03,160.65,0.05,747.09,709.74,227.79,AUD,gift_card,web,completed
TXN20260102000267,2026-01-02 07:50:57,1541,7,5010,5,75.68,42.79,0.12,378.4,332.99,119.04,AUD,bank_transfer,web,completed
TXN20260102000268,2026-01-02 07:51:04,1317,142,5015,5,424.43,299.05,0.16,2122.15,1782.61,287.36,AUD,buy_now_pay_later,web,completed
TXN20260102000269,2026-01-02 07:52:21,1357,79,,4,139.3,69.25,0.18,557.2,456.9,179.9,AUD,credit_card,web,completed
TXN20260102000270,2026-01-02 07:52:23,2050,213,,2,89.64,56.55,0.03,179.28,173.9,60.8,AUD,credit_card,web,completed
TXN20260102000271,2026-01-02 07:52:28,1110,1,5010,3,367.54,272.05,0.02,1102.62,1080.57,264.42,AUD,debit_card,mobile_app,completed
TXN20260102000272,2026-01-02 07:52:36,1544,11,,2,383.38,230.87,0.06,766.76,720.75,259.01,AUD,paypal,mobile_app,completed
TXN20260102000273,2026-01-02 07:52:43,1978,162,5006,4,102.25,40.84,0.02,409.0,400.82,237.46,AUD,debit_card,web,completed
TXN20260102000274,2026-01-02 07:53:01,1530,75,,1,200.92,131.5,0.24,200.92,152.7,21.2,AUD,credit_card,web,completed
TXN20260102000275,2026-01-02 07:53:27,2169,386,,2,284.12,120.27,0.15,568.24,483.0,242.46,AUD,credit_card,mobile_app,completed
TXN20260102000276,2026-01-02 07:53:56,1404,277,5014,3,470.57,189.97,0.25,1411.71,1058.78,488.87,AUD,debit_card,marketplace,completed
TXN20260102000277,2026-01-02 07:54:09,1588,165,5012,4,198.75,72.56,0.21,795.0,628.05,337.81,AUD,gift_card,mobile_app,completed
TXN20260102000278,2026-01-02 07:55:20,1633,284,,1,359.21,205.04,0.23,359.21,276.59,71.55,AUD,bank_transfer,mobile_app,completed
TXN20260102000279,2026-01-02 07:55:37,1482,76,,4,153.93,70.84,0.02,615.72,603.41,320.05,AUD,debit_card,web,completed
TXN20260102000280,2026-01-02 07:55:56,1700,325,,6,185.03,90.35,0.04,1110.18,1065.77,523.67,AUD,debit_card,mobile_app,completed
TXN20260102000281,2026-01-02 07:56:50,1960,252,,5,12.21,8.71,0.16,61.05,51.28,7.73,AUD,buy_now_pay_later,mobile_app,completed
TXN20260102000282,2026-01-02 07:57:50,1181,88,,5,104.05,41.24,0.01,520.25,515.05,308.85,AUD,debit_card,mobile_app,completed
TXN20260102000283,2026-01-02 07:59:46,1872,302,,2,47.96,26.56,0.01,95.92,94.96,41.84,AUD,credit_card,web,completed
TXN20260102000284,2026-01-02 08:01:02,1743,268,,1,13.69,9.27,0.03,13.69,13.28,4.01,AUD,credit_card,marketplace,completed
TXN20260102000285,2026-01-02 08:01:21,1044,225,5007,4,310.73,232.58,0.03,1242.92,1205.63,275.31,AUD,paypal,mobile_app,completed
TXN20260102000286,2026-01-02 08:01:32,1077,312,,1,142.79,97.05,0.01,142.79,141.36,44.31,AUD,credit_card,web,completed
TXN20260102000287,2026-01-02 08:02:14,1477,345,,2,301.49,218.7,0.01,602.98,596.95,159.55,AUD,credit_card,marketplace,completed
TXN20260102000288,2026-01-02 08:02:55,2051,117,,5,17.41,7.32,0.23,87.05,67.03,30.43,AUD,paypal,web,completed
TXN20260102000289,2026-01-02 08:03:11,1908,69,,3,53.62,37.17,0.07,160.86,149.6,38.09,AUD,debit_card,web,completed
TXN20260102000290,2026-01-02 08:03:21,1833,242,,5,149.29,73.33,0.02,746.45,731.52,364.87,AUD,buy_now_pay_later,mobile_app,completed
TXN20260102000291,2026-01-02 08:05:11,1014,211,,1,125.27,94.18,0.07,125.27,116.5,22.32,AUD,debit_card,web,completed
TXN20260102000292,2026-01-02 08:05:27,1694,292,5014,3,313.29,237.82,0.0,939.87,939.87,226.41,AUD,paypal,mobile_app,completed
TXN20260102000293,2026-01-02 08:05:29,1051,91,5004,4,229.04,125.54,0.2,916.16,732.93,230.77,AUD,credit_card,marketplace,completed
TXN20260102000294,2026-01-02 08:05:45,1017,64,5009,2,148.54,87.49,0.14,297.08,255.49,80.51,AUD,credit_card,web,completed
TXN20260102000295,2026-01-02 08:06:53,1332,64,5003,2,148.54,87.49,0.08,297.08,273.31,98.33,AUD,credit_card,mobile_app,completed
TXN20260102000296,2026-01-02 08:07:56,1600,220,,2,80.96,29.21,0.26,161.92,119.82,61.4,AUD,gift_card,web,completed
TXN20260102000297,2026-01-02 08:08:13,1366,132,5016,2,109.21,38.28,0.17,218.42,181.29,104.73,AUD,debit_card,mobile_app,completed
TXN20260102000298,2026-01-02 08:08:16,1207,31,,2,125.26,43.94,0.06,250.52,235.49,147.61,AUD,paypal,mobile_app,completed
TXN20260102000299,2026-01-02 08:08:20,1264,260,,2,168.41,124.86,0.16,336.82,282.93,33.21,AUD,debit_card,web,completed
TXN20260102000300,2026-01-02 08:08:51,1460,291,,2,348.41,145.57,0.14,696.82,599.27,308.13,AUD,credit_card,web,completed
TXN20260102000301,2026-01-02 08:09:35,1662,6,,2,45.92,33.82,0.15,91.84,78.06,10.42,AUD,gift_card,web,completed
TXN20260102000302,2026-01-02 08:10:36,1904,128,5003,2,189.27,110.21,0.11,378.54,336.9,116.48,AUD,credit_card,in_store,completed
TXN20260102000303,2026-01-02 08:11:01,1230,239,5016,3,33.36,20.5,0.0,100.08,100.08,38.58,AUD,debit_card,web,completed
TXN20260102000304,2026-01-02 08:12:52,1618,127,,2,45.1,29.41,0.0,90.2,90.2,31.38,AUD,gift_card,mobile_app,completed
TXN20260102000305,2026-01-02 08:13:11,1906,124,,5,396.85,254.98,0.02,1984.25,1944.57,669.67,AUD,credit_card,web,completed
TXN20260102000306,2026-01-02 08:14:01,1281,351,,4,410.9,255.25,0.01,1643.6,1627.16,606.16,AUD,credit_card,web,completed
TXN20260102000307,2026-01-02 08:17:48,1139,369,,3,254.39,165.86,0.09,763.17,694.48,196.9,AUD,buy_now_pay_later,mobile_app,completed
TXN20260102000308,2026-01-02 08:18:13,1313,162,,2,102.25,40.84,0.22,204.5,159.51,77.83,AUD,credit_card,marketplace,completed
TXN20260102000309,2026-01-02 08:18:51,2079,274,5008,3,157.3,88.45,0.09,471.9,429.43,164.08,AUD,paypal,web,completed
TXN20260102000310,2026-01-02 08:21:49,1438,302,,1,47.96,26.56,0.19,47.96,38.85,12.29,AUD,credit_card,marketplace,completed
TXN20260102000311,2026-01-02 08:22:56,1087,389,5017,4,275.99,150.66,0.22,1103.96,861.09,258.45,AUD,buy_now_pay_later,mobile_app,completed
TXN20260102000312,2026-01-02 08:23:31,1105,4,,4,238.89,172.72,0.09,955.56,869.56,178.68,AUD,buy_now_pay_later,web,completed
TXN20260102000313,2026-01-02 08:23:58,1281,145,,4,333.84,132.73,0.15,1335.36,1135.06,604.14,AUD,paypal,in_store,refunded
TXN20260102000314,2026-01-02 08:25:29,2024,105,5007,2,142.92,89.61,0.1,285.84,257.26,78.04,AUD,debit_card,marketplace,completed
TXN20260102000315,2026-01-02 08:26:26,1564,215,5008,1,8.88,3.58,0.22,8.88,6.93,3.35,AUD,credit_card,mobile_app,completed
TXN20260102000316,2026-01-02 08:26:42,1711,111,,1,130.14,98.41,0.02,130.14,127.54,29.13,AUD,buy_now_pay_later,mobile_app,completed
TXN20260102000317,2026-01-02 08:26:59,1300,80,,5,279.86,155.8,0.23,1399.3,1077.46,298.46,AUD,paypal,web,completed
TXN20260102000318,2026-01-02 08:29:15,1796,316,5005,2,109.37,70.04,0.26,218.74,161.87,21.79,AUD,credit_card,in_store,completed
TXN20260102000319,2026-01-02 08:29:57,1618,394,5010,1,26.27,10.02,0.08,26.27,24.17,14.15,AUD,credit_card,web,completed
TXN20260102000320,2026-01-02 08:30:35,1792,345,,2,301.49,218.7,0.17,602.98,500.47,63.07,AUD,paypal,mobile_app,completed
TXN20260102000321,2026-01-02 08:30:38,1771,117,,1,17.41,7.32,0.03,17.41,16.89,9.57,AUD,debit_card,web,completed
TXN20260102000322,2026-01-02 08:30:42,1810,159,,1,232.46,120.67,0.14,232.46,199.92,79.25,AUD,credit_card,web,completed
TXN20260102000323,2026-01-02 08:30:44,1988,374,5014,1,37.72,26.89,0.09,37.72,34.33,7.44,AUD,credit_card,web,completed
TXN20260102000324,2026-01-02 08:31:06,2094,120,5015,2,231.92,128.02,0.07,463.84,431.37,175.33,AUD,credit_card,marketplace,completed
TXN20260102000325,2026-01-02 08:31:17,1410,83,,4,271.39,135.83,0.17,1085.56,901.01,357.69,AUD,credit_card,web,completed
TXN20260102000326,2026-01-02 08:32:04,2069,242,,1,149.29,73.33,0.02,149.29,146.3,72.97,AUD,debit_card,web,completed
TXN20260102000327,2026-01-02 08:32:07,2099,315,,5,85.51,53.68,0.15,427.55,363.42,95.02,AUD,buy_now_pay_later,marketplace,completed
TXN20260102000328,2026-01-02 08:32:15,1457,315,,3,85.51,53.68,0.04,256.53,246.27,85.23,AUD,debit_card,mobile_app,completed
TXN20260102000329,2026-01-02 08:32:24,2188,400,5014,2,83.09,58.62,0.04,166.18,159.53,42.29,AUD,credit_card,mobile_app,completed
TXN20260102000330,2026-01-02 08:32:56,1503,263,,1,194.7,69.51,0.19,194.7,157.71,88.2,AUD,debit_card,marketplace,completed
TXN20260102000331,2026-01-02 08:34:11,1075,371,5006,3,279.28,128.3,0.15,837.84,712.16,327.26,AUD,credit_card,mobile_app,completed
TXN20260102000332,2026-01-02 08:35:25,1294,12,,5,22.05,16.18,0.04,110.25,105.84,24.94,AUD,debit_card,mobile_app,completed
TXN20260102000333,2026-01-02 08:35:52,1201,53,,1,33.81,14.85,0.03,33.81,32.8,17.95,AUD,debit_card,mobile_app,completed
TXN20260102000334,2026-01-02 08:36:03,1015,70,5006,2,291.11,188.06,0.14,582.22,500.71,124.59,AUD,credit_card,mobile_app,completed
TXN20260102000335,2026-01-02 08:36:26,1430,73,,5,97.62,68.56,0.12,488.1,429.53,86.73,AUD,credit_card,mobile_app,completed
TXN20260102000336,2026-01-02 08:37:12,1166,174,,4,56.31,22.6,0.06,225.24,211.73,121.33,AUD,buy_now_pay_later,web,completed
TXN20260102000337,2026-01-02 08:37:13,1868,103,,2,34.27,18.76,0.06,68.54,64.43,26.91,AUD,credit_card,mobile_app,completed
TXN20260102000338,2026-01-02 08:37:53,2123,294,,2,25.75,16.01,0.06,51.5,48.41,16.39,AUD,credit_card,mobile_app,completed
TXN20260102000339,2026-01-02 08:38:13,1512,267,5014,4,13.67,9.81,0.07,54.68,50.85,11.61,AUD,credit_card,marketplace,completed
TXN20260102000340,2026-01-02 08:41:10,1020,3,5006,3,142.91,77.99,0.11,428.73,381.57,147.6,AUD,credit_card,web,completed
TXN20260102000341,2026-01-02 08:41:29,1734,355,,2,211.06,93.04,0.11,422.12,375.69,189.61,AUD,paypal,in_store,completed
TXN20260102000342,2026-01-02 08:41:34,2078,366,,1,212.32,146.95,0.01,212.32,210.2,63.25,AUD,credit_card,mobile_app,completed
TXN20260102000343,2026-01-02 08:42:28,1396,6,5014,4,45.92,33.82,0.03,183.68,178.17,42.89,AUD,credit_card,mobile_app,completed
TXN20260102000344,2026-01-02 08:45:54,1198,226,,5,224.08,91.6,0.03,1120.4,1086.79,628.79,AUD,credit_card,mobile_app,completed
TXN20260102000345,2026-01-02 08:46:05,1593,16,,3,185.65,67.71,0.08,556.95,512.39,309.26,AUD,debit_card,mobile_app,completed
TXN20260102000346,2026-01-02 08:49:20,1764,102,,2,276.02,213.86,0.04,552.04,529.96,102.24,AUD,paypal,mobile_app,completed
TXN20260102000347,2026-01-02 08:49:45,1309,193,,2,368.81,195.25,0.28,737.62,531.09,140.59,AUD,credit_card,marketplace,completed
TXN20260102000348,2026-01-02 08:50:23,1417,186,,5,294.97,120.02,0.06,1474.85,1386.36,786.26,AUD,credit_card,web,completed
TXN20260102000349,2026-01-02 08:51:10,1947,158,,4,101.24,48.34,0.06,404.96,380.66,187.3,AUD,debit_card,mobile_app,completed
TXN20260102000350,2026-01-02 08:51:24,1550,186,5012,3,294.97,120.02,0.02,884.91,867.21,507.15,AUD,debit_card,web,completed
TXN20260102000351,2026-01-02 08:52:55,1136,37,,6,5.1,1.86,0.04,30.6,29.38,18.22,AUD,credit_card,web,completed
TXN20260102000352,2026-01-02 08:53:06,1776,318,,3,104.56,45.81,0.1,313.68,282.31,144.88,AUD,gift_card,web,completed
TXN20260102000353,2026-01-02 08:53:09,1545,146,5013,1,182.6,76.84,0.05,182.6,173.47,96.63,AUD,credit_card,mobile_app,completed
TXN20260102000354,2026-01-02 08:56:38,1592,93,,1,325.04,177.67,0.03,325.04,315.29,137.62,AUD,buy_now_pay_later,web,completed
TXN20260102000355,2026-01-02 08:56:39,1399,256,,1,65.44,43.78,0.12,65.44,57.59,13.81,AUD,debit_card,web,completed
TXN20260102000356,2026-01-02 08:57:08,1044,345,,5,301.49,218.7,0.27,1507.45,1100.44,6.94,AUD,buy_now_pay_later,mobile_app,refunded
TXN20260102000357,2026-01-02 08:57:48,1808,199,,5,405.48,228.61,0.05,2027.4,1926.03,782.98,AUD,bank_transfer,marketplace,completed
TXN20260102000358,2026-01-02 08:58:22,1162,41,5018,1,241.85,106.29,0.24,241.85,183.81,77.52,AUD,credit_card,mobile_app,completed
TXN20260102000359,2026-01-02 09:00:28,1748,36,,1,95.33,67.51,0.15,95.33,81.03,13.52,AUD,credit_card,mobile_app,completed
TXN20260102000360,2026-01-02 09:01:27,1376,57,,1,7.38,2.62,0.02,7.38,7.23,4.61,AUD,bank_transfer,web,completed
TXN20260102000361,2026-01-02 09:01:42,1815,359,5002,3,421.42,180.37,0.22,1264.26,986.12,445.01,AUD,buy_now_pay_later,mobile_app,completed
TXN20260102000362,2026-01-02 09:01:45,1422,369,5004,1,254.39,165.86,0.19,254.39,206.06,40.2,AUD,paypal,web,completed
TXN20260102000363,2026-01-02 09:02:42,1507,69,,1,53.62,37.17,0.1,53.62,48.26,11.09,AUD,paypal,web,completed
TXN20260102000364,2026-01-02 09:02:56,1569,280,,2,235.41,129.45,0.13,470.82,409.61,150.71,AUD,credit_card,mobile_app,completed
TXN20260102000365,2026-01-02 09:04:10,1512,327,5008,4,27.46,12.97,0.05,109.84,104.35,52.47,AUD,debit_card,mobile_app,refunded
TXN20260102000366,2026-01-02 09:04:42,1978,82,,4,269.27,177.26,0.05,1077.08,1023.23,314.19,AUD,credit_card,mobile_app,completed
TXN20260102000367,2026-01-02 09:05:01,1084,296,,1,305.06,151.58,0.17,305.06,253.2,101.62,AUD,credit_card,web,completed
TXN20260102000368,2026-01-02 09:05:36,1238,316,,3,109.37,70.04,0.21,328.11,259.21,49.09,AUD,debit_card,mobile_app,completed
TXN20260102000369,2026-01-02 09:05:52,2029,274,,1,157.3,88.45,0.14,157.3,135.28,46.83,AUD,paypal,in_store,completed
TXN20260102000370,2026-01-02 09:06:15,2096,323,5014,1,154.89,83.84,0.25,154.89,116.17,32.33,AUD,bank_transfer,mobile_app,cancelled
TXN20260102000371,2026-01-02 09:07:00,1711,204,,4,256.41,190.36,0.12,1025.64,902.56,141.12,AUD,gift_card,web,completed
TXN20260102000372,2026-01-02 09:07:16,2007,311,,2,265.88,206.32,0.02,531.76,521.12,108.48,AUD,debit_card,mobile_app,refunded
TXN20260102000373,2026-01-02 09:07:25,1007,315,,4,85.51,53.68,0.07,342.04,318.1,103.38,AUD,credit_card,mobile_app,completed
TXN20260102000374,2026-01-02 09:07:27,1126,238,,2,356.39,213.37,0.01,712.78,705.65,278.91,AUD,credit_card,web,completed
TXN20260102000375,2026-01-02 09:07:43,1287,91,5002,1,229.04,125.54,0.23,229.04,176.36,50.82,AUD,credit_card,mobile_app,completed
TXN20260102000376,2026-01-02 09:08:40,1831,152,,4,18.61,8.27,0.13,74.44,64.76,31.68,AUD,paypal,mobile_app,completed
TXN20260102000377,2026-01-02 09:09:12,1234,10,,3,246.81,139.27,0.08,740.43,681.2,263.39,AUD,credit_card,mobile_app,completed
TXN20260102000378,2026-01-02 09:09:22,1270,202,5003,4,257.36,101.79,0.26,1029.44,761.79,354.63,AUD,paypal,web,completed
TXN20260102000379,2026-01-02 09:09:28,2040,275,5017,2,116.41,50.22,0.02,232.82,228.16,127.72,AUD,debit_card,mobile_app,completed
TXN20260102000380,2026-01-02 09:10:08,1941,282,,1,11.8,8.78,0.15,11.8,10.03,1.25,AUD,paypal,marketplace,completed
TXN20260102000381,2026-01-02 09:10:24,1123,263,,3,194.7,69.51,0.18,584.1,478.96,270.43,AUD,credit_card,mobile_app,completed
TXN20260102000382,2026-01-02 09:11:45,2006,255,,2,109.46,69.18,0.22,218.92,170.76,32.4,AUD,credit_card,mobile_app,completed
TXN20260102000383,2026-01-02 09:12:14,1860,113,,2,424.44,152.08,0.17,848.88,704.57,400.41,AUD,credit_card,web,completed
TXN20260102000384,2026-01-02 09:12:43,1822,370,,5,292.21,138.01,0.01,1461.05,1446.44,756.39,AUD,credit_card,web,completed
TXN20260102000385,2026-01-02 09:12:50,1606,91,,1,229.04,125.54,0.0,229.04,229.04,103.5,AUD,gift_card,mobile_app,completed
TXN20260102000386,2026-01-02 09:12:52,2125,27,,1,172.81,116.75,0.12,172.81,152.07,35.32,AUD,credit_card,web,completed
TXN20260102000387,2026-01-02 09:13:20,1854,365,,1,229.11,163.97,0.11,229.11,203.91,39.94,AUD,credit_card,web,completed
TXN20260102000388,2026-01-02 09:13:36,1267,119,5009,3,26.62,12.14,0.11,79.86,71.08,34.66,AUD,paypal,web,completed
TXN20260102000389,2026-01-02 09:13:46,1417,399,5013,4,108.85,55.74,0.11,435.4,387.51,164.55,AUD,credit_card,mobile_app,completed
TXN20260102000390,2026-01-02 09:13:55,2060,163,,1,280.84,142.19,0.04,280.84,269.61,127.42,AUD,buy_now_pay_later,web,completed
TXN20260102000391,2026-01-02 09:14:04,1182,14,,6,60.5,36.5,0.04,363.0,348.48,129.48,AUD,debit_card,web,completed
TXN20260102000392,2026-01-02 09:15:06,1152,145,,1,333.84,132.73,0.12,333.84,293.78,161.05,AUD,buy_now_pay_later,mobile_app,completed
TXN20260102000393,2026-01-02 09:15:13,1934,322,5008,1,98.42,48.71,0.14,98.42,84.64,35.93,AUD,paypal,web,completed
TXN20260102000394,2026-01-02 09:18:34,1839,287,,3,67.92,35.4,0.1,203.76,183.38,77.18,AUD,bank_transfer,in_store,completed
TXN20260102000395,2026-01-02 09:20:23,2191,271,,3,132.74,79.27,0.15,398.22,338.49,100.68,AUD,debit_card,mobile_app,completed
TXN20260102000396,2026-01-02 09:20:35,1204,357,,1,49.08,20.39,0.04,49.08,47.12,26.73,AUD,paypal,web,completed
TXN20260102000397,2026-01-02 09:20:47,1561,77,,4,288.19,141.16,0.1,1152.76,1037.48,472.84,AUD,buy_now_pay_later,web,completed
TXN20260102000398,2026-01-02 09:20:49,1178,166,5015,3,414.85,167.06,0.07,1244.55,1157.43,656.25,AUD,debit_card,mobile_app,completed
TXN20260102000399,2026-01-02 09:22:01,1637,258,5018,1,5.4,4.07,0.11,5.4,4.81,0.74,AUD,paypal,web,completed
TXN20260102000400,2026-01-02 09:22:09,2126,198,,3,311.79,188.7,0.06,935.37,879.25,313.15,AUD,bank_transfer,marketplace,refunded
TXN20260102000401,2026-01-02 09:22:18,1231,55,,2,51.38,24.77,0.18,102.76,84.26,34.72,AUD,debit_card,mobile_app,completed
TXN20260102000402,2026-01-02 09:22:27,2133,105,,4,142.92,89.61,0.14,571.68,491.64,133.2,AUD,debit_card,mobile_app,refunded
TXN20260102000403,2026-01-02 09:22:58,1963,2,5014,1,292.97,126.42,0.18,292.97,240.24,113.82,AUD,paypal,mobile_app,completed
TXN20260102000404,2026-01-02 09:23:34,1299,375,5003,4,239.04,121.65,0.05,956.16,908.35,421.75,AUD,credit_card,mobile_app,completed
TXN20260102000405,2026-01-02 09:23:40,2064,155,5015,1,402.98,307.8,0.02,402.98,394.92,87.12,AUD,buy_now_pay_later,web,completed
TXN20260102000406,2026-01-02 09:23:53,1356,300,,3,134.02,50.66,0.0,402.06,402.06,250.08,AUD,debit_card,web,completed
TXN20260102000407,2026-01-02 09:24:12,1705,156,,1,179.48,110.08,0.05,179.48,170.51,60.43,AUD,credit_card,mobile_app,completed
TXN20260102000408,2026-01-02 09:27:53,1953,143,5012,2,166.42,116.53,0.12,332.84,292.9,59.84,AUD,paypal,mobile_app,refunded
TXN20260102000409,2026-01-02 09:28:44,1332,182,,3,185.56,117.63,0.06,556.68,523.28,170.39,AUD,credit_card,mobile_app,completed
TXN20260102000410,2026-01-02 09:29:22,1450,301,,2,288.28,108.1,0.22,576.56,449.72,233.52,AUD,credit_card,mobile_app,completed
TXN20260102000411,2026-01-02 09:29:46,1517,154,5009,2,128.25,56.51,0.07,256.5,238.54,125.52,AUD,gift_card,web,completed
TXN20260102000412,2026-01-02 09:29:55,1799,51,,3,162.3,85.52,0.08,486.9,447.95,191.39,AUD,debit_card,web,completed
TXN20260102000413,2026-01-02 09:29:57,1648,148,,1,64.17,49.35,0.02,64.17,62.89,13.54,AUD,credit_card,web,completed
TXN20260102000414,2026-01-02 09:30:48,1121,323,,1,154.89,83.84,0.14,154.89,133.21,49.37,AUD,buy_now_pay_later,web,completed
TXN20260102000415,2026-01-02 09:31:57,1949,61,,1,47.35,19.48,0.17,47.35,39.3,19.82,AUD,bank_transfer,mobile_app,completed
TXN20260102000416,2026-01-02 09:32:14,1141,281,,2,206.68,92.2,0.16,413.36,347.22,162.82,AUD,buy_now_pay_later,web,completed
TXN20260102000417,2026-01-02 09:33:50,1496,317,,4,25.27,14.13,0.18,101.08,82.89,26.37,AUD,credit_card,mobile_app,completed
TXN20260102000418,2026-01-02 09:34:00,1895,163,5012,3,280.84,142.19,0.04,842.52,808.82,382.25,AUD,credit_card,web,completed
TXN20260102000419,2026-01-02 09:35:17,1531,157,,5,63.5,40.09,0.18,317.5,260.35,59.9,AUD,credit_card,mobile_app,completed
TXN20260102000420,2026-01-02 09:35:22,1399,380,,2,148.6,57.32,0.01,297.2,294.23,179.59,AUD,paypal,marketplace,completed
TXN20260102000421,2026-01-02 09:39:29,1013,175,,2,176.68,90.48,0.16,353.36,296.82,115.86,AUD,debit_card,mobile_app,completed
TXN20260102000422,2026-01-02 09:40:56,1885,59,,5,66.9,33.14,0.06,334.5,314.43,148.73,AUD,paypal,web,completed
TXN20260102000423,2026-01-02 09:41:15,1049,142,5002,1,424.43,299.05,0.06,424.43,398.96,99.91,AUD,credit_card,web,completed
TXN20260102000424,2026-01-02 09:41:18,2176,232,5005,1,159.76,96.34,0.06,159.76,150.17,53.83,AUD,debit_card,in_store,completed
TXN20260102000425,2026-01-02 09:43:36,1343,378,,5,355.29,228.27,0.06,1776.45,1669.86,528.51,AUD,paypal,mobile_app,completed
TXN20260102000426,2026-01-02 09:44:00,1784,342,,2,119.39,87.78,0.1,238.78,214.9,39.34,AUD,credit_card,marketplace,completed
TXN20260102000427,2026-01-02 09:47:37,1612,88,,1,104.05,41.24,0.07,104.05,96.77,55.53,AUD,paypal,mobile_app,completed
TXN20260102000428,2026-01-02 09:48:12,1985,203,,2,5.97,4.17,0.09,11.94,10.87,2.53,AUD,buy_now_pay_later,web,completed
TXN20260102000429,2026-01-02 09:48:16,1871,306,,4,201.0,135.59,0.02,804.0,787.92,245.56,AUD,paypal,mobile_app,completed
TXN20260102000430,2026-01-02 09:49:02,1135,299,5010,3,256.41,147.41,0.02,769.23,753.85,311.62,AUD,buy_now_pay_later,web,completed
TXN20260102000431,2026-01-02 09:49:35,1191,323,,3,154.89,83.84,0.04,464.67,446.08,194.56,AUD,buy_now_pay_later,web,cancelled
TXN20260102000432,2026-01-02 09:49:42,2111,372,5008,2,321.9,183.97,0.09,643.8,585.86,217.92,AUD,credit_card,mobile_app,completed
TXN20260102000433,2026-01-02 09:49:43,1766,250,,3,231.82,122.47,0.12,695.46,612.0,244.59,AUD,debit_card,mobile_app,completed
TXN20260102000434,2026-01-02 09:50:58,1963,221,,5,157.27,79.8,0.03,786.35,762.76,363.76,AUD,credit_card,web,completed
TXN20260102000435,2026-01-02 09:51:22,1882,36,,2,95.33,67.51,0.08,190.66,175.41,40.39,AUD,debit_card,mobile_app,completed
TXN20260102000436,2026-01-02 09:52:13,1006,122,5016,1,163.85,114.55,0.01,163.85,162.21,47.66,AUD,credit_card,marketplace,completed
TXN20260102000437,2026-01-02 09:52:14,1805,303,,2,5.2,2.83,0.01,10.4,10.3,4.64,AUD,paypal,web,completed
TXN20260102000438,2026-01-02 09:52:19,1005,281,,1,206.68,92.2,0.14,206.68,177.74,85.54,AUD,buy_now_pay_later,mobile_app,completed
TXN20260102000439,2026-01-02 09:53:34,1385,108,,2,13.12,5.5,0.13,26.24,22.83,11.83,AUD,credit_card,mobile_app,completed
TXN20260102000440,2026-01-02 09:53:38,1523,168,5013,5,356.7,253.22,0.07,1783.5,1658.65,392.55,AUD,gift_card,mobile_app,completed
TXN20260102000441,2026-01-02 09:54:25,1264,242,5010,1,149.29,73.33,0.02,149.29,146.3,72.97,AUD,paypal,web,completed
TXN20260102000442,2026-01-02 09:55:27,1799,206,,4,211.48,126.89,0.0,845.92,845.92,338.36,AUD,credit_card,web,completed
TXN20260102000443,2026-01-02 09:55:54,1072,299,5014,2,256.41,147.41,0.04,512.82,492.31,197.49,AUD,debit_card,web,completed
TXN20260102000444,2026-01-02 09:56:48,1380,182,5004,3,185.56,117.63,0.14,556.68,478.74,125.85,AUD,debit_card,mobile_app,completed
TXN20260102000445,2026-01-02 09:57:43,1950,208,5014,1,165.3,68.58,0.04,165.3,158.69,90.11,AUD,debit_card,phone,completed
TXN20260102000446,2026-01-02 09:57:48,1801,204,5018,4,256.41,190.36,0.02,1025.64,1005.13,243.69,AUD,paypal,web,completed
TXN20260102000447,2026-01-02 09:58:03,2122,99,5018,5,8.03,4.15,0.21,40.15,31.72,10.97,AUD,debit_card,web,completed
TXN20260102000448,2026-01-02 09:58:12,1984,75,5006,1,200.92,131.5,0.21,200.92,158.73,27.23,AUD,debit_card,mobile_app,completed
TXN20260102000449,2026-01-02 09:59:33,1613,398,,1,94.81,37.08,0.13,94.81,82.48,45.4,AUD,credit_card,web,completed
TXN20260102000450,2026-01-02 10:00:05,2181,280,5013,4,235.41,129.45,0.16,941.64,790.98,273.18,AUD,credit_card,marketplace,completed
TXN20260102000451,2026-01-02 10:01:20,2121,127,,1,45.1,29.41,0.2,45.1,36.08,6.67,AUD,bank_transfer,mobile_app,completed
TXN20260102000452,2026-01-02 10:02:09,2068,115,5004,1,166.75,108.87,0.07,166.75,155.08,46.21,AUD,debit_card,web,completed
TXN20260102000453,2026-01-02 10:04:54,1299,169,5002,4,175.58,82.15,0.03,702.32,681.25,352.65,AUD,paypal,web,refunded
TXN20260102000454,2026-01-02 10:05:33,1129,182,5010,4,185.56,117.63,0.04,742.24,712.55,242.03,AUD,paypal,mobile_app,completed
TXN20260102000455,2026-01-02 10:08:22,1287,272,,2,48.63,25.3,0.05,97.26,92.4,41.8,AUD,credit_card,mobile_app,completed
TXN20260102000456,2026-01-02 10:10:31,1694,273,5003,2,15.74,11.24,0.14,31.48,27.07,4.59,AUD,paypal,web,completed
TXN20260102000457,2026-01-02 10:13:11,1730,373,,1,423.09,155.74,0.12,423.09,372.32,216.58,AUD,paypal,mobile_app,completed
TXN20260102000458,2026-01-02 10:14:08,2035,120,,3,231.92,128.02,0.02,695.76,681.84,297.78,AUD,credit_card,mobile_app,completed
TXN20260102000459,2026-01-02 10:16:30,1093,318,5008,3,104.56,45.81,0.15,313.68,266.63,129.2,AUD,credit_card,web,completed
TXN20260102000460,2026-01-02 10:20:53,1955,51,,3,162.3,85.52,0.0,486.9,486.9,230.34,AUD,debit_card,marketplace,completed
TXN20260102000461,2026-01-02 10:24:02,1848,24,,2,201.95,77.39,0.15,403.9,343.31,188.53,AUD,credit_card,mobile_app,completed
TXN20260102000462,2026-01-02 10:24:06,1058,357,,4,49.08,20.39,0.17,196.32,162.95,81.39,AUD,debit_card,mobile_app,completed
TXN20260102000463,2026-01-02 10:24:24,1890,58,,3,93.1,56.49,0.04,279.3,268.13,98.66,AUD,bank_transfer,marketplace,completed
TXN20260102000464,2026-01-02 10:25:13,1189,185,5010,1,182.91,71.26,0.12,182.91,160.96,89.7,AUD,credit_card,mobile_app,completed
TXN20260102000465,2026-01-02 10:25:46,1320,277,,4,470.57,189.97,0.28,1882.28,1355.24,595.36,AUD,debit_card,web,completed
TXN20260102000466,2026-01-02 10:28:54,1282,74,5007,2,161.48,101.89,0.17,322.96,268.06,64.28,AUD,credit_card,web,completed
TXN20260102000467,2026-01-02 10:30:02,1209,260,,1,168.41,124.86,0.21,168.41,133.04,8.18,AUD,debit_card,marketplace,completed
TXN20260102000468,2026-01-02 10:32:31,1464,311,5005,6,265.88,206.32,0.12,1595.28,1403.85,165.93,AUD,credit_card,marketplace,completed
TXN20260102000469,2026-01-02 10:37:58,1433,71,,2,451.62,218.09,0.07,903.24,840.01,403.83,AUD,buy_now_pay_later,in_store,completed
TXN20260102000470,2026-01-02 10:39:57,1177,274,5004,5,157.3,88.45,0.15,786.5,668.52,226.27,AUD,credit_card,mobile_app,completed
TXN20260102000471,2026-01-02 10:40:22,2163,187,,4,18.28,11.11,0.05,73.12,69.46,25.02,AUD,credit_card,marketplace,completed
TXN20260102000472,2026-01-02 10:40:29,1426,166,,1,414.85,167.06,0.14,414.85,356.77,189.71,AUD,paypal,web,completed
TXN20260102000473,2026-01-02 10:40:39,1690,372,,5,321.9,183.97,0.15,1609.5,1368.08,448.23,AUD,paypal,web,completed
TXN20260102000474,2026-01-02 10:41:00,1344,74,,1,161.48,101.89,0.0,161.48,161.48,59.59,AUD,credit_card,mobile_app,completed
TXN20260102000475,2026-01-02 10:41:34,1262,398,,2,94.81,37.08,0.07,189.62,176.35,102.19,AUD,credit_card,web,pending
TXN20260102000476,2026-01-02 10:41:58,1745,106,5017,4,313.2,199.1,0.19,1252.8,1014.77,218.37,AUD,credit_card,mobile_app,completed
TXN20260102000477,2026-01-02 10:42:24,1404,113,,2,424.44,152.08,0.16,848.88,713.06,408.9,AUD,credit_card,web,completed
TXN20260102000478,2026-01-02 10:42:59,1732,56,,1,221.91,135.65,0.22,221.91,173.09,37.44,AUD,credit_card,mobile_app,completed
TXN20260102000479,2026-01-02 10:45:43,1187,281,,4,206.68,92.2,0.16,826.72,694.44,325.64,AUD,credit_card,mobile_app,completed
TXN20260102000480,2026-01-02 10:46:24,1316,44,,5,236.02,141.49,0.05,1180.1,1121.09,413.64,AUD,debit_card,in_store,completed
TXN20260102000481,2026-01-02 10:47:23,1367,144,5016,1,19.12,6.9,0.0,19.12,19.12,12.22,AUD,credit_card,mobile_app,completed
TXN20260102000482,2026-01-02 10:48:54,2049,27,5006,1,172.81,116.75,0.08,172.81,158.99,42.24,AUD,debit_card,mobile_app,completed
TXN20260102000483,2026-01-02 10:48:57,1498,282,,4,11.8,8.78,0.03,47.2,45.78,10.66,AUD,paypal,mobile_app,completed
TXN20260102000484,2026-01-02 10:49:12,1833,114,,1,311.7,127.05,0.11,311.7,277.41,150.36,AUD,buy_now_pay_later,mobile_app,completed
TXN20260102000485,2026-01-02 10:50:07,1378,168,,2,356.7,253.22,0.16,713.4,599.26,92.82,AUD,credit_card,in_store,completed
TXN20260102000486,2026-01-02 10:54:54,1499,147,,2,287.02,186.05,0.01,574.04,568.3,196.2,AUD,credit_card,mobile_app,completed
TXN20260102000487,2026-01-02 10:55:00,1869,59,5002,2,66.9,33.14,0.08,133.8,123.1,56.82,AUD,credit_card,mobile_app,completed
TXN20260102000488,2026-01-02 11:02:18,2001,290,5015,1,37.46,23.23,0.02,37.46,36.71,13.48,AUD,paypal,web,completed
TXN20260102000489,2026-01-02 11:05:14,1662,20,5008,2,230.82,128.98,0.09,461.64,420.09,162.13,AUD,paypal,mobile_app,completed
TXN20260102000490,2026-01-02 11:05:48,2055,260,5002,1,168.41,124.86,0.03,168.41,163.36,38.5,AUD,credit_card,mobile_app,completed
TXN20260102000491,2026-01-02 11:06:21,2010,186,5018,4,294.97,120.02,0.03,1179.88,1144.48,664.4,AUD,paypal,mobile_app,completed
TXN20260102000492,2026-01-02 11:07:45,1347,104,5015,3,41.5,30.94,0.01,124.5,123.25,30.43,AUD,gift_card,marketplace,completed
TXN20260102000493,2026-01-02 11:09:45,1664,337,5008,3,146.92,72.71,0.24,440.76,334.98,116.85,AUD,debit_card,mobile_app,completed
TXN20260102000494,2026-01-02 11:10:00,1615,206,,1,211.48,126.89,0.15,211.48,179.76,52.87,AUD,paypal,mobile_app,completed
TXN20260102000495,2026-01-02 11:13:23,1755,89,,3,131.64,95.41,0.05,394.92,375.17,88.94,AUD,credit_card,mobile_app,completed
TXN20260102000496,2026-01-02 11:14:13,1285,101,,2,352.61,157.72,0.01,705.22,698.17,382.73,AUD,buy_now_pay_later,web,completed
TXN20260102000497,2026-01-02 11:19:24,1626,1,,2,367.54,272.05,0.02,735.08,720.38,176.28,AUD,credit_card,web,completed
TXN20260102000498,2026-01-02 11:21:28,1590,254,,3,151.84,54.33,0.08,455.52,419.08,256.09,AUD,credit_card,web,completed
TXN20260102000499,2026-01-02 11:21:54,1428,39,5002,1,153.21,59.61,0.06,153.21,144.02,84.41,AUD,credit_card,mobile_app,completed
TXN20260102000500,2026-01-02 11:23:32,1298,237,,4,5.09,3.29,0.05,20.36,19.34,6.18,AUD,credit_card,web,completed
TXN20260102000501,2026-01-02 11:25:13,1776,218,,3,150.35,81.79,0.11,451.05,401.43,156.06,AUD,credit_card,web,refunded
TXN20260102000502,2026-01-02 11:25:14,1421,212,5006,2,172.34,98.73,0.07,344.68,320.55,123.09,AUD,credit_card,mobile_app,completed
TXN20260102000503,2026-01-02 11:28:43,1454,96,5018,4,143.85,89.79,0.27,575.4,420.04,60.88,AUD,paypal,mobile_app,completed
TXN20260102000504,2026-01-02 11:28:47,1048,86,,5,176.95,129.01,0.16,884.75,743.19,98.14,AUD,credit_card,mobile_app,completed
TXN20260102000505,2026-01-02 11:29:16,1060,167,,1,176.55,75.21,0.0,176.55,176.55,101.34,AUD,buy_now_pay_later,mobile_app,completed
TXN20260102000506,2026-01-02 11:29:49,1908,81,,1,133.11,71.55,0.13,133.11,115.81,44.26,AUD,credit_card,web,completed
TXN20260102000507,2026-01-02 11:30:34,1493,3,5016,3,142.91,77.99,0.04,428.73,411.58,177.61,AUD,buy_now_pay_later,web,completed
TXN20260102000508,2026-01-02 11:30:39,1264,350,,1,78.73,28.3,0.1,78.73,70.86,42.56,AUD,debit_card,mobile_app,completed
TXN20260102000509,2026-01-02 11:30:56,1238,23,,6,371.29,240.22,0.19,2227.74,1804.47,363.15,AUD,paypal,mobile_app,completed
TXN20260102000510,2026-01-02 11:31:14,1861,397,5013,5,183.67,101.88,0.08,918.35,844.88,335.48,AUD,credit_card,web,completed
TXN20260102000511,2026-01-02 11:33:34,1991,399,5018,5,108.85,55.74,0.17,544.25,451.73,173.03,AUD,credit_card,mobile_app,completed
TXN20260102000512,2026-01-02 11:34:06,1769,212,5016,2,172.34,98.73,0.02,344.68,337.79,140.33,AUD,debit_card,web,completed
TXN20260102000513,2026-01-02 11:37:31,2003,229,,3,23.31,18.16,0.13,69.93,60.84,6.36,AUD,debit_card,marketplace,completed
TXN20260102000514,2026-01-02 11:43:23,1037,239,,5,33.36,20.5,0.13,166.8,145.12,42.62,AUD,credit_card,marketplace,completed
TXN20260102000515,2026-01-02 11:44:08,1155,107,5017,1,391.82,298.53,0.05,391.82,372.23,73.7,AUD,gift_card,marketplace,completed
TXN20260102000516,2026-01-02 11:47:28,2019,271,,1,132.74,79.27,0.04,132.74,127.43,48.16,AUD,debit_card,web,completed
TXN20260102000517,2026-01-02 11:48:26,1009,73,,3,97.62,68.56,0.09,292.86,266.5,60.82,AUD,paypal,web,completed
TXN20260102000518,2026-01-02 11:50:38,1700,50,,2,145.4,62.87,0.12,290.8,255.9,130.16,AUD,paypal,web,completed
TXN20260102000519,2026-01-02 11:51:51,1602,267,,2,13.67,9.81,0.16,27.34,22.97,3.35,AUD,debit_card,web,completed
TXN20260102000520,2026-01-02 11:51:58,2148,44,,5,236.02,141.49,0.14,1180.1,1014.89,307.44,AUD,paypal,mobile_app,completed
TXN20260102000521,2026-01-02 11:52:22,1407,121,5004,3,18.5,12.03,0.15,55.5,47.17,11.08,AUD,paypal,mobile_app,completed
TXN20260102000522,2026-01-02 11:53:52,2031,391,,1,294.69,110.36,0.05,294.69,279.96,169.6,AUD,buy_now_pay_later,mobile_app,completed
TXN20260102000523,2026-01-02 11:55:11,1261,188,5014,1,141.88,98.58,0.01,141.88,140.46,41.88,AUD,paypal,web,cancelled
TXN20260102000524,2026-01-02 11:56:23,1720,388,,4,178.72,91.5,0.09,714.88,650.54,284.54,AUD,paypal,web,completed
TXN20260102000525,2026-01-02 11:57:03,1029,259,5009,1,243.76,167.05,0.14,243.76,209.63,42.58,AUD,credit_card,web,completed
TXN20260102000526,2026-01-02 11:58:59,2009,170,,6,68.81,27.57,0.03,412.86,400.47,235.05,AUD,paypal,mobile_app,completed
TXN20260102000527,2026-01-02 11:59:09,1917,194,,4,45.96,33.9,0.13,183.84,159.94,24.34,AUD,buy_now_pay_later,web,completed
TXN20260102000528,2026-01-02 12:00:11,1453,173,,6,67.53,28.1,0.07,405.18,376.82,208.22,AUD,debit_card,mobile_app,completed
TXN20260102000529,2026-01-02 12:00:50,1770,286,,1,226.6,96.42,0.02,226.6,222.07,125.65,AUD,credit_card,mobile_app,completed
TXN20260102000530,2026-01-02 12:00:53,1071,265,5010,3,217.01,151.39,0.17,651.03,540.35,86.18,AUD,debit_card,web,completed
TXN20260102000531,2026-01-02 12:00:59,1060,340,5007,2,69.61,35.79,0.0,139.22,139.22,67.64,AUD,paypal,web,completed
TXN20260102000532,2026-01-02 12:01:00,1908,282,,4,11.8,8.78,0.03,47.2,45.78,10.66,AUD,credit_card,web,completed
TXN20260102000533,2026-01-02 12:01:29,1582,11,,2,383.38,230.87,0.01,766.76,759.09,297.35,AUD,debit_card,marketplace,completed
TXN20260102000534,2026-01-02 12:02:30,1745,177,,4,287.87,144.14,0.16,1151.48,967.24,390.68,AUD,credit_card,mobile_app,completed
TXN20260102000535,2026-01-02 12:04:01,1310,209,,2,16.17,12.13,0.09,32.34,29.43,5.17,AUD,debit_card,mobile_app,completed
TXN20260102000536,2026-01-02 12:04:28,1218,320,,2,5.35,2.75,0.03,10.7,10.38,4.88,AUD,paypal,web,completed
TXN20260102000537,2026-01-02 12:06:28,1370,331,,2,188.98,138.35,0.13,377.96,328.83,52.13,AUD,credit_card,mobile_app,completed
TXN20260102000538,2026-01-02 12:06:37,1055,361,,5,172.83,61.35,0.03,864.15,838.23,531.48,AUD,credit_card,web,completed
TXN20260102000539,2026-01-02 12:07:05,1981,344,5018,4,24.55,10.75,0.21,98.2,77.58,34.58,AUD,debit_card,mobile_app,completed
TXN20260102000540,2026-01-02 12:07:46,1907,377,,2,34.75,17.44,0.1,69.5,62.55,27.67,AUD,credit_card,web,completed
TXN20260102000541,2026-01-02 12:08:00,1544,364,5003,1,126.27,67.13,0.13,126.27,109.85,42.72,AUD,credit_card,mobile_app,completed
TXN20260102000542,2026-01-02 12:08:16,1627,235,,2,18.79,8.45,0.09,37.58,34.2,17.3,AUD,credit_card,web,completed
TXN20260102000543,2026-01-02 12:09:13,1668,261,,4,222.59,120.24,0.08,890.36,819.13,338.17,AUD,debit_card,web,completed
TXN20260102000544,2026-01-02 12:09:57,1723,187,,5,18.28,11.11,0.04,91.4,87.74,32.19,AUD,paypal,mobile_app,completed
TXN20260102000545,2026-01-02 12:10:02,1497,145,,2,333.84,132.73,0.02,667.68,654.33,388.87,AUD,credit_card,web,completed
TXN20260102000546,2026-01-02 12:10:43,1024,233,,3,320.43,123.08,0.24,961.29,730.58,361.34,AUD,credit_card,marketplace,completed
TXN20260102000547,2026-01-02 12:10:53,1689,74,,1,161.48,101.89,0.11,161.48,143.72,41.83,AUD,credit_card,mobile_app,completed
TXN20260102000548,2026-01-02 12:12:14,1180,90,,1,65.94,42.23,0.19,65.94,53.41,11.18,AUD,credit_card,web,completed
TXN20260102000549,2026-01-02 12:12:39,1230,176,,1,19.37,14.31,0.13,19.37,16.85,2.54,AUD,credit_card,marketplace,pending
TXN20260102000550,2026-01-02 12:12:58,1712,91,,1,229.04,125.54,0.06,229.04,215.3,89.76,AUD,credit_card,web,completed
TXN20260102000551,2026-01-02 12:13:34,1829,324,5008,1,79.51,55.68,0.08,79.51,73.15,17.47,AUD,credit_card,web,completed
TXN20260102000552,2026-01-02 12:14:13,1884,291,,1,348.41,145.57,0.26,348.41,257.82,112.25,AUD,credit_card,mobile_app,completed
TXN20260102000553,2026-01-02 12:14:35,2136,314,,1,218.05,92.26,0.2,218.05,174.44,82.18,AUD,bank_transfer,in_store,completed
TXN20260102000554,2026-01-02 12:14:39,2191,330,5008,6,125.71,91.59,0.09,754.26,686.38,136.84,AUD,debit_card,web,completed
TXN20260102000555,2026-01-02 12:14:45,2081,34,5003,2,250.91,140.28,0.25,501.82,376.37,95.81,AUD,credit_card,mobile_app,completed
TXN20260102000556,2026-01-02 12:14:57,1944,349,,3,65.04,45.3,0.08,195.12,179.51,43.61,AUD,bank_transfer,marketplace,completed
TXN20260102000557,2026-01-02 12:15:23,1747,336,5015,2,250.44,165.04,0.0,500.88,500.88,170.8,AUD,buy_now_pay_later,mobile_app,completed
TXN20260102000558,2026-01-02 12:15:36,1076,104,5016,2,41.5,30.94,0.07,83.0,77.19,15.31,AUD,debit_card,web,completed
TXN20260102000559,2026-01-02 12:16:04,1542,399,,2,108.85,55.74,0.03,217.7,211.17,99.69,AUD,credit_card,web,completed
TXN20260102000560,2026-01-02 12:16:43,1647,326,5005,2,183.44,105.75,0.0,366.88,366.88,155.38,AUD,bank_transfer,web,completed
TXN20260102000561,2026-01-02 12:16:59,1790,280,5012,4,235.41,129.45,0.12,941.64,828.64,310.84,AUD,credit_card,in_store,completed
TXN20260102000562,2026-01-02 12:17:10,2029,143,,3,166.42,116.53,0.08,499.26,459.32,109.73,AUD,credit_card,web,completed
TXN20260102000563,2026-01-02 12:17:26,1025,25,,3,279.71,213.59,0.16,839.13,704.87,64.1,AUD,paypal,marketplace,completed
TXN20260102000564,2026-01-02 12:17:37,1393,366,,4,212.32,146.95,0.19,849.28,687.92,100.12,AUD,debit_card,mobile_app,completed
TXN20260102000565,2026-01-02 12:18:14,1382,119,5016,3,26.62,12.14,0.12,79.86,70.28,33.86,AUD,buy_now_pay_later,web,completed
TXN20260102000566,2026-01-02 12:19:01,1512,389,,3,275.99,150.66,0.04,827.97,794.85,342.87,AUD,gift_card,web,completed
TXN20260102000567,2026-01-02 12:19:13,1889,165,,2,198.75,72.56,0.23,397.5,306.07,160.95,AUD,paypal,mobile_app,completed
TXN20260102000568,2026-01-02 12:19:24,1363,379,5010,3,115.88,59.08,0.03,347.64,337.21,159.97,AUD,debit_card,mobile_app,completed
TXN20260102000569,2026-01-02 12:19:35,1778,311,5002,4,265.88,206.32,0.06,1063.52,999.71,174.43,AUD,bank_transfer,marketplace,completed
TXN20260102000570,2026-01-02 12:21:33,1053,180,5012,2,233.35,116.35,0.18,466.7,382.69,149.99,AUD,credit_card,mobile_app,completed
TXN20260102000571,2026-01-02 12:21:39,1960,243,5012,4,6.18,2.24,0.12,24.72,21.75,12.79,AUD,paypal,mobile_app,completed
TXN20260102000572,2026-01-02 12:22:07,1141,23,,1,371.29,240.22,0.09,371.29,337.87,97.65,AUD,credit_card,mobile_app,completed
TXN20260102000573,2026-01-02 12:22:42,1650,358,,2,15.86,5.64,0.03,31.72,30.77,19.49,AUD,credit_card,mobile_app,completed
TXN20260102000574,2026-01-02 12:23:06,1513,266,5004,3,87.68,41.95,0.08,263.04,242.0,116.15,AUD,debit_card,mobile_app,completed
TXN20260102000575,2026-01-02 12:24:54,1816,354,5004,1,128.43,85.15,0.01,128.43,127.15,42.0,AUD,debit_card,marketplace,completed
TXN20260102000576,2026-01-02 12:24:54,1222,247,5002,1,32.77,14.35,0.13,32.77,28.51,14.16,AUD,credit_card,marketplace,completed
TXN20260102000577,2026-01-02 12:25:25,1570,204,5005,4,256.41,190.36,0.03,1025.64,994.87,233.43,AUD,credit_card,mobile_app,completed
TXN20260102000578,2026-01-02 12:25:59,1874,279,5006,5,202.1,80.17,0.02,1010.5,990.29,589.44,AUD,buy_now_pay_later,web,completed
TXN20260102000579,2026-01-02 12:26:40,1640,134,,4,151.77,62.1,0.14,607.08,522.09,273.69,AUD,bank_transfer,marketplace,refunded
TXN20260102000580,2026-01-02 12:27:02,1462,353,,2,53.63,27.2,0.24,107.26,81.52,27.12,AUD,credit_card,marketplace,completed
TXN20260102000581,2026-01-02 12:28:15,1653,298,5018,3,71.48,35.14,0.17,214.44,177.99,72.57,AUD,credit_card,web,completed
TXN20260102000582,2026-01-02 12:29:21,1991,156,,1,179.48,110.08,0.07,179.48,166.92,56.84,AUD,debit_card,web,completed
TXN20260102000583,2026-01-02 12:29:26,1941,294,,4,25.75,16.01,0.24,103.0,78.28,14.24,AUD,bank_transfer,mobile_app,completed
TXN20260102000584,2026-01-02 12:29:28,2046,395,,2,259.59,188.33,0.13,519.18,451.69,75.03,AUD,credit_card,mobile_app,completed
TXN20260102000585,2026-01-02 12:29:42,2048,65,,2,253.83,167.53,0.09,507.66,461.97,126.91,AUD,paypal,web,completed
TXN20260102000586,2026-01-02 12:29:58,1782,384,,2,25.19,17.92,0.03,50.38,48.87,13.03,AUD,credit_card,mobile_app,completed
TXN20260102000587,2026-01-02 12:30:13,1944,343,,1,32.63,13.17,0.01,32.63,32.3,19.13,AUD,debit_card,web,completed
TXN20260102000588,2026-01-02 12:31:11,1815,269,,5,129.92,57.09,0.08,649.6,597.63,312.18,AUD,debit_card,mobile_app,completed
TXN20260102000589,2026-01-02 12:32:18,1969,195,,5,142.11,62.0,0.13,710.55,618.18,308.18,AUD,credit_card,marketplace,completed
TXN20260102000590,2026-01-02 12:32:27,1988,323,5018,1,154.89,83.84,0.12,154.89,136.3,52.46,AUD,debit_card,web,completed
TXN20260102000591,2026-01-02 12:32:29,1402,121,5013,2,18.5,12.03,0.12,37.0,32.56,8.5,AUD,debit_card,web,completed
TXN20260102000592,2026-01-02 12:32:46,1115,47,5015,5,383.34,271.98,0.15,1916.7,1629.19,269.29,AUD,paypal,mobile_app,completed
TXN20260102000593,2026-01-02 12:37:04,1908,379,,5,115.88,59.08,0.07,579.4,538.84,243.44,AUD,gift_card,marketplace,completed
TXN20260102000594,2026-01-02 12:38:18,1581,109,5015,2,156.65,98.49,0.2,313.3,250.64,53.66,AUD,debit_card,marketplace,completed
TXN20260102000595,2026-01-02 12:39:47,2019,43,,2,211.3,164.39,0.01,422.6,418.37,89.59,AUD,paypal,web,completed
TXN20260102000596,2026-01-02 12:39:52,1181,386,5016,5,284.12,120.27,0.01,1420.6,1406.39,805.04,AUD,paypal,in_store,completed
TXN20260102000597,2026-01-02 12:44:19,1233,203,,4,5.97,4.17,0.02,23.88,23.4,6.72,AUD,credit_card,marketplace,refunded
TXN20260102000598,2026-01-02 12:44:24,1364,64,5007,2,148.54,87.49,0.0,297.08,297.08,122.1,AUD,debit_card,web,completed
TXN20260102000599,2026-01-02 12:46:05,1042,26,5004,4,76.06,28.87,0.09,304.24,276.86,161.38,AUD,credit_card,mobile_app,completed
TXN20260102000600,2026-01-02 12:47:23,1403,164,5003,1,219.94,105.48,0.14,219.94,189.15,83.67,AUD,paypal,web,completed
TXN20260102000601,2026-01-02 12:47:29,1177,388,,3,178.72,91.5,0.04,536.16,514.71,240.21,AUD,paypal,web,completed
TXN20260102000602,2026-01-02 12:47:56,1157,177,,1,287.87,144.14,0.2,287.87,230.3,86.16,AUD,paypal,marketplace,completed
TXN20260102000603,2026-01-02 12:48:33,1562,386,5002,3,284.12,120.27,0.21,852.36,673.36,312.55,AUD,credit_card,marketplace,completed
TXN20260102000604,2026-01-02 12:50:22,1257,46,5008,3,182.51,84.92,0.13,547.53,476.35,221.59,AUD,paypal,mobile_app,completed
TXN20260102000605,2026-01-02 12:50:24,1360,2,5006,2,292.97,126.42,0.12,585.94,515.63,262.79,AUD,credit_card,marketplace,cancelled
TXN20260102000606,2026-01-02 12:51:50,1489,305,,4,51.53,22.19,0.03,206.12,199.94,111.18,AUD,buy_now_pay_later,mobile_app,completed
TXN20260102000607,2026-01-02 12:52:40,1436,17,,5,15.98,12.32,0.04,79.9,76.7,15.1,AUD,credit_card,mobile_app,completed
TXN20260102000608,2026-01-02 12:52:58,1294,79,,2,139.3,69.25,0.09,278.6,253.53,115.03,AUD,debit_card,mobile_app,completed
TXN20260102000609,2026-01-02 12:53:14,1084,224,,1,135.38,94.24,0.08,135.38,124.55,30.31,AUD,debit_card,web,completed
TXN20260102000610,2026-01-02 12:53:59,1511,210,,1,210.36,163.77,0.09,210.36,191.43,27.66,AUD,credit_card,mobile_app,completed
TXN20260102000611,2026-01-02 12:54:50,2141,200,,2,8.47,4.01,0.22,16.94,13.21,5.19,AUD,debit_card,mobile_app,completed
TXN20260102000612,2026-01-02 12:54:50,1032,221,,4,157.27,79.8,0.0,629.08,629.08,309.88,AUD,bank_transfer,mobile_app,completed
TXN20260102000613,2026-01-02 12:55:38,1429,29,,2,157.08,114.81,0.06,314.16,295.31,65.69,AUD,paypal,web,completed
TXN20260102000614,2026-01-02 12:56:13,1833,160,,2,132.52,86.58,0.1,265.04,238.54,65.38,AUD,credit_card,mobile_app,completed
TXN20260102000615,2026-01-02 12:56:35,1798,107,,1,391.82,298.53,0.2,391.82,313.46,14.93,AUD,paypal,mobile_app,completed
TXN20260102000616,2026-01-02 12:57:28,1241,287,,1,67.92,35.4,0.01,67.92,67.24,31.84,AUD,credit_card,mobile_app,completed
TXN20260102000617,2026-01-02 12:59:40,1002,334,,2,100.25,73.46,0.01,200.5,198.5,51.58,AUD,debit_card,mobile_app,completed
TXN20260102000618,2026-01-02 13:00:18,1619,377,,1,34.75,17.44,0.01,34.75,34.4,16.96,AUD,debit_card,web,completed
TXN20260102000619,2026-01-02 13:00:32,1425,137,,1,230.43,174.09,0.16,230.43,193.56,19.47,AUD,buy_now_pay_later,mobile_app,completed
TXN20260102000620,2026-01-02 13:01:19,1177,234,,5,153.86,117.69,0.07,769.3,715.45,127.0,AUD,debit_card,mobile_app,completed
TXN20260102000621,2026-01-02 13:01:42,1571,127,,4,45.1,29.41,0.19,180.4,146.12,28.48,AUD,credit_card,mobile_app,completed
TXN20260102000622,2026-01-02 13:01:54,1827,84,5013,4,131.95,75.26,0.1,527.8,475.02,173.98,AUD,debit_card,mobile_app,completed
TXN20260102000623,2026-01-02 13:02:28,2136,129,5012,4,266.79,109.41,0.09,1067.16,971.12,533.48,AUD,credit_card,web,completed
TXN20260102000624,2026-01-02 13:04:30,2145,281,,3,206.68,92.2,0.15,620.04,527.03,250.43,AUD,credit_card,marketplace,completed
TXN20260102000625,2026-01-02 13:05:04,1091,386,5005,3,284.12,120.27,0.13,852.36,741.55,380.74,AUD,debit_card,mobile_app,completed
TXN20260102000626,2026-01-02 13:06:05,2004,129,,2,266.79,109.41,0.11,533.58,474.89,256.07,AUD,bank_transfer,web,completed
TXN20260102000627,2026-01-02 13:08:57,1635,338,,3,454.19,219.15,0.21,1362.57,1076.43,418.98,AUD,credit_card,web,completed
TXN20260102000628,2026-01-02 13:10:52,1822,52,,4,213.42,159.81,0.08,853.68,785.39,146.15,AUD,credit_card,web,completed
TXN20260102000629,2026-01-02 13:11:03,1580,39,,3,153.21,59.61,0.04,459.63,441.24,262.41,AUD,buy_now_pay_later,mobile_app,refunded
TXN20260102000630,2026-01-02 13:11:09,1423,37,5016,2,5.1,1.86,0.04,10.2,9.79,6.07,AUD,paypal,mobile_app,completed
TXN20260102000631,2026-01-02 13:12:33,1384,239,,1,33.36,20.5,0.1,33.36,30.02,9.52,AUD,buy_now_pay_later,marketplace,completed
TXN20260102000632,2026-01-02 13:13:16,2014,118,,2,63.49,25.23,0.04,126.98,121.9,71.44,AUD,paypal,mobile_app,completed
TXN20260102000633,2026-01-02 13:14:09,1826,52,,1,213.42,159.81,0.11,213.42,189.94,30.13,AUD,credit_card,web,completed
TXN20260102000634,2026-01-02 13:14:21,2158,204,5018,2,256.41,190.36,0.15,512.82,435.9,55.18,AUD,debit_card,mobile_app,completed
TXN20260102000635,2026-01-02 13:15:46,1900,136,5013,3,12.1,8.71,0.1,36.3,32.67,6.54,AUD,credit_card,web,completed
TXN20260102000636,2026-01-02 13:16:56,1459,339,,1,232.73,135.01,0.0,232.73,232.73,97.72,AUD,buy_now_pay_later,web,completed
TXN20260102000637,2026-01-02 13:17:07,1724,207,5014,1,174.77,73.18,0.21,174.77,138.07,64.89,AUD,credit_card,web,completed
TXN20260102000638,2026-01-02 13:18:29,1924,288,,4,349.87,265.76,0.09,1399.48,1273.53,210.49,AUD,paypal,web,cancelled
TXN20260102000639,2026-01-02 13:19:45,1799,359,,1,421.42,180.37,0.02,421.42,412.99,232.62,AUD,gift_card,mobile_app,completed
TXN20260102000640,2026-01-02 13:20:16,1404,359,5016,1,421.42,180.37,0.14,421.42,362.42,182.05,AUD,paypal,web,completed
TXN20260102000641,2026-01-02 13:20:17,2129,330,5009,1,125.71,91.59,0.0,125.71,125.71,34.12,AUD,credit_card,web,completed
TXN20260102000642,2026-01-02 13:21:18,1843,292,,1,313.29,237.82,0.04,313.29,300.76,62.94,AUD,credit_card,mobile_app,completed
TXN20260102000643,2026-01-02 13:22:04,1298,236,5018,1,7.93,6.02,0.0,7.93,7.93,1.91,AUD,credit_card,in_store,completed
TXN20260102000644,2026-01-02 13:22:16,1566,17,,1,15.98,12.32,0.13,15.98,13.9,1.58,AUD,credit_card,marketplace,completed
TXN20260102000645,2026-01-02 13:22:58,1854,222,5009,4,32.17,11.42,0.17,128.68,106.8,61.12,AUD,credit_card,mobile_app,completed
TXN20260102000646,2026-01-02 13:24:31,2163,369,,2,254.39,165.86,0.01,508.78,503.69,171.97,AUD,paypal,mobile_app,completed
TXN20260102000647,2026-01-02 13:25:15,1881,208,5002,1,165.3,68.58,0.21,165.3,130.59,62.01,AUD,debit_card,in_store,completed
TXN20260102000648,2026-01-02 13:25:37,1087,127,,4,45.1,29.41,0.03,180.4,174.99,57.35,AUD,debit_card,web,completed
TXN20260102000649,2026-01-02 13:26:29,1166,254,5007,1,151.84,54.33,0.15,151.84,129.06,74.73,AUD,credit_card,web,completed
TXN20260102000650,2026-01-02 13:27:07,1400,320,,4,5.35,2.75,0.07,21.4,19.9,8.9,AUD,buy_now_pay_later,mobile_app,completed
TXN20260102000651,2026-01-02 13:28:31,1209,101,,4,352.61,157.72,0.12,1410.44,1241.19,610.31,AUD,credit_card,mobile_app,completed
TXN20260102000652,2026-01-02 13:28:38,1996,23,,3,371.29,240.22,0.0,1113.87,1113.87,393.21,AUD,paypal,web,completed
TXN20260102000653,2026-01-02 13:29:56,1811,230,,3,249.03,160.65,0.1,747.09,672.38,190.43,AUD,debit_card,in_store,completed
TXN20260102000654,2026-01-02 13:31:28,1422,329,5008,3,58.04,30.71,0.26,174.12,128.85,36.72,AUD,credit_card,marketplace,completed
TXN20260102000655,2026-01-02 13:31:55,1333,320,5002,2,5.35,2.75,0.08,10.7,9.84,4.34,AUD,paypal,mobile_app,completed
TXN20260102000656,2026-01-02 13:32:52,1684,5,,5,69.17,48.26,0.2,345.85,276.68,35.38,AUD,credit_card,mobile_app,completed
TXN20260102000657,2026-01-02 13:33:04,1969,349,,2,65.04,45.3,0.16,130.08,109.27,18.67,AUD,credit_card,web,completed
TXN20260102000658,2026-01-02 13:33:44,1706,376,,1,227.27,124.66,0.04,227.27,218.18,93.52,AUD,buy_now_pay_later,web,completed
TXN20260102000659,2026-01-02 13:34:21,1921,341,,4,329.88,115.66,0.12,1319.52,1161.18,698.54,AUD,paypal,web,completed
TXN20260102000660,2026-01-02 13:34:24,1184,338,,4,454.19,219.15,0.15,1816.76,1544.25,667.65,AUD,bank_transfer,web,completed
TXN20260102000661,2026-01-02 13:34:29,1276,203,5002,1,5.97,4.17,0.13,5.97,5.19,1.02,AUD,paypal,marketplace,completed
TXN20260102000662,2026-01-02 13:35:17,1657,355,5005,3,211.06,93.04,0.19,633.18,512.88,233.76,AUD,debit_card,mobile_app,completed
TXN20260102000663,2026-01-02 13:36:43,2195,172,,2,191.33,75.08,0.17,382.66,317.61,167.45,AUD,credit_card,web,refunded
TXN20260102000664,2026-01-02 13:37:24,1946,397,,2,183.67,101.88,0.17,367.34,304.89,101.13,AUD,credit_card,mobile_app,completed
TXN20260102000665,2026-01-02 13:38:03,1396,136,,3,12.1,8.71,0.01,36.3,35.94,9.81,AUD,credit_card,marketplace,completed
TXN20260102000666,2026-01-02 13:38:10,1249,188,5004,4,141.88,98.58,0.06,567.52,533.47,139.15,AUD,paypal,mobile_app,completed
TXN20260102000667,2026-01-02 13:38:11,1349,74,5018,4,161.48,101.89,0.12,645.92,568.41,160.85,AUD,paypal,mobile_app,completed
TXN20260102000668,2026-01-02 13:38:37,1657,278,,4,60.0,45.1,0.05,240.0,228.0,47.6,AUD,credit_card,in_store,completed
TXN20260102000669,2026-01-02 13:38:54,1313,33,,3,120.22,59.38,0.06,360.66,339.02,160.88,AUD,credit_card,web,completed
TXN20260102000670,2026-01-02 13:38:58,1903,400,,1,83.09,58.62,0.07,83.09,77.27,18.65,AUD,debit_card,web,completed
TXN20260102000671,2026-01-02 13:39:25,1178,306,,1,201.0,135.59,0.14,201.0,172.86,37.27,AUD,paypal,marketplace,completed
TXN20260102000672,2026-01-02 13:39:57,1452,387,,1,113.54,61.9,0.16,113.54,95.37,33.47,AUD,paypal,mobile_app,completed
TXN20260102000673,2026-01-02 13:40:10,1621,373,5015,2,423.09,155.74,0.09,846.18,770.02,458.54,AUD,paypal,in_store,completed
TXN20260102000674,2026-01-02 13:42:26,1373,223,5016,1,140.86,54.16,0.12,140.86,123.96,69.8,AUD,paypal,web,completed
TXN20260102000675,2026-01-02 13:44:07,1570,83,,4,271.39,135.83,0.04,1085.56,1042.14,498.82,AUD,credit_card,web,completed
TXN20260102000676,2026-01-02 13:48:13,1980,290,,5,37.46,23.23,0.08,187.3,172.32,56.17,AUD,debit_card,mobile_app,cancelled
TXN20260102000677,2026-01-02 13:48:20,1350,241,5009,2,242.09,167.24,0.08,484.18,445.45,110.97,AUD,credit_card,in_store,completed
TXN20260102000678,2026-01-02 13:48:21,1059,169,5010,2,175.58,82.15,0.13,351.16,305.51,141.21,AUD,credit_card,web,completed
TXN20260102000679,2026-01-02 13:48:27,1179,275,,2,116.41,50.22,0.25,232.82,174.62,74.18,AUD,buy_now_pay_later,mobile_app,completed
TXN20260102000680,2026-01-02 13:48:45,1108,392,,4,197.73,138.04,0.02,790.92,775.1,222.94,AUD,paypal,phone,completed
TXN20260102000681,2026-01-02 13:50:09,1442,15,5018,4,42.26,18.74,0.24,169.04,128.47,53.51,AUD,credit_card,mobile_app,completed
TXN20260102000682,2026-01-02 13:51:01,2195,269,,1,129.92,57.09,0.16,129.92,109.13,52.04,AUD,paypal,mobile_app,completed
TXN20260102000683,2026-01-02 13:51:09,1322,297,5002,2,258.89,188.19,0.12,517.78,455.65,79.27,AUD,buy_now_pay_later,web,cancelled
TXN20260102000684,2026-01-02 13:51:37,1459,85,,3,173.56,99.76,0.09,520.68,473.82,174.54,AUD,debit_card,web,completed
TXN20260102000685,2026-01-02 13:52:20,1895,377,,1,34.75,17.44,0.13,34.75,30.23,12.79,AUD,credit_card,web,completed
TXN20260102000686,2026-01-02 13:52:43,1300,259,,2,243.76,167.05,0.11,487.52,433.89,99.79,AUD,credit_card,mobile_app,completed
TXN20260102000687,2026-01-02 13:52:43,1973,365,5006,2,229.11,163.97,0.01,458.22,453.64,125.7,AUD,paypal,mobile_app,completed
TXN20260102000688,2026-01-02 13:53:04,1006,330,5007,3,125.71,91.59,0.11,377.13,335.65,60.88,AUD,credit_card,in_store,completed
TXN20260102000689,2026-01-02 13:53:18,2121,248,,6,58.0,41.73,0.21,348.0,274.92,24.54,AUD,buy_now_pay_later,marketplace,completed
TXN20260102000690,2026-01-02 13:54:32,1266,245,5009,5,349.8,233.63,0.05,1749.0,1661.55,493.4,AUD,debit_card,mobile_app,completed
TXN20260102000691,2026-01-02 13:55:08,1136,325,,2,185.03,90.35,0.23,370.06,284.95,104.25,AUD,debit_card,mobile_app,completed
TXN20260102000692,2026-01-02 13:55:25,2051,215,,4,8.88,3.58,0.16,35.52,29.84,15.52,AUD,buy_now_pay_later,web,completed
TXN20260102000693,2026-01-02 13:56:11,2026,3,,1,142.91,77.99,0.09,142.91,130.05,52.06,AUD,credit_card,web,completed
TXN20260102000694,2026-01-02 13:56:25,1561,395,,2,259.59,188.33,0.06,519.18,488.03,111.37,AUD,credit_card,mobile_app,completed
TXN20260102000695,2026-01-02 13:56:33,1546,221,,1,157.27,79.8,0.06,157.27,147.83,68.03,AUD,debit_card,mobile_app,completed
TXN20260102000696,2026-01-02 13:58:27,1390,348,,3,367.68,171.93,0.2,1103.04,882.43,366.64,AUD,debit_card,mobile_app,completed
TXN20260102000697,2026-01-02 13:58:53,1769,349,,3,65.04,45.3,0.15,195.12,165.85,29.95,AUD,credit_card,marketplace,completed
TXN20260102000698,2026-01-02 14:07:16,1127,210,5004,4,210.36,163.77,0.26,841.44,622.67,-32.41,AUD,buy_now_pay_later,mobile_app,refunded
TXN20260102000699,2026-01-02 14:10:58,1374,166,,1,414.85,167.06,0.23,414.85,319.43,152.37,AUD,credit_card,web,completed
TXN20260102000700,2026-01-02 14:14:15,1721,81,,2,133.11,71.55,0.09,266.22,242.26,99.16,AUD,debit_card,marketplace,completed
TXN20260102000701,2026-01-02 14:16:02,1188,195,,3,142.11,62.0,0.09,426.33,387.96,201.96,AUD,buy_now_pay_later,web,completed
TXN20260102000702,2026-01-02 14:18:16,1879,263,,3,194.7,69.51,0.16,584.1,490.64,282.11,AUD,debit_card,web,completed
TXN20260102000703,2026-01-02 14:19:04,1579,135,,2,141.91,90.68,0.04,283.82,272.47,91.11,AUD,credit_card,mobile_app,completed
TXN20260102000704,2026-01-02 14:19:56,1933,199,,4,405.48,228.61,0.13,1621.92,1411.07,496.63,AUD,debit_card,web,completed
TXN20260102000705,2026-01-02 14:22:25,1292,294,,1,25.75,16.01,0.05,25.75,24.46,8.45,AUD,credit_card,web,completed
TXN20260102000706,2026-01-02 14:25:20,2040,165,5002,1,198.75,72.56,0.03,198.75,192.79,120.23,AUD,buy_now_pay_later,marketplace,completed
TXN20260102000707,2026-01-02 14:30:53,2077,173,5008,1,67.53,28.1,0.06,67.53,63.48,35.38,AUD,bank_transfer,mobile_app,cancelled
TXN20260102000708,2026-01-02 14:31:20,1452,378,,3,355.29,228.27,0.26,1065.87,788.74,103.93,AUD,credit_card,web,completed
TXN20260102000709,2026-01-02 14:35:25,1339,63,5008,4,137.14,59.24,0.02,548.56,537.59,300.63,AUD,bank_transfer,web,completed
TXN20260102000710,2026-01-02 14:35:54,1234,243,5002,2,6.18,2.24,0.07,12.36,11.49,7.01,AUD,bank_transfer,web,completed
TXN20260102000711,2026-01-02 14:38:36,1698,75,,4,200.92,131.5,0.01,803.68,795.64,269.64,AUD,bank_transfer,mobile_app,completed
TXN20260102000712,2026-01-02 14:39:46,1083,356,,2,35.78,19.54,0.09,71.56,65.12,26.04,AUD,credit_card,web,cancelled
TXN20260102000713,2026-01-02 14:43:10,1324,32,,2,107.59,39.39,0.0,215.18,215.18,136.4,AUD,credit_card,web,completed
TXN20260102000714,2026-01-02 14:47:03,1569,333,5002,1,41.88,25.97,0.05,41.88,39.79,13.82,AUD,credit_card,web,completed
TXN20260102000715,2026-01-02 14:50:05,2093,343,5014,5,32.63,13.17,0.07,163.15,151.73,85.88,AUD,credit_card,mobile_app,completed
TXN20260102000716,2026-01-02 14:53:52,1244,214,5007,1,133.32,71.17,0.12,133.32,117.32,46.15,AUD,credit_card,web,cancelled
TXN20260102000717,2026-01-02 14:55:42,1159,175,,2,176.68,90.48,0.02,353.36,346.29,165.33,AUD,paypal,mobile_app,pending
TXN20260102000718,2026-01-02 14:59:15,1543,139,,1,93.98,72.88,0.19,93.98,76.12,3.24,AUD,bank_transfer,web,completed
TXN20260102000719,2026-01-02 15:04:38,1734,337,5006,1,146.92,72.71,0.09,146.92,133.7,60.99,AUD,credit_card,mobile_app,completed
TXN20260102000720,2026-01-02 15:07:26,1722,32,5015,5,107.59,39.39,0.14,537.95,462.64,265.69,AUD,gift_card,marketplace,completed
TXN20260102000721,2026-01-02 15:10:06,1387,336,5018,5,250.44,165.04,0.24,1252.2,951.67,126.47,AUD,debit_card,web,refunded
TXN20260102000722,2026-01-02 15:11:00,2058,76,5012,2,153.93,70.84,0.14,307.86,264.76,123.08,AUD,debit_card,mobile_app,completed
TXN20260102000723,2026-01-02 15:12:10,1230,44,,1,236.02,141.49,0.21,236.02,186.46,44.97,AUD,buy_now_pay_later,web,completed
TXN20260102000724,2026-01-02 15:12:29,1231,400,,2,83.09,58.62,0.24,166.18,126.3,9.06,AUD,credit_card,mobile_app,completed
TXN20260102000725,2026-01-02 15:13:18,1587,326,5009,2,183.44,105.75,0.0,366.88,366.88,155.38,AUD,credit_card,mobile_app,completed
TXN20260102000726,2026-01-02 15:16:20,1710,78,5018,2,128.52,52.69,0.09,257.04,233.91,128.53,AUD,credit_card,web,completed
TXN20260102000727,2026-01-02 15:16:23,1205,337,,2,146.92,72.71,0.07,293.84,273.27,127.85,AUD,credit_card,mobile_app,cancelled
TXN20260102000728,2026-01-02 15:17:51,1163,16,5016,1,185.65,67.71,0.09,185.65,168.94,101.23,AUD,paypal,in_store,completed
TXN20260102000729,2026-01-02 15:18:08,1208,212,,3,172.34,98.73,0.07,517.02,480.83,184.64,AUD,paypal,mobile_app,completed
TXN20260102000730,2026-01-02 15:23:12,1744,231,,4,114.93,83.66,0.01,459.72,455.12,120.48,AUD,debit_card,marketplace,completed
TXN20260102000731,2026-01-02 15:29:51,1737,228,,3,85.54,59.94,0.01,256.62,254.05,74.23,AUD,paypal,web,cancelled
TXN20260102000732,2026-01-02 15:37:25,1624,84,,2,131.95,75.26,0.16,263.9,221.68,71.16,AUD,debit_card,marketplace,refunded
TXN20260102000733,2026-01-02 15:39:16,1305,36,,1,95.33,67.51,0.04,95.33,91.52,24.01,AUD,debit_card,mobile_app,completed
TXN20260102000734,2026-01-02 15:40:10,1816,223,5008,3,140.86,54.16,0.06,422.58,397.23,234.75,AUD,credit_card,mobile_app,completed
TXN20260102000735,2026-01-02 15:42:53,1556,213,5009,1,89.64,56.55,0.15,89.64,76.19,19.64,AUD,debit_card,mobile_app,completed
TXN20260102000736,2026-01-02 15:44:19,1075,98,5004,4,129.89,79.62,0.05,519.56,493.58,175.1,AUD,paypal,mobile_app,completed
TXN20260102000737,2026-01-02 15:46:29,2126,290,5007,3,37.46,23.23,0.2,112.38,89.9,20.21,AUD,credit_card,web,completed
TXN20260102000738,2026-01-02 15:46:44,1306,375,,3,239.04,121.65,0.05,717.12,681.26,316.31,AUD,debit_card,mobile_app,completed
TXN20260102000739,2026-01-02 15:47:29,1954,130,,2,18.48,10.08,0.13,36.96,32.16,12.0,AUD,credit_card,web,completed
TXN20260102000740,2026-01-02 15:48:13,2091,282,5008,1,11.8,8.78,0.06,11.8,11.09,2.31,AUD,credit_card,marketplace,completed
TXN20260102000741,2026-01-02 15:54:12,1641,165,,3,198.75,72.56,0.12,596.25,524.7,307.02,AUD,debit_card,web,pending
TXN20260102000742,2026-01-02 15:59:27,2175,336,,4,250.44,165.04,0.07,1001.76,931.64,271.48,AUD,gift_card,mobile_app,cancelled
TXN20260102000743,2026-01-02 15:59:32,1593,25,,4,279.71,213.59,0.11,1118.84,995.77,141.41,AUD,paypal,mobile_app,completed
TXN20260102000744,2026-01-02 15:59:57,1007,223,5002,1,140.86,54.16,0.14,140.86,121.14,66.98,AUD,paypal,web,completed
TXN20260102000745,2026-01-02 16:00:55,1610,231,,4,114.93,83.66,0.06,459.72,432.14,97.5,AUD,bank_transfer,web,completed
TXN20260102000746,2026-01-02 16:08:25,1729,75,,5,200.92,131.5,0.07,1004.6,934.28,276.78,AUD,debit_card,mobile_app,completed
TXN20260102000747,2026-01-02 16:08:25,1201,285,,3,333.53,259.05,0.03,1000.59,970.57,193.42,AUD,debit_card,web,completed
TXN20260102000748,2026-01-02 16:10:16,1867,244,5007,3,141.72,92.91,0.19,425.16,344.38,65.65,AUD,credit_card,web,completed
TXN20260102000749,2026-01-02 16:15:03,1415,6,5004,2,45.92,33.82,0.06,91.84,86.33,18.69,AUD,paypal,mobile_app,completed
TXN20260102000750,2026-01-02 16:15:31,1613,324,5002,4,79.51,55.68,0.18,318.04,260.79,38.07,AUD,buy_now_pay_later,mobile_app,completed
TXN20260102000751,2026-01-02 16:20:02,1902,362,,5,10.4,7.12,0.19,52.0,42.12,6.52,AUD,credit_card,marketplace,completed
TXN20260102000752,2026-01-02 16:21:17,2077,187,5006,3,18.28,11.11,0.16,54.84,46.07,12.74,AUD,credit_card,web,completed
TXN20260102000753,2026-01-02 16:22:50,1969,146,,4,182.6,76.84,0.05,730.4,693.88,386.52,AUD,paypal,marketplace,completed
TXN20260102000754,2026-01-02 16:27:33,2052,308,5014,2,227.37,123.17,0.01,454.74,450.19,203.85,AUD,credit_card,mobile_app,completed
TXN20260102000755,2026-01-02 16:27:57,2081,286,,2,226.6,96.42,0.05,453.2,430.54,237.7,AUD,credit_card,mobile_app,completed
TXN20260102000756,2026-01-02 16:29:04,2197,320,,2,5.35,2.75,0.11,10.7,9.52,4.02,AUD,buy_now_pay_later,web,completed
TXN20260102000757,2026-01-02 16:30:07,1107,241,,1,242.09,167.24,0.12,242.09,213.04,45.8,AUD,credit_card,in_store,completed
TXN20260102000758,2026-01-02 16:32:21,1762,197,5006,4,161.84,90.95,0.09,647.36,589.1,225.3,AUD,debit_card,web,completed
TXN20260102000759,2026-01-02 16:32:26,1186,400,,4,83.09,58.62,0.2,332.36,265.89,31.41,AUD,credit_card,web,completed
TXN20260102000760,2026-01-02 16:39:43,1624,87,,2,137.75,85.09,0.04,275.5,264.48,94.3,AUD,paypal,mobile_app,completed
TXN20260102000761,2026-01-02 16:43:21,1956,303,,3,5.2,2.83,0.07,15.6,14.51,6.02,AUD,debit_card,web,completed
TXN20260102000762,2026-01-02 16:49:47,1391,34,5003,5,250.91,140.28,0.09,1254.55,1141.64,440.24,AUD,debit_card,web,completed
TXN20260102000763,2026-01-02 16:50:25,2080,241,,4,242.09,167.24,0.07,968.36,900.57,231.61,AUD,paypal,web,completed
TXN20260102000764,2026-01-02 16:55:09,1957,126,,2,63.01,42.43,0.18,126.02,103.34,18.48,AUD,credit_card,web,completed
TXN20260102000765,2026-01-02 16:56:45,1559,378,5018,3,355.29,228.27,0.18,1065.87,874.01,189.2,AUD,credit_card,web,completed
TXN20260102000766,2026-01-02 16:58:15,1712,353,,1,53.63,27.2,0.09,53.63,48.8,21.6,AUD,gift_card,in_store,completed
TXN20260102000767,2026-01-02 16:58:35,1021,318,5010,1,104.56,45.81,0.18,104.56,85.74,39.93,AUD,buy_now_pay_later,web,completed
TXN20260102000768,2026-01-02 17:03:46,1252,295,,1,125.3,93.62,0.04,125.3,120.29,26.67,AUD,paypal,mobile_app,refunded
TXN20260102000769,2026-01-02 17:05:03,2158,375,,3,239.04,121.65,0.23,717.12,552.18,187.23,AUD,buy_now_pay_later,web,completed
TXN20260102000770,2026-01-02 17:14:30,1043,234,,1,153.86,117.69,0.1,153.86,138.47,20.78,AUD,paypal,mobile_app,completed
TXN20260102000771,2026-01-02 17:16:32,1112,329,,1,58.04,30.71,0.03,58.04,56.3,25.59,AUD,buy_now_pay_later,web,completed
TXN20260102000772,2026-01-02 17:17:57,1106,64,,4,148.54,87.49,0.01,594.16,588.22,238.26,AUD,credit_card,mobile_app,completed
TXN20260102000773,2026-01-02 17:18:51,1829,318,5004,1,104.56,45.81,0.08,104.56,96.2,50.39,AUD,debit_card,mobile_app,completed
TXN20260102000774,2026-01-02 17:19:29,1400,280,5010,4,235.41,129.45,0.18,941.64,772.14,254.34,AUD,gift_card,mobile_app,completed
TXN20260102000775,2026-01-02 17:21:02,1360,17,,4,15.98,12.32,0.15,63.92,54.33,5.05,AUD,paypal,web,completed
TXN20260102000776,2026-01-02 17:23:43,2100,71,,2,451.62,218.09,0.03,903.24,876.14,439.96,AUD,paypal,mobile_app,completed
TXN20260102000777,2026-01-02 17:24:11,1026,377,,3,34.75,17.44,0.08,104.25,95.91,43.59,AUD,credit_card,web,completed
TXN20260102000778,2026-01-02 17:26:20,1248,171,,3,126.82,54.58,0.05,380.46,361.44,197.7,AUD,paypal,marketplace,completed
TXN20260102000779,2026-01-02 17:26:36,1620,281,,2,206.68,92.2,0.05,413.36,392.69,208.29,AUD,debit_card,web,completed
TXN20260102000780,2026-01-02 17:31:33,1006,45,,3,127.42,77.89,0.25,382.26,286.69,53.02,AUD,buy_now_pay_later,web,completed
TXN20260102000781,2026-01-02 17:31:56,1218,186,,1,294.97,120.02,0.19,294.97,238.93,118.91,AUD,credit_card,web,completed
TXN20260102000782,2026-01-02 17:32:09,1121,199,,3,405.48,228.61,0.01,1216.44,1204.28,518.45,AUD,buy_now_pay_later,web,refunded
TXN20260102000783,2026-01-02 17:34:47,1123,378,,4,355.29,228.27,0.03,1421.16,1378.53,465.45,AUD,credit_card,mobile_app,completed
TXN20260102000784,2026-01-02 17:40:24,2012,297,,1,258.89,188.19,0.16,258.89,217.47,29.28,AUD,paypal,mobile_app,completed
TXN20260102000785,2026-01-02 17:41:51,1448,204,,2,256.41,190.36,0.09,512.82,466.67,85.95,AUD,credit_card,mobile_app,completed
TXN20260102000786,2026-01-02 17:42:27,1141,345,5013,1,301.49,218.7,0.1,301.49,271.34,52.64,AUD,paypal,web,completed
TXN20260102000787,2026-01-02 17:48:32,2144,26,5006,2,76.06,28.87,0.05,152.12,144.51,86.77,AUD,debit_card,mobile_app,completed
TXN20260102000788,2026-01-02 17:49:29,1463,236,,2,7.93,6.02,0.11,15.86,14.12,2.08,AUD,bank_transfer,web,completed
TXN20260102000789,2026-01-02 17:49:59,1001,346,,3,337.76,248.46,0.12,1013.28,891.69,146.31,AUD,paypal,web,cancelled
TXN20260102000790,2026-01-02 17:54:36,1946,145,,2,333.84,132.73,0.23,667.68,514.11,248.65,AUD,buy_now_pay_later,marketplace,completed
TXN20260102000791,2026-01-02 17:55:55,1689,236,,1,7.93,6.02,0.17,7.93,6.58,0.56,AUD,paypal,web,completed
TXN20260102000792,2026-01-02 17:57:09,2110,362,5008,2,10.4,7.12,0.16,20.8,17.47,3.23,AUD,debit_card,web,completed
TXN20260102000793,2026-01-02 17:59:35,1686,203,5012,3,5.97,4.17,0.02,17.91,17.55,5.04,AUD,debit_card,phone,completed
TXN20260102000794,2026-01-02 18:01:03,2023,300,,3,134.02,50.66,0.13,402.06,349.79,197.81,AUD,credit_card,web,completed
TXN20260102000795,2026-01-02 18:04:52,2002,198,,5,311.79,188.7,0.14,1558.95,1340.7,397.2,AUD,buy_now_pay_later,web,completed
TXN20260102000796,2026-01-02 18:06:19,1912,262,,3,30.32,15.63,0.04,90.96,87.32,40.43,AUD,buy_now_pay_later,mobile_app,completed
TXN20260102000797,2026-01-02 18:08:08,1509,270,,1,347.43,172.19,0.04,347.43,333.53,161.34,AUD,gift_card,marketplace,completed
TXN20260102000798,2026-01-02 18:10:11,1868,70,5007,3,291.11,188.06,0.21,873.33,689.93,125.75,AUD,paypal,web,completed
TXN20260102000799,2026-01-02 18:17:21,1570,8,5007,2,65.06,29.43,0.16,130.12,109.3,50.44,AUD,buy_now_pay_later,web,completed
TXN20260102000800,2026-01-02 18:20:45,1300,155,5002,4,402.98,307.8,0.19,1611.92,1305.66,74.46,AUD,debit_card,mobile_app,completed
TXN20260102000801,2026-01-02 18:22:27,1935,361,,4,172.83,61.35,0.0,691.32,691.32,445.92,AUD,gift_card,marketplace,completed
TXN20260102000802,2026-01-02 18:24:24,1689,195,,5,142.11,62.0,0.24,710.55,540.02,230.02,AUD,credit_card,web,completed
TXN20260102000803,2026-01-02 18:27:19,1275,64,5010,4,148.54,87.49,0.22,594.16,463.44,113.48,AUD,paypal,mobile_app,completed
TXN20260102000804,2026-01-02 18:28:59,1308,349,5017,1,65.04,45.3,0.1,65.04,58.54,13.24,AUD,gift_card,web,completed
TXN20260102000805,2026-01-02 18:33:27,1827,183,5014,1,56.96,21.65,0.02,56.96,55.82,34.17,AUD,paypal,mobile_app,completed
TXN20260102000806,2026-01-02 18:37:29,1645,30,5004,1,170.45,127.12,0.1,170.45,153.41,26.29,AUD,debit_card,web,completed
TXN20260102000807,2026-01-02 18:38:01,1609,395,,3,259.59,188.33,0.1,778.77,700.89,135.9,AUD,buy_now_pay_later,web,completed
TXN20260102000808,2026-01-02 18:39:54,1505,26,5005,4,76.06,28.87,0.06,304.24,285.99,170.51,AUD,buy_now_pay_later,web,completed
TXN20260102000809,2026-01-02 18:43:13,1523,146,5016,3,182.6,76.84,0.23,547.8,421.81,191.29,AUD,debit_card,marketplace,completed
TXN20260102000810,2026-01-02 18:43:58,1883,163,5017,5,280.84,142.19,0.12,1404.2,1235.7,524.75,AUD,bank_transfer,mobile_app,completed
TXN20260102000811,2026-01-02 18:44:49,1201,171,,1,126.82,54.58,0.04,126.82,121.75,67.17,AUD,buy_now_pay_later,mobile_app,completed
TXN20260102000812,2026-01-02 18:45:46,1603,278,,1,60.0,45.1,0.23,60.0,46.2,1.1,AUD,paypal,web,completed
TXN20260102000813,2026-01-02 18:48:54,1179,361,5013,1,172.83,61.35,0.14,172.83,148.63,87.28,AUD,credit_card,web,cancelled
TXN20260102000814,2026-01-02 18:49:26,1420,126,,3,63.01,42.43,0.2,189.03,151.22,23.93,AUD,credit_card,marketplace,completed
TXN20260102000815,2026-01-02 18:52:25,1956,215,5012,2,8.88,3.58,0.11,17.76,15.81,8.65,AUD,credit_card,marketplace,completed
TXN20260102000816,2026-01-02 18:52:49,1676,254,5015,1,151.84,54.33,0.07,151.84,141.21,86.88,AUD,bank_transfer,phone,refunded
TXN20260102000817,2026-01-02 18:53:21,1334,314,5002,2,218.05,92.26,0.05,436.1,414.3,229.78,AUD,buy_now_pay_later,marketplace,completed
TXN20260102000818,2026-01-02 18:53:25,1443,363,,2,161.87,102.03,0.07,323.74,301.08,97.02,AUD,credit_card,marketplace,completed
TXN20260102000819,2026-01-02 18:53:26,1577,176,5013,3,19.37,14.31,0.12,58.11,51.14,8.21,AUD,debit_card,mobile_app,completed
TXN20260102000820,2026-01-02 18:56:51,1174,283,,3,155.88,105.7,0.21,467.64,369.44,52.34,AUD,credit_card,mobile_app,completed
TXN20260102000821,2026-01-02 18:57:05,1609,322,5018,4,98.42,48.71,0.04,393.68,377.93,183.09,AUD,debit_card,web,completed
TXN20260102000822,2026-01-02 19:00:37,1185,317,5014,2,25.27,14.13,0.16,50.54,42.45,14.19,AUD,credit_card,web,completed
TXN20260102000823,2026-01-02 19:00:44,1520,162,,3,102.25,40.84,0.06,306.75,288.34,165.82,AUD,credit_card,mobile_app,completed
TXN20260102000824,2026-01-02 19:00:44,1040,339,5006,1,232.73,135.01,0.06,232.73,218.77,83.76,AUD,credit_card,web,completed
TXN20260102000825,2026-01-02 19:00:45,1060,149,5015,2,221.16,142.36,0.06,442.32,415.78,131.06,AUD,debit_card,mobile_app,completed
TXN20260102000826,2026-01-02 19:03:07,1819,145,,5,333.84,132.73,0.08,1669.2,1535.66,872.01,AUD,credit_card,web,completed
TXN20260102000827,2026-01-02 19:03:27,1182,76,,3,153.93,70.84,0.15,461.79,392.52,180.0,AUD,debit_card,marketplace,completed
TXN20260102000828,2026-01-02 19:03:59,1805,344,5012,2,24.55,10.75,0.08,49.1,45.17,23.67,AUD,credit_card,web,completed
TXN20260102000829,2026-01-02 19:04:13,2101,128,,3,189.27,110.21,0.07,567.81,528.06,197.43,AUD,buy_now_pay_later,web,refunded
TXN20260102000830,2026-01-02 19:04:59,1076,338,,2,454.19,219.15,0.06,908.38,853.88,415.58,AUD,debit_card,web,completed
TXN20260102000831,2026-01-02 19:06:43,1358,353,,1,53.63,27.2,0.02,53.63,52.56,25.36,AUD,debit_card,mobile_app,cancelled
TXN20260102000832,2026-01-02 19:07:34,1600,377,,2,34.75,17.44,0.13,69.5,60.46,25.58,AUD,credit_card,web,completed
TXN20260102000833,2026-01-02 19:08:18,1041,107,,1,391.82,298.53,0.0,391.82,391.82,93.29,AUD,credit_card,web,completed
TXN20260102000834,2026-01-02 19:08:45,1400,388,5004,4,178.72,91.5,0.11,714.88,636.24,270.24,AUD,credit_card,mobile_app,refunded
TXN20260102000835,2026-01-02 19:08:49,2081,114,,1,311.7,127.05,0.09,311.7,283.65,156.6,AUD,credit_card,web,completed
TXN20260102000836,2026-01-02 19:09:05,1015,371,5003,1,279.28,128.3,0.07,279.28,259.73,131.43,AUD,credit_card,in_store,completed
TXN20260102000837,2026-01-02 19:09:33,1086,183,,3,56.96,21.65,0.08,170.88,157.21,92.26,AUD,debit_card,marketplace,completed
TXN20260102000838,2026-01-02 19:10:02,1015,30,,2,170.45,127.12,0.0,340.9,340.9,86.66,AUD,debit_card,mobile_app,completed
TXN20260102000839,2026-01-02 19:10:29,1223,38,,1,426.51,271.0,0.13,426.51,371.06,100.06,AUD,credit_card,mobile_app,refunded
TXN20260102000840,2026-01-02 19:11:03,2143,11,5018,2,383.38,230.87,0.17,766.76,636.41,174.67,AUD,credit_card,mobile_app,completed
TXN20260102000841,2026-01-02 19:12:14,1754,379,5002,1,115.88,59.08,0.27,115.88,84.59,25.51,AUD,paypal,web,completed
TXN20260102000842,2026-01-02 19:12:36,2142,6,,4,45.92,33.82,0.14,183.68,157.96,22.68,AUD,bank_transfer,web,completed
TXN20260102000843,2026-01-02 19:13:04,1464,294,5006,2,25.75,16.01,0.02,51.5,50.47,18.45,AUD,credit_card,web,completed
TXN20260102000844,2026-01-02 19:13:19,1924,356,,1,35.78,19.54,0.17,35.78,29.7,10.16,AUD,credit_card,web,cancelled
TXN20260102000845,2026-01-02 19:13:36,1211,289,5009,4,135.78,64.29,0.12,543.12,477.95,220.79,AUD,credit_card,web,completed
TXN20260102000846,2026-01-02 19:13:52,1288,273,,4,15.74,11.24,0.24,62.96,47.85,2.89,AUD,buy_now_pay_later,mobile_app,completed
TXN20260102000847,2026-01-02 19:14:31,1210,191,,2,265.41,112.45,0.12,530.82,467.12,242.22,AUD,debit_card,mobile_app,completed
TXN20260102000848,2026-01-02 19:14:43,2114,165,5018,3,198.75,72.56,0.02,596.25,584.33,366.65,AUD,debit_card,marketplace,completed
TXN20260102000849,2026-01-02 19:16:02,1829,271,,4,132.74,79.27,0.04,530.96,509.72,192.64,AUD,credit_card,mobile_app,completed
TXN20260102000850,2026-01-02 19:16:29,2179,229,,5,23.31,18.16,0.22,116.55,90.91,0.11,AUD,credit_card,web,cancelled
TXN20260102000851,2026-01-02 19:16:32,2088,79,,1,139.3,69.25,0.04,139.3,133.73,64.48,AUD,paypal,web,completed
TXN20260102000852,2026-01-02 19:17:34,2119,56,5005,5,221.91,135.65,0.2,1109.55,887.64,209.39,AUD,credit_card,web,completed
TXN20260102000853,2026-01-02 19:18:03,1748,132,5002,3,109.21,38.28,0.19,327.63,265.38,150.54,AUD,paypal,mobile_app,completed
TXN20260102000854,2026-01-02 19:18:30,1649,115,,1,166.75,108.87,0.14,166.75,143.41,34.54,AUD,debit_card,web,completed
TXN20260102000855,2026-01-02 19:19:24,1788,285,5008,2,333.53,259.05,0.04,667.06,640.38,122.28,AUD,buy_now_pay_later,web,completed
TXN20260102000856,2026-01-02 19:21:38,1041,62,,2,46.07,33.25,0.16,92.14,77.4,10.9,AUD,gift_card,web,completed
TXN20260102000857,2026-01-02 19:21:43,1902,83,,2,271.39,135.83,0.05,542.78,515.64,243.98,AUD,gift_card,in_store,refunded
TXN20260102000858,2026-01-02 19:22:14,1542,3,,1,142.91,77.99,0.1,142.91,128.62,50.63,AUD,paypal,web,completed
TXN20260102000859,2026-01-02 19:22:34,1364,12,,3,22.05,16.18,0.06,66.15,62.18,13.64,AUD,credit_card,web,completed
TXN20260102000860,2026-01-02 19:22:59,1338,213,,1,89.64,56.55,0.07,89.64,83.37,26.82,AUD,debit_card,mobile_app,completed
TXN20260102000861,2026-01-02 19:23:47,1003,85,,3,173.56,99.76,0.12,520.68,458.2,158.92,AUD,paypal,mobile_app,completed
TXN20260102000862,2026-01-02 19:23:47,1083,66,,6,157.5,63.74,0.2,945.0,756.0,373.56,AUD,credit_card,web,refunded
TXN20260102000863,2026-01-02 19:23:59,1966,188,,1,141.88,98.58,0.16,141.88,119.18,20.6,AUD,paypal,web,refunded
TXN20260102000864,2026-01-02 19:24:15,1608,235,,1,18.79,8.45,0.17,18.79,15.6,7.15,AUD,credit_card,web,completed
TXN20260102000865,2026-01-02 19:24:17,1319,252,5007,2,12.21,8.71,0.09,24.42,22.22,4.8,AUD,paypal,web,completed
TXN20260102000866,2026-01-02 19:24:46,1042,230,,3,249.03,160.65,0.03,747.09,724.68,242.73,AUD,credit_card,marketplace,completed
TXN20260102000867,2026-01-02 19:25:14,2155,118,,1,63.49,25.23,0.0,63.49,63.49,38.26,AUD,bank_transfer,mobile_app,completed
TXN20260102000868,2026-01-02 19:25:33,1172,302,,3,47.96,26.56,0.15,143.88,122.3,42.62,AUD,debit_card,mobile_app,completed
TXN20260102000869,2026-01-02 19:26:59,1540,130,,1,18.48,10.08,0.07,18.48,17.19,7.11,AUD,gift_card,web,completed
TXN20260102000870,2026-01-02 19:27:37,2161,136,,3,12.1,8.71,0.15,36.3,30.85,4.72,AUD,debit_card,web,completed
TXN20260102000871,2026-01-02 19:28:01,1185,47,,3,383.34,271.98,0.17,1150.02,954.52,138.58,AUD,buy_now_pay_later,mobile_app,completed
TXN20260102000872,2026-01-02 19:29:21,1367,38,,2,426.51,271.0,0.04,853.02,818.9,276.9,AUD,buy_now_pay_later,mobile_app,completed
TXN20260102000873,2026-01-02 19:29:25,1507,332,,2,436.24,255.68,0.25,872.48,654.36,143.0,AUD,credit_card,in_store,completed
TXN20260102000874,2026-01-02 19:30:03,2142,339,,2,232.73,135.01,0.25,465.46,349.09,79.07,AUD,debit_card,mobile_app,completed
TXN20260102000875,2026-01-02 19:33:40,1271,114,,1,311.7,127.05,0.07,311.7,289.88,162.83,AUD,debit_card,web,completed
TXN20260102000876,2026-01-02 19:33:44,1817,120,,3,231.92,128.02,0.01,695.76,688.8,304.74,AUD,credit_card,web,completed
TXN20260102000877,2026-01-02 19:35:55,1226,131,5015,5,93.36,56.38,0.01,466.8,462.13,180.23,AUD,credit_card,web,completed
TXN20260102000878,2026-01-02 19:36:05,1462,363,,5,161.87,102.03,0.12,809.35,712.23,202.08,AUD,paypal,in_store,completed
TXN20260102000879,2026-01-02 19:37:38,1512,204,5017,2,256.41,190.36,0.14,512.82,441.03,60.31,AUD,debit_card,marketplace,completed
TXN20260102000880,2026-01-02 19:38:20,1253,247,5016,3,32.77,14.35,0.2,98.31,78.65,35.6,AUD,debit_card,web,completed
TXN20260102000881,2026-01-02 19:39:14,1443,336,5004,1,250.44,165.04,0.11,250.44,222.89,57.85,AUD,paypal,web,completed
TXN20260102000882,2026-01-02 19:39:39,1695,117,,2,17.41,7.32,0.26,34.82,25.77,11.13,AUD,buy_now_pay_later,web,completed
TXN20260102000883,2026-01-02 19:40:46,1045,10,,4,246.81,139.27,0.04,987.24,947.75,390.67,AUD,credit_card,web,completed
TXN20260102000884,2026-01-02 19:41:10,1432,14,,4,60.5,36.5,0.0,242.0,242.0,96.0,AUD,credit_card,in_store,completed
TXN20260102000885,2026-01-02 19:41:37,1912,399,5018,1,108.85,55.74,0.01,108.85,107.76,52.02,AUD,debit_card,web,completed
TXN20260102000886,2026-01-02 19:41:54,1768,36,5002,1,95.33,67.51,0.11,95.33,84.84,17.33,AUD,credit_card,mobile_app,completed
TXN20260102000887,2026-01-02 19:41:57,1099,158,,1,101.24,48.34,0.01,101.24,100.23,51.89,AUD,credit_card,web,completed
TXN20260102000888,2026-01-02 19:42:54,2031,169,,5,175.58,82.15,0.12,877.9,772.55,361.8,AUD,credit_card,mobile_app,completed
TXN20260102000889,2026-01-02 19:43:08,2130,343,,2,32.63,13.17,0.05,65.26,62.0,35.66,AUD,bank_transfer,web,completed
TXN20260102000890,2026-01-02 19:43:12,1947,243,,3,6.18,2.24,0.03,18.54,17.98,11.26,AUD,credit_card,in_store,completed
TXN20260102000891,2026-01-02 19:43:46,1069,345,,1,301.49,218.7,0.1,301.49,271.34,52.64,AUD,gift_card,web,completed
TXN20260102000892,2026-01-02 19:44:32,1624,33,5007,1,120.22,59.38,0.07,120.22,111.8,52.42,AUD,buy_now_pay_later,mobile_app,completed
TXN20260102000893,2026-01-02 19:45:17,1711,205,,4,200.88,145.96,0.1,803.52,723.17,139.33,AUD,buy_now_pay_later,web,completed
TXN20260102000894,2026-01-02 19:45:34,1386,191,,2,265.41,112.45,0.24,530.82,403.42,178.52,AUD,paypal,mobile_app,completed
TXN20260102000895,2026-01-02 19:46:00,2109,126,,2,63.01,42.43,0.09,126.02,114.68,29.82,AUD,credit_card,web,completed
TXN20260102000896,2026-01-02 19:46:31,1518,326,,6,183.44,105.75,0.03,1100.64,1067.62,433.12,AUD,debit_card,web,completed
TXN20260102000897,2026-01-02 19:47:28,1458,337,5012,1,146.92,72.71,0.01,146.92,145.45,72.74,AUD,debit_card,in_store,completed
TXN20260102000898,2026-01-02 19:47:47,2050,221,,5,157.27,79.8,0.05,786.35,747.03,348.03,AUD,debit_card,marketplace,completed
TXN20260102000899,2026-01-02 19:48:46,1425,79,,3,139.3,69.25,0.05,417.9,397.0,189.25,AUD,debit_card,marketplace,completed
TXN20260102000900,2026-01-02 19:48:59,1864,132,,2,109.21,38.28,0.04,218.42,209.68,133.12,AUD,debit_card,mobile_app,completed
TXN20260102000901,2026-01-02 19:49:05,1994,400,5009,5,83.09,58.62,0.2,415.45,332.36,39.26,AUD,debit_card,web,completed
TXN20260102000902,2026-01-02 19:49:57,1499,168,,3,356.7,253.22,0.06,1070.1,1005.89,246.23,AUD,gift_card,web,completed
TXN20260102000903,2026-01-02 19:51:00,1081,214,,1,133.32,71.17,0.11,133.32,118.65,47.48,AUD,credit_card,marketplace,completed
TXN20260102000904,2026-01-02 19:51:14,1604,222,5017,3,32.17,11.42,0.07,96.51,89.75,55.49,AUD,debit_card,in_store,completed
TXN20260102000905,2026-01-02 19:52:05,1138,323,,1,154.89,83.84,0.03,154.89,150.24,66.4,AUD,bank_transfer,web,completed
TXN20260102000906,2026-01-02 19:52:16,1210,125,,1,196.62,94.85,0.07,196.62,182.86,88.01,AUD,debit_card,in_store,refunded
TXN20260102000907,2026-01-02 19:52:24,2197,240,,2,296.5,109.26,0.1,593.0,533.7,315.18,AUD,buy_now_pay_later,web,completed
TXN20260102000908,2026-01-02 19:52:39,1156,160,,6,132.52,86.58,0.03,795.12,771.27,251.79,AUD,paypal,mobile_app,completed
TXN20260102000909,2026-01-02 19:52:53,2031,62,,4,46.07,33.25,0.16,184.28,154.8,21.8,AUD,debit_card,mobile_app,completed
TXN20260102000910,2026-01-02 19:53:24,1559,350,5002,3,78.73,28.3,0.11,236.19,210.21,125.31,AUD,paypal,mobile_app,completed
TXN20260102000911,2026-01-02 19:53:29,1705,336,,2,250.44,165.04,0.13,500.88,435.77,105.69,AUD,credit_card,mobile_app,completed
TXN20260102000912,2026-01-02 19:54:41,1595,356,5004,2,35.78,19.54,0.18,71.56,58.68,19.6,AUD,credit_card,web,completed
TXN20260102000913,2026-01-02 19:55:27,1536,327,,5,27.46,12.97,0.18,137.3,112.59,47.74,AUD,credit_card,web,completed
TXN20260102000914,2026-01-02 19:55:54,1909,318,,4,104.56,45.81,0.15,418.24,355.5,172.26,AUD,paypal,web,completed
TXN20260102000915,2026-01-02 19:56:09,1686,95,,1,125.86,97.81,0.11,125.86,112.02,14.21,AUD,debit_card,mobile_app,completed
TXN20260102000916,2026-01-02 19:56:38,1384,96,5005,6,143.85,89.79,0.06,863.1,811.31,272.57,AUD,credit_card,in_store,completed
TXN20260102000917,2026-01-02 19:57:02,2149,22,,2,239.15,141.03,0.18,478.3,392.21,110.15,AUD,debit_card,mobile_app,completed
TXN20260102000918,2026-01-02 19:58:04,1195,146,,3,182.6,76.84,0.1,547.8,493.02,262.5,AUD,paypal,mobile_app,completed
TXN20260102000919,2026-01-02 19:59:02,1428,39,5009,6,153.21,59.61,0.09,919.26,836.53,478.87,AUD,paypal,mobile_app,completed
TXN20260102000920,2026-01-02 19:59:06,1939,222,5003,2,32.17,11.42,0.04,64.34,61.77,38.93,AUD,debit_card,mobile_app,completed
TXN20260102000921,2026-01-02 19:59:25,1266,172,,6,191.33,75.08,0.21,1147.98,906.9,456.42,AUD,credit_card,mobile_app,completed
TXN20260102000922,2026-01-02 19:59:55,1316,132,5007,2,109.21,38.28,0.04,218.42,209.68,133.12,AUD,credit_card,phone,completed
TXN20260102000923,2026-01-02 20:01:32,1826,323,5017,2,154.89,83.84,0.06,309.78,291.19,123.51,AUD,debit_card,marketplace,completed
TXN20260102000924,2026-01-02 20:02:39,1150,34,5017,2,250.91,140.28,0.03,501.82,486.77,206.21,AUD,paypal,mobile_app,completed
TXN20260102000925,2026-01-02 20:02:42,1421,132,,4,109.21,38.28,0.01,436.84,432.47,279.35,AUD,buy_now_pay_later,web,completed
TXN20260102000926,2026-01-02 20:02:54,1673,225,,1,310.73,232.58,0.07,310.73,288.98,56.4,AUD,credit_card,web,completed
TXN20260102000927,2026-01-02 20:04:04,1143,258,,5,5.4,4.07,0.03,27.0,26.19,5.84,AUD,debit_card,mobile_app,completed
TXN20260102000928,2026-01-02 20:04:27,2056,33,5010,2,120.22,59.38,0.0,240.44,240.44,121.68,AUD,debit_card,web,completed
TXN20260102000929,2026-01-02 20:04:43,1900,227,,1,46.57,24.42,0.23,46.57,35.86,11.44,AUD,credit_card,web,completed
TXN20260102000930,2026-01-02 20:06:17,2131,114,,4,311.7,127.05,0.03,1246.8,1209.4,701.2,AUD,debit_card,mobile_app,completed
TXN20260102000931,2026-01-02 20:06:46,2168,171,,3,126.82,54.58,0.17,380.46,315.78,152.04,AUD,credit_card,web,completed
TXN20260102000932,2026-01-02 20:07:09,1083,322,,4,98.42,48.71,0.02,393.68,385.81,190.97,AUD,credit_card,web,completed
TXN20260102000933,2026-01-02 20:07:49,1819,118,5014,4,63.49,25.23,0.04,253.96,243.8,142.88,AUD,credit_card,web,completed
TXN20260102000934,2026-01-02 20:09:39,1043,12,,3,22.05,16.18,0.09,66.15,60.2,11.66,AUD,credit_card,marketplace,completed
TXN20260102000935,2026-01-02 20:09:59,1276,357,5008,2,49.08,20.39,0.23,98.16,75.58,34.8,AUD,bank_transfer,mobile_app,completed
TXN20260102000936,2026-01-02 20:11:23,1466,324,,1,79.51,55.68,0.23,79.51,61.22,5.54,AUD,buy_now_pay_later,mobile_app,completed
TXN20260102000937,2026-01-02 20:12:51,1304,281,,1,206.68,92.2,0.16,206.68,173.61,81.41,AUD,credit_card,web,completed
TXN20260102000938,2026-01-02 20:13:27,2096,225,5012,4,310.73,232.58,0.09,1242.92,1131.06,200.74,AUD,buy_now_pay_later,mobile_app,completed
TXN20260102000939,2026-01-02 20:13:46,1788,34,,2,250.91,140.28,0.04,501.82,481.75,201.19,AUD,debit_card,web,completed
TXN20260102000940,2026-01-02 20:13:55,1452,400,,1,83.09,58.62,0.03,83.09,80.6,21.98,AUD,debit_card,web,completed
TXN20260102000941,2026-01-02 20:14:27,1517,250,,4,231.82,122.47,0.04,927.28,890.19,400.31,AUD,credit_card,web,refunded
TXN20260102000942,2026-01-02 20:14:28,1971,2,,2,292.97,126.42,0.03,585.94,568.36,315.52,AUD,credit_card,web,completed
TXN20260102000943,2026-01-02 20:15:03,1262,323,5007,3,154.89,83.84,0.18,464.67,381.03,129.51,AUD,paypal,web,completed
TXN20260102000944,2026-01-02 20:16:14,2009,261,,2,222.59,120.24,0.19,445.18,360.6,120.12,AUD,debit_card,web,completed
TXN20260102000945,2026-01-02 20:16:41,1049,265,5016,1,217.01,151.39,0.12,217.01,190.97,39.58,AUD,bank_transfer,mobile_app,completed
TXN20260102000946,2026-01-02 20:17:03,2031,277,5003,3,470.57,189.97,0.01,1411.71,1397.59,827.68,AUD,paypal,mobile_app,completed
TXN20260102000947,2026-01-02 20:17:26,1780,138,,4,132.98,57.54,0.08,531.92,489.37,259.21,AUD,credit_card,web,completed
TXN20260102000948,2026-01-02 20:18:05,1138,291,,1,348.41,145.57,0.26,348.41,257.82,112.25,AUD,credit_card,mobile_app,completed
TXN20260102000949,2026-01-02 20:18:40,2123,169,,1,175.58,82.15,0.01,175.58,173.82,91.67,AUD,bank_transfer,web,completed
TXN20260102000950,2026-01-02 20:20:39,2176,326,5015,3,183.44,105.75,0.11,550.32,489.78,172.53,AUD,credit_card,web,completed
TXN20260102000951,2026-01-02 20:22:01,1389,135,,2,141.91,90.68,0.09,283.82,258.28,76.92,AUD,buy_now_pay_later,marketplace,completed
TXN20260102000952,2026-01-02 20:22:13,1224,117,,2,17.41,7.32,0.08,34.82,32.03,17.39,AUD,paypal,marketplace,completed
TXN20260102000953,2026-01-02 20:22:20,1746,314,,1,218.05,92.26,0.04,218.05,209.33,117.07,AUD,buy_now_pay_later,mobile_app,completed
TXN20260102000954,2026-01-02 20:22:49,1462,244,5009,3,141.72,92.91,0.14,425.16,365.64,86.91,AUD,credit_card,in_store,completed
TXN20260102000955,2026-01-02 20:23:07,1432,212,,1,172.34,98.73,0.06,172.34,162.0,63.27,AUD,bank_transfer,web,completed
TXN20260102000956,2026-01-02 20:24:31,2079,1,,2,367.54,272.05,0.05,735.08,698.33,154.23,AUD,credit_card,marketplace,completed
TXN20260102000957,2026-01-02 20:24:41,2137,340,,2,69.61,35.79,0.06,139.22,130.87,59.29,AUD,credit_card,mobile_app,completed
TXN20260102000958,2026-01-02 20:24:42,2020,329,5007,3,58.04,30.71,0.16,174.12,146.26,54.13,AUD,paypal,mobile_app,completed
TXN20260102000959,2026-01-02 20:25:18,1320,149,,4,221.16,142.36,0.1,884.64,796.18,226.74,AUD,debit_card,web,completed
TXN20260102000960,2026-01-02 20:25:21,1383,112,,1,121.28,51.75,0.01,121.28,120.07,68.32,AUD,buy_now_pay_later,web,completed
TXN20260102000961,2026-01-02 20:25:47,1807,278,5006,3,60.0,45.1,0.13,180.0,156.6,21.3,AUD,buy_now_pay_later,mobile_app,completed
TXN20260102000962,2026-01-02 20:25:59,1245,373,,5,423.09,155.74,0.11,2115.45,1882.75,1104.05,AUD,paypal,web,completed
TXN20260102000963,2026-01-02 20:26:17,2183,105,5005,3,142.92,89.61,0.12,428.76,377.31,108.48,AUD,paypal,web,completed
TXN20260102000964,2026-01-02 20:26:30,1821,161,,2,57.23,33.31,0.04,114.46,109.88,43.26,AUD,bank_transfer,web,completed
TXN20260102000965,2026-01-02 20:27:15,1402,43,5014,5,211.3,164.39,0.02,1056.5,1035.37,213.42,AUD,credit_card,mobile_app,completed
TXN20260102000966,2026-01-02 20:28:07,1304,271,,4,132.74,79.27,0.13,530.96,461.94,144.86,AUD,credit_card,mobile_app,completed
TXN20260102000967,2026-01-02 20:28:46,1105,350,5014,1,78.73,28.3,0.01,78.73,77.94,49.64,AUD,credit_card,mobile_app,completed
TXN20260102000968,2026-01-02 20:29:20,1811,82,,4,269.27,177.26,0.14,1077.08,926.29,217.25,AUD,buy_now_pay_later,web,completed
TXN20260102000969,2026-01-02 20:30:29,1279,291,,1,348.41,145.57,0.01,348.41,344.93,199.36,AUD,paypal,mobile_app,completed
TXN20260102000970,2026-01-02 20:31:33,2015,108,,1,13.12,5.5,0.21,13.12,10.36,4.86,AUD,debit_card,mobile_app,completed
TXN20260102000971,2026-01-02 20:32:10,1797,135,,1,141.91,90.68,0.16,141.91,119.2,28.52,AUD,debit_card,mobile_app,completed
TXN20260102000972,2026-01-02 20:32:47,1942,83,,2,271.39,135.83,0.2,542.78,434.22,162.56,AUD,credit_card,mobile_app,completed
TXN20260102000973,2026-01-02 20:33:01,1296,158,5007,4,101.24,48.34,0.2,404.96,323.97,130.61,AUD,paypal,mobile_app,refunded
TXN20260102000974,2026-01-02 20:34:05,1243,370,,5,292.21,138.01,0.25,1461.05,1095.79,405.74,AUD,credit_card,web,completed
TXN20260102000975,2026-01-02 20:34:29,1013,214,,2,133.32,71.17,0.02,266.64,261.31,118.97,AUD,debit_card,marketplace,completed
TXN20260102000976,2026-01-02 20:35:19,1282,217,,1,105.58,80.07,0.01,105.58,104.52,24.45,AUD,paypal,web,completed
TXN20260102000977,2026-01-02 20:38:08,1872,197,5014,3,161.84,90.95,0.17,485.52,402.98,130.13,AUD,credit_card,marketplace,completed
TXN20260102000978,2026-01-02 20:38:51,1474,41,,4,241.85,106.29,0.23,967.4,744.9,319.74,AUD,credit_card,web,completed
TXN20260102000979,2026-01-02 20:39:08,2192,254,,4,151.84,54.33,0.2,607.36,485.89,268.57,AUD,credit_card,web,completed
TXN20260102000980,2026-01-02 20:39:35,1936,25,,2,279.71,213.59,0.17,559.42,464.32,37.14,AUD,buy_now_pay_later,web,completed
TXN20260102000981,2026-01-02 20:41:09,1750,278,,1,60.0,45.1,0.0,60.0,60.0,14.9,AUD,credit_card,web,refunded
TXN20260102000982,2026-01-02 20:41:21,1216,87,5004,4,137.75,85.09,0.08,551.0,506.92,166.56,AUD,credit_card,web,completed
TXN20260102000983,2026-01-02 20:42:21,1748,285,,1,333.53,259.05,0.03,333.53,323.52,64.47,AUD,credit_card,marketplace,completed
TXN20260102000984,2026-01-02 20:43:56,1705,140,5013,4,98.88,53.29,0.16,395.52,332.24,119.08,AUD,paypal,mobile_app,completed
TXN20260102000985,2026-01-02 20:44:08,1692,271,5013,1,132.74,79.27,0.14,132.74,114.16,34.89,AUD,credit_card,web,cancelled
TXN20260102000986,2026-01-02 20:45:30,1670,334,5013,3,100.25,73.46,0.14,300.75,258.64,38.26,AUD,credit_card,mobile_app,completed
TXN20260102000987,2026-01-02 20:45:38,1962,277,,3,470.57,189.97,0.2,1411.71,1129.37,559.46,AUD,paypal,marketplace,refunded
TXN20260102000988,2026-01-02 20:45:43,1015,216,,2,6.49,3.62,0.12,12.98,11.42,4.18,AUD,credit_card,mobile_app,refunded
TXN20260102000989,2026-01-02 20:45:50,1861,150,,1,205.86,111.18,0.12,205.86,181.16,69.98,AUD,paypal,web,completed
TXN20260102000990,2026-01-02 20:47:26,1164,301,5003,3,288.28,108.1,0.02,864.84,847.54,523.24,AUD,debit_card,mobile_app,completed
TXN20260102000991,2026-01-02 20:50:31,1045,264,5009,3,82.43,34.18,0.03,247.29,239.87,137.33,AUD,debit_card,web,completed
TXN20260102000992,2026-01-02 20:50:34,1174,281,,1,206.68,92.2,0.03,206.68,200.48,108.28,AUD,buy_now_pay_later,mobile_app,completed
TXN20260102000993,2026-01-02 20:52:20,1546,75,,1,200.92,131.5,0.21,200.92,158.73,27.23,AUD,buy_now_pay_later,mobile_app,completed
TXN20260102000994,2026-01-02 20:52:25,2117,170,,1,68.81,27.57,0.07,68.81,63.99,36.42,AUD,credit_card,marketplace,completed
TXN20260102000995,2026-01-02 20:53:44,1957,31,5018,2,125.26,43.94,0.04,250.52,240.5,152.62,AUD,buy_now_pay_later,mobile_app,completed
TXN20260102000996,2026-01-02 20:54:46,1271,203,,3,5.97,4.17,0.21,17.91,14.15,1.64,AUD,credit_card,in_store,completed
TXN20260102000997,2026-01-02 20:55:22,1541,131,5002,4,93.36,56.38,0.07,373.44,347.3,121.78,AUD,credit_card,web,completed
TXN20260102000998,2026-01-02 20:56:00,1751,1,5007,2,367.54,272.05,0.09,735.08,668.92,124.82,AUD,credit_card,mobile_app,completed
TXN20260102000999,2026-01-02 20:57:03,1267,151,,1,36.21,16.06,0.16,36.21,30.42,14.36,AUD,paypal,phone,completed
TXN20260102001000,2026-01-02 20:57:08,2079,316,,1,109.37,70.04,0.19,109.37,88.59,18.55,AUD,credit_card,marketplace,completed
TXN20260102001001,2026-01-02 20:57:41,2137,255,5015,4,109.46,69.18,0.18,437.84,359.03,82.31,AUD,credit_card,marketplace,completed
TXN20260102001002,2026-01-02 20:58:03,1392,118,5008,2,63.49,25.23,0.05,126.98,120.63,70.17,AUD,debit_card,web,completed
TXN20260102001003,2026-01-02 20:58:58,2023,239,,4,33.36,20.5,0.09,133.44,121.43,39.43,AUD,credit_card,mobile_app,pending
TXN20260102001004,2026-01-02 20:59:04,1976,279,,3,202.1,80.17,0.09,606.3,551.73,311.22,AUD,credit_card,mobile_app,completed
TXN20260102001005,2026-01-02 20:59:08,2172,391,,3,294.69,110.36,0.07,884.07,822.19,491.11,AUD,buy_now_pay_later,web,completed
TXN20260102001006,2026-01-02 20:59:17,1760,43,,2,211.3,164.39,0.23,422.6,325.4,-3.38,AUD,credit_card,web,completed
TXN20260102001007,2026-01-02 21:00:42,1049,384,5018,1,25.19,17.92,0.03,25.19,24.43,6.51,AUD,credit_card,mobile_app,completed
TXN20260102001008,2026-01-02 21:01:24,1656,31,,2,125.26,43.94,0.11,250.52,222.96,135.08,AUD,paypal,web,completed
TXN20260102001009,2026-01-02 21:03:55,1830,31,5018,1,125.26,43.94,0.08,125.26,115.24,71.3,AUD,credit_card,mobile_app,completed
TXN20260102001010,2026-01-02 21:04:30,1106,375,,3,239.04,121.65,0.07,717.12,666.92,301.97,AUD,credit_card,web,completed
TXN20260102001011,2026-01-02 21:04:43,1664,370,,1,292.21,138.01,0.03,292.21,283.44,145.43,AUD,debit_card,web,completed
TXN20260102001012,2026-01-02 21:06:37,1497,71,,5,451.62,218.09,0.09,2258.1,2054.87,964.42,AUD,credit_card,web,completed
TXN20260102001013,2026-01-02 21:07:07,1594,135,,3,141.91,90.68,0.07,425.73,395.93,123.89,AUD,paypal,web,completed
TXN20260102001014,2026-01-02 21:07:32,1516,25,,4,279.71,213.59,0.25,1118.84,839.13,-15.23,AUD,credit_card,in_store,completed
TXN20260102001015,2026-01-02 21:07:51,1133,167,,3,176.55,75.21,0.02,529.65,519.06,293.43,AUD,credit_card,marketplace,completed
TXN20260102001016,2026-01-02 21:09:18,1212,73,,2,97.62,68.56,0.07,195.24,181.57,44.45,AUD,bank_transfer,marketplace,completed
TXN20260102001017,2026-01-02 21:10:03,1254,327,,1,27.46,12.97,0.19,27.46,22.24,9.27,AUD,credit_card,web,completed
TXN20260102001018,2026-01-02 21:12:46,2161,124,,2,396.85,254.98,0.02,793.7,777.83,267.87,AUD,debit_card,mobile_app,cancelled
TXN20260102001019,2026-01-02 21:15:03,1010,93,,2,325.04,177.67,0.1,650.08,585.07,229.73,AUD,buy_now_pay_later,mobile_app,completed
TXN20260102001020,2026-01-02 21:16:18,2151,162,,1,102.25,40.84,0.03,102.25,99.18,58.34,AUD,credit_card,mobile_app,completed
TXN20260102001021,2026-01-02 21:16:23,1452,34,,5,250.91,140.28,0.27,1254.55,915.82,214.42,AUD,paypal,web,completed
TXN20260102001022,2026-01-02 21:16:24,1996,207,5002,1,174.77,73.18,0.02,174.77,171.27,98.09,AUD,debit_card,web,completed
TXN20260102001023,2026-01-02 21:16:33,1868,67,5018,3,164.66,66.92,0.17,493.98,410.0,209.24,AUD,bank_transfer,web,completed
TXN20260102001024,2026-01-02 21:17:00,2034,357,,3,49.08,20.39,0.09,147.24,133.99,72.82,AUD,debit_card,mobile_app,completed
TXN20260102001025,2026-01-02 21:18:02,2130,96,5018,1,143.85,89.79,0.11,143.85,128.03,38.24,AUD,paypal,mobile_app,completed
TXN20260102001026,2026-01-02 21:18:24,2118,247,5004,5,32.77,14.35,0.04,163.85,157.3,85.55,AUD,credit_card,mobile_app,completed
TXN20260102001027,2026-01-02 21:21:57,1862,315,,1,85.51,53.68,0.15,85.51,72.68,19.0,AUD,credit_card,in_store,completed
TXN20260102001028,2026-01-02 21:23:37,1039,365,5005,1,229.11,163.97,0.05,229.11,217.65,53.68,AUD,debit_card,web,completed
TXN20260102001029,2026-01-02 21:23:41,1584,184,,1,24.72,17.45,0.02,24.72,24.23,6.78,AUD,buy_now_pay_later,mobile_app,completed
TXN20260102001030,2026-01-02 21:24:28,1518,306,,1,201.0,135.59,0.14,201.0,172.86,37.27,AUD,debit_card,web,completed
TXN20260102001031,2026-01-02 21:27:09,2044,266,,1,87.68,41.95,0.13,87.68,76.28,34.33,AUD,gift_card,mobile_app,completed
TXN20260102001032,2026-01-02 21:27:21,1413,233,5007,2,320.43,123.08,0.03,640.86,621.63,375.47,AUD,credit_card,in_store,completed
TXN20260102001033,2026-01-02 21:27:55,1082,82,5014,2,269.27,177.26,0.03,538.54,522.38,167.86,AUD,paypal,mobile_app,completed
TXN20260102001034,2026-01-02 21:28:54,1526,26,,2,76.06,28.87,0.14,152.12,130.82,73.08,AUD,buy_now_pay_later,mobile_app,completed
TXN20260102001035,2026-01-02 21:28:56,1479,84,,3,131.95,75.26,0.2,395.85,316.68,90.9,AUD,credit_card,mobile_app,completed
TXN20260102001036,2026-01-02 21:30:14,2099,345,5007,4,301.49,218.7,0.06,1205.96,1133.6,258.8,AUD,debit_card,mobile_app,completed
TXN20260102001037,2026-01-02 21:30:17,1789,205,5004,4,200.88,145.96,0.17,803.52,666.92,83.08,AUD,credit_card,web,completed
TXN20260102001038,2026-01-02 21:31:17,1929,269,,2,129.92,57.09,0.14,259.84,223.46,109.28,AUD,credit_card,web,completed
TXN20260102001039,2026-01-02 21:31:22,1129,376,5007,1,227.27,124.66,0.06,227.27,213.63,88.97,AUD,credit_card,mobile_app,completed
TXN20260102001040,2026-01-02 21:31:59,1650,262,,1,30.32,15.63,0.08,30.32,27.89,12.26,AUD,credit_card,mobile_app,completed
TXN20260102001041,2026-01-02 21:32:29,2117,8,5007,2,65.06,29.43,0.12,130.12,114.51,55.65,AUD,buy_now_pay_later,web,completed
TXN20260102001042,2026-01-02 21:33:01,1057,217,,5,105.58,80.07,0.06,527.9,496.23,95.88,AUD,buy_now_pay_later,web,completed
TXN20260102001043,2026-01-02 21:33:47,1202,149,,2,221.16,142.36,0.2,442.32,353.86,69.14,AUD,debit_card,web,completed
TXN20260102001044,2026-01-02 21:34:40,1725,389,,4,275.99,150.66,0.15,1103.96,938.37,335.73,AUD,credit_card,web,completed
TXN20260102001045,2026-01-02 21:34:53,1580,121,,5,18.5,12.03,0.04,92.5,88.8,28.65,AUD,credit_card,web,completed
TXN20260102001046,2026-01-02 21:37:15,1949,253,5003,1,39.46,26.36,0.02,39.46,38.67,12.31,AUD,debit_card,in_store,completed
TXN20260102001047,2026-01-02 21:38:22,1831,212,,1,172.34,98.73,0.1,172.34,155.11,56.38,AUD,credit_card,mobile_app,completed
TXN20260102001048,2026-01-02 21:38:43,1035,225,5014,2,310.73,232.58,0.25,621.46,466.1,0.94,AUD,paypal,mobile_app,completed
TXN20260102001049,2026-01-02 21:38:43,1383,385,,2,111.79,81.72,0.02,223.58,219.11,55.67,AUD,credit_card,mobile_app,completed
TXN20260102001050,2026-01-02 21:39:18,1375,398,,4,94.81,37.08,0.21,379.24,299.6,151.28,AUD,credit_card,marketplace,completed
TXN20260102001051,2026-01-02 21:39:28,1857,310,,2,109.6,62.46,0.02,219.2,214.82,89.9,AUD,credit_card,marketplace,completed
TXN20260102001052,2026-01-02 21:40:20,1958,45,5008,2,127.42,77.89,0.08,254.84,234.45,78.67,AUD,bank_transfer,in_store,completed
TXN20260102001053,2026-01-02 21:40:20,1377,271,,4,132.74,79.27,0.09,530.96,483.17,166.09,AUD,paypal,web,completed
TXN20260102001054,2026-01-02 21:41:21,1993,78,5010,1,128.52,52.69,0.17,128.52,106.67,53.98,AUD,debit_card,mobile_app,completed
TXN20260102001055,2026-01-02 21:42:02,1104,20,,3,230.82,128.98,0.04,692.46,664.76,277.82,AUD,buy_now_pay_later,marketplace,completed
TXN20260102001056,2026-01-02 21:42:24,1882,195,,4,142.11,62.0,0.08,568.44,522.96,274.96,AUD,debit_card,web,completed
TXN20260102001057,2026-01-02 21:42:30,1522,241,5005,1,242.09,167.24,0.12,242.09,213.04,45.8,AUD,credit_card,mobile_app,completed
TXN20260102001058,2026-01-02 21:43:26,1538,91,5003,4,229.04,125.54,0.07,916.16,852.03,349.87,AUD,credit_card,web,completed
TXN20260102001059,2026-01-02 21:43:55,2070,290,,3,37.46,23.23,0.07,112.38,104.51,34.82,AUD,credit_card,mobile_app,completed
TXN20260102001060,2026-01-02 21:44:35,1564,276,,3,260.47,124.27,0.18,781.41,640.76,267.95,AUD,debit_card,web,completed
TXN20260102001061,2026-01-02 21:45:08,1584,362,5008,1,10.4,7.12,0.01,10.4,10.3,3.18,AUD,credit_card,mobile_app,completed
TXN20260102001062,2026-01-02 21:45:22,2051,1,,1,367.54,272.05,0.03,367.54,356.51,84.46,AUD,buy_now_pay_later,mobile_app,completed
TXN20260102001063,2026-01-02 21:45:34,1998,208,5008,2,165.3,68.58,0.03,330.6,320.68,183.52,AUD,debit_card,web,completed
TXN20260102001064,2026-01-02 21:45:36,2003,289,,1,135.78,64.29,0.01,135.78,134.42,70.13,AUD,credit_card,web,completed
TXN20260102001065,2026-01-02 21:45:39,2060,71,,2,451.62,218.09,0.13,903.24,785.82,349.64,AUD,credit_card,phone,completed
TXN20260102001066,2026-01-02 21:46:56,1077,63,5006,1,137.14,59.24,0.03,137.14,133.03,73.79,AUD,paypal,web,completed
TXN20260102001067,2026-01-02 21:47:33,1735,84,5013,4,131.95,75.26,0.01,527.8,522.52,221.48,AUD,credit_card,web,refunded
TXN20260102001068,2026-01-02 21:50:33,1766,283,,2,155.88,105.7,0.17,311.76,258.76,47.36,AUD,buy_now_pay_later,web,refunded
TXN20260102001069,2026-01-02 21:51:20,1855,27,,4,172.81,116.75,0.04,691.24,663.59,196.59,AUD,credit_card,marketplace,completed
TXN20260102001070,2026-01-02 21:51:25,1225,343,,2,32.63,13.17,0.21,65.26,51.56,25.22,AUD,debit_card,mobile_app,cancelled
TXN20260102001071,2026-01-02 21:51:52,1019,119,,1,26.62,12.14,0.08,26.62,24.49,12.35,AUD,debit_card,in_store,completed
TXN20260102001072,2026-01-02 21:52:20,1708,387,5009,1,113.54,61.9,0.08,113.54,104.46,42.56,AUD,credit_card,in_store,completed
TXN20260102001073,2026-01-02 21:52:48,2097,353,,4,53.63,27.2,0.06,214.52,201.65,92.85,AUD,credit_card,web,completed
TXN20260102001074,2026-01-02 21:54:17,1565,209,,1,16.17,12.13,0.18,16.17,13.26,1.13,AUD,bank_transfer,mobile_app,refunded
TXN20260102001075,2026-01-02 21:54:56,1731,262,5002,1,30.32,15.63,0.04,30.32,29.11,13.48,AUD,paypal,mobile_app,completed
TXN20260102001076,2026-01-02 21:55:23,1812,256,,1,65.44,43.78,0.19,65.44,53.01,9.23,AUD,credit_card,web,completed
TXN20260102001077,2026-01-02 21:55:38,1623,353,,6,53.63,27.2,0.23,321.78,247.77,84.57,AUD,debit_card,web,completed
TXN20260102001078,2026-01-02 21:55:41,1600,286,,1,226.6,96.42,0.13,226.6,197.14,100.72,AUD,paypal,web,completed
TXN20260102001079,2026-01-02 21:56:10,1649,218,,3,150.35,81.79,0.0,451.05,451.05,205.68,AUD,bank_transfer,web,completed
TXN20260102001080,2026-01-02 21:58:11,1709,175,,3,176.68,90.48,0.1,530.04,477.04,205.6,AUD,credit_card,marketplace,completed
TXN20260102001081,2026-01-02 21:58:38,1992,10,,3,246.81,139.27,0.15,740.43,629.37,211.56,AUD,credit_card,web,completed
TXN20260102001082,2026-01-02 21:58:48,1590,194,,1,45.96,33.9,0.15,45.96,39.07,5.17,AUD,debit_card,marketplace,completed
TXN20260102001083,2026-01-02 21:59:25,1805,24,,3,201.95,77.39,0.13,605.85,527.09,294.92,AUD,credit_card,mobile_app,completed
TXN20260102001084,2026-01-02 22:01:05,1438,352,,2,241.96,137.89,0.01,483.92,479.08,203.3,AUD,credit_card,mobile_app,completed
TXN20260102001085,2026-01-02 22:01:20,1021,339,5015,1,232.73,135.01,0.14,232.73,200.15,65.14,AUD,credit_card,web,completed
TXN20260102001086,2026-01-02 22:02:46,1278,346,5005,3,337.76,248.46,0.03,1013.28,982.88,237.5,AUD,credit_card,mobile_app,refunded
TXN20260102001087,2026-01-02 22:03:17,1364,294,,5,25.75,16.01,0.08,128.75,118.45,38.4,AUD,credit_card,web,completed
TXN20260102001088,2026-01-02 22:03:49,1607,22,,4,239.15,141.03,0.15,956.6,813.11,248.99,AUD,credit_card,mobile_app,completed
TXN20260102001089,2026-01-02 22:04:11,1181,303,,5,5.2,2.83,0.02,26.0,25.48,11.33,AUD,credit_card,in_store,completed
TXN20260102001090,2026-01-02 22:04:23,1870,165,5010,5,198.75,72.56,0.24,993.75,755.25,392.45,AUD,credit_card,web,completed
TXN20260102001091,2026-01-02 22:04:54,1262,191,,1,265.41,112.45,0.23,265.41,204.37,91.92,AUD,credit_card,web,completed
TXN20260102001092,2026-01-02 22:04:55,1109,77,5008,4,288.19,141.16,0.09,1152.76,1049.01,484.37,AUD,debit_card,marketplace,completed
TXN20260102001093,2026-01-02 22:06:06,1904,118,5017,3,63.49,25.23,0.26,190.47,140.95,65.26,AUD,bank_transfer,mobile_app,completed
TXN20260102001094,2026-01-02 22:08:17,1791,272,,3,48.63,25.3,0.01,145.89,144.43,68.53,AUD,paypal,mobile_app,completed
TXN20260102001095,2026-01-02 22:10:03,1008,137,5012,2,230.43,174.09,0.08,460.86,423.99,75.81,AUD,buy_now_pay_later,marketplace,completed
TXN20260102001096,2026-01-02 22:11:23,1829,65,,3,253.83,167.53,0.25,761.49,571.12,68.53,AUD,credit_card,web,completed
TXN20260102001097,2026-01-02 22:11:44,2074,55,,1,51.38,24.77,0.19,51.38,41.62,16.85,AUD,paypal,web,completed
TXN20260102001098,2026-01-02 22:13:42,1033,108,,1,13.12,5.5,0.19,13.12,10.63,5.13,AUD,debit_card,web,completed
TXN20260102001099,2026-01-02 22:13:55,1440,259,5013,3,243.76,167.05,0.02,731.28,716.65,215.5,AUD,gift_card,web,completed
TXN20260102001100,2026-01-02 22:15:28,1810,254,,4,151.84,54.33,0.09,607.36,552.7,335.38,AUD,buy_now_pay_later,web,completed
TXN20260102001101,2026-01-02 22:16:17,1337,236,5002,3,7.93,6.02,0.25,23.79,17.84,-0.22,AUD,buy_now_pay_later,web,completed
TXN20260102001102,2026-01-02 22:16:22,1502,238,,5,356.39,213.37,0.06,1781.95,1675.03,608.18,AUD,debit_card,web,completed
TXN20260102001103,2026-01-02 22:17:06,1461,174,,2,56.31,22.6,0.02,112.62,110.37,65.17,AUD,debit_card,web,completed
TXN20260102001104,2026-01-02 22:17:58,1798,220,5004,5,80.96,29.21,0.14,404.8,348.13,202.08,AUD,credit_card,web,completed
TXN20260102001105,2026-01-02 22:18:40,1484,44,5009,2,236.02,141.49,0.06,472.04,443.72,160.74,AUD,buy_now_pay_later,web,completed
TXN20260102001106,2026-01-02 22:18:59,1050,210,,1,210.36,163.77,0.07,210.36,195.63,31.86,AUD,credit_card,web,completed
TXN20260102001107,2026-01-02 22:19:16,1977,211,,1,125.27,94.18,0.17,125.27,103.97,9.79,AUD,credit_card,mobile_app,completed
TXN20260102001108,2026-01-02 22:19:25,2031,146,,3,182.6,76.84,0.06,547.8,514.93,284.41,AUD,debit_card,marketplace,completed
TXN20260102001109,2026-01-02 22:20:23,1330,31,,2,125.26,43.94,0.07,250.52,232.98,145.1,AUD,credit_card,web,completed
TXN20260102001110,2026-01-02 22:20:23,1368,304,,3,87.75,49.18,0.26,263.25,194.81,47.27,AUD,debit_card,web,completed
TXN20260102001111,2026-01-02 22:21:00,1324,183,5007,4,56.96,21.65,0.16,227.84,191.39,104.79,AUD,credit_card,web,completed
TXN20260102001112,2026-01-02 22:21:31,1845,80,5009,1,279.86,155.8,0.16,279.86,235.08,79.28,AUD,credit_card,web,completed
TXN20260102001113,2026-01-02 22:21:35,1194,63,,4,137.14,59.24,0.02,548.56,537.59,300.63,AUD,paypal,web,completed
TXN20260102001114,2026-01-02 22:22:20,1805,239,5009,3,33.36,20.5,0.18,100.08,82.07,20.57,AUD,credit_card,mobile_app,completed
TXN20260102001115,2026-01-02 22:22:24,2160,148,,5,64.17,49.35,0.13,320.85,279.14,32.39,AUD,credit_card,in_store,completed
TXN20260102001116,2026-01-02 22:22:32,1971,338,,1,454.19,219.15,0.02,454.19,445.11,225.96,AUD,bank_transfer,web,completed
TXN20260102001117,2026-01-02 22:23:00,1438,160,,2,132.52,86.58,0.17,265.04,219.98,46.82,AUD,debit_card,mobile_app,completed
TXN20260102001118,2026-01-02 22:23:17,2121,85,,3,173.56,99.76,0.28,520.68,374.89,75.61,AUD,paypal,web,completed
TXN20260102001119,2026-01-02 22:24:40,1259,400,5008,4,83.09,58.62,0.09,332.36,302.45,67.97,AUD,credit_card,web,completed
TXN20260102001120,2026-01-02 22:24:49,1566,169,,1,175.58,82.15,0.12,175.58,154.51,72.36,AUD,credit_card,mobile_app,completed
TXN20260102001121,2026-01-02 22:25:18,1051,152,,4,18.61,8.27,0.04,74.44,71.46,38.38,AUD,debit_card,mobile_app,completed
TXN20260102001122,2026-01-02 22:26:01,1569,204,,2,256.41,190.36,0.01,512.82,507.69,126.97,AUD,credit_card,mobile_app,completed
TXN20260102001123,2026-01-02 22:26:20,1484,183,,2,56.96,21.65,0.09,113.92,103.67,60.37,AUD,credit_card,mobile_app,completed
TXN20260102001124,2026-01-02 22:26:34,2134,267,,3,13.67,9.81,0.23,41.01,31.58,2.15,AUD,credit_card,web,completed
TXN20260102001125,2026-01-02 22:28:21,1523,198,5014,3,311.79,188.7,0.06,935.37,879.25,313.15,AUD,paypal,mobile_app,completed
TXN20260102001126,2026-01-02 22:30:05,1658,241,,2,242.09,167.24,0.13,484.18,421.24,86.76,AUD,credit_card,web,completed
TXN20260102001127,2026-01-02 22:31:16,2099,33,,2,120.22,59.38,0.09,240.44,218.8,100.04,AUD,credit_card,mobile_app,completed
TXN20260102001128,2026-01-02 22:31:35,1478,361,,4,172.83,61.35,0.04,691.32,663.67,418.27,AUD,paypal,mobile_app,completed
TXN20260102001129,2026-01-02 22:31:50,1977,227,5013,2,46.57,24.42,0.03,93.14,90.35,41.51,AUD,credit_card,mobile_app,completed
TXN20260102001130,2026-01-02 22:32:10,1732,138,,1,132.98,57.54,0.03,132.98,128.99,71.45,AUD,credit_card,web,completed
TXN20260102001131,2026-01-02 22:32:47,1514,316,,5,109.37,70.04,0.19,546.85,442.95,92.75,AUD,credit_card,mobile_app,completed
TXN20260102001132,2026-01-02 22:32:57,1076,288,,4,349.87,265.76,0.13,1399.48,1217.55,154.51,AUD,paypal,mobile_app,completed
TXN20260102001133,2026-01-02 22:33:35,1897,227,,4,46.57,24.42,0.22,186.28,145.3,47.62,AUD,credit_card,web,completed
TXN20260102001134,2026-01-02 22:33:59,1341,334,,2,100.25,73.46,0.22,200.5,156.39,9.47,AUD,debit_card,mobile_app,completed
TXN20260102001135,2026-01-02 22:34:15,1826,392,5005,1,197.73,138.04,0.08,197.73,181.91,43.87,AUD,paypal,web,completed
TXN20260102001136,2026-01-02 22:36:10,1075,65,,5,253.83,167.53,0.07,1269.15,1180.31,342.66,AUD,credit_card,web,completed
TXN20260102001137,2026-01-02 22:36:13,1422,394,,1,26.27,10.02,0.02,26.27,25.74,15.72,AUD,credit_card,phone,completed
TXN20260102001138,2026-01-02 22:36:42,1464,144,,5,19.12,6.9,0.06,95.6,89.86,55.36,AUD,debit_card,web,completed
TXN20260102001139,2026-01-02 22:37:22,1857,138,,1,132.98,57.54,0.07,132.98,123.67,66.13,AUD,gift_card,web,completed
TXN20260102001140,2026-01-02 22:37:45,1652,220,,1,80.96,29.21,0.24,80.96,61.53,32.32,AUD,debit_card,web,completed
TXN20260102001141,2026-01-02 22:38:33,2083,255,,1,109.46,69.18,0.06,109.46,102.89,33.71,AUD,credit_card,web,completed
TXN20260102001142,2026-01-02 22:38:43,1040,239,5010,3,33.36,20.5,0.08,100.08,92.07,30.57,AUD,debit_card,web,completed
TXN20260102001143,2026-01-02 22:40:05,2095,262,,2,30.32,15.63,0.0,60.64,60.64,29.38,AUD,paypal,web,completed
TXN20260102001144,2026-01-02 22:41:19,2027,90,5005,2,65.94,42.23,0.04,131.88,126.6,42.14,AUD,debit_card,mobile_app,completed
TXN20260102001145,2026-01-02 22:41:37,1125,387,,2,113.54,61.9,0.04,227.08,218.0,94.2,AUD,credit_card,mobile_app,completed
TXN20260102001146,2026-01-02 22:41:51,1692,78,5002,4,128.52,52.69,0.14,514.08,442.11,231.35,AUD,credit_card,mobile_app,completed
TXN20260102001147,2026-01-02 22:42:35,1286,63,,4,137.14,59.24,0.01,548.56,543.07,306.11,AUD,credit_card,mobile_app,cancelled
TXN20260102001148,2026-01-02 22:43:17,2196,208,,2,165.3,68.58,0.1,330.6,297.54,160.38,AUD,debit_card,web,completed
TXN20260102001149,2026-01-02 22:43:39,1486,114,,1,311.7,127.05,0.03,311.7,302.35,175.3,AUD,buy_now_pay_later,web,completed
TXN20260102001150,2026-01-02 22:46:53,1949,180,,4,233.35,116.35,0.2,933.4,746.72,281.32,AUD,credit_card,web,completed
TXN20260102001151,2026-01-02 22:49:16,1158,331,5003,5,188.98,138.35,0.07,944.9,878.76,187.01,AUD,paypal,web,completed
TXN20260102001152,2026-01-02 22:49:45,1320,266,,6,87.68,41.95,0.07,526.08,489.25,237.55,AUD,credit_card,marketplace,completed
TXN20260102001153,2026-01-02 22:50:05,1823,190,5018,2,91.92,61.15,0.18,183.84,150.75,28.45,AUD,buy_now_pay_later,mobile_app,completed
TXN20260102001154,2026-01-02 22:50:13,1528,312,,4,142.79,97.05,0.09,571.16,519.76,131.56,AUD,credit_card,web,completed
TXN20260102001155,2026-01-02 22:51:05,2183,68,,1,197.74,154.22,0.17,197.74,164.12,9.9,AUD,paypal,mobile_app,pending
TXN20260102001156,2026-01-02 22:52:02,1965,152,,2,18.61,8.27,0.01,37.22,36.85,20.31,AUD,debit_card,mobile_app,completed
TXN20260102001157,2026-01-02 22:52:55,1226,42,,1,64.61,39.72,0.09,64.61,58.8,19.08,AUD,paypal,web,completed
TXN20260102001158,2026-01-02 22:53:33,1833,226,,3,224.08,91.6,0.08,672.24,618.46,343.66,AUD,credit_card,web,completed
TXN20260102001159,2026-01-02 22:53:55,1608,193,5017,1,368.81,195.25,0.11,368.81,328.24,132.99,AUD,credit_card,mobile_app,pending
TXN20260102001160,2026-01-02 22:54:29,1749,112,5014,2,121.28,51.75,0.07,242.56,225.58,122.08,AUD,debit_card,web,completed
TXN20260102001161,2026-01-02 22:55:08,1073,207,5010,4,174.77,73.18,0.07,699.08,650.14,357.42,AUD,buy_now_pay_later,web,completed
TXN20260102001162,2026-01-02 22:55:24,1500,190,5017,1,91.92,61.15,0.21,91.92,72.62,11.47,AUD,credit_card,web,completed
TXN20260102001163,2026-01-02 22:55:34,2004,3,5015,1,142.91,77.99,0.11,142.91,127.19,49.2,AUD,paypal,web,completed
TXN20260102001164,2026-01-02 22:57:44,1044,339,5002,1,232.73,135.01,0.0,232.73,232.73,97.72,AUD,debit_card,mobile_app,completed
TXN20260102001165,2026-01-02 22:57:59,1916,85,5012,1,173.56,99.76,0.08,173.56,159.68,59.92,AUD,debit_card,mobile_app,completed
TXN20260102001166,2026-01-02 22:59:55,1095,81,,1,133.11,71.55,0.24,133.11,101.16,29.61,AUD,debit_card,marketplace,completed
TXN20260102001167,2026-01-02 23:01:08,1095,130,,3,18.48,10.08,0.04,55.44,53.22,22.98,AUD,credit_card,mobile_app,completed
TXN20260102001168,2026-01-02 23:06:53,1476,388,5018,4,178.72,91.5,0.02,714.88,700.58,334.58,AUD,credit_card,mobile_app,completed
TXN20260102001169,2026-01-02 23:11:23,1574,115,5009,3,166.75,108.87,0.05,500.25,475.24,148.63,AUD,credit_card,mobile_app,completed
TXN20260102001170,2026-01-02 23:14:17,1866,39,,1,153.21,59.61,0.12,153.21,134.82,75.21,AUD,credit_card,mobile_app,refunded
TXN20260102001171,2026-01-02 23:14:17,1896,79,5006,1,139.3,69.25,0.13,139.3,121.19,51.94,AUD,credit_card,mobile_app,completed
TXN20260102001172,2026-01-02 23:17:05,1903,109,,1,156.65,98.49,0.1,156.65,140.99,42.5,AUD,paypal,mobile_app,completed
TXN20260102001173,2026-01-02 23:17:08,1052,26,5009,4,76.06,28.87,0.1,304.24,273.82,158.34,AUD,paypal,web,completed
TXN20260102001174,2026-01-02 23:17:43,1965,371,,2,279.28,128.3,0.1,558.56,502.7,246.1,AUD,credit_card,web,completed
TXN20260102001175,2026-01-02 23:22:02,1108,59,5015,1,66.9,33.14,0.16,66.9,56.2,23.06,AUD,credit_card,web,completed
TXN20260102001176,2026-01-02 23:25:15,1203,280,5017,3,235.41,129.45,0.0,706.23,706.23,317.88,AUD,buy_now_pay_later,web,completed
TXN20260102001177,2026-01-02 23:25:45,1705,208,5002,5,165.3,68.58,0.08,826.5,760.38,417.48,AUD,debit_card,mobile_app,completed
TXN20260102001178,2026-01-02 23:26:41,1015,341,,3,329.88,115.66,0.16,989.64,831.3,484.32,AUD,credit_card,web,refunded
TXN20260102001179,2026-01-02 23:33:35,1095,243,5008,1,6.18,2.24,0.01,6.18,6.12,3.88,AUD,credit_card,mobile_app,completed
TXN20260102001180,2026-01-02 23:39:35,1487,29,,5,157.08,114.81,0.12,785.4,691.15,117.1,AUD,credit_card,web,completed
TXN20260102001181,2026-01-02 23:41:26,1054,246,5006,1,334.95,216.34,0.15,334.95,284.71,68.37,AUD,bank_transfer,web,completed
TXN20260102001182,2026-01-02 23:43:57,1638,187,5003,6,18.28,11.11,0.05,109.68,104.2,37.54,AUD,buy_now_pay_later,mobile_app,completed
TXN20260102001183,2026-01-02 23:44:48,1702,218,,3,150.35,81.79,0.04,451.05,433.01,187.64,AUD,buy_now_pay_later,web,completed
TXN20260102001184,2026-01-02 23:45:35,1673,184,5007,5,24.72,17.45,0.01,123.6,122.36,35.11,AUD,paypal,web,completed
TXN20260102001185,2026-01-02 23:47:17,1835,10,,3,246.81,139.27,0.05,740.43,703.41,285.6,AUD,paypal,web,completed
TXN20260102001186,2026-01-02 23:49:00,2145,8,,4,65.06,29.43,0.03,260.24,252.43,134.71,AUD,bank_transfer,mobile_app,completed
TXN20260102001187,2026-01-02 23:51:16,1141,120,,2,231.92,128.02,0.12,463.84,408.18,152.14,AUD,bank_transfer,mobile_app,completed
TXN20260102001188,2026-01-02 23:51:51,1527,259,,1,243.76,167.05,0.16,243.76,204.76,37.71,AUD,credit_card,mobile_app,completed
TXN20260102001189,2026-01-02 23:51:54,1809,304,,1,87.75,49.18,0.03,87.75,85.12,35.94,AUD,credit_card,web,completed
TXN20260102001190,2026-01-02 23:57:11,1114,9,,1,470.11,214.65,0.14,470.11,404.29,189.64,AUD,buy_now_pay_later,web,completed
