transaction_id,event_ts,customer_id,product_id,campaign_id,quantity,unit_price,unit_cost,discount_pct,gross_amount,net_amount,margin_amount,currency,payment_method,channel,status
TXN20260103000001,2026-01-03 00:01:05,1579,300,,2,134.02,50.66,0.02,268.04,262.68,161.36,AUD,paypal,web,cancelled
TXN20260103000002,2026-01-03 00:01:51,1852,329,5018,2,58.04,30.71,0.04,116.08,111.44,50.02,AUD,credit_card,web,completed
TXN20260103000003,2026-01-03 00:02:16,1539,85,,1,173.56,99.76,0.13,173.56,151.0,51.24,AUD,buy_now_pay_later,web,completed
TXN20260103000004,2026-01-03 00:02:20,1270,363,,1,161.87,102.03,0.16,161.87,135.97,33.94,AUD,credit_card,mobile_app,completed
TXN20260103000005,2026-01-03 00:02:59,1902,131,,5,93.36,56.38,0.02,466.8,457.46,175.56,AUD,debit_card,mobile_app,completed
TXN20260103000006,2026-01-03 00:04:47,1761,238,,2,356.39,213.37,0.02,712.78,698.52,271.78,AUD,buy_now_pay_later,in_store,completed
TXN20260103000007,2026-01-03 00:04:58,1038,329,5014,3,58.04,30.71,0.01,174.12,172.38,80.25,AUD,debit_card,web,completed
TXN20260103000008,2026-01-03 00:05:16,1002,82,,1,269.27,177.26,0.06,269.27,253.11,75.85,AUD,credit_card,mobile_app,cancelled
TXN20260103000009,2026-01-03 00:05:22,1956,336,,2,250.44,165.04,0.13,500.88,435.77,105.69,AUD,debit_card,web,completed
TXN20260103000010,2026-01-03 00:05:40,1764,225,,5,310.73,232.58,0.11,1553.65,1382.75,219.85,AUD,credit_card,marketplace,completed
TXN20260103000011,2026-01-03 00:07:26,1386,214,5004,1,133.32,71.17,0.12,133.32,117.32,46.15,AUD,debit_card,web,completed
TXN20260103000012,2026-01-03 00:08:17,1206,72,,2,333.42,149.31,0.05,666.84,633.5,334.88,AUD,buy_now_pay_later,web,completed
TXN20260103000013,2026-01-03 00:11:08,1258,394,,2,26.27,10.02,0.27,52.54,38.35,18.31,AUD,buy_now_pay_later,mobile_app,completed
TXN20260103000014,2026-01-03 00:11:18,2183,257,,1,452.64,204.1,0.15,452.64,384.74,180.64,AUD,credit_card,mobile_app,completed
TXN20260103000015,2026-01-03 00:12:35,1562,191,5008,4,265.41,112.45,0.13,1061.64,923.63,473.83,AUD,bank_transfer,web,completed
TXN20260103000016,2026-01-03 00:12:41,1354,150,,2,205.86,111.18,0.1,411.72,370.55,148.19,AUD,debit_card,web,completed
TXN20260103000017,2026-01-03 00:13:13,1629,231,,2,114.93,83.66,0.0,229.86,229.86,62.54,AUD,credit_card,web,completed
TXN20260103000018,2026-01-03 00:16:35,1263,168,5013,2,356.7,253.22,0.15,713.4,606.39,99.95,AUD,buy_now_pay_later,mobile_app,refunded
TXN20260103000019,2026-01-03 00:17:16,1924,339,,1,232.73,135.01,0.11,232.73,207.13,72.12,AUD,credit_card,web,completed
TXN20260103000020,2026-01-03 00:18:47,1011,305,,1,51.53,22.19,0.03,51.53,49.98,27.79,AUD,credit_card,mobile_app,completed
TXN20260103000021,2026-01-03 00:20:29,1280,8,,4,65.06,29.43,0.1,260.24,234.22,116.5,AUD,debit_card,mobile_app,completed
TXN20260103000022,2026-01-03 00:20:32,2143,47,,1,383.34,271.98,0.07,383.34,356.51,84.53,AUD,credit_card,in_store,completed
TXN20260103000023,2026-01-03 00:20:53,1462,355,,4,211.06,93.04,0.12,844.24,742.93,370.77,AUD,credit_card,mobile_app,completed
TXN20260103000024,2026-01-03 00:21:18,1099,152,5006,1,18.61,8.27,0.17,18.61,15.45,7.18,AUD,bank_transfer,mobile_app,completed
TXN20260103000025,2026-01-03 00:22:29,1257,251,,5,245.15,169.74,0.2,1225.75,980.6,131.9,AUD,paypal,mobile_app,completed
TXN20260103000026,2026-01-03 00:23:59,1645,252,5009,4,12.21,8.71,0.1,48.84,43.96,9.12,AUD,paypal,in_store,completed
TXN20260103000027,2026-01-03 00:25:30,1727,9,5006,5,470.11,214.65,0.03,2350.55,2280.03,1206.78,AUD,bank_transfer,marketplace,completed
TXN20260103000028,2026-01-03 00:26:13,1753,86,,1,176.95,129.01,0.0,176.95,176.95,47.94,AUD,paypal,mobile_app,completed
TXN20260103000029,2026-01-03 00:26:15,1184,200,,5,8.47,4.01,0.0,42.35,42.35,22.3,AUD,paypal,phone,completed
TXN20260103000030,2026-01-03 00:29:31,1708,120,,6,231.92,128.02,0.08,1391.52,1280.2,512.08,AUD,credit_card,mobile_app,completed
TXN20260103000031,2026-01-03 00:30:58,2017,255,5018,4,109.46,69.18,0.2,437.84,350.27,73.55,AUD,credit_card,web,completed
TXN20260103000032,2026-01-03 00:34:27,1801,362,5002,2,10.4,7.12,0.2,20.8,16.64,2.4,AUD,buy_now_pay_later,in_store,completed
TXN20260103000033,2026-01-03 00:34:29,1238,61,,1,47.35,19.48,0.08,47.35,43.56,24.08,AUD,credit_card,web,refunded
TXN20260103000034,2026-01-03 00:36:20,2040,259,,5,243.76,167.05,0.13,1218.8,1060.36,225.11,AUD,credit_card,mobile_app,completed
TXN20260103000035,2026-01-03 00:37:39,1392,7,5018,2,75.68,42.79,0.17,151.36,125.63,40.05,AUD,credit_card,mobile_app,completed
TXN20260103000036,2026-01-03 00:38:51,1818,292,,2,313.29,237.82,0.15,626.58,532.59,56.95,AUD,credit_card,web,refunded
TXN20260103000037,2026-01-03 00:39:46,1334,387,,2,113.54,61.9,0.21,227.08,179.39,55.59,AUD,credit_card,mobile_app,completed
TXN20260103000038,2026-01-03 00:40:56,1396,89,,2,131.64,95.41,0.04,263.28,252.75,61.93,AUD,buy_now_pay_later,web,completed
TXN20260103000039,2026-01-03 00:45:24,1731,368,,1,77.62,57.72,0.02,77.62,76.07,18.35,AUD,paypal,web,completed
TXN20260103000040,2026-01-03 00:45:27,2199,90,,1,65.94,42.23,0.03,65.94,63.96,21.73,AUD,debit_card,web,completed
TXN20260103000041,2026-01-03 00:46:52,1201,121,5012,1,18.5,12.03,0.08,18.5,17.02,4.99,AUD,credit_card,web,completed
TXN20260103000042,2026-01-03 00:47:53,1829,205,5008,3,200.88,145.96,0.01,602.64,596.61,158.73,AUD,paypal,mobile_app,completed
TXN20260103000043,2026-01-03 00:47:54,1316,229,5016,5,23.31,18.16,0.08,116.55,107.23,16.43,AUD,gift_card,mobile_app,completed
TXN20260103000044,2026-01-03 00:47:54,1877,264,,2,82.43,34.18,0.13,164.86,143.43,75.07,AUD,credit_card,mobile_app,completed
TXN20260103000045,2026-01-03 00:49:28,1036,124,5009,1,396.85,254.98,0.14,396.85,341.29,86.31,AUD,credit_card,marketplace,refunded
TXN20260103000046,2026-01-03 00:49:59,2173,205,,1,200.88,145.96,0.11,200.88,178.78,32.82,AUD,credit_card,mobile_app,completed
TXN20260103000047,2026-01-03 00:52:52,2054,80,5007,2,200.59,111.67,0.05,401.18,381.12,157.78,AUD,buy_now_pay_later,in_store,completed
TXN20260103000048,2026-01-03 00:54:04,1853,356,,1,35.78,19.54,0.02,35.78,35.06,15.52,AUD,paypal,mobile_app,completed
TXN20260103000049,2026-01-03 00:54:28,1225,36,5016,1,95.33,67.51,0.01,95.33,94.38,26.87,AUD,paypal,mobile_app,completed
TXN20260103000050,2026-01-03 00:56:12,1469,42,,4,64.61,39.72,0.19,258.44,209.34,50.46,AUD,paypal,web,completed
TXN20260103000051,2026-01-03 00:56:34,1143,44,5012,1,236.02,141.49,0.11,236.02,210.06,68.57,AUD,buy_now_pay_later,web,completed
TXN20260103000052,2026-01-03 00:58:56,1427,143,5003,2,166.42,116.53,0.07,332.84,309.54,76.48,AUD,credit_card,web,completed
TXN20260103000053,2026-01-03 00:59:26,2139,340,,3,69.61,35.79,0.01,208.83,206.74,99.37,AUD,credit_card,marketplace,completed
TXN20260103000054,2026-01-03 00:59:28,1180,348,,2,367.68,171.93,0.09,735.36,669.18,325.32,AUD,credit_card,web,cancelled
TXN20260103000055,2026-01-03 01:00:29,1272,351,,2,410.9,255.25,0.09,821.8,747.84,237.34,AUD,paypal,mobile_app,completed
TXN20260103000056,2026-01-03 01:00:36,2032,207,,1,174.77,73.18,0.01,174.77,173.02,99.84,AUD,credit_card,mobile_app,completed
TXN20260103000057,2026-01-03 01:01:55,1238,307,5015,1,349.28,266.61,0.09,349.28,317.84,51.23,AUD,credit_card,mobile_app,completed
TXN20260103000058,2026-01-03 01:02:43,1692,158,,2,101.24,48.34,0.03,202.48,196.41,99.73,AUD,credit_card,marketplace,completed
TXN20260103000059,2026-01-03 01:02:50,1308,22,,2,239.15,141.03,0.02,478.3,468.73,186.67,AUD,bank_transfer,in_store,completed
TXN20260103000060,2026-01-03 01:05:41,2148,154,5017,1,128.25,56.51,0.03,128.25,124.4,67.89,AUD,credit_card,mobile_app,completed
TXN20260103000061,2026-01-03 01:07:22,1593,359,,1,421.42,180.37,0.16,421.42,353.99,173.62,AUD,credit_card,web,completed
TXN20260103000062,2026-01-03 01:07:47,1328,75,5007,1,200.92,131.5,0.04,200.92,192.88,61.38,AUD,debit_card,marketplace,completed
TXN20260103000063,2026-01-03 01:10:54,1698,58,,1,93.1,56.49,0.09,93.1,84.72,28.23,AUD,credit_card,web,completed
TXN20260103000064,2026-01-03 01:11:35,1271,196,5016,1,113.34,80.83,0.09,113.34,103.14,22.31,AUD,paypal,mobile_app,completed
TXN20260103000065,2026-01-03 01:13:53,1634,344,,1,24.55,10.75,0.06,24.55,23.08,12.33,AUD,credit_card,web,completed
TXN20260103000066,2026-01-03 01:15:01,1350,88,,5,104.05,41.24,0.14,520.25,447.42,241.22,AUD,credit_card,web,completed
TXN20260103000067,2026-01-03 01:15:36,2163,345,,2,301.49,218.7,0.18,602.98,494.44,57.04,AUD,buy_now_pay_later,mobile_app,completed
TXN20260103000068,2026-01-03 01:16:00,1878,400,,3,83.09,58.62,0.0,249.27,249.27,73.41,AUD,debit_card,mobile_app,completed
TXN20260103000069,2026-01-03 01:16:16,2136,70,,2,291.11,188.06,0.13,582.22,506.53,130.41,AUD,debit_card,mobile_app,completed
TXN20260103000070,2026-01-03 01:18:46,1758,327,,2,27.46,12.97,0.01,54.92,54.37,28.43,AUD,credit_card,marketplace,completed
TXN20260103000071,2026-01-03 01:19:05,2019,56,,2,221.91,135.65,0.06,443.82,417.19,145.89,AUD,credit_card,web,completed
TXN20260103000072,2026-01-03 01:19:18,1891,179,,1,197.14,84.55,0.06,197.14,185.31,100.76,AUD,paypal,mobile_app,completed
TXN20260103000073,2026-01-03 01:20:30,2141,357,,5,49.08,20.39,0.23,245.4,188.96,87.01,AUD,paypal,web,completed
TXN20260103000074,2026-01-03 01:20:34,1259,308,,3,227.37,123.17,0.19,682.11,552.51,183.0,AUD,credit_card,web,completed
TXN20260103000075,2026-01-03 01:21:52,1550,328,,1,33.71,19.15,0.08,33.71,31.01,11.86,AUD,credit_card,mobile_app,completed
TXN20260103000076,2026-01-03 01:23:36,1311,134,,1,151.77,62.1,0.25,151.77,113.83,51.73,AUD,debit_card,mobile_app,completed
TXN20260103000077,2026-01-03 01:28:12,1335,387,,4,113.54,61.9,0.12,454.16,399.66,152.06,AUD,buy_now_pay_later,mobile_app,completed
TXN20260103000078,2026-01-03 01:30:47,1046,164,,3,219.94,105.48,0.13,659.82,574.04,257.6,AUD,buy_now_pay_later,mobile_app,completed
TXN20260103000079,2026-01-03 01:31:59,1916,232,5009,5,159.76,96.34,0.06,798.8,750.87,269.17,AUD,credit_card,web,completed
TXN20260103000080,2026-01-03 01:32:12,1928,61,,1,47.35,19.48,0.07,47.35,44.04,24.56,AUD,credit_card,marketplace,completed
TXN20260103000081,2026-01-03 01:33:01,1626,22,5006,1,239.15,141.03,0.06,239.15,224.8,83.77,AUD,paypal,web,completed
TXN20260103000082,2026-01-03 01:33:05,2028,42,5008,2,64.61,39.72,0.04,129.22,124.05,44.61,AUD,debit_card,mobile_app,completed
TXN20260103000083,2026-01-03 01:33:11,1124,150,,3,205.86,111.18,0.25,617.58,463.19,129.65,AUD,buy_now_pay_later,mobile_app,completed
TXN20260103000084,2026-01-03 01:33:56,1056,261,,2,222.59,120.24,0.04,445.18,427.37,186.89,AUD,bank_transfer,web,completed
TXN20260103000085,2026-01-03 01:34:05,1803,182,,1,185.56,117.63,0.05,185.56,176.28,58.65,AUD,buy_now_pay_later,web,completed
TXN20260103000086,2026-01-03 01:34:09,1424,262,,1,30.32,15.63,0.08,30.32,27.89,12.26,AUD,paypal,mobile_app,completed
TXN20260103000087,2026-01-03 01:35:06,1614,47,5016,3,383.34,271.98,0.01,1150.02,1138.52,322.58,AUD,credit_card,marketplace,completed
TXN20260103000088,2026-01-03 01:35:27,2142,177,,1,287.87,144.14,0.27,287.87,210.15,66.01,AUD,buy_now_pay_later,mobile_app,completed
TXN20260103000089,2026-01-03 01:36:22,2071,158,5015,1,101.24,48.34,0.07,101.24,94.15,45.81,AUD,credit_card,web,completed
TXN20260103000090,2026-01-03 01:36:35,1354,164,,2,219.94,105.48,0.04,439.88,422.28,211.32,AUD,paypal,phone,completed
TXN20260103000091,2026-01-03 01:36:53,2098,191,5014,2,265.41,112.45,0.05,530.82,504.28,279.38,AUD,gift_card,mobile_app,completed
TXN20260103000092,2026-01-03 01:36:56,1716,30,5005,1,170.45,127.12,0.1,170.45,153.41,26.29,AUD,debit_card,in_store,completed
TXN20260103000093,2026-01-03 01:38:05,2037,250,,5,231.82,122.47,0.02,1159.1,1135.92,523.57,AUD,gift_card,web,completed
TXN20260103000094,2026-01-03 01:38:38,1326,381,5004,5,12.14,8.81,0.07,60.7,56.45,12.4,AUD,credit_card,in_store,completed
TXN20260103000095,2026-01-03 01:41:34,1566,116,,4,265.13,138.42,0.04,1060.52,1018.1,464.42,AUD,debit_card,web,cancelled
TXN20260103000096,2026-01-03 01:43:59,1753,221,,4,157.27,79.8,0.09,629.08,572.46,253.26,AUD,credit_card,web,completed
TXN20260103000097,2026-01-03 01:44:25,1435,390,,3,368.36,241.5,0.17,1105.08,917.22,192.72,AUD,gift_card,mobile_app,completed
TXN20260103000098,2026-01-03 01:45:17,2074,5,5008,5,69.17,48.26,0.13,345.85,300.89,59.59,AUD,buy_now_pay_later,web,completed
TXN20260103000099,2026-01-03 01:45:40,1110,230,5018,2,249.03,160.65,0.12,498.06,438.29,116.99,AUD,debit_card,mobile_app,completed
TXN20260103000100,2026-01-03 01:45:42,1331,254,5005,3,151.84,54.33,0.09,455.52,414.52,251.53,AUD,credit_card,mobile_app,completed
TXN20260103000101,2026-01-03 01:47:07,1729,373,,3,423.09,155.74,0.12,1269.27,1116.96,649.74,AUD,credit_card,web,completed
TXN20260103000102,2026-01-03 01:48:51,1610,351,5018,1,410.9,255.25,0.15,410.9,349.26,94.01,AUD,credit_card,mobile_app,completed
TXN20260103000103,2026-01-03 01:49:04,1099,368,,5,77.62,57.72,0.19,388.1,314.36,25.76,AUD,credit_card,mobile_app,cancelled
TXN20260103000104,2026-01-03 01:49:50,1835,377,,4,34.75,17.44,0.08,139.0,127.88,58.12,AUD,paypal,marketplace,completed
TXN20260103000105,2026-01-03 01:50:47,1138,275,5003,1,116.41,50.22,0.09,116.41,105.93,55.71,AUD,paypal,web,completed
TXN20260103000106,2026-01-03 01:51:01,2008,167,,2,176.55,75.21,0.06,353.1,331.91,181.49,AUD,credit_card,in_store,completed
TXN20260103000107,2026-01-03 01:52:19,1827,384,5013,4,25.19,17.92,0.05,100.76,95.72,24.04,AUD,debit_card,mobile_app,completed
TXN20260103000108,2026-01-03 01:53:25,1341,190,,4,232.96,154.99,0.15,931.84,792.06,172.1,AUD,debit_card,web,completed
TXN20260103000109,2026-01-03 01:53:50,1184,227,,3,46.57,24.42,0.19,139.71,113.17,39.91,AUD,credit_card,web,completed
TXN20260103000110,2026-01-03 01:54:40,1863,264,5009,2,82.43,34.18,0.07,164.86,153.32,84.96,AUD,paypal,web,completed
TXN20260103000111,2026-01-03 02:00:59,1767,361,,2,172.83,61.35,0.06,345.66,324.92,202.22,AUD,buy_now_pay_later,web,completed
TXN20260103000112,2026-01-03 02:02:42,1977,27,5015,1,172.81,116.75,0.03,172.81,167.63,50.88,AUD,credit_card,marketplace,completed
TXN20260103000113,2026-01-03 02:02:50,1663,63,,2,137.14,59.24,0.25,274.28,205.71,87.23,AUD,credit_card,mobile_app,completed
TXN20260103000114,2026-01-03 02:02:52,1591,28,5002,2,154.87,112.5,0.01,309.74,306.64,81.64,AUD,paypal,mobile_app,completed
TXN20260103000115,2026-01-03 02:03:40,1877,102,,1,276.02,213.86,0.0,276.02,276.02,62.16,AUD,credit_card,mobile_app,completed
TXN20260103000116,2026-01-03 02:03:57,1290,54,,3,80.17,60.5,0.21,240.51,190.0,8.5,AUD,paypal,web,completed
TXN20260103000117,2026-01-03 02:04:28,2164,298,,1,71.48,35.14,0.16,71.48,60.04,24.9,AUD,paypal,web,completed
TXN20260103000118,2026-01-03 02:05:00,2048,336,,3,250.44,165.04,0.16,751.32,631.11,135.99,AUD,buy_now_pay_later,mobile_app,completed
TXN20260103000119,2026-01-03 02:08:30,1373,29,,1,157.08,114.81,0.17,157.08,130.38,15.57,AUD,credit_card,web,completed
TXN20260103000120,2026-01-03 02:08:43,1122,284,5015,1,359.21,205.04,0.05,359.21,341.25,136.21,AUD,debit_card,web,completed
TXN20260103000121,2026-01-03 02:08:48,1413,189,,6,209.27,158.1,0.21,1255.62,991.94,43.34,AUD,credit_card,web,completed
TXN20260103000122,2026-01-03 02:08:55,1567,70,,2,291.11,188.06,0.11,582.22,518.18,142.06,AUD,credit_card,mobile_app,completed
TXN20260103000123,2026-01-03 02:09:33,1877,344,5016,3,24.55,10.75,0.18,73.65,60.39,28.14,AUD,paypal,mobile_app,completed
TXN20260103000124,2026-01-03 02:10:04,1363,37,,1,5.1,1.86,0.26,5.1,3.77,1.91,AUD,paypal,marketplace,completed
TXN20260103000125,2026-01-03 02:11:22,1372,389,,4,275.99,150.66,0.06,1103.96,1037.72,435.08,AUD,credit_card,mobile_app,completed
TXN20260103000126,2026-01-03 02:11:36,1982,265,,1,217.01,151.39,0.13,217.01,188.8,37.41,AUD,credit_card,web,refunded
TXN20260103000127,2026-01-03 02:12:26,1588,179,,1,197.14,84.55,0.02,197.14,193.2,108.65,AUD,credit_card,mobile_app,completed
TXN20260103000128,2026-01-03 02:14:40,1920,43,,2,211.3,164.39,0.05,422.6,401.47,72.69,AUD,paypal,mobile_app,completed
TXN20260103000129,2026-01-03 02:15:04,1639,168,,3,356.7,253.22,0.05,1070.1,1016.59,256.93,AUD,paypal,mobile_app,completed
TXN20260103000130,2026-01-03 02:16:49,1445,13,,1,39.93,31.05,0.23,39.93,30.75,-0.3,AUD,debit_card,mobile_app,completed
TXN20260103000131,2026-01-03 02:16:52,1899,348,5017,2,367.68,171.93,0.04,735.36,705.95,362.09,AUD,paypal,in_store,completed
TXN20260103000132,2026-01-03 02:17:24,1497,87,5007,3,137.75,85.09,0.06,413.25,388.45,133.18,AUD,bank_transfer,web,completed
TXN20260103000133,2026-01-03 02:17:32,1244,310,5012,3,109.6,62.46,0.26,328.8,243.31,55.93,AUD,debit_card,web,completed
TXN20260103000134,2026-01-03 02:18:57,2014,149,,1,221.16,142.36,0.05,221.16,210.1,67.74,AUD,credit_card,web,completed
TXN20260103000135,2026-01-03 02:21:57,1578,55,5006,1,51.38,24.77,0.08,51.38,47.27,22.5,AUD,credit_card,in_store,completed
TXN20260103000136,2026-01-03 02:24:42,1013,170,,1,68.81,27.57,0.08,68.81,63.31,35.74,AUD,buy_now_pay_later,web,completed
TXN20260103000137,2026-01-03 02:24:53,2036,324,,2,79.51,55.68,0.08,159.02,146.3,34.94,AUD,bank_transfer,web,completed
TXN20260103000138,2026-01-03 02:25:00,1225,266,,5,87.68,41.95,0.01,438.4,434.02,224.27,AUD,credit_card,web,completed
TXN20260103000139,2026-01-03 02:26:55,1310,340,5010,4,69.61,35.79,0.22,278.44,217.18,74.02,AUD,credit_card,web,completed
TXN20260103000140,2026-01-03 02:27:59,1931,220,,4,80.96,29.21,0.15,323.84,275.26,158.42,AUD,buy_now_pay_later,mobile_app,completed
TXN20260103000141,2026-01-03 02:31:27,1707,138,5018,3,132.98,57.54,0.08,398.94,367.02,194.4,AUD,credit_card,marketplace,completed
TXN20260103000142,2026-01-03 02:31:45,1261,117,,1,17.41,7.32,0.2,17.41,13.93,6.61,AUD,paypal,mobile_app,completed
TXN20260103000143,2026-01-03 02:32:44,2199,153,5016,4,133.15,94.62,0.04,532.6,511.3,132.82,AUD,credit_card,mobile_app,completed
TXN20260103000144,2026-01-03 02:33:52,1781,93,,2,325.04,177.67,0.08,650.08,598.07,242.73,AUD,credit_card,web,completed
TXN20260103000145,2026-01-03 02:33:58,1036,134,,3,151.77,62.1,0.06,455.31,427.99,241.69,AUD,credit_card,web,completed
TXN20260103000146,2026-01-03 02:34:32,1275,318,,2,104.56,45.81,0.06,209.12,196.57,104.95,AUD,paypal,web,completed
TXN20260103000147,2026-01-03 02:35:39,2163,193,,3,368.81,195.25,0.08,1106.43,1017.92,432.17,AUD,credit_card,web,completed
TXN20260103000148,2026-01-03 02:35:56,1200,292,,4,313.29,237.82,0.0,1253.16,1253.16,301.88,AUD,credit_card,marketplace,completed
TXN20260103000149,2026-01-03 02:37:15,1763,24,,1,201.95,77.39,0.01,201.95,199.93,122.54,AUD,debit_card,web,completed
TXN20260103000150,2026-01-03 02:37:30,1380,37,,1,5.1,1.86,0.03,5.1,4.95,3.09,AUD,paypal,web,completed
TXN20260103000151,2026-01-03 02:37:33,1923,152,5012,3,18.61,8.27,0.16,55.83,46.9,22.09,AUD,buy_now_pay_later,web,cancelled
TXN20260103000152,2026-01-03 02:38:16,1270,54,,2,80.17,60.5,0.2,160.34,128.27,7.27,AUD,credit_card,web,completed
TXN20260103000153,2026-01-03 02:39:17,2057,152,,2,18.61,8.27,0.06,37.22,34.99,18.45,AUD,credit_card,web,completed
TXN20260103000154,2026-01-03 02:39:22,2048,313,,2,364.12,204.74,0.05,728.24,691.83,282.35,AUD,paypal,mobile_app,completed
TXN20260103000155,2026-01-03 02:40:07,1457,77,5002,1,288.19,141.16,0.15,288.19,244.96,103.8,AUD,credit_card,mobile_app,completed
TXN20260103000156,2026-01-03 02:41:37,1406,65,5007,1,253.83,167.53,0.12,253.83,223.37,55.84,AUD,paypal,web,completed
TXN20260103000157,2026-01-03 02:43:07,1638,329,,2,58.04,30.71,0.15,116.08,98.67,37.25,AUD,paypal,mobile_app,completed
TXN20260103000158,2026-01-03 02:43:47,1680,181,,3,219.32,157.3,0.05,657.96,625.06,153.16,AUD,paypal,web,completed
TXN20260103000159,2026-01-03 02:43:57,2110,189,5015,2,209.27,158.1,0.13,418.54,364.13,47.93,AUD,credit_card,mobile_app,completed
TXN20260103000160,2026-01-03 02:45:36,1537,119,5007,4,26.62,12.14,0.04,106.48,102.22,53.66,AUD,debit_card,web,completed
TXN20260103000161,2026-01-03 02:46:29,1528,255,,2,109.46,69.18,0.15,218.92,186.08,47.72,AUD,debit_card,web,completed
TXN20260103000162,2026-01-03 02:47:38,1264,329,,1,58.04,30.71,0.11,58.04,51.66,20.95,AUD,credit_card,mobile_app,cancelled
TXN20260103000163,2026-01-03 02:50:17,1515,39,,4,153.21,59.61,0.0,612.84,612.84,374.4,AUD,credit_card,web,completed
TXN20260103000164,2026-01-03 02:50:22,1428,334,5010,2,100.25,73.46,0.03,200.5,194.48,47.56,AUD,debit_card,in_store,completed
TXN20260103000165,2026-01-03 02:50:34,1014,332,5015,2,436.24,255.68,0.12,872.48,767.78,256.42,AUD,buy_now_pay_later,web,completed
TXN20260103000166,2026-01-03 02:53:24,1543,350,5010,2,78.73,28.3,0.13,157.46,136.99,80.39,AUD,credit_card,mobile_app,completed
TXN20260103000167,2026-01-03 02:56:25,1549,195,5003,5,142.11,62.0,0.01,710.55,703.44,393.44,AUD,credit_card,mobile_app,completed
TXN20260103000168,2026-01-03 02:58:59,1225,9,5016,2,470.11,214.65,0.05,940.22,893.21,463.91,AUD,buy_now_pay_later,web,completed
TXN20260103000169,2026-01-03 03:00:30,1404,24,5016,2,201.95,77.39,0.08,403.9,371.59,216.81,AUD,credit_card,mobile_app,completed
TXN20260103000170,2026-01-03 03:00:43,1438,121,,2,18.5,12.03,0.21,37.0,29.23,5.17,AUD,credit_card,mobile_app,completed
TXN20260103000171,2026-01-03 03:03:25,2040,387,,2,113.54,61.9,0.24,227.08,172.58,48.78,AUD,bank_transfer,web,completed
TXN20260103000172,2026-01-03 03:03:35,2032,69,,1,53.62,37.17,0.11,53.62,47.72,10.55,AUD,buy_now_pay_later,mobile_app,completed
TXN20260103000173,2026-01-03 03:04:17,1042,74,,3,161.48,101.89,0.03,484.44,469.91,164.24,AUD,debit_card,web,completed
TXN20260103000174,2026-01-03 03:04:21,1103,41,,3,241.85,106.29,0.15,725.55,616.72,297.85,AUD,paypal,web,completed
TXN20260103000175,2026-01-03 03:04:25,1163,224,5003,5,135.38,94.24,0.12,676.9,595.67,124.47,AUD,buy_now_pay_later,mobile_app,completed
TXN20260103000176,2026-01-03 03:05:50,1913,3,,1,142.91,77.99,0.04,142.91,137.19,59.2,AUD,buy_now_pay_later,web,completed
TXN20260103000177,2026-01-03 03:06:17,1991,396,,4,358.76,209.23,0.15,1435.04,1219.78,382.86,AUD,debit_card,marketplace,completed
TXN20260103000178,2026-01-03 03:07:39,1860,62,,2,46.07,33.25,0.01,92.14,91.22,24.72,AUD,credit_card,web,completed
TXN20260103000179,2026-01-03 03:07:56,1769,239,,3,33.36,20.5,0.09,100.08,91.07,29.57,AUD,credit_card,web,completed
TXN20260103000180,2026-01-03 03:08:34,2098,115,,1,166.75,108.87,0.21,166.75,131.73,22.86,AUD,paypal,mobile_app,completed
TXN20260103000181,2026-01-03 03:09:14,1551,171,,2,126.82,54.58,0.21,253.64,200.38,91.22,AUD,credit_card,web,completed
TXN20260103000182,2026-01-03 03:09:23,1692,17,5007,4,15.98,12.32,0.12,63.92,56.25,6.97,AUD,credit_card,web,completed
TXN20260103000183,2026-01-03 03:09:54,1853,268,,5,13.69,9.27,0.09,68.45,62.29,15.94,AUD,paypal,web,refunded
TXN20260103000184,2026-01-03 03:11:47,1681,80,5012,5,200.59,111.67,0.11,1002.95,892.63,334.28,AUD,gift_card,marketplace,cancelled
TXN20260103000185,2026-01-03 03:13:00,1675,113,,4,424.44,152.08,0.03,1697.76,1646.83,1038.51,AUD,credit_card,web,completed
TXN20260103000186,2026-01-03 03:13:24,1867,348,,1,367.68,171.93,0.06,367.68,345.62,173.69,AUD,paypal,mobile_app,completed
TXN20260103000187,2026-01-03 03:15:45,2169,179,,2,197.14,84.55,0.14,394.28,339.08,169.98,AUD,credit_card,marketplace,completed
TXN20260103000188,2026-01-03 03:16:07,1197,145,5017,2,333.84,132.73,0.26,667.68,494.08,228.62,AUD,credit_card,mobile_app,cancelled
TXN20260103000189,2026-01-03 03:17:02,2031,310,,2,109.6,62.46,0.17,219.2,181.94,57.02,AUD,credit_card,web,cancelled
TXN20260103000190,2026-01-03 03:17:59,1654,153,,2,133.15,94.62,0.07,266.3,247.66,58.42,AUD,credit_card,mobile_app,completed
TXN20260103000191,2026-01-03 03:18:51,1629,91,5002,1,229.04,125.54,0.06,229.04,215.3,89.76,AUD,credit_card,mobile_app,completed
TXN20260103000192,2026-01-03 03:24:26,1214,214,,1,133.32,71.17,0.02,133.32,130.65,59.48,AUD,credit_card,web,completed
TXN20260103000193,2026-01-03 03:28:51,2107,229,,1,23.31,18.16,0.11,23.31,20.75,2.59,AUD,debit_card,in_store,completed
TXN20260103000194,2026-01-03 03:30:07,1458,255,5002,5,109.46,69.18,0.1,547.3,492.57,146.67,AUD,gift_card,mobile_app,completed
TXN20260103000195,2026-01-03 03:30:17,1847,82,5007,2,269.27,177.26,0.21,538.54,425.45,70.93,AUD,credit_card,mobile_app,completed
TXN20260103000196,2026-01-03 03:31:59,1521,76,,1,153.93,70.84,0.02,153.93,150.85,80.01,AUD,paypal,web,completed
TXN20260103000197,2026-01-03 03:32:23,1432,340,,4,69.61,35.79,0.09,278.44,253.38,110.22,AUD,debit_card,marketplace,completed
TXN20260103000198,2026-01-03 03:36:00,1700,348,,3,367.68,171.93,0.2,1103.04,882.43,366.64,AUD,credit_card,mobile_app,completed
TXN20260103000199,2026-01-03 03:38:03,1751,371,5018,1,279.28,128.3,0.15,279.28,237.39,109.09,AUD,paypal,mobile_app,completed
TXN20260103000200,2026-01-03 03:38:27,1568,157,5016,2,63.5,40.09,0.12,127.0,111.76,31.58,AUD,credit_card,marketplace,completed
TXN20260103000201,2026-01-03 03:39:07,1984,6,5013,3,45.92,33.82,0.18,137.76,112.96,11.5,AUD,paypal,in_store,completed
TXN20260103000202,2026-01-03 03:41:28,1750,228,,2,85.54,59.94,0.08,171.08,157.39,37.51,AUD,debit_card,web,refunded
TXN20260103000203,2026-01-03 03:43:15,1358,109,,1,156.65,98.49,0.06,156.65,147.25,48.76,AUD,buy_now_pay_later,mobile_app,completed
TXN20260103000204,2026-01-03 03:43:42,1094,138,5018,1,132.98,57.54,0.1,132.98,119.68,62.14,AUD,credit_card,web,cancelled
TXN20260103000205,2026-01-03 03:45:20,1842,220,,3,80.96,29.21,0.11,242.88,216.16,128.53,AUD,credit_card,web,completed
TXN20260103000206,2026-01-03 03:45:30,1383,1,,2,367.54,272.05,0.09,735.08,668.92,124.82,AUD,debit_card,web,completed
TXN20260103000207,2026-01-03 03:45:56,1678,114,5005,1,311.7,127.05,0.03,311.7,302.35,175.3,AUD,credit_card,web,completed
TXN20260103000208,2026-01-03 03:46:47,2035,67,,4,164.66,66.92,0.03,658.64,638.88,371.2,AUD,buy_now_pay_later,web,completed
TXN20260103000209,2026-01-03 03:47:06,1923,142,5003,2,424.43,299.05,0.07,848.86,789.44,191.34,AUD,credit_card,mobile_app,completed
TXN20260103000210,2026-01-03 03:47:54,1873,151,,4,36.21,16.06,0.13,144.84,126.01,61.77,AUD,credit_card,mobile_app,completed
TXN20260103000211,2026-01-03 03:48:15,1626,173,5002,2,67.53,28.1,0.02,135.06,132.36,76.16,AUD,debit_card,marketplace,completed
TXN20260103000212,2026-01-03 03:52:30,1831,329,,3,58.04,30.71,0.0,174.12,174.12,81.99,AUD,gift_card,mobile_app,completed
TXN20260103000213,2026-01-03 03:58:16,1514,224,,2,135.38,94.24,0.03,270.76,262.64,74.16,AUD,debit_card,web,completed
TXN20260103000214,2026-01-03 03:58:50,1001,188,,4,141.88,98.58,0.15,567.52,482.39,88.07,AUD,credit_card,web,completed
TXN20260103000215,2026-01-03 03:59:27,1571,131,,4,93.36,56.38,0.03,373.44,362.24,136.72,AUD,buy_now_pay_later,web,completed
TXN20260103000216,2026-01-03 03:59:46,1300,370,,5,292.21,138.01,0.11,1461.05,1300.33,610.28,AUD,debit_card,mobile_app,completed
TXN20260103000217,2026-01-03 03:59:52,1466,304,,5,87.75,49.18,0.21,438.75,346.61,100.71,AUD,debit_card,mobile_app,completed
TXN20260103000218,2026-01-03 03:59:56,1217,277,,2,470.57,189.97,0.03,941.14,912.91,532.97,AUD,credit_card,mobile_app,completed
TXN20260103000219,2026-01-03 04:01:52,1129,312,,1,142.79,97.05,0.03,142.79,138.51,41.46,AUD,credit_card,web,refunded
TXN20260103000220,2026-01-03 04:04:50,1503,325,5007,5,185.03,90.35,0.2,925.15,740.12,288.37,AUD,credit_card,mobile_app,cancelled
TXN20260103000221,2026-01-03 04:04:55,1475,374,,3,37.72,26.89,0.08,113.16,104.11,23.44,AUD,credit_card,mobile_app,completed
TXN20260103000222,2026-01-03 04:05:15,1221,378,,1,355.29,228.27,0.04,355.29,341.08,112.81,AUD,paypal,in_store,completed
TXN20260103000223,2026-01-03 04:07:33,1497,35,,1,123.44,76.69,0.0,123.44,123.44,46.75,AUD,debit_card,web,completed
TXN20260103000224,2026-01-03 04:08:39,2079,117,5004,1,17.41,7.32,0.05,17.41,16.54,9.22,AUD,paypal,web,completed
TXN20260103000225,2026-01-03 04:10:20,1963,394,5005,4,26.27,10.02,0.03,105.08,101.93,61.85,AUD,paypal,mobile_app,completed
TXN20260103000226,2026-01-03 04:10:40,1806,142,,1,424.43,299.05,0.12,424.43,373.5,74.45,AUD,paypal,in_store,completed
TXN20260103000227,2026-01-03 04:13:13,1207,326,,3,183.44,105.75,0.17,550.32,456.77,139.52,AUD,debit_card,mobile_app,completed
TXN20260103000228,2026-01-03 04:14:10,1476,323,,3,154.89,83.84,0.2,464.67,371.74,120.22,AUD,credit_card,mobile_app,completed
TXN20260103000229,2026-01-03 04:14:14,1450,184,5014,2,24.72,17.45,0.08,49.44,45.48,10.58,AUD,credit_card,web,completed
TXN20260103000230,2026-01-03 04:14:47,1934,268,,3,13.69,9.27,0.01,41.07,40.66,12.85,AUD,debit_card,mobile_app,completed
TXN20260103000231,2026-01-03 04:17:38,1934,229,5002,2,23.31,18.16,0.06,46.62,43.82,7.5,AUD,debit_card,mobile_app,completed
TXN20260103000232,2026-01-03 04:17:38,1059,230,5006,3,249.03,160.65,0.06,747.09,702.26,220.31,AUD,credit_card,mobile_app,completed
TXN20260103000233,2026-01-03 04:17:46,1140,369,5013,1,254.39,165.86,0.06,254.39,239.13,73.27,AUD,credit_card,web,completed
TXN20260103000234,2026-01-03 04:18:51,1845,308,5004,5,227.37,123.17,0.12,1136.85,1000.43,384.58,AUD,credit_card,web,completed
TXN20260103000235,2026-01-03 04:19:48,1207,327,,1,27.46,12.97,0.01,27.46,27.19,14.22,AUD,debit_card,mobile_app,completed
TXN20260103000236,2026-01-03 04:21:12,1802,145,5004,3,333.84,132.73,0.1,1001.52,901.37,503.18,AUD,credit_card,in_store,completed
TXN20260103000237,2026-01-03 04:22:15,1160,295,,1,125.3,93.62,0.0,125.3,125.3,31.68,AUD,debit_card,web,completed
TXN20260103000238,2026-01-03 04:23:54,1367,391,5008,3,294.69,110.36,0.0,884.07,884.07,552.99,AUD,bank_transfer,mobile_app,completed
TXN20260103000239,2026-01-03 04:24:58,1970,281,,1,206.68,92.2,0.04,206.68,198.41,106.21,AUD,credit_card,web,completed
TXN20260103000240,2026-01-03 04:26:08,1957,267,,1,13.67,9.81,0.1,13.67,12.3,2.49,AUD,paypal,mobile_app,completed
TXN20260103000241,2026-01-03 04:26:21,1421,159,,2,232.46,120.67,0.04,464.92,446.32,204.98,AUD,debit_card,web,completed
TXN20260103000242,2026-01-03 04:27:06,1146,392,,1,197.73,138.04,0.02,197.73,193.78,55.74,AUD,paypal,mobile_app,cancelled
TXN20260103000243,2026-01-03 04:32:22,1003,172,,2,191.33,75.08,0.11,382.66,340.57,190.41,AUD,credit_card,web,completed
TXN20260103000244,2026-01-03 04:33:14,1322,77,5017,1,288.19,141.16,0.15,288.19,244.96,103.8,AUD,credit_card,web,completed
TXN20260103000245,2026-01-03 04:33:49,1012,239,,1,33.36,20.5,0.03,33.36,32.36,11.86,AUD,credit_card,web,completed
TXN20260103000246,2026-01-03 04:34:49,1491,390,,1,368.36,241.5,0.17,368.36,305.74,64.24,AUD,debit_card,mobile_app,completed
TXN20260103000247,2026-01-03 04:35:38,1920,252,,2,12.21,8.71,0.05,24.42,23.2,5.78,AUD,buy_now_pay_later,web,completed
TXN20260103000248,2026-01-03 04:43:09,1543,239,5003,5,33.36,20.5,0.04,166.8,160.13,57.63,AUD,debit_card,web,completed
TXN20260103000249,2026-01-03 04:44:58,1612,239,5010,1,33.36,20.5,0.07,33.36,31.02,10.52,AUD,debit_card,web,completed
TXN20260103000250,2026-01-03 04:46:46,1803,356,,5,35.78,19.54,0.11,178.9,159.22,61.52,AUD,credit_card,mobile_app,completed
TXN20260103000251,2026-01-03 04:51:04,1982,256,,4,65.44,43.78,0.04,261.76,251.29,76.17,AUD,debit_card,phone,completed
TXN20260103000252,2026-01-03 04:54:09,1273,114,5007,6,311.7,127.05,0.05,1870.2,1776.69,1014.39,AUD,paypal,marketplace,completed
TXN20260103000253,2026-01-03 04:54:58,1609,69,5014,5,53.62,37.17,0.0,268.1,268.1,82.25,AUD,buy_now_pay_later,mobile_app,completed
TXN20260103000254,2026-01-03 04:56:14,2067,105,,3,142.92,89.61,0.12,428.76,377.31,108.48,AUD,credit_card,web,completed
TXN20260103000255,2026-01-03 04:57:03,1020,44,5013,1,236.02,141.49,0.09,236.02,214.78,73.29,AUD,debit_card,mobile_app,completed
TXN20260103000256,2026-01-03 04:57:06,1418,211,,4,125.27,94.18,0.2,501.08,400.86,24.14,AUD,gift_card,mobile_app,cancelled
TXN20260103000257,2026-01-03 04:59:03,1892,5,,3,69.17,48.26,0.08,207.51,190.91,46.13,AUD,credit_card,web,completed
TXN20260103000258,2026-01-03 04:59:15,1152,168,,4,356.7,253.22,0.11,1426.8,1269.85,256.97,AUD,debit_card,in_store,refunded
TXN20260103000259,2026-01-03 05:01:07,1722,396,,2,358.76,209.23,0.08,717.52,660.12,241.66,AUD,gift_card,marketplace,completed
TXN20260103000260,2026-01-03 05:02:45,1904,207,5017,1,174.77,73.18,0.03,174.77,169.53,96.35,AUD,paypal,mobile_app,completed
TXN20260103000261,2026-01-03 05:03:59,1606,85,,4,173.56,99.76,0.02,694.24,680.36,281.32,AUD,credit_card,marketplace,completed
TXN20260103000262,2026-01-03 05:04:10,1986,261,,2,222.59,120.24,0.07,445.18,414.02,173.54,AUD,debit_card,web,completed
TXN20260103000263,2026-01-03 05:05:31,2109,46,5016,2,182.51,84.92,0.06,365.02,343.12,173.28,AUD,credit_card,web,completed
TXN20260103000264,2026-01-03 05:05:42,1521,110,5003,1,30.96,17.81,0.25,30.96,23.22,5.41,AUD,debit_card,web,completed
TXN20260103000265,2026-01-03 05:07:47,1156,119,,2,26.62,12.14,0.07,53.24,49.51,25.23,AUD,credit_card,web,completed
TXN20260103000266,2026-01-03 05:08:43,1197,257,5014,3,452.64,204.1,0.27,1357.92,991.28,378.98,AUD,debit_card,mobile_app,completed
TXN20260103000267,2026-01-03 05:08:45,1423,109,,4,156.65,98.49,0.14,626.6,538.88,144.92,AUD,debit_card,mobile_app,completed
TXN20260103000268,2026-01-03 05:11:31,1265,59,,2,66.9,33.14,0.07,133.8,124.43,58.15,AUD,paypal,web,completed
TXN20260103000269,2026-01-03 05:12:28,2191,38,,1,426.51,271.0,0.04,426.51,409.45,138.45,AUD,paypal,marketplace,completed
TXN20260103000270,2026-01-03 05:13:15,2011,47,,1,383.34,271.98,0.11,383.34,341.17,69.19,AUD,paypal,web,completed
TXN20260103000271,2026-01-03 05:13:22,2004,342,5014,4,119.39,87.78,0.14,477.56,410.7,59.58,AUD,credit_card,mobile_app,completed
TXN20260103000272,2026-01-03 05:13:23,1403,306,5006,3,201.0,79.58,0.02,603.0,590.94,352.2,AUD,credit_card,web,completed
TXN20260103000273,2026-01-03 05:14:06,1465,350,5004,1,78.73,28.3,0.0,78.73,78.73,50.43,AUD,credit_card,web,completed
TXN20260103000274,2026-01-03 05:15:52,1559,290,5014,1,37.46,23.23,0.05,37.46,35.59,12.36,AUD,buy_now_pay_later,mobile_app,completed
TXN20260103000275,2026-01-03 05:20:07,1090,383,5014,2,227.62,101.34,0.12,455.24,400.61,197.93,AUD,buy_now_pay_later,web,completed
TXN20260103000276,2026-01-03 05:23:57,1712,341,5002,1,329.88,115.66,0.01,329.88,326.58,210.92,AUD,credit_card,web,completed
TXN20260103000277,2026-01-03 05:24:08,1821,175,,2,176.68,90.48,0.03,353.36,342.76,161.8,AUD,buy_now_pay_later,mobile_app,completed
TXN20260103000278,2026-01-03 05:24:47,1110,166,,2,414.85,167.06,0.01,829.7,821.4,487.28,AUD,debit_card,marketplace,completed
TXN20260103000279,2026-01-03 05:25:48,1959,196,,1,113.34,80.83,0.17,113.34,94.07,13.24,AUD,paypal,web,completed
TXN20260103000280,2026-01-03 05:26:39,1987,110,,4,30.96,17.81,0.21,123.84,97.83,26.59,AUD,paypal,mobile_app,completed
TXN20260103000281,2026-01-03 05:28:16,2038,178,,4,354.14,201.79,0.14,1416.56,1218.24,411.08,AUD,gift_card,marketplace,completed
TXN20260103000282,2026-01-03 05:28:52,1218,135,5004,5,141.91,90.68,0.14,709.55,610.21,156.81,AUD,debit_card,mobile_app,cancelled
TXN20260103000283,2026-01-03 05:30:12,1697,230,,5,249.03,160.65,0.08,1245.15,1145.54,342.29,AUD,credit_card,mobile_app,completed
TXN20260103000284,2026-01-03 05:30:14,1317,240,,1,296.5,109.26,0.01,296.5,293.54,184.28,AUD,credit_card,web,completed
TXN20260103000285,2026-01-03 05:32:54,1581,106,5002,4,313.2,199.1,0.08,1252.8,1152.58,356.18,AUD,credit_card,mobile_app,completed
TXN20260103000286,2026-01-03 05:33:27,1936,20,,2,230.82,128.98,0.16,461.64,387.78,129.82,AUD,credit_card,mobile_app,completed
TXN20260103000287,2026-01-03 05:36:31,1749,376,5006,1,227.27,124.66,0.11,227.27,202.27,77.61,AUD,debit_card,in_store,completed
TXN20260103000288,2026-01-03 05:36:59,1279,372,5010,4,321.9,183.97,0.25,1287.6,965.7,229.82,AUD,paypal,web,completed
TXN20260103000289,2026-01-03 05:37:09,1879,325,,3,185.03,90.35,0.2,555.09,444.07,173.02,AUD,credit_card,in_store,completed
TXN20260103000290,2026-01-03 05:37:50,1307,114,,4,311.7,127.05,0.03,1246.8,1209.4,701.2,AUD,credit_card,mobile_app,completed
TXN20260103000291,2026-01-03 05:40:40,1046,80,5014,1,200.59,111.67,0.19,200.59,162.48,50.81,AUD,paypal,mobile_app,completed
TXN20260103000292,2026-01-03 05:41:48,1877,148,,6,64.17,49.35,0.29,385.02,273.36,-22.74,AUD,paypal,mobile_app,completed
TXN20260103000293,2026-01-03 05:42:24,2036,217,,1,105.58,80.07,0.07,105.58,98.19,18.12,AUD,buy_now_pay_later,marketplace,completed
TXN20260103000294,2026-01-03 05:43:12,1070,56,5010,5,221.91,135.65,0.04,1109.55,1065.17,386.92,AUD,paypal,mobile_app,completed
TXN20260103000295,2026-01-03 05:44:15,1952,282,,2,11.8,8.78,0.19,23.6,19.12,1.56,AUD,debit_card,marketplace,refunded
TXN20260103000296,2026-01-03 05:45:55,1985,297,,1,258.89,188.19,0.11,258.89,230.41,42.22,AUD,credit_card,mobile_app,completed
TXN20260103000297,2026-01-03 05:50:19,1875,334,,1,100.25,73.46,0.08,100.25,92.23,18.77,AUD,credit_card,marketplace,completed
TXN20260103000298,2026-01-03 05:50:41,1577,166,,2,414.85,167.06,0.03,829.7,804.81,470.69,AUD,debit_card,marketplace,completed
TXN20260103000299,2026-01-03 05:50:52,2038,113,,1,424.44,152.08,0.04,424.44,407.46,255.38,AUD,paypal,in_store,completed
TXN20260103000300,2026-01-03 05:51:53,1169,208,,1,165.3,68.58,0.07,165.3,153.73,85.15,AUD,debit_card,web,completed
TXN20260103000301,2026-01-03 05:52:08,1372,104,,1,41.5,30.94,0.03,41.5,40.25,9.31,AUD,credit_card,web,completed
TXN20260103000302,2026-01-03 05:53:31,1047,342,,2,119.39,87.78,0.14,238.78,205.35,29.79,AUD,buy_now_pay_later,web,completed
TXN20260103000303,2026-01-03 05:56:10,2009,264,5007,1,82.43,34.18,0.12,82.43,72.54,38.36,AUD,debit_card,mobile_app,completed
TXN20260103000304,2026-01-03 05:56:23,1759,52,,3,213.42,159.81,0.01,640.26,633.86,154.43,AUD,credit_card,web,completed
TXN20260103000305,2026-01-03 05:57:38,1124,325,5015,3,185.03,90.35,0.24,555.09,421.87,150.82,AUD,credit_card,mobile_app,completed
TXN20260103000306,2026-01-03 05:59:35,1752,292,,2,313.29,237.82,0.23,626.58,482.47,6.83,AUD,debit_card,web,completed
TXN20260103000307,2026-01-03 05:59:47,1203,372,5007,1,321.9,183.97,0.08,321.9,296.15,112.18,AUD,buy_now_pay_later,web,completed
TXN20260103000308,2026-01-03 06:00:08,2179,313,,4,364.12,204.74,0.21,1456.48,1150.62,331.66,AUD,debit_card,marketplace,completed
TXN20260103000309,2026-01-03 06:00:09,1638,104,5009,2,41.5,30.94,0.07,83.0,77.19,15.31,AUD,paypal,marketplace,completed
TXN20260103000310,2026-01-03 06:00:12,1516,73,,1,97.62,68.56,0.0,97.62,97.62,29.06,AUD,buy_now_pay_later,web,completed
TXN20260103000311,2026-01-03 06:00:55,1772,17,,1,15.98,12.32,0.01,15.98,15.82,3.5,AUD,debit_card,mobile_app,completed
TXN20260103000312,2026-01-03 06:04:24,1475,130,,3,18.48,10.08,0.02,55.44,54.33,24.09,AUD,bank_transfer,marketplace,cancelled
TXN20260103000313,2026-01-03 06:04:30,2136,216,,3,6.49,3.62,0.12,19.47,17.13,6.27,AUD,credit_card,web,completed
TXN20260103000314,2026-01-03 06:04:34,1280,182,5009,1,185.56,117.63,0.01,185.56,183.7,66.07,AUD,credit_card,web,completed
TXN20260103000315,2026-01-03 06:07:18,1747,233,,1,320.43,123.08,0.02,320.43,314.02,190.94,AUD,buy_now_pay_later,mobile_app,completed
TXN20260103000316,2026-01-03 06:07:58,1599,17,5018,5,15.98,12.32,0.13,79.9,69.51,7.91,AUD,credit_card,in_store,completed
TXN20260103000317,2026-01-03 06:10:10,1039,62,,2,46.07,33.25,0.11,92.14,82.0,15.5,AUD,credit_card,marketplace,pending
TXN20260103000318,2026-01-03 06:10:16,1525,229,,2,23.31,18.16,0.18,46.62,38.23,1.91,AUD,credit_card,mobile_app,completed
TXN20260103000319,2026-01-03 06:10:33,1696,396,5014,3,358.76,209.23,0.11,1076.28,957.89,330.2,AUD,credit_card,mobile_app,completed
TXN20260103000320,2026-01-03 06:11:28,1036,108,,1,13.12,5.5,0.05,13.12,12.46,6.96,AUD,credit_card,web,completed
TXN20260103000321,2026-01-03 06:11:35,1484,112,,1,121.28,51.75,0.22,121.28,94.6,42.85,AUD,buy_now_pay_later,web,completed
TXN20260103000322,2026-01-03 06:12:09,1818,86,5008,2,176.95,129.01,0.08,353.9,325.59,67.57,AUD,debit_card,mobile_app,completed
TXN20260103000323,2026-01-03 06:13:20,1654,263,,4,194.7,69.51,0.04,778.8,747.65,469.61,AUD,debit_card,mobile_app,completed
TXN20260103000324,2026-01-03 06:13:36,2001,70,,4,291.11,188.06,0.15,1164.44,989.77,237.53,AUD,buy_now_pay_later,web,completed
TXN20260103000325,2026-01-03 06:16:24,1923,343,,6,32.63,13.17,0.2,195.78,156.62,77.6,AUD,debit_card,in_store,completed
TXN20260103000326,2026-01-03 06:18:21,1767,24,,1,201.95,77.39,0.01,201.95,199.93,122.54,AUD,bank_transfer,web,completed
TXN20260103000327,2026-01-03 06:19:27,2128,262,,3,30.32,15.63,0.11,90.96,80.95,34.06,AUD,credit_card,web,cancelled
TXN20260103000328,2026-01-03 06:21:21,1305,285,5018,1,333.53,259.05,0.11,333.53,296.84,37.79,AUD,debit_card,mobile_app,cancelled
TXN20260103000329,2026-01-03 06:21:23,1756,185,,2,182.91,71.26,0.05,365.82,347.53,205.01,AUD,paypal,mobile_app,completed
TXN20260103000330,2026-01-03 06:21:38,1090,133,,2,22.32,9.12,0.01,44.64,44.19,25.95,AUD,credit_card,mobile_app,completed
TXN20260103000331,2026-01-03 06:22:38,1116,116,,2,265.13,138.42,0.19,530.26,429.51,152.67,AUD,paypal,web,completed
TXN20260103000332,2026-01-03 06:23:28,1134,399,,1,108.85,55.74,0.11,108.85,96.88,41.14,AUD,debit_card,mobile_app,completed
TXN20260103000333,2026-01-03 06:24:01,2136,303,,5,5.2,2.83,0.08,26.0,23.92,9.77,AUD,bank_transfer,mobile_app,completed
TXN20260103000334,2026-01-03 06:25:23,1757,145,,5,333.84,132.73,0.23,1669.2,1285.28,621.63,AUD,credit_card,web,completed
TXN20260103000335,2026-01-03 06:26:42,2193,331,5003,3,188.98,138.35,0.18,566.94,464.89,49.84,AUD,debit_card,marketplace,cancelled
TXN20260103000336,2026-01-03 06:27:34,1681,11,,2,383.38,230.87,0.05,766.76,728.42,266.68,AUD,bank_transfer,mobile_app,completed
TXN20260103000337,2026-01-03 06:28:53,1062,226,,1,224.08,91.6,0.03,224.08,217.36,125.76,AUD,debit_card,mobile_app,completed
TXN20260103000338,2026-01-03 06:30:46,1905,350,5012,2,78.73,28.3,0.21,157.46,124.39,67.79,AUD,debit_card,in_store,completed
TXN20260103000339,2026-01-03 06:32:18,1314,168,5002,1,356.7,253.22,0.1,356.7,321.03,67.81,AUD,debit_card,in_store,completed
TXN20260103000340,2026-01-03 06:34:41,2125,178,5005,1,354.14,201.79,0.27,354.14,258.52,56.73,AUD,buy_now_pay_later,mobile_app,completed
TXN20260103000341,2026-01-03 06:35:53,2050,377,,4,34.75,17.44,0.2,139.0,111.2,41.44,AUD,debit_card,web,completed
TXN20260103000342,2026-01-03 06:37:44,1957,180,,2,233.35,116.35,0.11,466.7,415.36,182.66,AUD,buy_now_pay_later,mobile_app,completed
TXN20260103000343,2026-01-03 06:38:00,2197,130,5008,1,18.48,10.08,0.22,18.48,14.41,4.33,AUD,paypal,web,completed
TXN20260103000344,2026-01-03 06:39:32,2108,273,,2,15.74,11.24,0.09,31.48,28.65,6.17,AUD,paypal,mobile_app,pending
TXN20260103000345,2026-01-03 06:39:39,1639,355,,1,211.06,93.04,0.11,211.06,187.84,94.8,AUD,credit_card,web,completed
TXN20260103000346,2026-01-03 06:39:42,2061,190,,3,232.96,154.99,0.14,698.88,601.04,136.07,AUD,paypal,mobile_app,completed
TXN20260103000347,2026-01-03 06:40:06,1167,113,,2,424.44,152.08,0.08,848.88,780.97,476.81,AUD,debit_card,mobile_app,completed
TXN20260103000348,2026-01-03 06:40:12,1235,275,,1,116.41,50.22,0.1,116.41,104.77,54.55,AUD,credit_card,web,completed
TXN20260103000349,2026-01-03 06:41:06,1749,241,,2,242.09,167.24,0.02,484.18,474.5,140.02,AUD,debit_card,web,completed
TXN20260103000350,2026-01-03 06:45:48,1898,53,5013,4,33.81,14.85,0.18,135.24,110.9,51.5,AUD,debit_card,mobile_app,completed
TXN20260103000351,2026-01-03 06:46:59,1076,282,,2,11.8,8.78,0.13,23.6,20.53,2.97,AUD,credit_card,mobile_app,completed
TXN20260103000352,2026-01-03 06:47:58,2007,118,5018,5,63.49,25.23,0.04,317.45,304.75,178.6,AUD,credit_card,web,completed
TXN20260103000353,2026-01-03 06:48:30,1651,7,5003,1,75.68,42.79,0.23,75.68,58.27,15.48,AUD,credit_card,web,completed
TXN20260103000354,2026-01-03 06:49:37,1897,63,,5,137.14,59.24,0.19,685.7,555.42,259.22,AUD,paypal,mobile_app,completed
TXN20260103000355,2026-01-03 06:49:39,1217,269,5012,1,129.92,57.09,0.16,129.92,109.13,52.04,AUD,credit_card,web,completed
TXN20260103000356,2026-01-03 06:49:57,1246,346,,5,337.76,248.46,0.11,1688.8,1503.03,260.73,AUD,credit_card,web,completed
TXN20260103000357,2026-01-03 06:50:38,1301,113,,2,424.44,152.08,0.03,848.88,823.41,519.25,AUD,credit_card,web,completed
TXN20260103000358,2026-01-03 06:51:22,1232,157,5016,3,63.5,40.09,0.02,190.5,186.69,66.42,AUD,paypal,web,completed
TXN20260103000359,2026-01-03 06:52:59,1109,38,5002,2,426.51,271.0,0.17,853.02,708.01,166.01,AUD,credit_card,mobile_app,completed
TXN20260103000360,2026-01-03 06:55:51,1237,290,5010,1,37.46,23.23,0.22,37.46,29.22,5.99,AUD,credit_card,web,completed
TXN20260103000361,2026-01-03 06:55:56,1155,37,,3,5.1,1.86,0.11,15.3,13.62,8.04,AUD,debit_card,web,completed
TXN20260103000362,2026-01-03 06:56:02,2070,62,,4,46.07,33.25,0.02,184.28,180.59,47.59,AUD,credit_card,mobile_app,completed
TXN20260103000363,2026-01-03 06:58:25,1816,188,,1,141.88,98.58,0.07,141.88,131.95,33.37,AUD,credit_card,web,completed
TXN20260103000364,2026-01-03 06:58:39,1909,64,,6,148.54,87.49,0.11,891.24,793.2,268.26,AUD,bank_transfer,marketplace,completed
TXN20260103000365,2026-01-03 06:59:36,1725,72,5018,4,333.42,149.31,0.08,1333.68,1226.99,629.75,AUD,debit_card,in_store,completed
TXN20260103000366,2026-01-03 07:00:12,2117,315,5003,1,85.51,53.68,0.14,85.51,73.54,19.86,AUD,credit_card,web,completed
TXN20260103000367,2026-01-03 07:00:15,1761,162,,1,102.25,40.84,0.06,102.25,96.11,55.27,AUD,buy_now_pay_later,mobile_app,completed
TXN20260103000368,2026-01-03 07:00:32,2063,322,,1,98.42,48.71,0.17,98.42,81.69,32.98,AUD,buy_now_pay_later,mobile_app,completed
TXN20260103000369,2026-01-03 07:00:58,2190,170,,2,68.81,27.57,0.02,137.62,134.87,79.73,AUD,paypal,marketplace,completed
TXN20260103000370,2026-01-03 07:01:13,1894,177,,1,287.87,144.14,0.14,287.87,247.57,103.43,AUD,credit_card,web,completed
TXN20260103000371,2026-01-03 07:02:08,1884,243,5006,3,6.18,2.24,0.21,18.54,14.65,7.93,AUD,credit_card,web,completed
TXN20260103000372,2026-01-03 07:02:16,1425,176,5018,1,19.37,14.31,0.08,19.37,17.82,3.51,AUD,credit_card,web,completed
TXN20260103000373,2026-01-03 07:02:50,1183,365,5006,2,229.11,163.97,0.12,458.22,403.23,75.29,AUD,credit_card,web,completed
TXN20260103000374,2026-01-03 07:02:58,1529,266,,1,87.68,41.95,0.1,87.68,78.91,36.96,AUD,credit_card,mobile_app,completed
TXN20260103000375,2026-01-03 07:03:25,1902,134,,2,151.77,62.1,0.02,303.54,297.47,173.27,AUD,buy_now_pay_later,web,completed
TXN20260103000376,2026-01-03 07:04:14,1532,317,,3,25.27,14.13,0.25,75.81,56.86,14.47,AUD,bank_transfer,mobile_app,refunded
TXN20260103000377,2026-01-03 07:04:45,1161,15,5003,4,42.26,18.74,0.0,169.04,169.04,94.08,AUD,debit_card,web,completed
TXN20260103000378,2026-01-03 07:04:58,1374,317,,1,25.27,14.13,0.2,25.27,20.22,6.09,AUD,paypal,mobile_app,completed
TXN20260103000379,2026-01-03 07:05:00,1804,357,,1,49.08,20.39,0.11,49.08,43.68,23.29,AUD,credit_card,mobile_app,completed
TXN20260103000380,2026-01-03 07:05:52,2152,66,,1,157.5,63.74,0.02,157.5,154.35,90.61,AUD,credit_card,web,completed
TXN20260103000381,2026-01-03 07:06:05,1855,232,,2,159.76,96.34,0.16,319.52,268.4,75.72,AUD,bank_transfer,web,completed
TXN20260103000382,2026-01-03 07:06:47,1919,28,5002,4,154.87,112.5,0.14,619.48,532.75,82.75,AUD,debit_card,web,completed
TXN20260103000383,2026-01-03 07:07:03,2108,214,,4,133.32,71.17,0.26,533.28,394.63,109.95,AUD,debit_card,mobile_app,completed
TXN20260103000384,2026-01-03 07:07:07,2126,254,5015,2,151.84,54.33,0.2,303.68,242.94,134.28,AUD,credit_card,in_store,completed
TXN20260103000385,2026-01-03 07:07:10,1762,264,,1,82.43,34.18,0.08,82.43,75.84,41.66,AUD,credit_card,marketplace,completed
TXN20260103000386,2026-01-03 07:07:28,1165,188,,4,141.88,98.58,0.03,567.52,550.49,156.17,AUD,debit_card,mobile_app,completed
TXN20260103000387,2026-01-03 07:07:42,1647,90,5014,2,65.94,42.23,0.1,131.88,118.69,34.23,AUD,credit_card,marketplace,completed
TXN20260103000388,2026-01-03 07:07:47,1497,105,5005,2,142.92,89.61,0.23,285.84,220.1,40.88,AUD,bank_transfer,mobile_app,completed
TXN20260103000389,2026-01-03 07:07:55,1858,54,,5,80.17,60.5,0.02,400.85,392.83,90.33,AUD,buy_now_pay_later,mobile_app,completed
TXN20260103000390,2026-01-03 07:07:59,1064,201,,3,105.57,80.82,0.01,316.71,313.54,71.08,AUD,debit_card,web,completed
TXN20260103000391,2026-01-03 07:08:19,1741,13,,1,39.93,31.05,0.06,39.93,37.53,6.48,AUD,credit_card,marketplace,completed
TXN20260103000392,2026-01-03 07:08:24,1216,236,,3,7.93,6.02,0.12,23.79,20.94,2.88,AUD,paypal,web,refunded
TXN20260103000393,2026-01-03 07:08:53,1752,17,5003,4,15.98,12.32,0.23,63.92,49.22,-0.06,AUD,paypal,web,completed
TXN20260103000394,2026-01-03 07:09:34,2128,27,,1,172.81,116.75,0.1,172.81,155.53,38.78,AUD,buy_now_pay_later,in_store,completed
TXN20260103000395,2026-01-03 07:09:52,1031,294,,1,25.75,16.01,0.22,25.75,20.09,4.08,AUD,credit_card,web,completed
TXN20260103000396,2026-01-03 07:10:00,1436,283,,1,155.88,105.7,0.21,155.88,123.15,17.45,AUD,credit_card,mobile_app,completed
TXN20260103000397,2026-01-03 07:10:01,1178,18,,2,23.51,10.69,0.0,47.02,47.02,25.64,AUD,credit_card,web,completed
TXN20260103000398,2026-01-03 07:10:52,1343,179,5017,4,197.14,84.55,0.27,788.56,575.65,237.45,AUD,paypal,web,completed
TXN20260103000399,2026-01-03 07:11:08,1066,366,5012,4,212.32,146.95,0.01,849.28,840.79,252.99,AUD,bank_transfer,mobile_app,completed
TXN20260103000400,2026-01-03 07:11:25,1730,222,5017,4,32.17,11.42,0.08,128.68,118.39,72.71,AUD,buy_now_pay_later,web,completed
TXN20260103000401,2026-01-03 07:11:57,1885,340,,4,69.61,35.79,0.21,278.44,219.97,76.81,AUD,credit_card,web,completed
TXN20260103000402,2026-01-03 07:12:04,1895,336,,1,250.44,165.04,0.08,250.44,230.4,65.36,AUD,gift_card,web,completed
TXN20260103000403,2026-01-03 07:13:25,1528,359,,1,421.42,180.37,0.08,421.42,387.71,207.34,AUD,buy_now_pay_later,web,pending
TXN20260103000404,2026-01-03 07:13:34,2179,172,5003,1,191.33,75.08,0.06,191.33,179.85,104.77,AUD,paypal,web,completed
TXN20260103000405,2026-01-03 07:14:13,1966,329,5012,3,58.04,30.71,0.19,174.12,141.04,48.91,AUD,credit_card,web,completed
TXN20260103000406,2026-01-03 07:14:14,1194,71,,1,451.62,218.09,0.16,451.62,379.36,161.27,AUD,credit_card,mobile_app,completed
TXN20260103000407,2026-01-03 07:14:14,1063,76,,4,153.93,70.84,0.02,615.72,603.41,320.05,AUD,credit_card,mobile_app,completed
TXN20260103000408,2026-01-03 07:14:50,1800,149,,4,221.16,142.36,0.04,884.64,849.25,279.81,AUD,credit_card,marketplace,completed
TXN20260103000409,2026-01-03 07:15:11,1769,178,,6,354.14,201.79,0.0,2124.84,2124.84,914.1,AUD,debit_card,mobile_app,completed
TXN20260103000410,2026-01-03 07:15:50,1172,54,,3,80.17,60.5,0.18,240.51,197.22,15.72,AUD,debit_card,web,completed
TXN20260103000411,2026-01-03 07:16:05,1015,126,,3,63.01,42.43,0.02,189.03,185.25,57.96,AUD,credit_card,web,completed
TXN20260103000412,2026-01-03 07:16:23,1579,261,,2,222.59,120.24,0.1,445.18,400.66,160.18,AUD,paypal,marketplace,completed
TXN20260103000413,2026-01-03 07:17:47,1087,126,,2,63.01,42.43,0.22,126.02,98.3,13.44,AUD,credit_card,web,completed
TXN20260103000414,2026-01-03 07:18:24,1862,233,,4,320.43,123.08,0.12,1281.72,1127.91,635.59,AUD,debit_card,mobile_app,completed
TXN20260103000415,2026-01-03 07:18:33,1486,223,,1,140.86,54.16,0.1,140.86,126.77,72.61,AUD,credit_card,web,completed
TXN20260103000416,2026-01-03 07:19:01,1665,96,,4,143.85,89.79,0.13,575.4,500.6,141.44,AUD,paypal,marketplace,completed
TXN20260103000417,2026-01-03 07:19:05,1807,279,5017,2,202.1,80.17,0.01,404.2,400.16,239.82,AUD,credit_card,web,completed
TXN20260103000418,2026-01-03 07:19:06,1441,5,,2,69.17,48.26,0.1,138.34,124.51,27.99,AUD,credit_card,mobile_app,completed
TXN20260103000419,2026-01-03 07:19:39,1046,253,,5,39.46,26.36,0.08,197.3,181.52,49.72,AUD,paypal,mobile_app,completed
TXN20260103000420,2026-01-03 07:19:46,1240,14,,1,60.5,36.5,0.01,60.5,59.89,23.39,AUD,paypal,web,completed
TXN20260103000421,2026-01-03 07:20:27,1833,166,,1,414.85,167.06,0.11,414.85,369.22,202.16,AUD,gift_card,web,completed
TXN20260103000422,2026-01-03 07:20:28,1614,48,5004,5,196.8,70.47,0.05,984.0,934.8,582.45,AUD,credit_card,web,completed
TXN20260103000423,2026-01-03 07:20:46,1482,173,5008,5,67.53,28.1,0.11,337.65,300.51,160.01,AUD,credit_card,web,completed
TXN20260103000424,2026-01-03 07:20:47,1644,159,5017,2,232.46,120.67,0.01,464.92,460.27,218.93,AUD,credit_card,mobile_app,completed
TXN20260103000425,2026-01-03 07:21:04,2190,234,5009,3,153.86,117.69,0.26,461.58,341.57,-11.5,AUD,debit_card,web,refunded
TXN20260103000426,2026-01-03 07:22:18,2102,23,,4,371.29,240.22,0.05,1485.16,1410.9,450.02,AUD,debit_card,web,completed
TXN20260103000427,2026-01-03 07:22:18,1566,242,,2,149.29,73.33,0.12,298.58,262.75,116.09,AUD,paypal,web,refunded
TXN20260103000428,2026-01-03 07:22:35,1649,291,5018,2,348.41,145.57,0.06,696.82,655.01,363.87,AUD,credit_card,web,completed
TXN20260103000429,2026-01-03 07:22:48,1947,206,,2,211.48,126.89,0.08,422.96,389.12,135.34,AUD,credit_card,marketplace,cancelled
TXN20260103000430,2026-01-03 07:22:51,1679,269,,3,129.92,57.09,0.23,389.76,300.12,128.85,AUD,credit_card,web,completed
TXN20260103000431,2026-01-03 07:23:34,1946,374,5013,1,37.72,26.89,0.11,37.72,33.57,6.68,AUD,credit_card,mobile_app,completed
TXN20260103000432,2026-01-03 07:23:35,2194,86,,4,176.95,129.01,0.0,707.8,707.8,191.76,AUD,credit_card,mobile_app,completed
TXN20260103000433,2026-01-03 07:23:49,1135,379,,3,115.88,59.08,0.24,347.64,264.21,86.97,AUD,buy_now_pay_later,web,completed
TXN20260103000434,2026-01-03 07:24:08,1158,147,5017,2,287.02,186.05,0.0,574.04,574.04,201.94,AUD,gift_card,mobile_app,completed
TXN20260103000435,2026-01-03 07:24:41,2027,221,5018,4,157.27,79.8,0.17,629.08,522.14,202.94,AUD,credit_card,mobile_app,completed
TXN20260103000436,2026-01-03 07:24:42,2105,98,,4,129.89,79.62,0.06,519.56,488.39,169.91,AUD,bank_transfer,mobile_app,completed
TXN20260103000437,2026-01-03 07:25:29,1751,316,,1,109.37,70.04,0.05,109.37,103.9,33.86,AUD,credit_card,marketplace,completed
TXN20260103000438,2026-01-03 07:26:21,1620,235,,1,18.79,8.45,0.07,18.79,17.47,9.02,AUD,paypal,web,completed
TXN20260103000439,2026-01-03 07:26:25,2071,327,,1,27.46,12.97,0.12,27.46,24.16,11.19,AUD,credit_card,web,cancelled
TXN20260103000440,2026-01-03 07:26:37,1813,66,5014,1,157.5,63.74,0.08,157.5,144.9,81.16,AUD,debit_card,web,completed
TXN20260103000441,2026-01-03 07:26:50,1874,230,,3,249.03,160.65,0.11,747.09,664.91,182.96,AUD,credit_card,mobile_app,completed
TXN20260103000442,2026-01-03 07:27:47,1841,155,,3,402.98,307.8,0.2,1208.94,967.15,43.75,AUD,debit_card,mobile_app,completed
TXN20260103000443,2026-01-03 07:28:46,1287,273,,1,15.74,11.24,0.02,15.74,15.43,4.19,AUD,credit_card,mobile_app,completed
TXN20260103000444,2026-01-03 07:28:54,1227,90,,2,65.94,42.23,0.17,131.88,109.46,25.0,AUD,credit_card,web,completed
TXN20260103000445,2026-01-03 07:29:26,1520,39,,2,153.21,59.61,0.15,306.42,260.46,141.24,AUD,credit_card,web,completed
TXN20260103000446,2026-01-03 07:29:32,2111,393,,2,18.4,11.45,0.06,36.8,34.59,11.69,AUD,credit_card,web,completed
TXN20260103000447,2026-01-03 07:30:46,1878,200,,4,8.47,4.01,0.01,33.88,33.54,17.5,AUD,paypal,in_store,completed
TXN20260103000448,2026-01-03 07:30:57,1706,203,,1,5.97,4.17,0.11,5.97,5.31,1.14,AUD,paypal,web,completed
TXN20260103000449,2026-01-03 07:31:19,1976,18,5015,2,23.51,10.69,0.02,47.02,46.08,24.7,AUD,buy_now_pay_later,web,completed
TXN20260103000450,2026-01-03 07:31:31,1970,325,,6,185.03,90.35,0.12,1110.18,976.96,434.86,AUD,credit_card,web,completed
TXN20260103000451,2026-01-03 07:31:41,2000,190,,2,232.96,154.99,0.14,465.92,400.69,90.71,AUD,paypal,web,completed
TXN20260103000452,2026-01-03 07:32:36,1823,198,,4,311.79,188.7,0.09,1247.16,1134.92,380.12,AUD,paypal,marketplace,completed
TXN20260103000453,2026-01-03 07:32:51,1598,70,5017,2,291.11,188.06,0.09,582.22,529.82,153.7,AUD,debit_card,marketplace,completed
TXN20260103000454,2026-01-03 07:32:54,1974,231,,2,114.93,83.66,0.02,229.86,225.26,57.94,AUD,debit_card,web,refunded
TXN20260103000455,2026-01-03 07:33:11,1245,56,,3,221.91,135.65,0.04,665.73,639.1,232.15,AUD,credit_card,mobile_app,completed
TXN20260103000456,2026-01-03 07:33:21,1595,255,5013,3,109.46,69.18,0.07,328.38,305.39,97.85,AUD,credit_card,web,completed
TXN20260103000457,2026-01-03 07:33:22,1579,206,,2,211.48,126.89,0.09,422.96,384.89,131.11,AUD,credit_card,web,completed
TXN20260103000458,2026-01-03 07:33:36,1975,293,,2,100.6,74.23,0.18,201.2,164.98,16.52,AUD,credit_card,web,completed
TXN20260103000459,2026-01-03 07:33:39,1744,165,5009,4,198.75,72.56,0.2,795.0,636.0,345.76,AUD,buy_now_pay_later,web,cancelled
TXN20260103000460,2026-01-03 07:33:55,1157,183,5006,1,56.96,21.65,0.04,56.96,54.68,33.03,AUD,credit_card,web,completed
TXN20260103000461,2026-01-03 07:34:01,2070,187,,2,18.28,11.11,0.11,36.56,32.54,10.32,AUD,credit_card,web,completed
TXN20260103000462,2026-01-03 07:34:51,1469,384,,4,25.19,17.92,0.26,100.76,74.56,2.88,AUD,buy_now_pay_later,web,completed
TXN20260103000463,2026-01-03 07:35:06,1167,106,5010,2,313.2,199.1,0.1,626.4,563.76,165.56,AUD,credit_card,mobile_app,completed
TXN20260103000464,2026-01-03 07:35:25,2015,132,,2,109.21,38.28,0.02,218.42,214.05,137.49,AUD,bank_transfer,web,completed
TXN20260103000465,2026-01-03 07:35:32,1200,152,,2,18.61,8.27,0.01,37.22,36.85,20.31,AUD,buy_now_pay_later,web,completed
TXN20260103000466,2026-01-03 07:35:34,1778,24,,5,201.95,77.39,0.03,1009.75,979.46,592.51,AUD,debit_card,web,completed
TXN20260103000467,2026-01-03 07:35:55,1526,197,5010,4,161.84,90.95,0.07,647.36,602.04,238.24,AUD,credit_card,web,completed
TXN20260103000468,2026-01-03 07:36:37,2081,67,,4,164.66,66.92,0.0,658.64,658.64,390.96,AUD,debit_card,mobile_app,completed
TXN20260103000469,2026-01-03 07:36:46,1903,359,,3,421.42,180.37,0.22,1264.26,986.12,445.01,AUD,paypal,web,refunded
TXN20260103000470,2026-01-03 07:37:08,1639,270,,1,347.43,172.19,0.11,347.43,309.21,137.02,AUD,debit_card,marketplace,completed
TXN20260103000471,2026-01-03 07:37:43,1323,308,,2,227.37,123.17,0.23,454.74,350.15,103.81,AUD,credit_card,mobile_app,completed
TXN20260103000472,2026-01-03 07:37:50,2027,255,,1,109.46,69.18,0.03,109.46,106.18,37.0,AUD,paypal,mobile_app,completed
TXN20260103000473,2026-01-03 07:37:54,1994,383,5003,1,227.62,101.34,0.07,227.62,211.69,110.35,AUD,credit_card,mobile_app,completed
TXN20260103000474,2026-01-03 07:38:17,1292,15,,2,42.26,18.74,0.04,84.52,81.14,43.66,AUD,buy_now_pay_later,web,completed
TXN20260103000475,2026-01-03 07:39:42,2053,183,5008,4,56.96,21.65,0.04,227.84,218.73,132.13,AUD,debit_card,marketplace,completed
TXN20260103000476,2026-01-03 07:39:49,1619,214,,2,133.32,71.17,0.14,266.64,229.31,86.97,AUD,credit_card,web,cancelled
TXN20260103000477,2026-01-03 07:41:16,1790,355,,3,211.06,93.04,0.08,633.18,582.53,303.41,AUD,credit_card,mobile_app,completed
TXN20260103000478,2026-01-03 07:41:35,1867,251,,3,245.15,169.74,0.06,735.45,691.32,182.1,AUD,debit_card,web,refunded
TXN20260103000479,2026-01-03 07:42:29,1042,207,5006,3,174.77,73.18,0.09,524.31,477.12,257.58,AUD,credit_card,marketplace,completed
TXN20260103000480,2026-01-03 07:42:33,1065,194,5005,1,45.96,33.9,0.07,45.96,42.74,8.84,AUD,paypal,web,completed
TXN20260103000481,2026-01-03 07:42:44,1375,225,,2,310.73,232.58,0.08,621.46,571.74,106.58,AUD,buy_now_pay_later,marketplace,completed
TXN20260103000482,2026-01-03 07:42:46,1825,136,,3,12.1,8.71,0.11,36.3,32.31,6.18,AUD,debit_card,marketplace,pending
TXN20260103000483,2026-01-03 07:43:25,1190,386,5013,3,284.12,120.27,0.02,852.36,835.31,474.5,AUD,paypal,web,completed
TXN20260103000484,2026-01-03 07:44:07,1598,352,,2,241.96,137.89,0.01,483.92,479.08,203.3,AUD,debit_card,in_store,cancelled
TXN20260103000485,2026-01-03 07:44:09,1723,109,,1,156.65,98.49,0.01,156.65,155.08,56.59,AUD,bank_transfer,mobile_app,completed
TXN20260103000486,2026-01-03 07:45:03,1807,315,,5,85.51,53.68,0.13,427.55,371.97,103.57,AUD,credit_card,mobile_app,completed
TXN20260103000487,2026-01-03 07:45:54,1783,168,,1,356.7,253.22,0.06,356.7,335.3,82.08,AUD,debit_card,mobile_app,completed
TXN20260103000488,2026-01-03 07:47:22,1942,150,,3,205.86,111.18,0.2,617.58,494.06,160.52,AUD,credit_card,mobile_app,completed
TXN20260103000489,2026-01-03 07:47:27,1494,145,,4,333.84,132.73,0.02,1335.36,1308.65,777.73,AUD,credit_card,web,completed
TXN20260103000490,2026-01-03 07:48:24,1466,265,,3,217.01,151.39,0.1,651.03,585.93,131.76,AUD,debit_card,web,completed
TXN20260103000491,2026-01-03 07:48:39,2033,54,,4,80.17,60.5,0.13,320.68,278.99,36.99,AUD,credit_card,in_store,completed
TXN20260103000492,2026-01-03 07:48:43,2006,213,,5,89.64,56.55,0.2,448.2,358.56,75.81,AUD,paypal,web,refunded
TXN20260103000493,2026-01-03 07:49:53,1376,80,,5,200.59,111.67,0.0,1002.95,1002.95,444.6,AUD,debit_card,mobile_app,completed
TXN20260103000494,2026-01-03 07:50:14,2177,268,,2,13.69,9.27,0.0,27.38,27.38,8.84,AUD,paypal,web,completed
TXN20260103000495,2026-01-03 07:50:28,1645,390,,5,368.36,241.5,0.02,1841.8,1804.96,597.46,AUD,paypal,mobile_app,completed
TXN20260103000496,2026-01-03 07:50:37,1851,144,,2,19.12,6.9,0.08,38.24,35.18,21.38,AUD,debit_card,web,completed
TXN20260103000497,2026-01-03 07:51:04,1150,108,,3,13.12,5.5,0.02,39.36,38.57,22.07,AUD,debit_card,web,completed
TXN20260103000498,2026-01-03 07:51:27,1428,89,,3,131.64,95.41,0.14,394.92,339.63,53.4,AUD,paypal,web,completed
TXN20260103000499,2026-01-03 07:52:08,1705,310,5013,1,109.6,62.46,0.04,109.6,105.22,42.76,AUD,buy_now_pay_later,web,completed
TXN20260103000500,2026-01-03 07:52:32,1364,144,,1,19.12,6.9,0.04,19.12,18.36,11.46,AUD,credit_card,mobile_app,completed
TXN20260103000501,2026-01-03 07:53:12,1960,64,5007,5,148.54,87.49,0.21,742.7,586.73,149.28,AUD,credit_card,web,completed
TXN20260103000502,2026-01-03 07:53:38,1413,237,,1,5.09,3.29,0.06,5.09,4.78,1.49,AUD,credit_card,web,completed
TXN20260103000503,2026-01-03 07:53:39,1083,194,5013,6,45.96,33.9,0.02,275.76,270.24,66.84,AUD,credit_card,mobile_app,completed
TXN20260103000504,2026-01-03 07:54:28,1658,290,,2,37.46,23.23,0.01,74.92,74.17,27.71,AUD,credit_card,web,completed
TXN20260103000505,2026-01-03 07:54:41,2049,374,,2,37.72,26.89,0.15,75.44,64.12,10.34,AUD,credit_card,mobile_app,completed
TXN20260103000506,2026-01-03 07:55:01,2136,160,,1,132.52,86.58,0.09,132.52,120.59,34.01,AUD,credit_card,web,completed
TXN20260103000507,2026-01-03 07:55:05,1514,227,5004,1,46.57,24.42,0.03,46.57,45.17,20.75,AUD,credit_card,web,completed
TXN20260103000508,2026-01-03 07:55:55,1343,221,5016,3,157.27,79.8,0.03,471.81,457.66,218.26,AUD,credit_card,mobile_app,completed
TXN20260103000509,2026-01-03 07:55:58,1683,257,,2,452.64,204.1,0.12,905.28,796.65,388.45,AUD,buy_now_pay_later,web,completed
TXN20260103000510,2026-01-03 07:56:27,1439,259,,4,243.76,167.05,0.09,975.04,887.29,219.09,AUD,debit_card,web,completed
TXN20260103000511,2026-01-03 07:56:35,1743,16,5002,4,185.65,67.71,0.26,742.6,549.52,278.68,AUD,debit_card,web,completed
TXN20260103000512,2026-01-03 07:56:36,1400,198,,5,311.79,188.7,0.01,1558.95,1543.36,599.86,AUD,credit_card,marketplace,completed
TXN20260103000513,2026-01-03 07:57:49,1786,173,5010,4,67.53,28.1,0.1,270.12,243.11,130.71,AUD,credit_card,web,completed
TXN20260103000514,2026-01-03 07:57:53,1770,394,,4,26.27,10.02,0.1,105.08,94.57,54.49,AUD,credit_card,mobile_app,completed
TXN20260103000515,2026-01-03 07:58:01,1724,13,,1,39.93,31.05,0.07,39.93,37.13,6.08,AUD,credit_card,mobile_app,completed
TXN20260103000516,2026-01-03 07:58:29,1488,127,,1,45.1,29.41,0.03,45.1,43.75,14.34,AUD,buy_now_pay_later,marketplace,completed
TXN20260103000517,2026-01-03 07:58:32,2111,170,,4,68.81,27.57,0.04,275.24,264.23,153.95,AUD,credit_card,web,completed
TXN20260103000518,2026-01-03 07:58:33,2132,197,5003,5,161.84,90.95,0.12,809.2,712.1,257.35,AUD,debit_card,mobile_app,completed
TXN20260103000519,2026-01-03 07:59:12,1966,389,,1,275.99,150.66,0.23,275.99,212.51,61.85,AUD,credit_card,mobile_app,completed
TXN20260103000520,2026-01-03 07:59:53,1467,278,5014,1,60.0,45.1,0.23,60.0,46.2,1.1,AUD,credit_card,web,completed
TXN20260103000521,2026-01-03 08:00:29,1979,310,5010,1,109.6,62.46,0.01,109.6,108.5,46.04,AUD,paypal,in_store,completed
TXN20260103000522,2026-01-03 08:00:48,1477,330,,1,125.71,91.59,0.08,125.71,115.65,24.06,AUD,gift_card,mobile_app,completed
TXN20260103000523,2026-01-03 08:01:09,2029,233,,3,320.43,123.08,0.21,961.29,759.42,390.18,AUD,buy_now_pay_later,mobile_app,completed
TXN20260103000524,2026-01-03 08:01:39,1144,16,5005,1,185.65,67.71,0.2,185.65,148.52,80.81,AUD,paypal,web,completed
TXN20260103000525,2026-01-03 08:01:40,2008,192,,1,486.02,347.84,0.01,486.02,481.16,133.32,AUD,credit_card,mobile_app,completed
TXN20260103000526,2026-01-03 08:01:47,1668,153,,1,133.15,94.62,0.06,133.15,125.16,30.54,AUD,credit_card,web,completed
TXN20260103000527,2026-01-03 08:01:52,1618,56,,3,221.91,135.65,0.09,665.73,605.81,198.86,AUD,credit_card,mobile_app,completed
TXN20260103000528,2026-01-03 08:01:53,1319,233,5016,3,320.43,123.08,0.13,961.29,836.32,467.08,AUD,credit_card,web,completed
TXN20260103000529,2026-01-03 08:02:56,1131,179,,5,197.14,84.55,0.14,985.7,847.7,424.95,AUD,credit_card,marketplace,completed
TXN20260103000530,2026-01-03 08:03:00,2027,66,5010,4,157.5,63.74,0.01,630.0,623.7,368.74,AUD,credit_card,mobile_app,completed
TXN20260103000531,2026-01-03 08:03:49,1998,245,5012,2,349.8,233.63,0.0,699.6,699.6,232.34,AUD,credit_card,web,completed
TXN20260103000532,2026-01-03 08:04:09,1160,360,,3,22.41,17.01,0.01,67.23,66.56,15.53,AUD,credit_card,web,completed
TXN20260103000533,2026-01-03 08:04:19,1561,392,5014,1,197.73,138.04,0.21,197.73,156.21,18.17,AUD,paypal,web,completed
TXN20260103000534,2026-01-03 08:04:34,1993,62,,2,46.07,33.25,0.26,92.14,68.18,1.68,AUD,debit_card,marketplace,completed
TXN20260103000535,2026-01-03 08:04:57,1188,118,5009,1,63.49,25.23,0.01,63.49,62.86,37.63,AUD,bank_transfer,mobile_app,completed
TXN20260103000536,2026-01-03 08:05:05,1914,100,,4,429.39,290.83,0.23,1717.56,1322.52,159.2,AUD,debit_card,web,completed
TXN20260103000537,2026-01-03 08:05:06,1837,242,5014,5,149.29,73.33,0.03,746.45,724.06,357.41,AUD,credit_card,web,cancelled
TXN20260103000538,2026-01-03 08:07:29,1783,360,5014,1,22.41,17.01,0.16,22.41,18.82,1.81,AUD,debit_card,mobile_app,completed
TXN20260103000539,2026-01-03 08:08:07,2061,151,,1,36.21,16.06,0.03,36.21,35.12,19.06,AUD,credit_card,mobile_app,completed
TXN20260103000540,2026-01-03 08:09:02,1166,275,,4,116.41,50.22,0.01,465.64,460.98,260.1,AUD,credit_card,mobile_app,completed
TXN20260103000541,2026-01-03 08:09:16,1219,87,,4,137.75,85.09,0.2,551.0,440.8,100.44,AUD,paypal,mobile_app,cancelled
TXN20260103000542,2026-01-03 08:09:19,1191,385,,4,111.79,81.72,0.16,447.16,375.61,48.73,AUD,credit_card,marketplace,completed
TXN20260103000543,2026-01-03 08:09:45,1561,41,,5,241.85,106.29,0.01,1209.25,1197.16,665.71,AUD,debit_card,mobile_app,completed
TXN20260103000544,2026-01-03 08:10:25,1495,268,,4,13.69,9.27,0.09,54.76,49.83,12.75,AUD,buy_now_pay_later,web,completed
TXN20260103000545,2026-01-03 08:12:27,1059,143,,3,166.42,116.53,0.16,499.26,419.38,69.79,AUD,gift_card,web,completed
TXN20260103000546,2026-01-03 08:13:09,1213,20,,3,230.82,128.98,0.11,692.46,616.29,229.35,AUD,credit_card,web,completed
TXN20260103000547,2026-01-03 08:13:39,1009,307,,1,349.28,266.61,0.2,349.28,279.42,12.81,AUD,buy_now_pay_later,marketplace,completed
TXN20260103000548,2026-01-03 08:14:03,1205,194,5010,3,45.96,33.9,0.0,137.88,137.88,36.18,AUD,credit_card,mobile_app,completed
TXN20260103000549,2026-01-03 08:14:39,1740,114,,2,311.7,127.05,0.06,623.4,586.0,331.9,AUD,buy_now_pay_later,mobile_app,completed
TXN20260103000550,2026-01-03 08:15:00,1632,357,5005,2,49.08,20.39,0.28,98.16,70.68,29.9,AUD,debit_card,mobile_app,completed
TXN20260103000551,2026-01-03 08:15:04,1348,171,5010,3,126.82,54.58,0.07,380.46,353.83,190.09,AUD,buy_now_pay_later,web,completed
TXN20260103000552,2026-01-03 08:15:53,1267,236,,5,7.93,6.02,0.13,39.65,34.5,4.4,AUD,debit_card,web,completed
TXN20260103000553,2026-01-03 08:16:28,1438,155,5002,3,402.98,307.8,0.13,1208.94,1051.78,128.38,AUD,credit_card,mobile_app,completed
TXN20260103000554,2026-01-03 08:17:09,1007,210,,3,210.36,163.77,0.23,631.08,485.93,-5.38,AUD,debit_card,web,completed
TXN20260103000555,2026-01-03 08:17:51,1702,386,5007,1,284.12,120.27,0.18,284.12,232.98,112.71,AUD,credit_card,mobile_app,cancelled
TXN20260103000556,2026-01-03 08:17:51,1220,91,5003,2,229.04,125.54,0.01,458.08,453.5,202.42,AUD,credit_card,mobile_app,completed
TXN20260103000557,2026-01-03 08:17:52,2078,395,,2,259.59,188.33,0.08,519.18,477.65,100.99,AUD,debit_card,mobile_app,completed
TXN20260103000558,2026-01-03 08:18:06,1512,237,5008,2,5.09,3.29,0.04,10.18,9.77,3.19,AUD,credit_card,marketplace,completed
TXN20260103000559,2026-01-03 08:18:19,1385,203,5015,2,5.97,4.17,0.21,11.94,9.43,1.09,AUD,credit_card,web,completed
TXN20260103000560,2026-01-03 08:18:22,1831,30,,4,170.45,127.12,0.05,681.8,647.71,139.23,AUD,bank_transfer,mobile_app,completed
TXN20260103000561,2026-01-03 08:19:24,1965,358,5009,3,15.86,5.64,0.07,47.58,44.25,27.33,AUD,credit_card,web,completed
TXN20260103000562,2026-01-03 08:20:20,1802,364,5015,1,126.27,67.13,0.1,126.27,113.64,46.51,AUD,credit_card,mobile_app,completed
TXN20260103000563,2026-01-03 08:20:26,1562,280,,5,235.41,129.45,0.08,1177.05,1082.89,435.64,AUD,debit_card,web,completed
TXN20260103000564,2026-01-03 08:21:45,1941,245,5004,3,349.8,233.63,0.06,1049.4,986.44,285.55,AUD,debit_card,mobile_app,completed
TXN20260103000565,2026-01-03 08:21:50,1833,352,,1,241.96,137.89,0.04,241.96,232.28,94.39,AUD,credit_card,web,completed
TXN20260103000566,2026-01-03 08:22:21,1369,179,,4,197.14,84.55,0.15,788.56,670.28,332.08,AUD,paypal,web,completed
TXN20260103000567,2026-01-03 08:22:22,1520,33,5007,4,120.22,59.38,0.2,480.88,384.7,147.18,AUD,debit_card,mobile_app,completed
TXN20260103000568,2026-01-03 08:22:24,1492,199,,1,405.48,228.61,0.15,405.48,344.66,116.05,AUD,credit_card,web,cancelled
TXN20260103000569,2026-01-03 08:24:49,1646,383,,1,227.62,101.34,0.03,227.62,220.79,119.45,AUD,bank_transfer,web,completed
TXN20260103000570,2026-01-03 08:24:55,1748,266,5017,6,87.68,41.95,0.05,526.08,499.78,248.08,AUD,debit_card,mobile_app,completed
TXN20260103000571,2026-01-03 08:26:04,2186,128,5007,2,189.27,110.21,0.17,378.54,314.19,93.77,AUD,credit_card,web,cancelled
TXN20260103000572,2026-01-03 08:28:16,1813,33,,1,120.22,59.38,0.12,120.22,105.79,46.41,AUD,buy_now_pay_later,web,completed
TXN20260103000573,2026-01-03 08:28:49,1506,324,,2,79.51,55.68,0.03,159.02,154.25,42.89,AUD,gift_card,mobile_app,completed
TXN20260103000574,2026-01-03 08:28:57,1673,212,,4,172.34,98.73,0.2,689.36,551.49,156.57,AUD,debit_card,mobile_app,completed
TXN20260103000575,2026-01-03 08:29:51,2001,241,,1,242.09,167.24,0.01,242.09,239.67,72.43,AUD,bank_transfer,web,completed
TXN20260103000576,2026-01-03 08:29:52,1388,116,5016,2,265.13,138.42,0.05,530.26,503.75,226.91,AUD,credit_card,mobile_app,completed
TXN20260103000577,2026-01-03 08:30:31,1448,148,,2,64.17,49.35,0.05,128.34,121.92,23.22,AUD,credit_card,web,completed
TXN20260103000578,2026-01-03 08:31:09,1850,1,5007,1,367.54,272.05,0.19,367.54,297.71,25.66,AUD,credit_card,web,completed
TXN20260103000579,2026-01-03 08:31:11,1031,114,,6,311.7,127.05,0.03,1870.2,1814.09,1051.79,AUD,credit_card,mobile_app,completed
TXN20260103000580,2026-01-03 08:31:32,1502,254,,2,151.84,54.33,0.2,303.68,242.94,134.28,AUD,credit_card,mobile_app,completed
TXN20260103000581,2026-01-03 08:32:34,1207,188,5005,2,141.88,98.58,0.18,283.76,232.68,35.52,AUD,paypal,in_store,completed
TXN20260103000582,2026-01-03 08:32:36,1095,133,,1,22.32,9.12,0.16,22.32,18.75,9.63,AUD,bank_transfer,in_store,completed
TXN20260103000583,2026-01-03 08:32:51,1001,33,,1,120.22,59.38,0.0,120.22,120.22,60.84,AUD,debit_card,web,completed
TXN20260103000584,2026-01-03 08:33:02,1546,1,5016,5,367.54,272.05,0.25,1837.7,1378.28,18.03,AUD,credit_card,web,completed
TXN20260103000585,2026-01-03 08:33:35,1013,54,,3,80.17,60.5,0.14,240.51,206.84,25.34,AUD,credit_card,web,completed
TXN20260103000586,2026-01-03 08:33:56,1774,231,5010,2,114.93,83.66,0.12,229.86,202.28,34.96,AUD,credit_card,in_store,completed
TXN20260103000587,2026-01-03 08:34:03,1859,322,,3,98.42,48.71,0.09,295.26,268.69,122.56,AUD,debit_card,web,cancelled
TXN20260103000588,2026-01-03 08:34:04,2025,246,,4,334.95,216.34,0.08,1339.8,1232.62,367.26,AUD,credit_card,web,completed
TXN20260103000589,2026-01-03 08:34:07,1984,2,5009,2,292.97,126.42,0.02,585.94,574.22,321.38,AUD,paypal,web,completed
TXN20260103000590,2026-01-03 08:34:12,1589,322,,1,98.42,48.71,0.18,98.42,80.7,31.99,AUD,paypal,mobile_app,cancelled
TXN20260103000591,2026-01-03 08:34:51,1113,377,5010,3,34.75,17.44,0.04,104.25,100.08,47.76,AUD,gift_card,web,completed
TXN20260103000592,2026-01-03 08:35:59,2007,290,5010,6,37.46,23.23,0.09,224.76,204.53,65.15,AUD,paypal,marketplace,completed
TXN20260103000593,2026-01-03 08:36:03,1179,213,5008,2,89.64,56.55,0.06,179.28,168.52,55.42,AUD,credit_card,mobile_app,refunded
TXN20260103000594,2026-01-03 08:36:18,1550,249,,1,96.17,46.26,0.1,96.17,86.55,40.29,AUD,bank_transfer,web,completed
TXN20260103000595,2026-01-03 08:36:46,1952,336,5006,1,250.44,165.04,0.17,250.44,207.87,42.83,AUD,buy_now_pay_later,mobile_app,completed
TXN20260103000596,2026-01-03 08:37:20,1529,13,5015,2,39.93,31.05,0.17,79.86,66.28,4.18,AUD,paypal,in_store,completed
TXN20260103000597,2026-01-03 08:37:27,1211,199,,1,405.48,228.61,0.05,405.48,385.21,156.6,AUD,credit_card,mobile_app,completed
TXN20260103000598,2026-01-03 08:37:34,1414,282,,2,11.8,8.78,0.19,23.6,19.12,1.56,AUD,debit_card,mobile_app,completed
TXN20260103000599,2026-01-03 08:38:16,1341,384,5010,1,25.19,17.92,0.19,25.19,20.4,2.48,AUD,buy_now_pay_later,web,completed
TXN20260103000600,2026-01-03 08:38:25,2180,218,,5,150.35,81.79,0.13,751.75,654.02,245.07,AUD,credit_card,web,completed
TXN20260103000601,2026-01-03 08:38:26,1669,223,,2,140.86,54.16,0.08,281.72,259.18,150.86,AUD,gift_card,web,completed
TXN20260103000602,2026-01-03 08:38:26,1327,370,,2,292.21,138.01,0.1,584.42,525.98,249.96,AUD,paypal,mobile_app,completed
TXN20260103000603,2026-01-03 08:39:14,1826,251,,2,245.15,169.74,0.07,490.3,455.98,116.5,AUD,debit_card,mobile_app,completed
TXN20260103000604,2026-01-03 08:39:41,1362,257,5009,1,452.64,204.1,0.04,452.64,434.53,230.43,AUD,buy_now_pay_later,web,completed
TXN20260103000605,2026-01-03 08:39:59,1359,203,,1,5.97,4.17,0.05,5.97,5.67,1.5,AUD,credit_card,web,completed
TXN20260103000606,2026-01-03 08:40:28,1039,126,5012,3,63.01,42.43,0.07,189.03,175.8,48.51,AUD,credit_card,marketplace,completed
TXN20260103000607,2026-01-03 08:40:46,1912,189,5009,5,209.27,158.1,0.06,1046.35,983.57,193.07,AUD,credit_card,mobile_app,completed
TXN20260103000608,2026-01-03 08:41:01,1034,311,,4,265.88,206.32,0.09,1063.52,967.8,142.52,AUD,credit_card,marketplace,completed
TXN20260103000609,2026-01-03 08:41:19,1557,294,,4,25.75,16.01,0.11,103.0,91.67,27.63,AUD,bank_transfer,mobile_app,completed
TXN20260103000610,2026-01-03 08:41:43,1333,194,,2,45.96,33.9,0.22,91.92,71.7,3.9,AUD,debit_card,mobile_app,completed
TXN20260103000611,2026-01-03 08:42:06,1034,165,,6,198.75,72.56,0.01,1192.5,1180.58,745.22,AUD,debit_card,in_store,completed
TXN20260103000612,2026-01-03 08:42:08,1115,31,5013,3,125.26,43.94,0.18,375.78,308.14,176.32,AUD,paypal,mobile_app,completed
TXN20260103000613,2026-01-03 08:42:35,1028,328,,1,33.71,19.15,0.12,33.71,29.66,10.51,AUD,credit_card,web,completed
TXN20260103000614,2026-01-03 08:43:01,1927,378,,1,355.29,228.27,0.03,355.29,344.63,116.36,AUD,credit_card,mobile_app,completed
TXN20260103000615,2026-01-03 08:43:24,1106,162,5017,3,102.25,40.84,0.21,306.75,242.33,119.81,AUD,credit_card,mobile_app,completed
TXN20260103000616,2026-01-03 08:43:43,1142,80,,3,200.59,111.67,0.23,601.77,463.36,128.35,AUD,credit_card,web,completed
TXN20260103000617,2026-01-03 08:43:47,1565,169,5013,1,175.58,82.15,0.05,175.58,166.8,84.65,AUD,debit_card,mobile_app,completed
TXN20260103000618,2026-01-03 08:43:58,1643,342,5014,1,119.39,87.78,0.21,119.39,94.32,6.54,AUD,paypal,phone,completed
TXN20260103000619,2026-01-03 08:44:37,1975,129,5010,2,266.79,109.41,0.18,533.58,437.54,218.72,AUD,debit_card,mobile_app,completed
TXN20260103000620,2026-01-03 08:44:49,1802,98,,2,129.89,79.62,0.01,259.78,257.18,97.94,AUD,buy_now_pay_later,web,completed
TXN20260103000621,2026-01-03 08:44:56,1678,232,,2,159.76,96.34,0.14,319.52,274.79,82.11,AUD,debit_card,mobile_app,completed
TXN20260103000622,2026-01-03 08:45:54,1811,353,,4,53.63,27.2,0.06,214.52,201.65,92.85,AUD,credit_card,mobile_app,completed
TXN20260103000623,2026-01-03 08:46:46,1446,80,,4,200.59,111.67,0.28,802.36,577.7,131.02,AUD,credit_card,web,completed
TXN20260103000624,2026-01-03 08:47:23,1801,59,,1,66.9,33.14,0.09,66.9,60.88,27.74,AUD,credit_card,web,completed
TXN20260103000625,2026-01-03 08:48:00,2052,177,5018,3,287.87,144.14,0.07,863.61,803.16,370.74,AUD,credit_card,mobile_app,completed
TXN20260103000626,2026-01-03 08:48:42,1690,400,,1,83.09,58.62,0.09,83.09,75.61,16.99,AUD,debit_card,mobile_app,completed
TXN20260103000627,2026-01-03 08:48:46,1971,74,,2,161.48,101.89,0.14,322.96,277.75,73.97,AUD,buy_now_pay_later,web,completed
TXN20260103000628,2026-01-03 08:48:50,1319,75,,2,200.92,131.5,0.01,401.84,397.82,134.82,AUD,buy_now_pay_later,web,completed
TXN20260103000629,2026-01-03 08:49:01,1604,1,5013,2,367.54,272.05,0.04,735.08,705.68,161.58,AUD,credit_card,web,completed
TXN20260103000630,2026-01-03 08:49:02,1694,325,5002,2,185.03,90.35,0.1,370.06,333.05,152.35,AUD,debit_card,mobile_app,completed
TXN20260103000631,2026-01-03 08:49:17,1651,396,,3,358.76,209.23,0.04,1076.28,1033.23,405.54,AUD,credit_card,mobile_app,completed
TXN20260103000632,2026-01-03 08:49:35,1558,2,5003,4,292.97,126.42,0.12,1171.88,1031.25,525.57,AUD,credit_card,web,completed
TXN20260103000633,2026-01-03 08:50:04,1697,239,,2,33.36,20.5,0.13,66.72,58.05,17.05,AUD,credit_card,web,completed
TXN20260103000634,2026-01-03 08:50:19,1731,133,,1,22.32,9.12,0.06,22.32,20.98,11.86,AUD,credit_card,mobile_app,completed
TXN20260103000635,2026-01-03 08:50:52,1568,58,5006,2,93.1,56.49,0.13,186.2,161.99,49.01,AUD,credit_card,web,completed
TXN20260103000636,2026-01-03 08:51:27,1277,377,,1,34.75,17.44,0.1,34.75,31.28,13.84,AUD,bank_transfer,web,completed
TXN20260103000637,2026-01-03 08:51:32,2133,329,,3,58.04,30.71,0.03,174.12,168.9,76.77,AUD,credit_card,phone,completed
TXN20260103000638,2026-01-03 08:51:48,1198,212,,3,172.34,98.73,0.12,517.02,454.98,158.79,AUD,debit_card,mobile_app,completed
TXN20260103000639,2026-01-03 08:51:55,1190,235,,1,18.79,8.45,0.18,18.79,15.41,6.96,AUD,credit_card,mobile_app,completed
TXN20260103000640,2026-01-03 08:52:13,1283,341,,1,329.88,115.66,0.08,329.88,303.49,187.83,AUD,paypal,web,completed
TXN20260103000641,2026-01-03 08:52:14,1722,233,5005,3,320.43,123.08,0.18,961.29,788.26,419.02,AUD,paypal,marketplace,completed
TXN20260103000642,2026-01-03 08:52:31,1759,350,5002,1,78.73,28.3,0.25,78.73,59.05,30.75,AUD,buy_now_pay_later,mobile_app,completed
TXN20260103000643,2026-01-03 08:52:56,1860,114,,3,311.7,127.05,0.19,935.1,757.43,376.28,AUD,credit_card,mobile_app,completed
TXN20260103000644,2026-01-03 08:52:58,1426,307,5007,4,349.28,266.61,0.14,1397.12,1201.52,135.08,AUD,debit_card,web,completed
TXN20260103000645,2026-01-03 08:53:22,2083,108,,1,13.12,5.5,0.02,13.12,12.86,7.36,AUD,credit_card,mobile_app,completed
TXN20260103000646,2026-01-03 08:54:16,1506,265,,3,217.01,151.39,0.09,651.03,592.44,138.27,AUD,debit_card,web,completed
TXN20260103000647,2026-01-03 08:55:29,1236,372,,2,321.9,183.97,0.2,643.8,515.04,147.1,AUD,paypal,in_store,cancelled
TXN20260103000648,2026-01-03 08:55:33,1362,135,5010,2,141.91,90.68,0.14,283.82,244.09,62.73,AUD,paypal,web,completed
TXN20260103000649,2026-01-03 08:56:06,1739,130,,2,18.48,10.08,0.14,36.96,31.79,11.63,AUD,buy_now_pay_later,web,completed
TXN20260103000650,2026-01-03 08:56:10,2115,296,,4,305.06,151.58,0.12,1220.24,1073.81,467.49,AUD,debit_card,mobile_app,completed
TXN20260103000651,2026-01-03 08:56:14,1103,135,,1,141.91,90.68,0.11,141.91,126.3,35.62,AUD,debit_card,web,completed
TXN20260103000652,2026-01-03 08:56:30,1842,8,,3,65.06,29.43,0.12,195.18,171.76,83.47,AUD,gift_card,web,completed
TXN20260103000653,2026-01-03 08:56:53,2071,345,,1,301.49,218.7,0.07,301.49,280.39,61.69,AUD,debit_card,mobile_app,completed
TXN20260103000654,2026-01-03 08:57:12,1493,249,,2,96.17,46.26,0.12,192.34,169.26,76.74,AUD,paypal,web,completed
TXN20260103000655,2026-01-03 08:57:18,1281,19,,4,170.44,126.31,0.09,681.76,620.4,115.16,AUD,credit_card,web,completed
TXN20260103000656,2026-01-03 08:57:42,2150,397,,2,183.67,101.88,0.19,367.34,297.55,93.79,AUD,debit_card,web,completed
TXN20260103000657,2026-01-03 08:58:02,1547,48,5014,3,196.8,70.47,0.06,590.4,554.98,343.57,AUD,credit_card,mobile_app,completed
TXN20260103000658,2026-01-03 08:58:05,2044,58,5008,3,93.1,56.49,0.01,279.3,276.51,107.04,AUD,credit_card,mobile_app,completed
TXN20260103000659,2026-01-03 08:58:57,1046,380,,2,148.6,57.32,0.21,297.2,234.79,120.15,AUD,buy_now_pay_later,web,completed
TXN20260103000660,2026-01-03 08:58:57,2139,244,5015,2,141.72,92.91,0.2,283.44,226.75,40.93,AUD,paypal,in_store,completed
TXN20260103000661,2026-01-03 08:58:58,2139,294,5016,1,25.75,16.01,0.11,25.75,22.92,6.91,AUD,debit_card,mobile_app,completed
TXN20260103000662,2026-01-03 08:59:15,2028,178,,2,354.14,201.79,0.11,708.28,630.37,226.79,AUD,debit_card,mobile_app,completed
TXN20260103000663,2026-01-03 08:59:59,2017,95,,3,125.86,97.81,0.12,377.58,332.27,38.84,AUD,credit_card,mobile_app,completed
TXN20260103000664,2026-01-03 09:00:22,1415,316,,1,109.37,70.04,0.21,109.37,86.4,16.36,AUD,buy_now_pay_later,web,completed
TXN20260103000665,2026-01-03 09:00:35,1140,182,,3,185.56,117.63,0.17,556.68,462.04,109.15,AUD,paypal,mobile_app,completed
TXN20260103000666,2026-01-03 09:01:01,2018,51,5003,2,162.3,85.52,0.05,324.6,308.37,137.33,AUD,debit_card,web,completed
TXN20260103000667,2026-01-03 09:01:27,1041,184,,1,24.72,17.45,0.11,24.72,22.0,4.55,AUD,buy_now_pay_later,mobile_app,completed
TXN20260103000668,2026-01-03 09:01:45,2123,184,5016,5,24.72,17.45,0.12,123.6,108.77,21.52,AUD,buy_now_pay_later,mobile_app,completed
TXN20260103000669,2026-01-03 09:02:03,1093,74,5004,1,161.48,101.89,0.14,161.48,138.87,36.98,AUD,credit_card,mobile_app,completed
TXN20260103000670,2026-01-03 09:02:59,1984,63,,5,137.14,59.24,0.18,685.7,562.27,266.07,AUD,paypal,mobile_app,completed
TXN20260103000671,2026-01-03 09:03:32,1715,55,,1,51.38,24.77,0.07,51.38,47.78,23.01,AUD,debit_card,web,completed
TXN20260103000672,2026-01-03 09:04:04,1138,191,,1,265.41,112.45,0.14,265.41,228.25,115.8,AUD,credit_card,mobile_app,completed
TXN20260103000673,2026-01-03 09:04:04,1834,373,,1,423.09,155.74,0.05,423.09,401.94,246.2,AUD,credit_card,web,completed
TXN20260103000674,2026-01-03 09:04:58,1534,12,,5,22.05,16.18,0.04,110.25,105.84,24.94,AUD,credit_card,mobile_app,completed
TXN20260103000675,2026-01-03 09:05:02,1131,341,,3,329.88,115.66,0.19,989.64,801.61,454.63,AUD,credit_card,mobile_app,completed
TXN20260103000676,2026-01-03 09:05:03,2082,132,,3,109.21,38.28,0.04,327.63,314.52,199.68,AUD,credit_card,marketplace,completed
TXN20260103000677,2026-01-03 09:05:15,1510,121,5006,3,18.5,12.03,0.01,55.5,54.95,18.86,AUD,credit_card,web,completed
TXN20260103000678,2026-01-03 09:05:47,1845,359,5004,3,421.42,180.37,0.09,1264.26,1150.48,609.37,AUD,credit_card,web,completed
TXN20260103000679,2026-01-03 09:05:50,1800,353,,4,53.63,27.2,0.13,214.52,186.63,77.83,AUD,credit_card,mobile_app,completed
TXN20260103000680,2026-01-03 09:06:23,1439,27,,1,172.81,116.75,0.02,172.81,169.35,52.6,AUD,debit_card,web,completed
TXN20260103000681,2026-01-03 09:06:36,2166,227,,4,46.57,24.42,0.04,186.28,178.83,81.15,AUD,debit_card,web,completed
TXN20260103000682,2026-01-03 09:06:55,1410,29,,3,157.08,114.81,0.06,471.24,442.97,98.54,AUD,buy_now_pay_later,web,completed
TXN20260103000683,2026-01-03 09:07:59,1507,96,5015,1,143.85,89.79,0.03,143.85,139.53,49.74,AUD,buy_now_pay_later,web,completed
TXN20260103000684,2026-01-03 09:08:16,1109,280,,3,235.41,129.45,0.07,706.23,656.79,268.44,AUD,debit_card,mobile_app,completed
TXN20260103000685,2026-01-03 09:08:18,1342,233,,2,320.43,123.08,0.04,640.86,615.23,369.07,AUD,paypal,web,completed
TXN20260103000686,2026-01-03 09:08:42,2094,332,,2,436.24,255.68,0.16,872.48,732.88,221.52,AUD,credit_card,web,completed
TXN20260103000687,2026-01-03 09:08:45,1222,79,,4,139.3,69.25,0.1,557.2,501.48,224.48,AUD,buy_now_pay_later,in_store,completed
TXN20260103000688,2026-01-03 09:08:56,2059,370,,2,292.21,138.01,0.03,584.42,566.89,290.87,AUD,bank_transfer,web,cancelled
TXN20260103000689,2026-01-03 09:08:59,1142,81,5015,1,133.11,71.55,0.01,133.11,131.78,60.23,AUD,paypal,mobile_app,completed
TXN20260103000690,2026-01-03 09:09:14,1466,239,,2,33.36,20.5,0.06,66.72,62.72,21.72,AUD,credit_card,mobile_app,refunded
TXN20260103000691,2026-01-03 09:09:26,1625,378,,3,355.29,228.27,0.03,1065.87,1033.89,349.08,AUD,credit_card,mobile_app,completed
TXN20260103000692,2026-01-03 09:10:37,1763,306,,3,201.0,79.58,0.06,603.0,566.82,328.08,AUD,credit_card,mobile_app,completed
TXN20260103000693,2026-01-03 09:10:49,2126,217,5005,1,105.58,80.07,0.09,105.58,96.08,16.01,AUD,debit_card,marketplace,completed
TXN20260103000694,2026-01-03 09:11:22,1709,211,,5,125.27,94.18,0.01,626.35,620.09,149.19,AUD,credit_card,mobile_app,completed
TXN20260103000695,2026-01-03 09:11:54,2098,161,,4,57.23,33.31,0.16,228.92,192.29,59.05,AUD,debit_card,marketplace,completed
TXN20260103000696,2026-01-03 09:12:16,2038,30,5007,3,170.45,127.12,0.0,511.35,511.35,129.99,AUD,buy_now_pay_later,web,completed
TXN20260103000697,2026-01-03 09:12:37,2179,158,5002,1,101.24,48.34,0.13,101.24,88.08,39.74,AUD,credit_card,web,completed
TXN20260103000698,2026-01-03 09:13:02,1446,164,,4,219.94,105.48,0.23,879.76,677.42,255.5,AUD,paypal,web,completed
TXN20260103000699,2026-01-03 09:13:07,1459,152,,1,18.61,8.27,0.24,18.61,14.14,5.87,AUD,paypal,web,completed
TXN20260103000700,2026-01-03 09:13:15,2019,114,5017,1,311.7,127.05,0.14,311.7,268.06,141.01,AUD,bank_transfer,mobile_app,completed
TXN20260103000701,2026-01-03 09:13:33,1185,194,5007,1,45.96,33.9,0.08,45.96,42.28,8.38,AUD,debit_card,mobile_app,completed
TXN20260103000702,2026-01-03 09:13:36,1158,84,,1,131.95,75.26,0.1,131.95,118.75,43.49,AUD,credit_card,web,completed
TXN20260103000703,2026-01-03 09:14:04,2039,246,,5,334.95,216.34,0.08,1674.75,1540.77,459.07,AUD,paypal,web,completed
TXN20260103000704,2026-01-03 09:14:04,2069,392,5007,3,197.73,138.04,0.07,593.19,551.67,137.55,AUD,paypal,mobile_app,completed
TXN20260103000705,2026-01-03 09:14:31,2169,248,5007,5,58.0,41.73,0.05,290.0,275.5,66.85,AUD,credit_card,in_store,completed
TXN20260103000706,2026-01-03 09:14:40,1509,306,,1,201.0,79.58,0.16,201.0,168.84,89.26,AUD,debit_card,web,completed
TXN20260103000707,2026-01-03 09:15:16,1765,281,,1,206.68,92.2,0.26,206.68,152.94,60.74,AUD,credit_card,web,completed
TXN20260103000708,2026-01-03 09:15:48,1266,289,,3,135.78,64.29,0.13,407.34,354.39,161.52,AUD,debit_card,web,completed
TXN20260103000709,2026-01-03 09:15:58,1561,215,5012,1,8.88,3.58,0.02,8.88,8.7,5.12,AUD,debit_card,marketplace,completed
TXN20260103000710,2026-01-03 09:16:49,1723,143,,4,166.42,116.53,0.0,665.68,665.68,199.56,AUD,buy_now_pay_later,mobile_app,completed
TXN20260103000711,2026-01-03 09:17:20,1312,116,5018,3,265.13,138.42,0.03,795.39,771.53,356.27,AUD,paypal,in_store,completed
TXN20260103000712,2026-01-03 09:18:33,1624,188,,1,141.88,98.58,0.03,141.88,137.62,39.04,AUD,bank_transfer,web,completed
TXN20260103000713,2026-01-03 09:18:49,1321,341,,3,329.88,115.66,0.2,989.64,791.71,444.73,AUD,buy_now_pay_later,web,completed
TXN20260103000714,2026-01-03 09:19:27,1926,319,5002,1,134.18,49.74,0.15,134.18,114.05,64.31,AUD,debit_card,mobile_app,completed
TXN20260103000715,2026-01-03 09:20:06,1231,277,,1,470.57,189.97,0.26,470.57,348.22,158.25,AUD,paypal,in_store,completed
TXN20260103000716,2026-01-03 09:20:13,2079,299,,1,256.41,147.41,0.19,256.41,207.69,60.28,AUD,paypal,mobile_app,completed
TXN20260103000717,2026-01-03 09:20:26,2014,76,5013,1,153.93,70.84,0.02,153.93,150.85,80.01,AUD,credit_card,mobile_app,completed
TXN20260103000718,2026-01-03 09:21:08,1106,153,,2,133.15,94.62,0.14,266.3,229.02,39.78,AUD,credit_card,mobile_app,completed
TXN20260103000719,2026-01-03 09:21:17,1405,100,5013,1,429.39,290.83,0.08,429.39,395.04,104.21,AUD,paypal,web,completed
TXN20260103000720,2026-01-03 09:22:07,1456,175,,1,176.68,90.48,0.08,176.68,162.55,72.07,AUD,paypal,mobile_app,completed
TXN20260103000721,2026-01-03 09:22:21,1078,319,,5,134.18,49.74,0.11,670.9,597.1,348.4,AUD,gift_card,web,completed
TXN20260103000722,2026-01-03 09:22:42,1605,355,,1,211.06,93.04,0.19,211.06,170.96,77.92,AUD,credit_card,mobile_app,completed
TXN20260103000723,2026-01-03 09:22:55,1385,295,,3,125.3,93.62,0.08,375.9,345.83,64.97,AUD,credit_card,web,completed
TXN20260103000724,2026-01-03 09:22:56,1182,384,,4,25.19,17.92,0.16,100.76,84.64,12.96,AUD,buy_now_pay_later,marketplace,completed
TXN20260103000725,2026-01-03 09:23:10,1199,327,,5,27.46,12.97,0.13,137.3,119.45,54.6,AUD,bank_transfer,marketplace,pending
TXN20260103000726,2026-01-03 09:23:34,1152,29,5012,4,157.08,114.81,0.06,628.32,590.62,131.38,AUD,credit_card,mobile_app,completed
TXN20260103000727,2026-01-03 09:24:13,1180,313,5002,4,364.12,204.74,0.05,1456.48,1383.66,564.7,AUD,credit_card,web,completed
TXN20260103000728,2026-01-03 09:24:39,1508,173,,5,67.53,28.1,0.11,337.65,300.51,160.01,AUD,credit_card,web,completed
TXN20260103000729,2026-01-03 09:25:14,1193,251,,2,245.15,169.74,0.1,490.3,441.27,101.79,AUD,credit_card,web,completed
TXN20260103000730,2026-01-03 09:25:49,1585,364,,1,126.27,67.13,0.29,126.27,89.65,22.52,AUD,credit_card,web,completed
TXN20260103000731,2026-01-03 09:25:58,1303,240,,2,296.5,109.26,0.12,593.0,521.84,303.32,AUD,credit_card,mobile_app,completed
TXN20260103000732,2026-01-03 09:26:40,1949,174,,1,56.31,22.6,0.18,56.31,46.17,23.57,AUD,debit_card,mobile_app,completed
TXN20260103000733,2026-01-03 09:26:49,1123,221,,4,157.27,79.8,0.1,629.08,566.17,246.97,AUD,buy_now_pay_later,web,completed
TXN20260103000734,2026-01-03 09:26:54,1259,241,,1,242.09,167.24,0.07,242.09,225.14,57.9,AUD,credit_card,web,completed
TXN20260103000735,2026-01-03 09:27:18,1064,244,,2,141.72,92.91,0.01,283.44,280.61,94.79,AUD,credit_card,mobile_app,completed
TXN20260103000736,2026-01-03 09:27:31,2031,390,,4,368.36,241.5,0.0,1473.44,1473.44,507.44,AUD,buy_now_pay_later,web,completed
TXN20260103000737,2026-01-03 09:28:09,1212,315,,4,85.51,53.68,0.05,342.04,324.94,110.22,AUD,credit_card,web,completed
TXN20260103000738,2026-01-03 09:28:20,1346,103,5009,1,34.27,18.76,0.19,34.27,27.76,9.0,AUD,credit_card,mobile_app,completed
TXN20260103000739,2026-01-03 09:28:28,1543,46,,3,182.51,84.92,0.03,547.53,531.1,276.34,AUD,credit_card,mobile_app,completed
TXN20260103000740,2026-01-03 09:28:29,1161,373,,4,423.09,155.74,0.25,1692.36,1269.27,646.31,AUD,credit_card,mobile_app,completed
TXN20260103000741,2026-01-03 09:28:42,1843,392,,1,197.73,138.04,0.25,197.73,148.3,10.26,AUD,buy_now_pay_later,mobile_app,completed
TXN20260103000742,2026-01-03 09:28:51,2105,275,,1,116.41,50.22,0.0,116.41,116.41,66.19,AUD,buy_now_pay_later,marketplace,completed
TXN20260103000743,2026-01-03 09:29:11,1823,230,5005,3,249.03,160.65,0.05,747.09,709.74,227.79,AUD,buy_now_pay_later,marketplace,completed
TXN20260103000744,2026-01-03 09:29:13,1727,371,,4,279.28,128.3,0.17,1117.12,927.21,414.01,AUD,paypal,mobile_app,completed
TXN20260103000745,2026-01-03 09:31:04,2167,75,,3,200.92,131.5,0.18,602.76,494.26,99.76,AUD,debit_card,mobile_app,completed
TXN20260103000746,2026-01-03 09:31:38,2140,195,5012,6,142.11,62.0,0.11,852.66,758.87,386.87,AUD,bank_transfer,marketplace,completed
TXN20260103000747,2026-01-03 09:32:34,1688,385,,3,111.79,81.72,0.05,335.37,318.6,73.44,AUD,credit_card,mobile_app,completed
TXN20260103000748,2026-01-03 09:32:37,2001,90,,2,65.94,42.23,0.27,131.88,96.27,11.81,AUD,debit_card,web,completed
TXN20260103000749,2026-01-03 09:33:05,1650,317,,5,25.27,14.13,0.05,126.35,120.03,49.38,AUD,credit_card,mobile_app,completed
TXN20260103000750,2026-01-03 09:33:11,2032,182,,3,185.56,117.63,0.04,556.68,534.41,181.52,AUD,paypal,web,completed
TXN20260103000751,2026-01-03 09:33:55,1636,358,5014,1,15.86,5.64,0.19,15.86,12.85,7.21,AUD,buy_now_pay_later,web,completed
TXN20260103000752,2026-01-03 09:35:42,1280,184,,1,24.72,17.45,0.12,24.72,21.75,4.3,AUD,credit_card,mobile_app,completed
TXN20260103000753,2026-01-03 09:36:14,1483,231,,1,114.93,83.66,0.06,114.93,108.03,24.37,AUD,credit_card,mobile_app,completed
TXN20260103000754,2026-01-03 09:36:23,2170,236,,1,7.93,6.02,0.17,7.93,6.58,0.56,AUD,paypal,web,completed
TXN20260103000755,2026-01-03 09:36:49,1118,150,,2,205.86,111.18,0.05,411.72,391.13,168.77,AUD,debit_card,web,completed
TXN20260103000756,2026-01-03 09:37:00,1715,46,,5,182.51,84.92,0.09,912.55,830.42,405.82,AUD,buy_now_pay_later,web,completed
TXN20260103000757,2026-01-03 09:37:29,2028,221,,2,157.27,79.8,0.02,314.54,308.25,148.65,AUD,debit_card,mobile_app,completed
TXN20260103000758,2026-01-03 09:37:40,1864,369,,1,254.39,165.86,0.18,254.39,208.6,42.74,AUD,paypal,mobile_app,completed
TXN20260103000759,2026-01-03 09:37:55,1623,91,,2,229.04,125.54,0.09,458.08,416.85,165.77,AUD,credit_card,web,completed
TXN20260103000760,2026-01-03 09:38:08,1976,197,,4,161.84,90.95,0.21,647.36,511.41,147.61,AUD,credit_card,mobile_app,completed
TXN20260103000761,2026-01-03 09:38:41,2042,100,,1,429.39,290.83,0.16,429.39,360.69,69.86,AUD,buy_now_pay_later,mobile_app,completed
TXN20260103000762,2026-01-03 09:39:12,1020,399,5008,3,108.85,55.74,0.19,326.55,264.51,97.29,AUD,credit_card,mobile_app,completed
TXN20260103000763,2026-01-03 09:39:36,1718,260,5003,1,168.41,124.86,0.03,168.41,163.36,38.5,AUD,credit_card,mobile_app,completed
TXN20260103000764,2026-01-03 09:40:09,1987,87,,5,137.75,85.09,0.16,688.75,578.55,153.1,AUD,credit_card,web,completed
TXN20260103000765,2026-01-03 09:40:34,1271,199,,3,405.48,228.61,0.04,1216.44,1167.78,481.95,AUD,debit_card,marketplace,completed
TXN20260103000766,2026-01-03 09:40:51,1060,178,,2,354.14,201.79,0.18,708.28,580.79,177.21,AUD,credit_card,web,completed
TXN20260103000767,2026-01-03 09:41:17,1559,28,,2,154.87,112.5,0.05,309.74,294.25,69.25,AUD,debit_card,web,completed
TXN20260103000768,2026-01-03 09:41:27,1760,74,5013,1,161.48,101.89,0.1,161.48,145.33,43.44,AUD,gift_card,web,completed
TXN20260103000769,2026-01-03 09:41:33,1421,381,,2,12.14,8.81,0.1,24.28,21.85,4.23,AUD,debit_card,web,completed
TXN20260103000770,2026-01-03 09:41:43,1593,264,,2,82.43,34.18,0.19,164.86,133.54,65.18,AUD,credit_card,mobile_app,completed
TXN20260103000771,2026-01-03 09:41:50,1755,172,5010,5,191.33,75.08,0.02,956.65,937.52,562.12,AUD,credit_card,web,completed
TXN20260103000772,2026-01-03 09:41:57,2132,36,,1,95.33,67.51,0.16,95.33,80.08,12.57,AUD,debit_card,web,completed
TXN20260103000773,2026-01-03 09:43:04,1554,33,5017,2,120.22,59.38,0.23,240.44,185.14,66.38,AUD,credit_card,mobile_app,completed
TXN20260103000774,2026-01-03 09:43:41,1249,397,,3,183.67,101.88,0.18,551.01,451.83,146.19,AUD,credit_card,mobile_app,completed
TXN20260103000775,2026-01-03 09:44:15,1268,269,,1,129.92,57.09,0.06,129.92,122.12,65.03,AUD,debit_card,web,completed
TXN20260103000776,2026-01-03 09:44:20,1260,347,5006,1,71.51,38.02,0.25,71.51,53.63,15.61,AUD,debit_card,mobile_app,completed
TXN20260103000777,2026-01-03 09:44:59,1773,326,,2,183.44,105.75,0.07,366.88,341.2,129.7,AUD,credit_card,web,completed
TXN20260103000778,2026-01-03 09:45:21,1664,399,,6,108.85,55.74,0.02,653.1,640.04,305.6,AUD,gift_card,web,completed
TXN20260103000779,2026-01-03 09:45:42,1242,275,,5,116.41,50.22,0.1,582.05,523.85,272.75,AUD,credit_card,mobile_app,completed
TXN20260103000780,2026-01-03 09:46:14,1275,65,,3,253.83,167.53,0.09,761.49,692.96,190.37,AUD,paypal,mobile_app,completed
TXN20260103000781,2026-01-03 09:47:09,1346,100,5012,1,429.39,290.83,0.02,429.39,420.8,129.97,AUD,credit_card,mobile_app,completed
TXN20260103000782,2026-01-03 09:47:22,1651,249,,4,96.17,46.26,0.09,384.68,350.06,165.02,AUD,buy_now_pay_later,web,pending
TXN20260103000783,2026-01-03 09:48:39,1558,186,5013,6,294.97,120.02,0.06,1769.82,1663.63,943.51,AUD,credit_card,in_store,completed
TXN20260103000784,2026-01-03 09:48:43,1517,255,,2,109.46,69.18,0.19,218.92,177.33,38.97,AUD,credit_card,web,completed
TXN20260103000785,2026-01-03 09:49:11,2183,203,,1,5.97,4.17,0.03,5.97,5.79,1.62,AUD,credit_card,marketplace,completed
TXN20260103000786,2026-01-03 09:49:17,1868,329,,3,58.04,30.71,0.05,174.12,165.41,73.28,AUD,credit_card,mobile_app,refunded
TXN20260103000787,2026-01-03 09:49:24,1473,346,,1,337.76,248.46,0.01,337.76,334.38,85.92,AUD,paypal,web,completed
TXN20260103000788,2026-01-03 09:50:27,1847,233,5003,1,320.43,123.08,0.13,320.43,278.77,155.69,AUD,buy_now_pay_later,web,completed
TXN20260103000789,2026-01-03 09:50:41,1761,16,,1,185.65,67.71,0.23,185.65,142.95,75.24,AUD,credit_card,web,completed
TXN20260103000790,2026-01-03 09:51:47,1970,33,,2,120.22,59.38,0.06,240.44,226.01,107.25,AUD,paypal,web,completed
TXN20260103000791,2026-01-03 09:52:01,1762,145,,5,333.84,132.73,0.06,1669.2,1569.05,905.4,AUD,debit_card,web,completed
TXN20260103000792,2026-01-03 09:52:15,1036,155,,1,402.98,307.8,0.17,402.98,334.47,26.67,AUD,buy_now_pay_later,web,completed
TXN20260103000793,2026-01-03 09:53:03,1893,145,,2,333.84,132.73,0.2,667.68,534.14,268.68,AUD,buy_now_pay_later,web,completed
TXN20260103000794,2026-01-03 09:53:13,1567,286,,2,226.6,96.42,0.15,453.2,385.22,192.38,AUD,credit_card,web,completed
TXN20260103000795,2026-01-03 09:53:13,1573,248,,2,58.0,41.73,0.04,116.0,111.36,27.9,AUD,debit_card,web,completed
TXN20260103000796,2026-01-03 09:53:15,1038,300,,1,134.02,50.66,0.17,134.02,111.24,60.58,AUD,credit_card,web,completed
TXN20260103000797,2026-01-03 09:53:34,1993,104,5018,3,41.5,30.94,0.12,124.5,109.56,16.74,AUD,debit_card,web,completed
TXN20260103000798,2026-01-03 09:53:52,1529,25,,3,279.71,213.59,0.07,839.13,780.39,139.62,AUD,credit_card,web,completed
TXN20260103000799,2026-01-03 09:54:24,2146,152,,3,18.61,8.27,0.07,55.83,51.92,27.11,AUD,credit_card,mobile_app,completed
TXN20260103000800,2026-01-03 09:54:36,1766,384,,3,25.19,17.92,0.07,75.57,70.28,16.52,AUD,debit_card,web,completed
TXN20260103000801,2026-01-03 09:54:47,1577,155,,1,402.98,307.8,0.21,402.98,318.35,10.55,AUD,paypal,marketplace,completed
TXN20260103000802,2026-01-03 09:55:24,1675,138,,1,132.98,57.54,0.19,132.98,107.71,50.17,AUD,debit_card,web,completed
TXN20260103000803,2026-01-03 09:56:12,1721,232,5003,1,159.76,96.34,0.06,159.76,150.17,53.83,AUD,gift_card,web,completed
TXN20260103000804,2026-01-03 09:56:20,2040,254,,2,151.84,54.33,0.18,303.68,249.02,140.36,AUD,debit_card,web,completed
TXN20260103000805,2026-01-03 09:56:52,1990,152,,1,18.61,8.27,0.15,18.61,15.82,7.55,AUD,paypal,mobile_app,completed
TXN20260103000806,2026-01-03 09:57:16,2105,306,5005,3,201.0,79.58,0.01,603.0,596.97,358.23,AUD,credit_card,web,completed
TXN20260103000807,2026-01-03 09:58:14,1581,237,,3,5.09,3.29,0.12,15.27,13.44,3.57,AUD,credit_card,mobile_app,completed
TXN20260103000808,2026-01-03 09:59:04,1656,30,5009,1,170.45,127.12,0.09,170.45,155.11,27.99,AUD,buy_now_pay_later,mobile_app,completed
TXN20260103000809,2026-01-03 09:59:59,2125,277,,2,470.57,189.97,0.19,941.14,762.32,382.38,AUD,paypal,web,completed
TXN20260103000810,2026-01-03 10:02:53,1797,60,,2,77.58,46.86,0.18,155.16,127.23,33.51,AUD,paypal,web,refunded
TXN20260103000811,2026-01-03 10:03:28,1960,31,,4,125.26,43.94,0.1,501.04,450.94,275.18,AUD,gift_card,web,completed
TXN20260103000812,2026-01-03 10:03:56,1766,223,5018,2,140.86,54.16,0.05,281.72,267.63,159.31,AUD,bank_transfer,in_store,completed
TXN20260103000813,2026-01-03 10:04:24,1743,390,5015,1,368.36,241.5,0.22,368.36,287.32,45.82,AUD,paypal,marketplace,completed
TXN20260103000814,2026-01-03 10:04:35,1466,111,,2,130.14,98.41,0.15,260.28,221.24,24.42,AUD,credit_card,mobile_app,completed
TXN20260103000815,2026-01-03 10:05:14,1241,306,5006,3,201.0,79.58,0.04,603.0,578.88,340.14,AUD,credit_card,web,completed
TXN20260103000816,2026-01-03 10:09:07,2188,201,,2,105.57,80.82,0.12,211.14,185.8,24.16,AUD,credit_card,web,cancelled
TXN20260103000817,2026-01-03 10:10:41,1341,42,,2,64.61,39.72,0.11,129.22,115.01,35.57,AUD,paypal,marketplace,completed
TXN20260103000818,2026-01-03 10:10:46,1011,380,,2,148.6,57.32,0.06,297.2,279.37,164.73,AUD,credit_card,marketplace,completed
TXN20260103000819,2026-01-03 10:11:56,1878,184,,1,24.72,17.45,0.24,24.72,18.79,1.34,AUD,credit_card,web,completed
TXN20260103000820,2026-01-03 10:12:31,1755,34,,4,250.91,140.28,0.09,1003.64,913.31,352.19,AUD,gift_card,web,completed
TXN20260103000821,2026-01-03 10:14:39,1050,244,,4,141.72,92.91,0.01,566.88,561.21,189.57,AUD,gift_card,marketplace,completed
TXN20260103000822,2026-01-03 10:15:55,1307,193,,2,368.81,195.25,0.22,737.62,575.34,184.84,AUD,credit_card,web,completed
TXN20260103000823,2026-01-03 10:16:31,1057,96,,1,143.85,89.79,0.2,143.85,115.08,25.29,AUD,credit_card,web,completed
TXN20260103000824,2026-01-03 10:18:27,2106,369,,1,254.39,165.86,0.22,254.39,198.42,32.56,AUD,buy_now_pay_later,mobile_app,completed
TXN20260103000825,2026-01-03 10:20:30,1238,165,5013,1,198.75,72.56,0.18,198.75,162.98,90.42,AUD,paypal,marketplace,completed
TXN20260103000826,2026-01-03 10:22:16,1316,44,,3,236.02,141.49,0.22,708.06,552.29,127.82,AUD,gift_card,mobile_app,completed
TXN20260103000827,2026-01-03 10:24:45,1546,326,,5,183.44,105.75,0.11,917.2,816.31,287.56,AUD,credit_card,web,completed
TXN20260103000828,2026-01-03 10:25:48,1793,376,,3,227.27,124.66,0.19,681.81,552.27,178.29,AUD,credit_card,mobile_app,completed
TXN20260103000829,2026-01-03 10:26:06,1646,362,,3,10.4,7.12,0.22,31.2,24.34,2.98,AUD,paypal,web,completed
TXN20260103000830,2026-01-03 10:27:11,1233,112,5014,2,121.28,51.75,0.11,242.56,215.88,112.38,AUD,credit_card,mobile_app,completed
TXN20260103000831,2026-01-03 10:29:09,1964,53,,4,33.81,14.85,0.09,135.24,123.07,63.67,AUD,credit_card,web,completed
TXN20260103000832,2026-01-03 10:30:08,1550,124,5012,2,396.85,254.98,0.15,793.7,674.64,164.68,AUD,credit_card,mobile_app,completed
TXN20260103000833,2026-01-03 10:30:15,1894,257,5002,2,452.64,204.1,0.01,905.28,896.23,488.03,AUD,debit_card,mobile_app,cancelled
TXN20260103000834,2026-01-03 10:31:18,1059,113,,1,424.44,152.08,0.16,424.44,356.53,204.45,AUD,credit_card,mobile_app,completed
TXN20260103000835,2026-01-03 10:31:35,1832,139,5010,4,93.98,72.88,0.1,375.92,338.33,46.81,AUD,credit_card,web,completed
TXN20260103000836,2026-01-03 10:32:47,1551,1,5007,1,367.54,272.05,0.14,367.54,316.08,44.03,AUD,credit_card,marketplace,completed
TXN20260103000837,2026-01-03 10:33:21,1258,152,,2,18.61,8.27,0.11,37.22,33.13,16.59,AUD,paypal,mobile_app,completed
TXN20260103000838,2026-01-03 10:36:21,1562,156,,2,179.48,110.08,0.01,358.96,355.37,135.21,AUD,credit_card,in_store,completed
TXN20260103000839,2026-01-03 10:38:01,1439,213,,2,89.64,56.55,0.07,179.28,166.73,53.63,AUD,credit_card,in_store,completed
TXN20260103000840,2026-01-03 10:38:58,2189,29,5008,2,157.08,114.81,0.06,314.16,295.31,65.69,AUD,paypal,web,completed
TXN20260103000841,2026-01-03 10:40:10,2160,97,,1,261.47,109.45,0.02,261.47,256.24,146.79,AUD,paypal,mobile_app,completed
TXN20260103000842,2026-01-03 10:43:55,2032,182,5012,5,185.56,117.63,0.07,927.8,862.85,274.7,AUD,debit_card,web,completed
TXN20260103000843,2026-01-03 10:44:17,1406,116,,5,265.13,138.42,0.03,1325.65,1285.88,593.78,AUD,bank_transfer,mobile_app,completed
TXN20260103000844,2026-01-03 10:44:55,1629,39,,2,153.21,59.61,0.19,306.42,248.2,128.98,AUD,credit_card,web,completed
TXN20260103000845,2026-01-03 10:45:13,1505,218,,1,150.35,81.79,0.03,150.35,145.84,64.05,AUD,debit_card,mobile_app,completed
TXN20260103000846,2026-01-03 10:45:29,1271,175,,4,176.68,90.48,0.0,706.72,706.72,344.8,AUD,debit_card,mobile_app,completed
TXN20260103000847,2026-01-03 10:47:42,1195,163,5014,6,280.84,142.19,0.2,1685.04,1348.03,494.89,AUD,bank_transfer,web,completed
TXN20260103000848,2026-01-03 10:48:44,1296,386,5018,1,284.12,120.27,0.06,284.12,267.07,146.8,AUD,buy_now_pay_later,mobile_app,completed
TXN20260103000849,2026-01-03 10:49:26,1954,130,,5,18.48,10.08,0.12,92.4,81.31,30.91,AUD,credit_card,web,completed
TXN20260103000850,2026-01-03 10:49:59,1031,60,,4,77.58,46.86,0.02,310.32,304.11,116.67,AUD,credit_card,mobile_app,completed
TXN20260103000851,2026-01-03 10:50:41,1762,115,,2,166.75,108.87,0.07,333.5,310.15,92.41,AUD,credit_card,mobile_app,refunded
TXN20260103000852,2026-01-03 10:51:20,1262,143,,5,166.42,116.53,0.09,832.1,757.21,174.56,AUD,paypal,mobile_app,cancelled
TXN20260103000853,2026-01-03 10:51:24,1097,345,5014,3,301.49,218.7,0.0,904.47,904.47,248.37,AUD,credit_card,web,completed
TXN20260103000854,2026-01-03 10:53:58,1837,181,,1,219.32,157.3,0.03,219.32,212.74,55.44,AUD,credit_card,mobile_app,completed
TXN20260103000855,2026-01-03 10:57:29,1846,70,,1,291.11,188.06,0.01,291.11,288.2,100.14,AUD,debit_card,web,completed
TXN20260103000856,2026-01-03 10:57:59,1917,135,,5,141.91,90.68,0.03,709.55,688.26,234.86,AUD,paypal,mobile_app,completed
TXN20260103000857,2026-01-03 10:58:24,2107,324,5017,2,79.51,55.68,0.05,159.02,151.07,39.71,AUD,debit_card,web,completed
TXN20260103000858,2026-01-03 10:59:10,1661,353,5014,3,53.63,27.2,0.06,160.89,151.24,69.64,AUD,credit_card,web,completed
TXN20260103000859,2026-01-03 10:59:38,1483,260,5017,2,168.41,124.86,0.19,336.82,272.82,23.1,AUD,credit_card,web,completed
TXN20260103000860,2026-01-03 11:00:34,1464,4,,1,238.89,172.72,0.14,238.89,205.45,32.73,AUD,credit_card,marketplace,completed
TXN20260103000861,2026-01-03 11:01:26,2141,140,,3,98.88,53.29,0.04,296.64,284.77,124.9,AUD,paypal,mobile_app,completed
TXN20260103000862,2026-01-03 11:02:14,2013,327,,3,27.46,12.97,0.04,82.38,79.08,40.17,AUD,debit_card,mobile_app,completed
TXN20260103000863,2026-01-03 11:05:22,1443,185,,3,182.91,71.26,0.17,548.73,455.45,241.67,AUD,credit_card,web,completed
TXN20260103000864,2026-01-03 11:05:46,1515,281,,3,206.68,92.2,0.02,620.04,607.64,331.04,AUD,credit_card,mobile_app,completed
TXN20260103000865,2026-01-03 11:07:20,1146,154,,3,128.25,56.51,0.03,384.75,373.21,203.68,AUD,credit_card,mobile_app,completed
TXN20260103000866,2026-01-03 11:07:45,1783,296,5014,1,305.06,151.58,0.04,305.06,292.86,141.28,AUD,credit_card,web,pending
TXN20260103000867,2026-01-03 11:08:05,1730,121,5018,5,18.5,12.03,0.08,92.5,85.1,24.95,AUD,credit_card,mobile_app,completed
TXN20260103000868,2026-01-03 11:08:17,1175,212,,3,172.34,98.73,0.02,517.02,506.68,210.49,AUD,credit_card,marketplace,completed
TXN20260103000869,2026-01-03 11:11:24,1037,291,,3,348.41,145.57,0.22,1045.23,815.28,378.57,AUD,debit_card,mobile_app,completed
TXN20260103000870,2026-01-03 11:13:35,1951,2,,3,292.97,126.42,0.08,878.91,808.6,429.34,AUD,debit_card,web,completed
TXN20260103000871,2026-01-03 11:13:56,1603,67,5009,4,164.66,66.92,0.12,658.64,579.6,311.92,AUD,paypal,in_store,completed
TXN20260103000872,2026-01-03 11:14:28,1717,176,,2,19.37,14.31,0.14,38.74,33.32,4.7,AUD,debit_card,mobile_app,completed
TXN20260103000873,2026-01-03 11:16:51,2022,130,5009,3,18.48,10.08,0.16,55.44,46.57,16.33,AUD,buy_now_pay_later,web,completed
TXN20260103000874,2026-01-03 11:18:17,1152,249,,4,96.17,46.26,0.22,384.68,300.05,115.01,AUD,paypal,mobile_app,completed
TXN20260103000875,2026-01-03 11:19:22,1115,300,,2,134.02,50.66,0.06,268.04,251.96,150.64,AUD,paypal,web,completed
TXN20260103000876,2026-01-03 11:21:21,1266,326,,3,183.44,105.75,0.01,550.32,544.82,227.57,AUD,gift_card,web,completed
TXN20260103000877,2026-01-03 11:21:48,1262,15,5016,2,42.26,18.74,0.05,84.52,80.29,42.81,AUD,credit_card,mobile_app,cancelled
TXN20260103000878,2026-01-03 11:23:52,1234,351,,2,410.9,255.25,0.02,821.8,805.36,294.86,AUD,credit_card,marketplace,completed
TXN20260103000879,2026-01-03 11:24:36,2061,392,,3,197.73,138.04,0.14,593.19,510.14,96.02,AUD,debit_card,mobile_app,completed
TXN20260103000880,2026-01-03 11:26:04,1576,86,5013,2,176.95,129.01,0.0,353.9,353.9,95.88,AUD,credit_card,mobile_app,completed
TXN20260103000881,2026-01-03 11:27:13,1703,317,,6,25.27,14.13,0.11,151.62,134.94,50.16,AUD,buy_now_pay_later,mobile_app,completed
TXN20260103000882,2026-01-03 11:28:28,1832,378,5013,1,355.29,228.27,0.18,355.29,291.34,63.07,AUD,gift_card,mobile_app,completed
TXN20260103000883,2026-01-03 11:28:32,1882,250,,5,231.82,122.47,0.16,1159.1,973.64,361.29,AUD,debit_card,marketplace,completed
TXN20260103000884,2026-01-03 11:28:52,1732,326,,3,183.44,105.75,0.19,550.32,445.76,128.51,AUD,credit_card,web,completed
TXN20260103000885,2026-01-03 11:30:20,1488,188,,5,141.88,98.58,0.13,709.4,617.18,124.28,AUD,credit_card,marketplace,completed
TXN20260103000886,2026-01-03 11:31:43,1351,225,,1,310.73,232.58,0.03,310.73,301.41,68.83,AUD,credit_card,mobile_app,pending
TXN20260103000887,2026-01-03 11:32:00,1069,83,,1,271.39,135.83,0.06,271.39,255.11,119.28,AUD,bank_transfer,web,completed
TXN20260103000888,2026-01-03 11:33:52,2006,105,,1,142.92,89.61,0.16,142.92,120.05,30.44,AUD,credit_card,web,completed
TXN20260103000889,2026-01-03 11:35:20,1647,31,,1,125.26,43.94,0.15,125.26,106.47,62.53,AUD,debit_card,mobile_app,refunded
TXN20260103000890,2026-01-03 11:35:22,1769,89,5010,2,131.64,95.41,0.08,263.28,242.22,51.4,AUD,credit_card,web,completed
TXN20260103000891,2026-01-03 11:35:54,1297,11,5017,2,383.38,230.87,0.13,766.76,667.08,205.34,AUD,buy_now_pay_later,in_store,completed
TXN20260103000892,2026-01-03 11:37:30,1305,162,5010,2,102.25,40.84,0.08,204.5,188.14,106.46,AUD,buy_now_pay_later,web,completed
TXN20260103000893,2026-01-03 11:42:36,1332,12,5008,3,22.05,16.18,0.11,66.15,58.87,10.33,AUD,credit_card,web,completed
TXN20260103000894,2026-01-03 11:45:36,1981,148,,2,64.17,49.35,0.09,128.34,116.79,18.09,AUD,bank_transfer,marketplace,completed
TXN20260103000895,2026-01-03 11:50:14,2104,262,5003,4,30.32,15.63,0.05,121.28,115.22,52.7,AUD,debit_card,mobile_app,completed
TXN20260103000896,2026-01-03 11:51:03,1211,65,,1,253.83,167.53,0.08,253.83,233.52,65.99,AUD,credit_card,web,completed
TXN20260103000897,2026-01-03 11:51:05,1859,379,,1,115.88,59.08,0.03,115.88,112.4,53.32,AUD,credit_card,marketplace,completed
TXN20260103000898,2026-01-03 11:51:47,1622,151,,2,36.21,16.06,0.12,72.42,63.73,31.61,AUD,credit_card,web,completed
TXN20260103000899,2026-01-03 11:52:05,1428,362,,1,10.4,7.12,0.24,10.4,7.9,0.78,AUD,credit_card,web,completed
TXN20260103000900,2026-01-03 11:52:14,2176,249,,3,96.17,46.26,0.02,288.51,282.74,143.96,AUD,paypal,in_store,completed
TXN20260103000901,2026-01-03 11:52:40,1327,174,,6,56.31,22.6,0.24,337.86,256.77,121.17,AUD,paypal,marketplace,completed
TXN20260103000902,2026-01-03 11:56:29,1848,317,,4,25.27,14.13,0.09,101.08,91.98,35.46,AUD,credit_card,mobile_app,completed
TXN20260103000903,2026-01-03 11:57:42,1694,328,5015,1,33.71,19.15,0.18,33.71,27.64,8.49,AUD,credit_card,mobile_app,completed
TXN20260103000904,2026-01-03 12:00:44,1718,322,5014,2,98.42,48.71,0.11,196.84,175.19,77.77,AUD,paypal,web,completed
TXN20260103000905,2026-01-03 12:01:36,1758,75,,1,200.92,131.5,0.2,200.92,160.74,29.24,AUD,credit_card,web,completed
TXN20260103000906,2026-01-03 12:01:53,1343,322,,2,98.42,48.71,0.1,196.84,177.16,79.74,AUD,paypal,marketplace,completed
TXN20260103000907,2026-01-03 12:02:07,1136,375,,1,239.04,121.65,0.2,239.04,191.23,69.58,AUD,credit_card,web,completed
TXN20260103000908,2026-01-03 12:02:13,1033,226,,4,224.08,91.6,0.05,896.32,851.5,485.1,AUD,debit_card,mobile_app,completed
TXN20260103000909,2026-01-03 12:02:44,2195,107,,3,391.82,298.53,0.07,1175.46,1093.18,197.59,AUD,buy_now_pay_later,web,completed
TXN20260103000910,2026-01-03 12:03:25,1896,104,,4,41.5,30.94,0.15,166.0,141.1,17.34,AUD,buy_now_pay_later,web,completed
TXN20260103000911,2026-01-03 12:03:35,1686,66,5007,1,157.5,63.74,0.17,157.5,130.72,66.98,AUD,credit_card,web,completed
TXN20260103000912,2026-01-03 12:03:43,1737,306,,4,201.0,79.58,0.27,804.0,586.92,268.6,AUD,paypal,mobile_app,completed
TXN20260103000913,2026-01-03 12:03:44,1372,95,,1,125.86,97.81,0.09,125.86,114.53,16.72,AUD,paypal,web,completed
TXN20260103000914,2026-01-03 12:03:45,1354,320,,5,5.35,2.75,0.12,26.75,23.54,9.79,AUD,credit_card,mobile_app,refunded
TXN20260103000915,2026-01-03 12:04:05,1765,78,,1,128.52,52.69,0.02,128.52,125.95,73.26,AUD,credit_card,marketplace,completed
TXN20260103000916,2026-01-03 12:04:15,1810,15,5017,2,42.26,18.74,0.02,84.52,82.83,45.35,AUD,credit_card,marketplace,cancelled
TXN20260103000917,2026-01-03 12:04:36,1927,226,,4,224.08,91.6,0.05,896.32,851.5,485.1,AUD,debit_card,web,completed
TXN20260103000918,2026-01-03 12:04:43,1938,346,5014,5,337.76,248.46,0.17,1688.8,1401.7,159.4,AUD,buy_now_pay_later,web,completed
TXN20260103000919,2026-01-03 12:04:57,2183,222,5012,3,32.17,11.42,0.13,96.51,83.96,49.7,AUD,credit_card,web,completed
TXN20260103000920,2026-01-03 12:05:11,1481,364,5018,1,126.27,67.13,0.25,126.27,94.7,27.57,AUD,credit_card,phone,completed
TXN20260103000921,2026-01-03 12:05:33,1169,74,,1,161.48,101.89,0.04,161.48,155.02,53.13,AUD,credit_card,web,completed
TXN20260103000922,2026-01-03 12:06:04,2165,179,5009,3,197.14,84.55,0.08,591.42,544.11,290.46,AUD,buy_now_pay_later,web,cancelled
TXN20260103000923,2026-01-03 12:06:16,1034,44,5010,2,236.02,141.49,0.19,472.04,382.35,99.37,AUD,paypal,web,completed
TXN20260103000924,2026-01-03 12:06:18,1158,343,5018,5,32.63,13.17,0.11,163.15,145.2,79.35,AUD,bank_transfer,mobile_app,completed
TXN20260103000925,2026-01-03 12:06:21,1438,27,,2,172.81,116.75,0.1,345.62,311.06,77.56,AUD,debit_card,web,completed
TXN20260103000926,2026-01-03 12:06:36,1707,370,,1,292.21,138.01,0.09,292.21,265.91,127.9,AUD,debit_card,mobile_app,completed
TXN20260103000927,2026-01-03 12:06:55,1695,305,5002,3,51.53,22.19,0.2,154.59,123.67,57.1,AUD,debit_card,mobile_app,completed
TXN20260103000928,2026-01-03 12:06:58,1850,323,,1,154.89,83.84,0.01,154.89,153.34,69.5,AUD,credit_card,web,completed
TXN20260103000929,2026-01-03 12:07:00,1371,394,5015,5,26.27,10.02,0.09,131.35,119.53,69.43,AUD,credit_card,mobile_app,completed
TXN20260103000930,2026-01-03 12:07:11,1395,195,,3,142.11,62.0,0.12,426.33,375.17,189.17,AUD,buy_now_pay_later,marketplace,completed
TXN20260103000931,2026-01-03 12:07:38,2007,42,5018,2,64.61,39.72,0.19,129.22,104.67,25.23,AUD,bank_transfer,marketplace,completed
TXN20260103000932,2026-01-03 12:07:55,1016,68,,1,197.74,154.22,0.04,197.74,189.83,35.61,AUD,credit_card,mobile_app,completed
TXN20260103000933,2026-01-03 12:08:02,1628,221,,1,157.27,79.8,0.27,157.27,114.81,35.01,AUD,credit_card,mobile_app,completed
TXN20260103000934,2026-01-03 12:08:31,1904,254,,4,151.84,54.33,0.13,607.36,528.4,311.08,AUD,paypal,mobile_app,completed
TXN20260103000935,2026-01-03 12:08:56,1410,243,5012,3,6.18,2.24,0.02,18.54,18.17,11.45,AUD,credit_card,mobile_app,completed
TXN20260103000936,2026-01-03 12:09:31,1783,350,,3,78.73,28.3,0.11,236.19,210.21,125.31,AUD,credit_card,mobile_app,completed
TXN20260103000937,2026-01-03 12:09:33,1472,254,,1,151.84,54.33,0.15,151.84,129.06,74.73,AUD,bank_transfer,web,completed
TXN20260103000938,2026-01-03 12:09:45,1645,398,,3,94.81,37.08,0.18,284.43,233.23,121.99,AUD,buy_now_pay_later,web,completed
TXN20260103000939,2026-01-03 12:09:54,1518,187,,6,18.28,11.11,0.23,109.68,84.45,17.79,AUD,debit_card,web,completed
TXN20260103000940,2026-01-03 12:10:16,1025,148,,4,64.17,49.35,0.1,256.68,231.01,33.61,AUD,credit_card,web,completed
TXN20260103000941,2026-01-03 12:10:16,1228,133,5006,4,22.32,9.12,0.08,89.28,82.14,45.66,AUD,credit_card,web,completed
TXN20260103000942,2026-01-03 12:11:13,1018,343,,3,32.63,13.17,0.02,97.89,95.93,56.42,AUD,debit_card,web,completed
TXN20260103000943,2026-01-03 12:12:15,1682,351,,1,410.9,255.25,0.18,410.9,336.94,81.69,AUD,debit_card,marketplace,completed
TXN20260103000944,2026-01-03 12:13:21,2002,291,,2,348.41,145.57,0.09,696.82,634.11,342.97,AUD,bank_transfer,mobile_app,completed
TXN20260103000945,2026-01-03 12:13:29,1432,76,,2,153.93,70.84,0.09,307.86,280.15,138.47,AUD,debit_card,web,pending
TXN20260103000946,2026-01-03 12:13:31,1171,128,5006,5,189.27,110.21,0.06,946.35,889.57,338.52,AUD,credit_card,web,completed
TXN20260103000947,2026-01-03 12:14:32,2012,11,5014,2,383.38,230.87,0.04,766.76,736.09,274.35,AUD,buy_now_pay_later,mobile_app,refunded
TXN20260103000948,2026-01-03 12:15:06,2112,197,5013,2,161.84,90.95,0.13,323.68,281.6,99.7,AUD,credit_card,mobile_app,completed
TXN20260103000949,2026-01-03 12:15:40,1871,221,,2,157.27,79.8,0.04,314.54,301.96,142.36,AUD,paypal,in_store,completed
TXN20260103000950,2026-01-03 12:16:10,1936,359,,1,421.42,180.37,0.08,421.42,387.71,207.34,AUD,paypal,mobile_app,completed
TXN20260103000951,2026-01-03 12:16:54,1042,67,5006,3,164.66,66.92,0.01,493.98,489.04,288.28,AUD,credit_card,mobile_app,completed
TXN20260103000952,2026-01-03 12:17:12,1738,190,,1,232.96,154.99,0.21,232.96,184.04,29.05,AUD,debit_card,mobile_app,refunded
TXN20260103000953,2026-01-03 12:17:14,1461,98,,1,129.89,79.62,0.05,129.89,123.4,43.78,AUD,buy_now_pay_later,web,completed
TXN20260103000954,2026-01-03 12:17:24,2012,43,5002,2,211.3,164.39,0.04,422.6,405.7,76.92,AUD,paypal,marketplace,completed
TXN20260103000955,2026-01-03 12:17:26,1513,57,,4,7.38,2.62,0.0,29.52,29.52,19.04,AUD,credit_card,web,completed
TXN20260103000956,2026-01-03 12:18:09,1524,287,5003,5,67.92,35.4,0.02,339.6,332.81,155.81,AUD,buy_now_pay_later,mobile_app,completed
TXN20260103000957,2026-01-03 12:18:22,1926,163,,3,280.84,142.19,0.06,842.52,791.97,365.4,AUD,debit_card,in_store,completed
TXN20260103000958,2026-01-03 12:18:28,1915,6,,2,45.92,33.82,0.1,91.84,82.66,15.02,AUD,credit_card,web,refunded
TXN20260103000959,2026-01-03 12:18:32,1005,113,5003,1,424.44,152.08,0.08,424.44,390.48,238.4,AUD,credit_card,mobile_app,completed
TXN20260103000960,2026-01-03 12:19:22,1435,350,5008,5,78.73,28.3,0.06,393.65,370.03,228.53,AUD,credit_card,web,completed
TXN20260103000961,2026-01-03 12:19:36,1888,35,5013,5,123.44,76.69,0.11,617.2,549.31,165.86,AUD,buy_now_pay_later,mobile_app,completed
TXN20260103000962,2026-01-03 12:19:59,1180,78,5017,4,128.52,52.69,0.19,514.08,416.4,205.64,AUD,credit_card,web,completed
TXN20260103000963,2026-01-03 12:20:35,1438,351,,5,410.9,255.25,0.06,2054.5,1931.23,654.98,AUD,buy_now_pay_later,mobile_app,completed
TXN20260103000964,2026-01-03 12:20:52,1765,91,,5,229.04,125.54,0.07,1145.2,1065.04,437.34,AUD,buy_now_pay_later,mobile_app,completed
TXN20260103000965,2026-01-03 12:20:52,1442,156,,2,179.48,110.08,0.0,358.96,358.96,138.8,AUD,paypal,mobile_app,completed
TXN20260103000966,2026-01-03 12:21:35,1509,368,,2,77.62,57.72,0.23,155.24,119.53,4.09,AUD,credit_card,mobile_app,completed
TXN20260103000967,2026-01-03 12:21:42,1195,136,,1,12.1,8.71,0.05,12.1,11.49,2.78,AUD,debit_card,marketplace,completed
TXN20260103000968,2026-01-03 12:22:04,1834,76,,2,153.93,70.84,0.07,307.86,286.31,144.63,AUD,credit_card,mobile_app,completed
TXN20260103000969,2026-01-03 12:22:39,1523,90,,1,65.94,42.23,0.08,65.94,60.66,18.43,AUD,bank_transfer,mobile_app,completed
TXN20260103000970,2026-01-03 12:22:40,1871,26,,5,76.06,28.87,0.1,380.3,342.27,197.92,AUD,buy_now_pay_later,web,completed
TXN20260103000971,2026-01-03 12:22:52,1796,374,,1,37.72,26.89,0.06,37.72,35.46,8.57,AUD,buy_now_pay_later,mobile_app,completed
TXN20260103000972,2026-01-03 12:24:09,1022,128,,1,189.27,110.21,0.01,189.27,187.38,77.17,AUD,credit_card,marketplace,completed
TXN20260103000973,2026-01-03 12:24:22,1355,143,,3,166.42,116.53,0.16,499.26,419.38,69.79,AUD,gift_card,mobile_app,completed
TXN20260103000974,2026-01-03 12:24:43,1047,380,5007,4,148.6,57.32,0.13,594.4,517.13,287.85,AUD,buy_now_pay_later,web,completed
TXN20260103000975,2026-01-03 12:25:07,1418,4,,2,238.89,172.72,0.08,477.78,439.56,94.12,AUD,buy_now_pay_later,web,completed
TXN20260103000976,2026-01-03 12:25:37,1280,71,5007,4,451.62,218.09,0.08,1806.48,1661.96,789.6,AUD,credit_card,marketplace,completed
TXN20260103000977,2026-01-03 12:26:15,1897,189,,3,209.27,158.1,0.07,627.81,583.86,109.56,AUD,credit_card,mobile_app,refunded
TXN20260103000978,2026-01-03 12:26:20,1670,174,5017,2,56.31,22.6,0.09,112.62,102.48,57.28,AUD,credit_card,mobile_app,completed
TXN20260103000979,2026-01-03 12:26:34,2070,271,5005,1,132.74,79.27,0.11,132.74,118.14,38.87,AUD,debit_card,mobile_app,completed
TXN20260103000980,2026-01-03 12:26:40,1316,159,5004,3,232.46,120.67,0.12,697.38,613.69,251.68,AUD,credit_card,marketplace,completed
TXN20260103000981,2026-01-03 12:26:42,1622,312,,4,142.79,97.05,0.11,571.16,508.33,120.13,AUD,credit_card,web,completed
TXN20260103000982,2026-01-03 12:26:42,1439,260,5014,1,168.41,124.86,0.03,168.41,163.36,38.5,AUD,credit_card,web,completed
TXN20260103000983,2026-01-03 12:26:46,1408,47,,5,383.34,271.98,0.06,1916.7,1801.7,441.8,AUD,paypal,mobile_app,completed
TXN20260103000984,2026-01-03 12:27:15,1506,115,,4,166.75,108.87,0.08,667.0,613.64,178.16,AUD,buy_now_pay_later,in_store,completed
TXN20260103000985,2026-01-03 12:27:25,1620,240,,3,296.5,109.26,0.12,889.5,782.76,454.98,AUD,buy_now_pay_later,web,completed
TXN20260103000986,2026-01-03 12:27:39,1047,347,,2,71.51,38.02,0.17,143.02,118.71,42.67,AUD,debit_card,web,completed
TXN20260103000987,2026-01-03 12:28:02,1333,378,5016,3,355.29,228.27,0.2,1065.87,852.7,167.89,AUD,credit_card,web,completed
TXN20260103000988,2026-01-03 12:28:22,1923,111,5013,3,130.14,98.41,0.13,390.42,339.67,44.44,AUD,buy_now_pay_later,mobile_app,completed
TXN20260103000989,2026-01-03 12:29:13,1973,257,5008,2,452.64,204.1,0.01,905.28,896.23,488.03,AUD,credit_card,web,completed
TXN20260103000990,2026-01-03 12:29:28,1402,170,,5,68.81,27.57,0.21,344.05,271.8,133.95,AUD,paypal,web,completed
TXN20260103000991,2026-01-03 12:29:28,1214,90,,3,65.94,42.23,0.21,197.82,156.28,29.59,AUD,credit_card,web,completed
TXN20260103000992,2026-01-03 12:30:00,2103,354,,2,128.43,85.15,0.13,256.86,223.47,53.17,AUD,paypal,phone,completed
TXN20260103000993,2026-01-03 12:30:22,1316,214,,4,133.32,71.17,0.22,533.28,415.96,131.28,AUD,debit_card,web,completed
TXN20260103000994,2026-01-03 12:31:17,1179,239,,4,33.36,20.5,0.03,133.44,129.44,47.44,AUD,debit_card,web,cancelled
TXN20260103000995,2026-01-03 12:31:54,1940,351,,2,410.9,255.25,0.13,821.8,714.97,204.47,AUD,credit_card,web,completed
TXN20260103000996,2026-01-03 12:32:22,1783,114,5018,1,311.7,127.05,0.1,311.7,280.53,153.48,AUD,buy_now_pay_later,web,refunded
TXN20260103000997,2026-01-03 12:33:13,1728,108,,4,13.12,5.5,0.13,52.48,45.66,23.66,AUD,credit_card,mobile_app,completed
TXN20260103000998,2026-01-03 12:33:26,2111,217,5005,2,105.58,80.07,0.03,211.16,204.83,44.69,AUD,debit_card,web,completed
TXN20260103000999,2026-01-03 12:33:35,1220,348,,1,367.68,171.93,0.08,367.68,338.27,166.34,AUD,credit_card,web,completed
TXN20260103001000,2026-01-03 12:33:50,1298,235,,2,18.79,8.45,0.0,37.58,37.58,20.68,AUD,debit_card,in_store,completed
TXN20260103001001,2026-01-03 12:33:53,1514,206,,2,211.48,126.89,0.06,422.96,397.58,143.8,AUD,credit_card,mobile_app,completed
TXN20260103001002,2026-01-03 12:34:21,2179,43,,4,211.3,164.39,0.09,845.2,769.13,111.57,AUD,paypal,web,completed
TXN20260103001003,2026-01-03 12:34:40,1040,23,5018,2,371.29,240.22,0.08,742.58,683.17,202.73,AUD,credit_card,web,completed
TXN20260103001004,2026-01-03 12:34:50,1908,299,,3,256.41,147.41,0.08,769.23,707.69,265.46,AUD,credit_card,mobile_app,completed
TXN20260103001005,2026-01-03 12:34:57,1690,379,5014,1,115.88,59.08,0.21,115.88,91.55,32.47,AUD,buy_now_pay_later,web,completed
TXN20260103001006,2026-01-03 12:35:19,2165,242,,1,149.29,73.33,0.01,149.29,147.8,74.47,AUD,credit_card,marketplace,completed
TXN20260103001007,2026-01-03 12:35:23,2101,43,,3,211.3,164.39,0.27,633.9,462.75,-30.42,AUD,credit_card,web,completed
TXN20260103001008,2026-01-03 12:35:25,2025,243,5009,1,6.18,2.24,0.16,6.18,5.19,2.95,AUD,buy_now_pay_later,mobile_app,completed
TXN20260103001009,2026-01-03 12:36:12,1540,73,5013,3,97.62,68.56,0.06,292.86,275.29,69.61,AUD,buy_now_pay_later,mobile_app,completed
TXN20260103001010,2026-01-03 12:36:28,1819,106,,5,313.2,199.1,0.04,1566.0,1503.36,507.86,AUD,credit_card,mobile_app,completed
TXN20260103001011,2026-01-03 12:36:43,1532,122,,1,163.85,114.55,0.14,163.85,140.91,26.36,AUD,credit_card,web,completed
TXN20260103001012,2026-01-03 12:37:15,1936,75,5007,2,200.92,131.5,0.22,401.84,313.44,50.44,AUD,credit_card,mobile_app,completed
TXN20260103001013,2026-01-03 12:37:19,1882,90,5016,1,65.94,42.23,0.01,65.94,65.28,23.05,AUD,credit_card,web,completed
TXN20260103001014,2026-01-03 12:37:38,2005,34,5003,1,250.91,140.28,0.18,250.91,205.75,65.47,AUD,debit_card,web,completed
TXN20260103001015,2026-01-03 12:38:16,1597,157,,1,63.5,40.09,0.08,63.5,58.42,18.33,AUD,buy_now_pay_later,web,cancelled
TXN20260103001016,2026-01-03 12:38:33,1603,220,,2,80.96,29.21,0.0,161.92,161.92,103.5,AUD,credit_card,marketplace,completed
TXN20260103001017,2026-01-03 12:38:42,1490,352,5012,2,241.96,137.89,0.03,483.92,469.4,193.62,AUD,debit_card,web,completed
TXN20260103001018,2026-01-03 12:38:44,1451,327,5007,1,27.46,12.97,0.19,27.46,22.24,9.27,AUD,credit_card,web,completed
TXN20260103001019,2026-01-03 12:38:52,1755,339,5017,2,232.73,135.01,0.18,465.46,381.68,111.66,AUD,debit_card,web,completed
TXN20260103001020,2026-01-03 12:39:30,2004,54,,3,80.17,60.5,0.21,240.51,190.0,8.5,AUD,credit_card,web,completed
TXN20260103001021,2026-01-03 12:39:52,1386,130,,2,18.48,10.08,0.15,36.96,31.42,11.26,AUD,credit_card,web,completed
TXN20260103001022,2026-01-03 12:40:01,1680,238,,1,356.39,213.37,0.03,356.39,345.7,132.33,AUD,credit_card,mobile_app,completed
TXN20260103001023,2026-01-03 12:40:11,1587,260,5004,1,168.41,124.86,0.06,168.41,158.31,33.45,AUD,gift_card,mobile_app,completed
TXN20260103001024,2026-01-03 12:40:53,2039,391,,2,294.69,110.36,0.08,589.38,542.23,321.51,AUD,credit_card,mobile_app,completed
TXN20260103001025,2026-01-03 12:41:35,1515,281,,4,206.68,92.2,0.2,826.72,661.38,292.58,AUD,buy_now_pay_later,mobile_app,completed
TXN20260103001026,2026-01-03 12:41:53,1620,292,,4,313.29,237.82,0.12,1253.16,1102.78,151.5,AUD,paypal,mobile_app,completed
TXN20260103001027,2026-01-03 12:42:22,1173,376,,4,227.27,124.66,0.07,909.08,845.44,346.8,AUD,paypal,web,completed
TXN20260103001028,2026-01-03 12:42:39,1897,399,,1,108.85,55.74,0.03,108.85,105.58,49.84,AUD,credit_card,mobile_app,completed
TXN20260103001029,2026-01-03 12:43:17,1583,358,,2,15.86,5.64,0.02,31.72,31.09,19.81,AUD,credit_card,web,completed
TXN20260103001030,2026-01-03 12:44:00,1096,277,5012,1,470.57,189.97,0.07,470.57,437.63,247.66,AUD,paypal,web,completed
TXN20260103001031,2026-01-03 12:44:09,1710,14,5004,1,60.5,36.5,0.05,60.5,57.47,20.97,AUD,debit_card,mobile_app,completed
TXN20260103001032,2026-01-03 12:45:04,1552,202,,2,257.36,101.79,0.14,514.72,442.66,239.08,AUD,gift_card,mobile_app,completed
TXN20260103001033,2026-01-03 12:45:15,2172,222,,1,32.17,11.42,0.15,32.17,27.34,15.92,AUD,bank_transfer,mobile_app,completed
TXN20260103001034,2026-01-03 12:45:55,1469,192,,5,486.02,347.84,0.04,2430.1,2332.9,593.7,AUD,credit_card,web,cancelled
TXN20260103001035,2026-01-03 12:46:54,2059,100,5012,2,429.39,290.83,0.06,858.78,807.25,225.59,AUD,credit_card,mobile_app,completed
TXN20260103001036,2026-01-03 12:48:21,1033,18,,5,23.51,10.69,0.13,117.55,102.27,48.82,AUD,buy_now_pay_later,mobile_app,completed
TXN20260103001037,2026-01-03 12:48:35,1551,261,,1,222.59,120.24,0.12,222.59,195.88,75.64,AUD,paypal,web,refunded
TXN20260103001038,2026-01-03 12:48:52,1780,386,5002,3,284.12,120.27,0.01,852.36,843.84,483.03,AUD,debit_card,web,completed
TXN20260103001039,2026-01-03 12:48:54,1057,116,,6,265.13,138.42,0.02,1590.78,1558.96,728.44,AUD,buy_now_pay_later,mobile_app,completed
TXN20260103001040,2026-01-03 12:48:56,1562,46,,2,182.51,84.92,0.01,365.02,361.37,191.53,AUD,debit_card,marketplace,completed
TXN20260103001041,2026-01-03 12:49:14,1110,150,,1,205.86,111.18,0.0,205.86,205.86,94.68,AUD,debit_card,mobile_app,completed
TXN20260103001042,2026-01-03 12:49:26,1072,245,5010,3,349.8,233.63,0.27,1049.4,766.06,65.17,AUD,paypal,in_store,completed
TXN20260103001043,2026-01-03 12:49:33,1808,47,,1,383.34,271.98,0.17,383.34,318.17,46.19,AUD,buy_now_pay_later,web,completed
TXN20260103001044,2026-01-03 12:49:47,1173,387,,1,113.54,61.9,0.05,113.54,107.86,45.96,AUD,credit_card,mobile_app,completed
TXN20260103001045,2026-01-03 12:50:10,1871,85,,2,173.56,99.76,0.05,347.12,329.76,130.24,AUD,paypal,marketplace,completed
TXN20260103001046,2026-01-03 12:50:24,1652,233,5017,1,320.43,123.08,0.11,320.43,285.18,162.1,AUD,paypal,web,cancelled
TXN20260103001047,2026-01-03 12:50:39,2074,398,,2,94.81,37.08,0.16,189.62,159.28,85.12,AUD,debit_card,web,completed
TXN20260103001048,2026-01-03 12:50:51,2129,32,5015,1,107.59,39.39,0.1,107.59,96.83,57.44,AUD,debit_card,web,completed
TXN20260103001049,2026-01-03 12:51:02,1738,74,,3,161.48,101.89,0.02,484.44,474.75,169.08,AUD,credit_card,mobile_app,completed
TXN20260103001050,2026-01-03 12:51:23,1440,299,,2,256.41,147.41,0.12,512.82,451.28,156.46,AUD,buy_now_pay_later,web,pending
TXN20260103001051,2026-01-03 12:51:25,2015,384,,2,25.19,17.92,0.26,50.38,37.28,1.44,AUD,buy_now_pay_later,web,cancelled
TXN20260103001052,2026-01-03 12:51:40,1786,361,,1,172.83,61.35,0.09,172.83,157.28,95.93,AUD,credit_card,mobile_app,completed
TXN20260103001053,2026-01-03 12:51:57,1509,31,,1,125.26,43.94,0.02,125.26,122.75,78.81,AUD,debit_card,web,cancelled
TXN20260103001054,2026-01-03 12:52:05,1157,68,,3,197.74,154.22,0.15,593.22,504.24,41.58,AUD,debit_card,mobile_app,completed
TXN20260103001055,2026-01-03 12:53:25,1005,262,,2,30.32,15.63,0.06,60.64,57.0,25.74,AUD,gift_card,web,completed
TXN20260103001056,2026-01-03 12:53:46,1891,231,5012,6,114.93,83.66,0.1,689.58,620.62,118.66,AUD,paypal,mobile_app,refunded
TXN20260103001057,2026-01-03 12:54:11,1261,348,5012,1,367.68,171.93,0.0,367.68,367.68,195.75,AUD,paypal,mobile_app,completed
TXN20260103001058,2026-01-03 12:54:36,1325,178,,1,354.14,201.79,0.04,354.14,339.97,138.18,AUD,credit_card,marketplace,completed
TXN20260103001059,2026-01-03 12:55:07,1535,232,,2,159.76,96.34,0.19,319.52,258.81,66.13,AUD,credit_card,mobile_app,completed
TXN20260103001060,2026-01-03 12:55:16,1168,268,,5,13.69,9.27,0.08,68.45,62.97,16.62,AUD,buy_now_pay_later,marketplace,completed
TXN20260103001061,2026-01-03 12:55:48,2197,170,5003,2,68.81,27.57,0.21,137.62,108.72,53.58,AUD,buy_now_pay_later,in_store,completed
TXN20260103001062,2026-01-03 12:56:46,1432,165,,2,198.75,72.56,0.21,397.5,314.03,168.91,AUD,buy_now_pay_later,web,cancelled
TXN20260103001063,2026-01-03 12:57:27,1821,108,5017,3,13.12,5.5,0.23,39.36,30.31,13.81,AUD,credit_card,mobile_app,completed
TXN20260103001064,2026-01-03 12:59:19,1346,324,,5,79.51,55.68,0.17,397.55,329.97,51.57,AUD,credit_card,web,completed
TXN20260103001065,2026-01-03 12:59:36,2088,125,,2,196.62,94.85,0.01,393.24,389.31,199.61,AUD,credit_card,mobile_app,completed
TXN20260103001066,2026-01-03 12:59:48,1405,1,,1,367.54,272.05,0.04,367.54,352.84,80.79,AUD,paypal,web,completed
TXN20260103001067,2026-01-03 13:00:10,1892,79,5017,2,139.3,69.25,0.08,278.6,256.31,117.81,AUD,credit_card,mobile_app,completed
TXN20260103001068,2026-01-03 13:00:13,1994,169,,1,175.58,82.15,0.1,175.58,158.02,75.87,AUD,paypal,mobile_app,cancelled
TXN20260103001069,2026-01-03 13:00:36,1842,390,,4,368.36,241.5,0.0,1473.44,1473.44,507.44,AUD,credit_card,mobile_app,completed
TXN20260103001070,2026-01-03 13:00:41,1436,319,,2,134.18,49.74,0.1,268.36,241.52,142.04,AUD,credit_card,marketplace,completed
TXN20260103001071,2026-01-03 13:01:09,1497,50,5016,5,145.4,62.87,0.01,727.0,719.73,405.38,AUD,paypal,web,completed
TXN20260103001072,2026-01-03 13:01:10,1440,105,5016,3,142.92,89.61,0.01,428.76,424.47,155.64,AUD,debit_card,marketplace,completed
TXN20260103001073,2026-01-03 13:01:53,1179,319,5003,5,134.18,49.74,0.08,670.9,617.23,368.53,AUD,debit_card,mobile_app,completed
TXN20260103001074,2026-01-03 13:02:26,2124,155,,2,402.98,307.8,0.01,805.96,797.9,182.3,AUD,paypal,mobile_app,completed
TXN20260103001075,2026-01-03 13:02:51,1553,60,,2,77.58,46.86,0.08,155.16,142.75,49.03,AUD,credit_card,mobile_app,refunded
TXN20260103001076,2026-01-03 13:03:05,1095,82,,3,269.27,177.26,0.04,807.81,775.5,243.72,AUD,credit_card,web,completed
TXN20260103001077,2026-01-03 13:03:24,2123,225,5010,4,310.73,232.58,0.08,1242.92,1143.49,213.17,AUD,credit_card,mobile_app,completed
TXN20260103001078,2026-01-03 13:03:29,1745,234,,2,153.86,117.69,0.17,307.72,255.41,20.03,AUD,credit_card,web,completed
TXN20260103001079,2026-01-03 13:03:50,1549,284,,2,359.21,205.04,0.14,718.42,617.84,207.76,AUD,credit_card,web,completed
TXN20260103001080,2026-01-03 13:04:45,1157,54,,3,80.17,60.5,0.26,240.51,177.98,-3.52,AUD,paypal,mobile_app,completed
TXN20260103001081,2026-01-03 13:04:46,1663,43,,1,211.3,164.39,0.04,211.3,202.85,38.46,AUD,credit_card,web,completed
TXN20260103001082,2026-01-03 13:05:48,1358,253,,1,39.46,26.36,0.12,39.46,34.72,8.36,AUD,buy_now_pay_later,mobile_app,completed
TXN20260103001083,2026-01-03 13:06:24,1188,308,,1,227.37,123.17,0.16,227.37,190.99,67.82,AUD,bank_transfer,mobile_app,completed
TXN20260103001084,2026-01-03 13:06:39,1651,315,,3,85.51,53.68,0.01,256.53,253.96,92.92,AUD,buy_now_pay_later,mobile_app,refunded
TXN20260103001085,2026-01-03 13:06:40,1819,104,5016,1,41.5,30.94,0.21,41.5,32.79,1.85,AUD,credit_card,web,completed
TXN20260103001086,2026-01-03 13:07:10,1519,174,5014,1,56.31,22.6,0.03,56.31,54.62,32.02,AUD,buy_now_pay_later,marketplace,completed
TXN20260103001087,2026-01-03 13:07:16,1695,284,,5,359.21,205.04,0.2,1796.05,1436.84,411.64,AUD,credit_card,mobile_app,completed
TXN20260103001088,2026-01-03 13:07:56,1147,143,5010,2,166.42,116.53,0.02,332.84,326.18,93.12,AUD,debit_card,mobile_app,completed
TXN20260103001089,2026-01-03 13:08:34,1126,377,,1,34.75,17.44,0.14,34.75,29.88,12.44,AUD,credit_card,web,completed
TXN20260103001090,2026-01-03 13:08:46,2022,371,,3,279.28,128.3,0.25,837.84,628.38,243.48,AUD,credit_card,mobile_app,completed
TXN20260103001091,2026-01-03 13:09:05,2078,133,5007,4,22.32,9.12,0.07,89.28,83.03,46.55,AUD,paypal,mobile_app,completed
TXN20260103001092,2026-01-03 13:09:20,2025,206,5010,1,211.48,126.89,0.07,211.48,196.68,69.79,AUD,debit_card,web,cancelled
TXN20260103001093,2026-01-03 13:09:30,1924,362,,1,10.4,7.12,0.01,10.4,10.3,3.18,AUD,credit_card,web,completed
TXN20260103001094,2026-01-03 13:10:14,1508,339,5008,2,232.73,135.01,0.05,465.46,442.19,172.17,AUD,bank_transfer,web,completed
TXN20260103001095,2026-01-03 13:10:28,2137,298,,4,71.48,35.14,0.11,285.92,254.47,113.91,AUD,debit_card,mobile_app,completed
TXN20260103001096,2026-01-03 13:10:37,1279,273,,1,15.74,11.24,0.1,15.74,14.17,2.93,AUD,paypal,web,completed
TXN20260103001097,2026-01-03 13:10:54,1692,209,5005,3,16.17,12.13,0.16,48.51,40.75,4.36,AUD,paypal,web,completed
TXN20260103001098,2026-01-03 13:11:16,1637,111,,3,130.14,98.41,0.06,390.42,366.99,71.76,AUD,credit_card,phone,completed
TXN20260103001099,2026-01-03 13:11:23,1356,114,5010,3,311.7,127.05,0.13,935.1,813.54,432.39,AUD,credit_card,web,completed
TXN20260103001100,2026-01-03 13:11:47,1859,61,5017,1,47.35,19.48,0.03,47.35,45.93,26.45,AUD,credit_card,in_store,refunded
TXN20260103001101,2026-01-03 13:11:53,1557,96,5018,2,143.85,89.79,0.19,287.7,233.04,53.46,AUD,paypal,mobile_app,completed
TXN20260103001102,2026-01-03 13:11:57,1724,257,5007,4,452.64,204.1,0.09,1810.56,1647.61,831.21,AUD,credit_card,web,completed
TXN20260103001103,2026-01-03 13:11:59,1408,307,,2,349.28,266.61,0.12,698.56,614.73,81.51,AUD,buy_now_pay_later,web,refunded
TXN20260103001104,2026-01-03 13:12:10,1808,195,5015,2,142.11,62.0,0.09,284.22,258.64,134.64,AUD,credit_card,in_store,completed
TXN20260103001105,2026-01-03 13:12:16,1037,30,5002,6,170.45,127.12,0.02,1022.7,1002.25,239.53,AUD,debit_card,mobile_app,completed
TXN20260103001106,2026-01-03 13:13:03,1819,43,,5,211.3,164.39,0.05,1056.5,1003.67,181.72,AUD,paypal,web,completed
TXN20260103001107,2026-01-03 13:13:11,1952,383,5010,1,227.62,101.34,0.03,227.62,220.79,119.45,AUD,credit_card,web,completed
TXN20260103001108,2026-01-03 13:13:19,1430,333,,3,41.88,25.97,0.1,125.64,113.08,35.17,AUD,credit_card,mobile_app,completed
TXN20260103001109,2026-01-03 13:14:38,1287,122,,5,163.85,114.55,0.24,819.25,622.63,49.88,AUD,credit_card,mobile_app,cancelled
TXN20260103001110,2026-01-03 13:14:50,1666,226,,4,224.08,91.6,0.12,896.32,788.76,422.36,AUD,credit_card,web,completed
TXN20260103001111,2026-01-03 13:15:01,1475,10,5015,1,246.81,139.27,0.08,246.81,227.07,87.8,AUD,paypal,marketplace,completed
TXN20260103001112,2026-01-03 13:16:44,1211,291,,4,348.41,145.57,0.02,1393.64,1365.77,783.49,AUD,paypal,web,completed
TXN20260103001113,2026-01-03 13:17:06,1180,237,,4,5.09,3.29,0.15,20.36,17.31,4.15,AUD,credit_card,mobile_app,completed
TXN20260103001114,2026-01-03 13:17:33,1542,14,,1,60.5,36.5,0.01,60.5,59.89,23.39,AUD,credit_card,web,completed
TXN20260103001115,2026-01-03 13:17:56,1443,349,,4,65.04,45.3,0.18,260.16,213.33,32.13,AUD,debit_card,web,completed
TXN20260103001116,2026-01-03 13:18:08,2141,299,,2,256.41,147.41,0.11,512.82,456.41,161.59,AUD,debit_card,web,cancelled
TXN20260103001117,2026-01-03 13:18:13,1450,4,,1,238.89,172.72,0.26,238.89,176.78,4.06,AUD,debit_card,mobile_app,completed
TXN20260103001118,2026-01-03 13:18:19,1024,394,,1,26.27,10.02,0.24,26.27,19.97,9.95,AUD,credit_card,web,completed
TXN20260103001119,2026-01-03 13:18:42,1146,393,,3,18.4,11.45,0.18,55.2,45.26,10.91,AUD,buy_now_pay_later,web,completed
TXN20260103001120,2026-01-03 13:19:14,1059,165,5004,1,198.75,72.56,0.1,198.75,178.88,106.32,AUD,debit_card,web,completed
TXN20260103001121,2026-01-03 13:19:27,1490,215,,3,8.88,3.58,0.12,26.64,23.44,12.7,AUD,credit_card,in_store,completed
TXN20260103001122,2026-01-03 13:19:47,1440,276,,1,260.47,124.27,0.12,260.47,229.21,104.94,AUD,gift_card,web,completed
TXN20260103001123,2026-01-03 13:19:57,1927,365,5010,5,229.11,163.97,0.11,1145.55,1019.54,199.69,AUD,buy_now_pay_later,web,refunded
TXN20260103001124,2026-01-03 13:20:18,1743,102,,5,276.02,213.86,0.18,1380.1,1131.68,62.38,AUD,credit_card,web,completed
TXN20260103001125,2026-01-03 13:20:22,1091,36,,4,95.33,67.51,0.07,381.32,354.63,84.59,AUD,credit_card,mobile_app,completed
TXN20260103001126,2026-01-03 13:20:32,1666,165,,4,198.75,72.56,0.03,795.0,771.15,480.91,AUD,paypal,in_store,completed
TXN20260103001127,2026-01-03 13:21:34,1378,126,,3,63.01,42.43,0.02,189.03,185.25,57.96,AUD,debit_card,web,completed
TXN20260103001128,2026-01-03 13:21:37,1144,243,,5,6.18,2.24,0.1,30.9,27.81,16.61,AUD,credit_card,mobile_app,completed
TXN20260103001129,2026-01-03 13:21:42,1064,210,,2,210.36,163.77,0.1,420.72,378.65,51.11,AUD,debit_card,web,completed
TXN20260103001130,2026-01-03 13:21:53,1196,232,,3,159.76,96.34,0.26,479.28,354.67,65.65,AUD,paypal,web,completed
TXN20260103001131,2026-01-03 13:22:32,2031,53,,1,33.81,14.85,0.06,33.81,31.78,16.93,AUD,credit_card,web,completed
TXN20260103001132,2026-01-03 13:22:32,1904,104,5005,1,41.5,30.94,0.01,41.5,41.09,10.15,AUD,credit_card,web,pending
TXN20260103001133,2026-01-03 13:22:40,1248,99,,1,8.03,4.15,0.04,8.03,7.71,3.56,AUD,credit_card,mobile_app,completed
TXN20260103001134,2026-01-03 13:22:42,1492,302,5008,2,47.96,26.56,0.18,95.92,78.65,25.53,AUD,gift_card,web,refunded
TXN20260103001135,2026-01-03 13:23:25,2123,85,,3,173.56,99.76,0.07,520.68,484.23,184.95,AUD,paypal,in_store,completed
TXN20260103001136,2026-01-03 13:23:32,2164,34,,3,250.91,140.28,0.04,752.73,722.62,301.78,AUD,debit_card,mobile_app,completed
TXN20260103001137,2026-01-03 13:23:39,1073,317,,1,25.27,14.13,0.15,25.27,21.48,7.35,AUD,debit_card,mobile_app,completed
TXN20260103001138,2026-01-03 13:23:54,1307,2,,2,292.97,126.42,0.1,585.94,527.35,274.51,AUD,credit_card,web,completed
TXN20260103001139,2026-01-03 13:24:01,1444,61,,1,47.35,19.48,0.21,47.35,37.41,17.93,AUD,debit_card,web,completed
TXN20260103001140,2026-01-03 13:24:17,1755,74,5016,3,161.48,101.89,0.02,484.44,474.75,169.08,AUD,credit_card,mobile_app,completed
TXN20260103001141,2026-01-03 13:24:39,1955,159,,6,232.46,120.67,0.07,1394.76,1297.13,573.11,AUD,paypal,mobile_app,completed
TXN20260103001142,2026-01-03 13:24:53,1414,232,,1,159.76,96.34,0.05,159.76,151.77,55.43,AUD,credit_card,mobile_app,completed
TXN20260103001143,2026-01-03 13:24:55,1389,304,,3,87.75,49.18,0.16,263.25,221.13,73.59,AUD,bank_transfer,mobile_app,completed
TXN20260103001144,2026-01-03 13:25:25,2131,175,5018,1,176.68,90.48,0.06,176.68,166.08,75.6,AUD,credit_card,web,completed
TXN20260103001145,2026-01-03 13:25:31,1180,326,5008,1,183.44,105.75,0.06,183.44,172.43,66.68,AUD,buy_now_pay_later,mobile_app,completed
TXN20260103001146,2026-01-03 13:26:12,1023,245,,4,349.8,233.63,0.04,1399.2,1343.23,408.71,AUD,buy_now_pay_later,mobile_app,completed
TXN20260103001147,2026-01-03 13:26:39,1851,213,,1,89.64,56.55,0.26,89.64,66.33,9.78,AUD,credit_card,web,completed
TXN20260103001148,2026-01-03 13:26:39,1881,31,5007,3,125.26,43.94,0.02,375.78,368.26,236.44,AUD,paypal,marketplace,completed
TXN20260103001149,2026-01-03 13:26:40,1713,282,5014,1,11.8,8.78,0.06,11.8,11.09,2.31,AUD,gift_card,mobile_app,completed
TXN20260103001150,2026-01-03 13:27:38,1005,81,,4,133.11,71.55,0.01,532.44,527.12,240.92,AUD,credit_card,mobile_app,completed
TXN20260103001151,2026-01-03 13:27:54,1940,32,5014,1,107.59,39.39,0.28,107.59,77.46,38.07,AUD,debit_card,mobile_app,completed
TXN20260103001152,2026-01-03 13:28:22,2142,70,,3,291.11,188.06,0.12,873.33,768.53,204.35,AUD,credit_card,phone,completed
TXN20260103001153,2026-01-03 13:28:38,2147,169,5018,6,175.58,82.15,0.11,1053.48,937.6,444.7,AUD,buy_now_pay_later,marketplace,completed
TXN20260103001154,2026-01-03 13:29:20,1298,295,5018,4,125.3,93.62,0.1,501.2,451.08,76.6,AUD,credit_card,mobile_app,completed
TXN20260103001155,2026-01-03 13:29:21,1431,145,,3,333.84,132.73,0.05,1001.52,951.44,553.25,AUD,credit_card,web,completed
TXN20260103001156,2026-01-03 13:29:27,1344,202,5005,5,257.36,101.79,0.09,1286.8,1170.99,662.04,AUD,credit_card,mobile_app,completed
TXN20260103001157,2026-01-03 13:30:28,1547,62,5002,1,46.07,33.25,0.03,46.07,44.69,11.44,AUD,debit_card,mobile_app,pending
TXN20260103001158,2026-01-03 13:31:01,1027,10,5005,2,246.81,139.27,0.12,493.62,434.39,155.85,AUD,credit_card,mobile_app,completed
TXN20260103001159,2026-01-03 13:31:29,1042,61,5005,2,47.35,19.48,0.22,94.7,73.87,34.91,AUD,credit_card,web,completed
TXN20260103001160,2026-01-03 13:31:59,1264,207,,2,174.77,73.18,0.04,349.54,335.56,189.2,AUD,debit_card,mobile_app,completed
TXN20260103001161,2026-01-03 13:32:00,1326,283,,2,155.88,105.7,0.12,311.76,274.35,62.95,AUD,credit_card,mobile_app,completed
TXN20260103001162,2026-01-03 13:33:02,1372,248,5012,2,58.0,41.73,0.08,116.0,106.72,23.26,AUD,credit_card,marketplace,completed
TXN20260103001163,2026-01-03 13:33:26,1681,273,5017,4,15.74,11.24,0.03,62.96,61.07,16.11,AUD,credit_card,mobile_app,completed
TXN20260103001164,2026-01-03 13:33:27,1948,387,,1,113.54,61.9,0.06,113.54,106.73,44.83,AUD,credit_card,mobile_app,completed
TXN20260103001165,2026-01-03 13:33:54,1354,343,5006,5,32.63,13.17,0.04,163.15,156.62,90.77,AUD,credit_card,web,cancelled
TXN20260103001166,2026-01-03 13:35:33,1908,51,,4,162.3,85.52,0.23,649.2,499.88,157.8,AUD,debit_card,mobile_app,completed
TXN20260103001167,2026-01-03 13:35:34,2108,72,,2,333.42,149.31,0.02,666.84,653.5,354.88,AUD,debit_card,mobile_app,completed
TXN20260103001168,2026-01-03 13:35:56,1416,24,,4,201.95,77.39,0.19,807.8,654.32,344.76,AUD,gift_card,web,refunded
TXN20260103001169,2026-01-03 13:36:14,1893,136,5007,2,12.1,8.71,0.0,24.2,24.2,6.78,AUD,paypal,mobile_app,completed
TXN20260103001170,2026-01-03 13:36:35,1562,359,,5,421.42,180.37,0.23,2107.1,1622.47,720.62,AUD,credit_card,web,completed
TXN20260103001171,2026-01-03 13:37:17,2193,266,,2,87.68,41.95,0.12,175.36,154.32,70.42,AUD,gift_card,web,refunded
TXN20260103001172,2026-01-03 13:37:22,1581,318,5013,1,104.56,45.81,0.06,104.56,98.29,52.48,AUD,credit_card,web,cancelled
TXN20260103001173,2026-01-03 13:37:37,1084,362,,1,10.4,7.12,0.14,10.4,8.94,1.82,AUD,buy_now_pay_later,mobile_app,completed
TXN20260103001174,2026-01-03 13:37:43,1066,366,5012,2,212.32,146.95,0.13,424.64,369.44,75.54,AUD,paypal,web,completed
TXN20260103001175,2026-01-03 13:37:56,1842,368,5008,1,77.62,57.72,0.01,77.62,76.84,19.12,AUD,buy_now_pay_later,web,completed
TXN20260103001176,2026-01-03 13:38:36,1106,295,,1,125.3,93.62,0.08,125.3,115.28,21.66,AUD,buy_now_pay_later,marketplace,completed
TXN20260103001177,2026-01-03 13:38:38,1896,57,,4,7.38,2.62,0.16,29.52,24.8,14.32,AUD,debit_card,web,cancelled
TXN20260103001178,2026-01-03 13:38:42,1472,333,,4,41.88,25.97,0.04,167.52,160.82,56.94,AUD,debit_card,marketplace,completed
TXN20260103001179,2026-01-03 13:39:43,1117,331,,3,188.98,138.35,0.2,566.94,453.55,38.5,AUD,buy_now_pay_later,web,completed
TXN20260103001180,2026-01-03 13:40:26,1712,347,5012,2,71.51,38.02,0.06,143.02,134.44,58.4,AUD,bank_transfer,web,completed
TXN20260103001181,2026-01-03 13:40:33,1909,104,,3,41.5,30.94,0.03,124.5,120.77,27.95,AUD,credit_card,marketplace,completed
TXN20260103001182,2026-01-03 13:41:22,1691,104,,2,41.5,30.94,0.02,83.0,81.34,19.46,AUD,credit_card,web,completed
TXN20260103001183,2026-01-03 13:41:33,1952,75,,2,200.92,131.5,0.0,401.84,401.84,138.84,AUD,credit_card,marketplace,completed
TXN20260103001184,2026-01-03 13:41:58,1680,96,,2,143.85,89.79,0.13,287.7,250.3,70.72,AUD,credit_card,web,completed
TXN20260103001185,2026-01-03 13:42:21,1100,64,5018,4,148.54,87.49,0.07,594.16,552.57,202.61,AUD,gift_card,mobile_app,completed
TXN20260103001186,2026-01-03 13:42:40,2186,386,5018,3,284.12,120.27,0.1,852.36,767.12,406.31,AUD,credit_card,mobile_app,completed
TXN20260103001187,2026-01-03 13:42:58,1989,130,5005,4,18.48,10.08,0.02,73.92,72.44,32.12,AUD,debit_card,mobile_app,completed
TXN20260103001188,2026-01-03 13:43:00,2038,117,,3,17.41,7.32,0.0,52.23,52.23,30.27,AUD,debit_card,mobile_app,completed
TXN20260103001189,2026-01-03 13:43:37,1317,267,,1,13.67,9.81,0.01,13.67,13.53,3.72,AUD,paypal,mobile_app,completed
TXN20260103001190,2026-01-03 13:43:44,1186,351,5018,3,410.9,255.25,0.23,1232.7,949.18,183.43,AUD,credit_card,web,completed
TXN20260103001191,2026-01-03 13:44:37,1285,384,5002,1,25.19,17.92,0.04,25.19,24.18,6.26,AUD,credit_card,mobile_app,completed
TXN20260103001192,2026-01-03 13:45:05,1145,353,,2,53.63,27.2,0.25,107.26,80.45,26.05,AUD,credit_card,in_store,completed
TXN20260103001193,2026-01-03 13:45:49,2132,91,5012,1,229.04,125.54,0.03,229.04,222.17,96.63,AUD,credit_card,mobile_app,completed
TXN20260103001194,2026-01-03 13:45:55,1043,46,,1,182.51,84.92,0.05,182.51,173.38,88.46,AUD,credit_card,web,completed
TXN20260103001195,2026-01-03 13:46:14,1026,383,,4,227.62,101.34,0.13,910.48,792.12,386.76,AUD,credit_card,mobile_app,completed
TXN20260103001196,2026-01-03 13:48:57,1834,301,,4,288.28,108.1,0.07,1153.12,1072.4,640.0,AUD,debit_card,mobile_app,completed
TXN20260103001197,2026-01-03 13:49:35,2023,280,5007,1,235.41,129.45,0.08,235.41,216.58,87.13,AUD,credit_card,mobile_app,refunded
TXN20260103001198,2026-01-03 13:49:39,1368,235,,1,18.79,8.45,0.09,18.79,17.1,8.65,AUD,credit_card,mobile_app,completed
TXN20260103001199,2026-01-03 13:50:45,1479,161,,3,57.23,33.31,0.05,171.69,163.11,63.18,AUD,credit_card,marketplace,completed
TXN20260103001200,2026-01-03 13:51:54,2059,102,5017,1,276.02,213.86,0.01,276.02,273.26,59.4,AUD,credit_card,mobile_app,completed
TXN20260103001201,2026-01-03 13:51:56,1248,383,,3,227.62,101.34,0.07,682.86,635.06,331.04,AUD,paypal,web,completed
TXN20260103001202,2026-01-03 13:51:58,1640,397,,2,183.67,101.88,0.21,367.34,290.2,86.44,AUD,credit_card,mobile_app,completed
TXN20260103001203,2026-01-03 13:52:17,1421,341,,1,329.88,115.66,0.06,329.88,310.09,194.43,AUD,paypal,web,completed
TXN20260103001204,2026-01-03 13:52:52,1749,296,5002,1,305.06,151.58,0.08,305.06,280.66,129.08,AUD,paypal,web,completed
TXN20260103001205,2026-01-03 13:53:26,1079,90,,3,65.94,42.23,0.19,197.82,160.23,33.54,AUD,credit_card,web,refunded
TXN20260103001206,2026-01-03 13:53:38,1949,227,5004,1,46.57,24.42,0.07,46.57,43.31,18.89,AUD,credit_card,in_store,cancelled
TXN20260103001207,2026-01-03 13:53:41,1091,75,,1,200.92,131.5,0.02,200.92,196.9,65.4,AUD,bank_transfer,mobile_app,completed
TXN20260103001208,2026-01-03 13:53:41,1013,8,5016,3,65.06,29.43,0.04,195.18,187.37,99.08,AUD,buy_now_pay_later,marketplace,completed
TXN20260103001209,2026-01-03 13:54:02,2128,233,5005,5,320.43,123.08,0.25,1602.15,1201.61,586.21,AUD,debit_card,in_store,completed
TXN20260103001210,2026-01-03 13:54:29,1955,23,,1,371.29,240.22,0.01,371.29,367.58,127.36,AUD,credit_card,marketplace,completed
TXN20260103001211,2026-01-03 13:56:01,1793,66,,4,157.5,63.74,0.14,630.0,541.8,286.84,AUD,debit_card,web,completed
TXN20260103001212,2026-01-03 13:56:02,1549,38,,1,426.51,271.0,0.04,426.51,409.45,138.45,AUD,buy_now_pay_later,web,completed
TXN20260103001213,2026-01-03 13:56:28,1746,217,,1,105.58,80.07,0.27,105.58,77.07,-3.0,AUD,credit_card,marketplace,completed
TXN20260103001214,2026-01-03 13:56:41,1017,376,,5,227.27,124.66,0.14,1136.35,977.26,353.96,AUD,credit_card,web,completed
TXN20260103001215,2026-01-03 13:56:49,1211,93,,4,325.04,177.67,0.06,1300.16,1222.15,511.47,AUD,bank_transfer,web,completed
TXN20260103001216,2026-01-03 13:57:11,1258,12,,1,22.05,16.18,0.25,22.05,16.54,0.36,AUD,credit_card,mobile_app,completed
TXN20260103001217,2026-01-03 13:57:11,1424,380,5007,2,148.6,57.32,0.05,297.2,282.34,167.7,AUD,gift_card,mobile_app,completed
TXN20260103001218,2026-01-03 13:58:39,1494,10,,1,246.81,139.27,0.23,246.81,190.04,50.77,AUD,buy_now_pay_later,web,completed
TXN20260103001219,2026-01-03 13:58:54,1197,91,,1,229.04,125.54,0.11,229.04,203.85,78.31,AUD,debit_card,mobile_app,completed
TXN20260103001220,2026-01-03 13:59:11,2110,85,,4,173.56,99.76,0.1,694.24,624.82,225.78,AUD,credit_card,web,completed
TXN20260103001221,2026-01-03 13:59:38,2056,144,,1,19.12,6.9,0.07,19.12,17.78,10.88,AUD,debit_card,mobile_app,completed
TXN20260103001222,2026-01-03 14:01:06,1571,69,5006,1,53.62,37.17,0.14,53.62,46.11,8.94,AUD,buy_now_pay_later,mobile_app,completed
TXN20260103001223,2026-01-03 14:02:09,1052,256,5008,2,65.44,43.78,0.07,130.88,121.72,34.16,AUD,credit_card,mobile_app,completed
TXN20260103001224,2026-01-03 14:02:46,2160,76,,4,153.93,70.84,0.08,615.72,566.46,283.1,AUD,debit_card,mobile_app,completed
TXN20260103001225,2026-01-03 14:03:11,1822,298,,3,71.48,35.14,0.14,214.44,184.42,79.0,AUD,credit_card,mobile_app,completed
TXN20260103001226,2026-01-03 14:07:59,1545,38,,4,426.51,271.0,0.2,1706.04,1364.83,280.83,AUD,debit_card,mobile_app,completed
TXN20260103001227,2026-01-03 14:09:17,1244,211,,1,125.27,94.18,0.12,125.27,110.24,16.06,AUD,credit_card,web,completed
TXN20260103001228,2026-01-03 14:09:26,1082,192,,3,486.02,347.84,0.09,1458.06,1326.83,283.31,AUD,credit_card,web,completed
TXN20260103001229,2026-01-03 14:09:47,1989,24,,4,201.95,77.39,0.0,807.8,807.8,498.24,AUD,gift_card,in_store,completed
TXN20260103001230,2026-01-03 14:10:42,1223,216,,2,6.49,3.62,0.14,12.98,11.16,3.92,AUD,credit_card,web,completed
TXN20260103001231,2026-01-03 14:13:16,1026,156,,4,179.48,110.08,0.01,717.92,710.74,270.42,AUD,credit_card,mobile_app,completed
TXN20260103001232,2026-01-03 14:14:48,1007,26,,5,76.06,28.87,0.21,380.3,300.44,156.09,AUD,credit_card,web,completed
TXN20260103001233,2026-01-03 14:18:11,1147,245,,2,349.8,233.63,0.12,699.6,615.65,148.39,AUD,gift_card,mobile_app,completed
TXN20260103001234,2026-01-03 14:19:45,1752,318,,5,104.56,45.81,0.24,522.8,397.33,168.28,AUD,debit_card,web,completed
TXN20260103001235,2026-01-03 14:21:14,2122,220,5003,3,80.96,29.21,0.12,242.88,213.73,126.1,AUD,buy_now_pay_later,web,completed
TXN20260103001236,2026-01-03 14:21:27,1665,399,,3,108.85,55.74,0.05,326.55,310.22,143.0,AUD,debit_card,web,completed
TXN20260103001237,2026-01-03 14:23:05,1315,381,5012,6,12.14,8.81,0.22,72.84,56.82,3.96,AUD,buy_now_pay_later,web,completed
TXN20260103001238,2026-01-03 14:24:35,1314,363,5009,5,161.87,102.03,0.01,809.35,801.26,291.11,AUD,credit_card,mobile_app,completed
TXN20260103001239,2026-01-03 14:25:33,1977,227,5012,2,46.57,24.42,0.05,93.14,88.48,39.64,AUD,buy_now_pay_later,web,completed
TXN20260103001240,2026-01-03 14:25:59,1799,204,5004,4,256.41,190.36,0.11,1025.64,912.82,151.38,AUD,credit_card,web,cancelled
TXN20260103001241,2026-01-03 14:28:52,1171,273,,5,15.74,11.24,0.02,78.7,77.13,20.93,AUD,bank_transfer,web,completed
TXN20260103001242,2026-01-03 14:29:43,1719,115,5017,2,166.75,108.87,0.05,333.5,316.82,99.08,AUD,paypal,in_store,completed
TXN20260103001243,2026-01-03 14:29:59,1961,14,,1,60.5,36.5,0.02,60.5,59.29,22.79,AUD,debit_card,mobile_app,completed
TXN20260103001244,2026-01-03 14:30:14,1695,328,,1,33.71,19.15,0.16,33.71,28.32,9.17,AUD,paypal,mobile_app,completed
TXN20260103001245,2026-01-03 14:32:31,1189,148,,1,64.17,49.35,0.22,64.17,50.05,0.7,AUD,credit_card,web,refunded
TXN20260103001246,2026-01-03 14:36:38,1332,279,5018,2,202.1,80.17,0.11,404.2,359.74,199.4,AUD,credit_card,web,completed
TXN20260103001247,2026-01-03 14:39:52,1839,150,,4,205.86,111.18,0.03,823.44,798.74,354.02,AUD,debit_card,web,completed
TXN20260103001248,2026-01-03 14:40:07,2144,224,,2,135.38,94.24,0.22,270.76,211.19,22.71,AUD,credit_card,mobile_app,completed
TXN20260103001249,2026-01-03 14:41:14,2124,225,,5,310.73,232.58,0.02,1553.65,1522.58,359.68,AUD,paypal,web,completed
TXN20260103001250,2026-01-03 14:42:29,1370,53,,3,33.81,14.85,0.21,101.43,80.13,35.58,AUD,paypal,mobile_app,refunded
TXN20260103001251,2026-01-03 14:43:01,1106,269,5016,1,129.92,57.09,0.13,129.92,113.03,55.94,AUD,debit_card,mobile_app,completed
TXN20260103001252,2026-01-03 14:47:42,1155,158,5005,1,101.24,48.34,0.11,101.24,90.1,41.76,AUD,paypal,mobile_app,completed
TXN20260103001253,2026-01-03 14:47:49,2173,14,,2,60.5,36.5,0.17,121.0,100.43,27.43,AUD,credit_card,mobile_app,completed
TXN20260103001254,2026-01-03 14:48:00,1322,32,5008,5,107.59,39.39,0.01,537.95,532.57,335.62,AUD,paypal,mobile_app,completed
TXN20260103001255,2026-01-03 14:48:10,1029,225,5018,3,310.73,232.58,0.17,932.19,773.72,75.98,AUD,debit_card,web,completed
TXN20260103001256,2026-01-03 14:50:53,2084,316,,4,109.37,70.04,0.02,437.48,428.73,148.57,AUD,buy_now_pay_later,web,completed
TXN20260103001257,2026-01-03 14:51:20,2178,246,,6,334.95,216.34,0.05,2009.7,1909.21,611.17,AUD,credit_card,mobile_app,completed
TXN20260103001258,2026-01-03 14:52:38,2018,146,,3,182.6,76.84,0.07,547.8,509.45,278.93,AUD,credit_card,marketplace,completed
TXN20260103001259,2026-01-03 14:53:29,1764,114,,1,311.7,127.05,0.14,311.7,268.06,141.01,AUD,debit_card,web,completed
TXN20260103001260,2026-01-03 14:55:51,1291,65,,2,253.83,167.53,0.23,507.66,390.9,55.84,AUD,paypal,marketplace,completed
TXN20260103001261,2026-01-03 14:57:31,2030,115,,6,166.75,108.87,0.19,1000.5,810.41,157.19,AUD,credit_card,web,completed
TXN20260103001262,2026-01-03 14:57:47,2042,16,5017,5,185.65,67.71,0.03,928.25,900.4,561.85,AUD,debit_card,mobile_app,completed
TXN20260103001263,2026-01-03 14:57:49,1966,120,5009,4,231.92,128.02,0.02,927.68,909.13,397.05,AUD,debit_card,mobile_app,completed
TXN20260103001264,2026-01-03 14:58:09,1954,239,,4,33.36,20.5,0.07,133.44,124.1,42.1,AUD,debit_card,web,completed
TXN20260103001265,2026-01-03 14:59:43,1143,303,5006,4,5.2,2.83,0.05,20.8,19.76,8.44,AUD,debit_card,web,completed
TXN20260103001266,2026-01-03 15:01:59,1816,355,,2,211.06,93.04,0.1,422.12,379.91,193.83,AUD,debit_card,web,refunded
TXN20260103001267,2026-01-03 15:08:20,2161,253,5008,1,39.46,26.36,0.02,39.46,38.67,12.31,AUD,paypal,mobile_app,completed
TXN20260103001268,2026-01-03 15:08:44,1234,155,,1,402.98,307.8,0.05,402.98,382.83,75.03,AUD,debit_card,mobile_app,completed
TXN20260103001269,2026-01-03 15:10:57,1074,103,5010,4,34.27,18.76,0.05,137.08,130.23,55.19,AUD,buy_now_pay_later,web,completed
TXN20260103001270,2026-01-03 15:11:30,1648,196,,3,113.34,80.83,0.07,340.02,316.22,73.73,AUD,paypal,mobile_app,completed
TXN20260103001271,2026-01-03 15:12:10,1971,274,5015,2,157.3,88.45,0.06,314.6,295.72,118.82,AUD,debit_card,web,completed
TXN20260103001272,2026-01-03 15:16:52,1203,377,5018,1,34.75,17.44,0.17,34.75,28.84,11.4,AUD,debit_card,marketplace,completed
TXN20260103001273,2026-01-03 15:18:16,1350,128,,2,189.27,110.21,0.2,378.54,302.83,82.41,AUD,debit_card,web,completed
TXN20260103001274,2026-01-03 15:18:51,1305,148,,1,64.17,49.35,0.06,64.17,60.32,10.97,AUD,credit_card,web,completed
TXN20260103001275,2026-01-03 15:19:12,1924,183,,1,56.96,21.65,0.05,56.96,54.11,32.46,AUD,credit_card,mobile_app,completed
TXN20260103001276,2026-01-03 15:19:39,1077,363,,1,161.87,102.03,0.14,161.87,139.21,37.18,AUD,debit_card,mobile_app,completed
TXN20260103001277,2026-01-03 15:20:53,1345,41,,3,241.85,106.29,0.1,725.55,653.0,334.13,AUD,credit_card,web,completed
TXN20260103001278,2026-01-03 15:21:44,1905,300,,1,134.02,50.66,0.08,134.02,123.3,72.64,AUD,debit_card,web,completed
TXN20260103001279,2026-01-03 15:21:45,1596,238,,1,356.39,213.37,0.16,356.39,299.37,86.0,AUD,bank_transfer,web,completed
TXN20260103001280,2026-01-03 15:22:38,1448,245,5009,5,349.8,233.63,0.17,1749.0,1451.67,283.52,AUD,buy_now_pay_later,phone,completed
TXN20260103001281,2026-01-03 15:23:30,1618,169,,4,175.58,82.15,0.13,702.32,611.02,282.42,AUD,credit_card,mobile_app,completed
TXN20260103001282,2026-01-03 15:23:31,1721,115,5015,2,166.75,108.87,0.1,333.5,300.15,82.41,AUD,credit_card,marketplace,completed
TXN20260103001283,2026-01-03 15:23:36,2133,245,5010,6,349.8,233.63,0.16,2098.8,1762.99,361.21,AUD,debit_card,web,completed
TXN20260103001284,2026-01-03 15:24:01,1755,107,,5,391.82,298.53,0.1,1959.1,1763.19,270.54,AUD,debit_card,mobile_app,completed
TXN20260103001285,2026-01-03 15:24:51,1574,327,,4,27.46,12.97,0.09,109.84,99.95,48.07,AUD,gift_card,mobile_app,completed
TXN20260103001286,2026-01-03 15:25:28,1112,163,,5,280.84,142.19,0.03,1404.2,1362.07,651.12,AUD,credit_card,web,completed
TXN20260103001287,2026-01-03 15:28:16,2098,295,,3,125.3,93.62,0.0,375.9,375.9,95.04,AUD,debit_card,web,refunded
TXN20260103001288,2026-01-03 15:28:57,1960,286,5018,3,226.6,96.42,0.16,679.8,571.03,281.77,AUD,credit_card,mobile_app,cancelled
TXN20260103001289,2026-01-03 15:30:30,1687,77,,2,288.19,141.16,0.08,576.38,530.27,247.95,AUD,credit_card,mobile_app,completed
TXN20260103001290,2026-01-03 15:30:39,1359,285,5018,4,333.53,259.05,0.05,1334.12,1267.41,231.21,AUD,paypal,mobile_app,completed
TXN20260103001291,2026-01-03 15:31:41,1680,282,,4,11.8,8.78,0.19,47.2,38.23,3.11,AUD,credit_card,web,completed
TXN20260103001292,2026-01-03 15:33:34,2083,248,,3,58.0,41.73,0.03,174.0,168.78,43.59,AUD,bank_transfer,mobile_app,completed
TXN20260103001293,2026-01-03 15:34:32,2138,327,,1,27.46,12.97,0.18,27.46,22.52,9.55,AUD,credit_card,mobile_app,completed
TXN20260103001294,2026-01-03 15:35:14,2066,156,,2,179.48,110.08,0.07,358.96,333.83,113.67,AUD,paypal,in_store,completed
TXN20260103001295,2026-01-03 15:35:24,1230,83,5012,3,271.39,135.83,0.1,814.17,732.75,325.26,AUD,credit_card,web,completed
TXN20260103001296,2026-01-03 15:35:59,1195,384,,4,25.19,17.92,0.1,100.76,90.68,19.0,AUD,credit_card,marketplace,completed
TXN20260103001297,2026-01-03 15:37:14,1283,356,,2,35.78,19.54,0.02,71.56,70.13,31.05,AUD,credit_card,mobile_app,completed
TXN20260103001298,2026-01-03 15:37:43,1468,399,5003,2,108.85,55.74,0.1,217.7,195.93,84.45,AUD,credit_card,mobile_app,completed
TXN20260103001299,2026-01-03 15:37:51,2091,214,5013,4,133.32,71.17,0.15,533.28,453.29,168.61,AUD,credit_card,mobile_app,completed
TXN20260103001300,2026-01-03 15:38:00,1115,275,,4,116.41,50.22,0.14,465.64,400.45,199.57,AUD,credit_card,web,refunded
TXN20260103001301,2026-01-03 15:38:26,1627,397,,5,183.67,101.88,0.12,918.35,808.15,298.75,AUD,credit_card,web,completed
TXN20260103001302,2026-01-03 15:40:44,2039,55,,1,51.38,24.77,0.05,51.38,48.81,24.04,AUD,bank_transfer,web,completed
TXN20260103001303,2026-01-03 15:42:38,2059,291,,5,348.41,145.57,0.11,1742.05,1550.42,822.57,AUD,credit_card,web,completed
TXN20260103001304,2026-01-03 15:44:28,1773,214,,1,133.32,71.17,0.05,133.32,126.65,55.48,AUD,gift_card,web,completed
TXN20260103001305,2026-01-03 15:44:50,1650,311,5004,3,265.88,206.32,0.05,797.64,757.76,138.8,AUD,credit_card,mobile_app,completed
TXN20260103001306,2026-01-03 15:45:58,1769,156,5006,1,179.48,110.08,0.07,179.48,166.92,56.84,AUD,debit_card,in_store,completed
TXN20260103001307,2026-01-03 15:46:47,1651,168,5012,2,356.7,253.22,0.06,713.4,670.6,164.16,AUD,bank_transfer,web,completed
TXN20260103001308,2026-01-03 15:49:55,1449,331,,2,188.98,138.35,0.18,377.96,309.93,33.23,AUD,buy_now_pay_later,mobile_app,completed
TXN20260103001309,2026-01-03 15:52:46,1050,119,,3,26.62,12.14,0.11,79.86,71.08,34.66,AUD,debit_card,web,completed
TXN20260103001310,2026-01-03 15:53:51,2068,343,,3,32.63,13.17,0.09,97.89,89.08,49.57,AUD,paypal,web,completed
TXN20260103001311,2026-01-03 15:54:15,2188,331,,2,188.98,138.35,0.0,377.96,377.96,101.26,AUD,debit_card,web,completed
TXN20260103001312,2026-01-03 15:55:31,2126,396,5007,2,358.76,209.23,0.18,717.52,588.37,169.91,AUD,paypal,in_store,completed
TXN20260103001313,2026-01-03 15:57:59,1710,233,,4,320.43,123.08,0.13,1281.72,1115.1,622.78,AUD,credit_card,mobile_app,completed
TXN20260103001314,2026-01-03 15:58:59,2035,52,,4,213.42,159.81,0.04,853.68,819.53,180.29,AUD,paypal,mobile_app,completed
TXN20260103001315,2026-01-03 15:59:06,2058,356,,4,35.78,19.54,0.24,143.12,108.77,30.61,AUD,credit_card,web,completed
TXN20260103001316,2026-01-03 16:02:20,1374,30,5018,2,170.45,127.12,0.23,340.9,262.49,8.25,AUD,paypal,mobile_app,completed
TXN20260103001317,2026-01-03 16:02:51,1161,330,,5,125.71,91.59,0.13,628.55,546.84,88.89,AUD,credit_card,marketplace,completed
TXN20260103001318,2026-01-03 16:03:56,2076,344,,1,24.55,10.75,0.01,24.55,24.3,13.55,AUD,credit_card,web,completed
TXN20260103001319,2026-01-03 16:04:34,1603,194,5006,1,45.96,33.9,0.2,45.96,36.77,2.87,AUD,debit_card,marketplace,refunded
TXN20260103001320,2026-01-03 16:04:52,1072,380,5002,2,148.6,57.32,0.0,297.2,297.2,182.56,AUD,credit_card,web,completed
TXN20260103001321,2026-01-03 16:05:32,1958,157,,2,63.5,40.09,0.16,127.0,106.68,26.5,AUD,debit_card,mobile_app,completed
TXN20260103001322,2026-01-03 16:07:12,1281,237,,2,5.09,3.29,0.03,10.18,9.87,3.29,AUD,credit_card,mobile_app,completed
TXN20260103001323,2026-01-03 16:07:47,1653,261,,5,222.59,120.24,0.12,1112.95,979.4,378.2,AUD,credit_card,web,completed
TXN20260103001324,2026-01-03 16:09:05,1116,372,,2,321.9,183.97,0.04,643.8,618.05,250.11,AUD,paypal,mobile_app,completed
TXN20260103001325,2026-01-03 16:09:37,1758,305,,2,51.53,22.19,0.02,103.06,101.0,56.62,AUD,credit_card,marketplace,cancelled
TXN20260103001326,2026-01-03 16:12:25,1099,87,5010,1,137.75,85.09,0.04,137.75,132.24,47.15,AUD,paypal,web,completed
TXN20260103001327,2026-01-03 16:13:30,1518,41,5016,2,241.85,106.29,0.01,483.7,478.86,266.28,AUD,buy_now_pay_later,web,completed
TXN20260103001328,2026-01-03 16:13:35,1159,319,5002,3,134.18,49.74,0.06,402.54,378.39,229.17,AUD,paypal,web,completed
TXN20260103001329,2026-01-03 16:14:03,1402,234,5010,2,153.86,117.69,0.03,307.72,298.49,63.11,AUD,credit_card,web,completed
TXN20260103001330,2026-01-03 16:15:21,1539,4,,5,238.89,172.72,0.11,1194.45,1063.06,199.46,AUD,paypal,mobile_app,completed
TXN20260103001331,2026-01-03 16:16:22,1722,88,,3,104.05,41.24,0.02,312.15,305.91,182.19,AUD,debit_card,web,completed
TXN20260103001332,2026-01-03 16:16:37,1687,139,,3,93.98,72.88,0.03,281.94,273.48,54.84,AUD,debit_card,marketplace,cancelled
TXN20260103001333,2026-01-03 16:18:08,1998,298,5016,3,71.48,35.14,0.07,214.44,199.43,94.01,AUD,credit_card,mobile_app,completed
TXN20260103001334,2026-01-03 16:20:12,1497,182,,4,185.56,117.63,0.14,742.24,638.33,167.81,AUD,paypal,web,completed
TXN20260103001335,2026-01-03 16:20:19,2056,183,5018,4,56.96,21.65,0.19,227.84,184.55,97.95,AUD,buy_now_pay_later,mobile_app,completed
TXN20260103001336,2026-01-03 16:24:50,2087,68,5013,3,197.74,154.22,0.01,593.22,587.29,124.63,AUD,credit_card,mobile_app,completed
TXN20260103001337,2026-01-03 16:25:09,1448,337,,5,146.92,72.71,0.19,734.6,595.03,231.48,AUD,credit_card,mobile_app,refunded
TXN20260103001338,2026-01-03 16:27:30,2037,120,,2,231.92,128.02,0.02,463.84,454.56,198.52,AUD,debit_card,mobile_app,completed
TXN20260103001339,2026-01-03 16:28:31,1648,172,5013,3,191.33,75.08,0.12,573.99,505.11,279.87,AUD,debit_card,web,completed
TXN20260103001340,2026-01-03 16:29:01,1015,41,,4,241.85,106.29,0.1,967.4,870.66,445.5,AUD,credit_card,mobile_app,completed
TXN20260103001341,2026-01-03 16:29:40,1201,272,5017,3,48.63,36.18,0.23,145.89,112.34,3.8,AUD,credit_card,mobile_app,refunded
TXN20260103001342,2026-01-03 16:30:41,1946,35,,1,123.44,76.69,0.03,123.44,119.74,43.05,AUD,credit_card,web,completed
TXN20260103001343,2026-01-03 16:31:48,1185,36,,5,95.33,67.51,0.14,476.65,409.92,72.37,AUD,buy_now_pay_later,marketplace,completed
TXN20260103001344,2026-01-03 16:33:27,1808,220,5008,5,80.96,29.21,0.01,404.8,400.75,254.7,AUD,debit_card,web,completed
TXN20260103001345,2026-01-03 16:35:52,1864,331,5004,2,188.98,138.35,0.0,377.96,377.96,101.26,AUD,paypal,web,completed
TXN20260103001346,2026-01-03 16:39:13,1289,364,,1,126.27,67.13,0.24,126.27,95.97,28.84,AUD,credit_card,mobile_app,completed
TXN20260103001347,2026-01-03 16:39:44,1578,394,5007,4,26.27,10.02,0.19,105.08,85.11,45.03,AUD,debit_card,web,completed
TXN20260103001348,2026-01-03 16:40:05,2188,3,5008,1,142.91,77.99,0.06,142.91,134.34,56.35,AUD,debit_card,mobile_app,completed
TXN20260103001349,2026-01-03 16:40:24,1727,71,,1,451.62,218.09,0.13,451.62,392.91,174.82,AUD,paypal,marketplace,completed
TXN20260103001350,2026-01-03 16:41:11,1630,69,,3,53.62,37.17,0.11,160.86,143.17,31.66,AUD,credit_card,web,completed
TXN20260103001351,2026-01-03 16:42:19,1126,383,,4,227.62,101.34,0.29,910.48,646.44,241.08,AUD,credit_card,web,cancelled
TXN20260103001352,2026-01-03 16:42:50,2141,1,,1,367.54,272.05,0.04,367.54,352.84,80.79,AUD,gift_card,web,completed
TXN20260103001353,2026-01-03 16:45:30,1685,147,5013,2,287.02,186.05,0.06,574.04,539.6,167.5,AUD,debit_card,web,completed
TXN20260103001354,2026-01-03 16:45:43,1666,200,,1,8.47,4.01,0.03,8.47,8.22,4.21,AUD,credit_card,web,completed
TXN20260103001355,2026-01-03 16:48:06,1843,137,5014,2,230.43,174.09,0.01,460.86,456.25,108.07,AUD,credit_card,web,completed
TXN20260103001356,2026-01-03 16:48:31,1835,274,5013,1,157.3,88.45,0.02,157.3,154.15,65.7,AUD,credit_card,mobile_app,completed
TXN20260103001357,2026-01-03 16:48:31,2020,354,,2,128.43,85.15,0.13,256.86,223.47,53.17,AUD,credit_card,web,completed
TXN20260103001358,2026-01-03 16:51:37,1758,256,5008,4,65.44,43.78,0.04,261.76,251.29,76.17,AUD,credit_card,web,refunded
TXN20260103001359,2026-01-03 16:53:03,1651,211,,1,125.27,94.18,0.01,125.27,124.02,29.84,AUD,debit_card,web,completed
TXN20260103001360,2026-01-03 16:53:44,1795,342,,4,119.39,87.78,0.06,477.56,448.91,97.79,AUD,credit_card,mobile_app,completed
TXN20260103001361,2026-01-03 16:56:24,1714,150,,3,205.86,111.18,0.09,617.58,562.0,228.46,AUD,credit_card,web,refunded
TXN20260103001362,2026-01-03 16:57:07,1568,5,,3,69.17,48.26,0.22,207.51,161.86,17.08,AUD,credit_card,mobile_app,completed
TXN20260103001363,2026-01-03 16:58:36,1372,110,5013,3,30.96,17.81,0.02,92.88,91.02,37.59,AUD,bank_transfer,mobile_app,completed
TXN20260103001364,2026-01-03 16:58:56,1491,31,,1,125.26,43.94,0.07,125.26,116.49,72.55,AUD,buy_now_pay_later,mobile_app,refunded
TXN20260103001365,2026-01-03 17:00:50,2100,307,5009,1,349.28,266.61,0.14,349.28,300.38,33.77,AUD,buy_now_pay_later,mobile_app,completed
TXN20260103001366,2026-01-03 17:02:09,1057,111,5015,1,130.14,98.41,0.01,130.14,128.84,30.43,AUD,debit_card,marketplace,completed
TXN20260103001367,2026-01-03 17:02:32,1762,12,,1,22.05,16.18,0.04,22.05,21.17,4.99,AUD,credit_card,web,completed
TXN20260103001368,2026-01-03 17:03:28,1069,277,5016,3,470.57,189.97,0.25,1411.71,1058.78,488.87,AUD,credit_card,web,completed
TXN20260103001369,2026-01-03 17:07:00,1323,197,5017,1,161.84,90.95,0.15,161.84,137.56,46.61,AUD,credit_card,web,completed
TXN20260103001370,2026-01-03 17:07:20,1469,250,5006,2,231.82,122.47,0.23,463.64,357.0,112.06,AUD,credit_card,web,completed
TXN20260103001371,2026-01-03 17:07:26,1794,378,,1,355.29,228.27,0.16,355.29,298.44,70.17,AUD,credit_card,marketplace,completed
TXN20260103001372,2026-01-03 17:08:38,1894,378,,3,355.29,228.27,0.03,1065.87,1033.89,349.08,AUD,credit_card,web,completed
TXN20260103001373,2026-01-03 17:08:56,1300,171,,6,126.82,54.58,0.16,760.92,639.17,311.69,AUD,buy_now_pay_later,web,completed
TXN20260103001374,2026-01-03 17:08:59,1152,338,,1,454.19,219.15,0.08,454.19,417.85,198.7,AUD,credit_card,web,completed
TXN20260103001375,2026-01-03 17:09:16,1764,45,5014,3,127.42,77.89,0.02,382.26,374.61,140.94,AUD,buy_now_pay_later,mobile_app,completed
TXN20260103001376,2026-01-03 17:10:02,1869,20,,1,230.82,128.98,0.0,230.82,230.82,101.84,AUD,paypal,web,refunded
TXN20260103001377,2026-01-03 17:11:34,1934,59,,4,66.9,33.14,0.03,267.6,259.57,127.01,AUD,buy_now_pay_later,web,completed
TXN20260103001378,2026-01-03 17:17:08,1546,20,,2,230.82,128.98,0.15,461.64,392.39,134.43,AUD,paypal,mobile_app,completed
TXN20260103001379,2026-01-03 17:20:48,1876,16,,5,185.65,67.71,0.24,928.25,705.47,366.92,AUD,paypal,mobile_app,completed
TXN20260103001380,2026-01-03 17:23:25,1897,34,5018,3,250.91,140.28,0.04,752.73,722.62,301.78,AUD,buy_now_pay_later,web,completed
TXN20260103001381,2026-01-03 17:24:27,1090,66,,2,157.5,63.74,0.03,315.0,305.55,178.07,AUD,credit_card,web,completed
TXN20260103001382,2026-01-03 17:25:32,2164,177,,2,287.87,144.14,0.03,575.74,558.47,270.19,AUD,buy_now_pay_later,web,refunded
TXN20260103001383,2026-01-03 17:26:04,1342,212,,3,172.34,98.73,0.13,517.02,449.81,153.62,AUD,credit_card,mobile_app,completed
TXN20260103001384,2026-01-03 17:28:14,1418,190,5007,1,232.96,154.99,0.11,232.96,207.33,52.34,AUD,debit_card,mobile_app,completed
TXN20260103001385,2026-01-03 17:28:43,1530,297,5003,3,258.89,188.19,0.02,776.67,761.14,196.57,AUD,debit_card,mobile_app,completed
TXN20260103001386,2026-01-03 17:30:20,1943,340,,5,69.61,35.79,0.13,348.05,302.8,123.85,AUD,debit_card,mobile_app,completed
TXN20260103001387,2026-01-03 17:31:03,1140,201,,2,105.57,80.82,0.02,211.14,206.92,45.28,AUD,buy_now_pay_later,web,completed
TXN20260103001388,2026-01-03 17:31:44,2039,9,,2,470.11,214.65,0.03,940.22,912.01,482.71,AUD,buy_now_pay_later,web,completed
TXN20260103001389,2026-01-03 17:32:04,2074,386,,2,284.12,120.27,0.01,568.24,562.56,322.02,AUD,paypal,web,completed
TXN20260103001390,2026-01-03 17:32:43,2109,138,,2,132.98,57.54,0.09,265.96,242.02,126.94,AUD,credit_card,web,completed
TXN20260103001391,2026-01-03 17:32:58,1062,198,,2,311.79,188.7,0.09,623.58,567.46,190.06,AUD,credit_card,web,completed
TXN20260103001392,2026-01-03 17:35:37,2045,263,,2,194.7,69.51,0.08,389.4,358.25,219.23,AUD,credit_card,web,completed
TXN20260103001393,2026-01-03 17:37:36,1217,24,,2,201.95,77.39,0.07,403.9,375.63,220.85,AUD,credit_card,web,completed
TXN20260103001394,2026-01-03 17:38:17,1019,208,,1,165.3,68.58,0.21,165.3,130.59,62.01,AUD,bank_transfer,marketplace,completed
TXN20260103001395,2026-01-03 17:38:24,1464,371,5003,1,279.28,128.3,0.21,279.28,220.63,92.33,AUD,buy_now_pay_later,in_store,completed
TXN20260103001396,2026-01-03 17:39:45,1642,110,5005,3,30.96,17.81,0.07,92.88,86.38,32.95,AUD,buy_now_pay_later,mobile_app,completed
TXN20260103001397,2026-01-03 17:40:33,1016,180,5004,1,233.35,116.35,0.09,233.35,212.35,96.0,AUD,buy_now_pay_later,mobile_app,completed
TXN20260103001398,2026-01-03 17:41:35,1633,56,,1,221.91,135.65,0.07,221.91,206.38,70.73,AUD,debit_card,mobile_app,completed
TXN20260103001399,2026-01-03 17:43:35,1325,156,,3,179.48,110.08,0.06,538.44,506.13,175.89,AUD,credit_card,web,completed
TXN20260103001400,2026-01-03 17:43:47,2162,131,,1,93.36,56.38,0.07,93.36,86.82,30.44,AUD,credit_card,mobile_app,completed
TXN20260103001401,2026-01-03 17:43:58,1212,292,,3,313.29,237.82,0.18,939.87,770.69,57.23,AUD,debit_card,web,completed
TXN20260103001402,2026-01-03 17:45:08,1174,234,,1,153.86,117.69,0.07,153.86,143.09,25.4,AUD,credit_card,mobile_app,completed
TXN20260103001403,2026-01-03 17:46:53,1862,302,5003,1,47.96,26.56,0.05,47.96,45.56,19.0,AUD,credit_card,web,completed
TXN20260103001404,2026-01-03 17:48:29,1443,106,,1,313.2,199.1,0.02,313.2,306.94,107.84,AUD,credit_card,marketplace,completed
TXN20260103001405,2026-01-03 17:49:59,1592,105,,2,142.92,89.61,0.1,285.84,257.26,78.04,AUD,debit_card,web,completed
TXN20260103001406,2026-01-03 17:51:08,1521,239,,4,33.36,20.5,0.1,133.44,120.1,38.1,AUD,debit_card,web,completed
TXN20260103001407,2026-01-03 17:51:37,1073,310,5012,1,109.6,62.46,0.06,109.6,103.02,40.56,AUD,paypal,mobile_app,completed
TXN20260103001408,2026-01-03 17:54:03,1715,225,,4,310.73,232.58,0.1,1242.92,1118.63,188.31,AUD,debit_card,web,completed
TXN20260103001409,2026-01-03 17:54:04,1959,120,5009,2,231.92,128.02,0.03,463.84,449.92,193.88,AUD,paypal,mobile_app,cancelled
TXN20260103001410,2026-01-03 17:56:19,2145,124,,1,396.85,254.98,0.11,396.85,353.2,98.22,AUD,paypal,web,completed
TXN20260103001411,2026-01-03 18:00:54,1150,287,,2,67.92,35.4,0.12,135.84,119.54,48.74,AUD,credit_card,mobile_app,completed
TXN20260103001412,2026-01-03 18:01:12,1751,343,,2,32.63,13.17,0.19,65.26,52.86,26.52,AUD,credit_card,mobile_app,completed
TXN20260103001413,2026-01-03 18:02:34,1375,26,5007,2,76.06,28.87,0.07,152.12,141.47,83.73,AUD,credit_card,web,completed
TXN20260103001414,2026-01-03 18:02:41,2023,298,5007,2,71.48,35.14,0.26,142.96,105.79,35.51,AUD,debit_card,mobile_app,cancelled
TXN20260103001415,2026-01-03 18:03:33,1404,248,,1,58.0,41.73,0.06,58.0,54.52,12.79,AUD,credit_card,web,completed
TXN20260103001416,2026-01-03 18:03:44,1931,152,,1,18.61,8.27,0.09,18.61,16.94,8.67,AUD,credit_card,mobile_app,completed
TXN20260103001417,2026-01-03 18:04:05,1355,202,,1,257.36,101.79,0.06,257.36,241.92,140.13,AUD,paypal,mobile_app,completed
TXN20260103001418,2026-01-03 18:06:12,1920,200,,1,8.47,4.01,0.18,8.47,6.95,2.94,AUD,credit_card,marketplace,completed
TXN20260103001419,2026-01-03 18:07:53,2022,33,,2,120.22,59.38,0.16,240.44,201.97,83.21,AUD,buy_now_pay_later,web,completed
TXN20260103001420,2026-01-03 18:09:21,1800,63,5006,4,137.14,59.24,0.0,548.56,548.56,311.6,AUD,paypal,mobile_app,completed
TXN20260103001421,2026-01-03 18:11:35,1546,293,,5,100.6,74.23,0.18,503.0,412.46,41.31,AUD,credit_card,mobile_app,completed
TXN20260103001422,2026-01-03 18:14:33,1695,363,,1,161.87,102.03,0.11,161.87,144.06,42.03,AUD,credit_card,web,completed
TXN20260103001423,2026-01-03 18:15:53,1068,38,,3,426.51,271.0,0.16,1279.53,1074.81,261.81,AUD,credit_card,web,completed
TXN20260103001424,2026-01-03 18:19:09,2147,95,,5,125.86,97.81,0.18,629.3,516.03,26.98,AUD,credit_card,mobile_app,cancelled
TXN20260103001425,2026-01-03 18:19:40,1281,261,5002,1,222.59,120.24,0.12,222.59,195.88,75.64,AUD,credit_card,mobile_app,completed
TXN20260103001426,2026-01-03 18:20:51,1863,375,,1,239.04,121.65,0.1,239.04,215.14,93.49,AUD,credit_card,web,completed
TXN20260103001427,2026-01-03 18:21:01,1659,291,5007,4,348.41,145.57,0.16,1393.64,1170.66,588.38,AUD,credit_card,web,completed
TXN20260103001428,2026-01-03 18:21:33,1073,238,5006,2,356.39,213.37,0.04,712.78,684.27,257.53,AUD,bank_transfer,mobile_app,completed
TXN20260103001429,2026-01-03 18:22:04,1121,142,5005,3,424.43,299.05,0.18,1273.29,1044.1,146.95,AUD,credit_card,web,completed
TXN20260103001430,2026-01-03 18:24:14,1161,236,,6,7.93,6.02,0.01,47.58,47.1,10.98,AUD,credit_card,web,completed
TXN20260103001431,2026-01-03 18:25:39,1282,82,,4,269.27,177.26,0.12,1077.08,947.83,238.79,AUD,paypal,web,completed
TXN20260103001432,2026-01-03 18:25:49,1414,343,,2,32.63,13.17,0.06,65.26,61.34,35.0,AUD,credit_card,web,cancelled
TXN20260103001433,2026-01-03 18:26:00,1386,317,5018,2,25.27,14.13,0.01,50.54,50.03,21.77,AUD,debit_card,web,completed
TXN20260103001434,2026-01-03 18:26:44,2015,22,,2,239.15,141.03,0.01,478.3,473.52,191.46,AUD,buy_now_pay_later,mobile_app,refunded
TXN20260103001435,2026-01-03 18:27:07,1877,105,,1,142.92,89.61,0.16,142.92,120.05,30.44,AUD,debit_card,web,completed
TXN20260103001436,2026-01-03 18:31:53,2162,171,,2,126.82,54.58,0.13,253.64,220.67,111.51,AUD,debit_card,web,completed
TXN20260103001437,2026-01-03 18:34:08,1276,188,,1,141.88,98.58,0.14,141.88,122.02,23.44,AUD,buy_now_pay_later,web,completed
TXN20260103001438,2026-01-03 18:34:41,1078,157,,3,63.5,40.09,0.04,190.5,182.88,62.61,AUD,credit_card,web,completed
TXN20260103001439,2026-01-03 18:35:14,1887,346,5015,5,337.76,248.46,0.09,1688.8,1536.81,294.51,AUD,credit_card,mobile_app,completed
TXN20260103001440,2026-01-03 18:38:55,1542,327,,2,27.46,12.97,0.1,54.92,49.43,23.49,AUD,paypal,web,completed
TXN20260103001441,2026-01-03 18:40:05,1560,357,,1,49.08,20.39,0.14,49.08,42.21,21.82,AUD,bank_transfer,web,completed
TXN20260103001442,2026-01-03 18:40:24,1369,151,,4,36.21,16.06,0.29,144.84,102.84,38.6,AUD,bank_transfer,mobile_app,completed
TXN20260103001443,2026-01-03 18:42:57,1046,381,,3,12.14,8.81,0.1,36.42,32.78,6.35,AUD,debit_card,web,completed
TXN20260103001444,2026-01-03 18:43:25,1257,372,,3,321.9,183.97,0.02,965.7,946.39,394.48,AUD,debit_card,mobile_app,completed
TXN20260103001445,2026-01-03 18:44:13,1132,35,5008,4,123.44,76.69,0.04,493.76,474.01,167.25,AUD,credit_card,mobile_app,completed
TXN20260103001446,2026-01-03 18:44:20,2043,343,5007,1,32.63,13.17,0.18,32.63,26.76,13.59,AUD,buy_now_pay_later,web,completed
TXN20260103001447,2026-01-03 18:44:29,1635,318,,2,104.56,45.81,0.07,209.12,194.48,102.86,AUD,debit_card,mobile_app,completed
TXN20260103001448,2026-01-03 18:45:01,1453,210,,1,210.36,163.77,0.07,210.36,195.63,31.86,AUD,credit_card,web,completed
TXN20260103001449,2026-01-03 18:45:31,1295,361,5005,3,172.83,61.35,0.17,518.49,430.35,246.3,AUD,credit_card,web,refunded
TXN20260103001450,2026-01-03 18:45:42,2011,311,,3,265.88,206.32,0.02,797.64,781.69,162.73,AUD,paypal,mobile_app,completed
TXN20260103001451,2026-01-03 18:47:12,1455,101,,4,352.61,157.72,0.0,1410.44,1410.44,779.56,AUD,buy_now_pay_later,web,completed
TXN20260103001452,2026-01-03 18:48:03,1802,67,,2,164.66,66.92,0.14,329.32,283.22,149.38,AUD,credit_card,in_store,completed
TXN20260103001453,2026-01-03 18:48:37,1798,107,5016,2,391.82,298.53,0.09,783.64,713.11,116.05,AUD,debit_card,mobile_app,completed
TXN20260103001454,2026-01-03 18:49:39,1392,159,,2,232.46,120.67,0.12,464.92,409.13,167.79,AUD,debit_card,web,completed
TXN20260103001455,2026-01-03 18:50:49,1023,270,,1,347.43,172.19,0.13,347.43,302.26,130.07,AUD,buy_now_pay_later,marketplace,completed
TXN20260103001456,2026-01-03 18:50:51,1503,226,5002,3,224.08,91.6,0.19,672.24,544.51,269.71,AUD,debit_card,in_store,completed
TXN20260103001457,2026-01-03 18:51:58,1635,91,5017,2,229.04,125.54,0.06,458.08,430.6,179.52,AUD,credit_card,web,cancelled
TXN20260103001458,2026-01-03 18:51:58,1263,142,,3,424.43,299.05,0.08,1273.29,1171.43,274.28,AUD,credit_card,mobile_app,completed
TXN20260103001459,2026-01-03 18:51:58,1284,362,,2,10.4,7.12,0.06,20.8,19.55,5.31,AUD,debit_card,mobile_app,completed
TXN20260103001460,2026-01-03 18:53:41,2037,330,5007,4,125.71,91.59,0.14,502.84,432.44,66.08,AUD,credit_card,web,completed
TXN20260103001461,2026-01-03 18:53:41,1787,377,,3,34.75,17.44,0.02,104.25,102.16,49.84,AUD,paypal,web,cancelled
TXN20260103001462,2026-01-03 18:55:41,1319,400,,1,83.09,58.62,0.11,83.09,73.95,15.33,AUD,buy_now_pay_later,mobile_app,completed
TXN20260103001463,2026-01-03 19:00:32,1083,134,,3,151.77,62.1,0.03,455.31,441.65,255.35,AUD,debit_card,mobile_app,completed
TXN20260103001464,2026-01-03 19:00:57,1845,7,,2,75.68,42.79,0.11,151.36,134.71,49.13,AUD,credit_card,mobile_app,completed
TXN20260103001465,2026-01-03 19:01:20,1437,115,5008,1,166.75,108.87,0.14,166.75,143.41,34.54,AUD,gift_card,mobile_app,completed
TXN20260103001466,2026-01-03 19:01:20,1039,144,,1,19.12,6.9,0.19,19.12,15.49,8.59,AUD,credit_card,marketplace,completed
TXN20260103001467,2026-01-03 19:01:28,1988,350,5005,1,78.73,28.3,0.1,78.73,70.86,42.56,AUD,bank_transfer,web,completed
TXN20260103001468,2026-01-03 19:01:48,1901,8,5016,1,65.06,29.43,0.19,65.06,52.7,23.27,AUD,debit_card,web,completed
TXN20260103001469,2026-01-03 19:02:07,2004,186,5007,2,294.97,120.02,0.08,589.94,542.74,302.7,AUD,bank_transfer,web,completed
TXN20260103001470,2026-01-03 19:02:10,2200,130,,3,18.48,10.08,0.19,55.44,44.91,14.67,AUD,paypal,web,completed
TXN20260103001471,2026-01-03 19:02:16,1799,340,,2,69.61,35.79,0.15,139.22,118.34,46.76,AUD,paypal,web,completed
TXN20260103001472,2026-01-03 19:03:38,1974,143,,2,166.42,116.53,0.17,332.84,276.26,43.2,AUD,paypal,mobile_app,completed
TXN20260103001473,2026-01-03 19:04:10,2196,172,,1,191.33,75.08,0.13,191.33,166.46,91.38,AUD,credit_card,web,completed
TXN20260103001474,2026-01-03 19:04:21,1662,80,,5,200.59,111.67,0.12,1002.95,882.6,324.25,AUD,bank_transfer,web,completed
TXN20260103001475,2026-01-03 19:04:23,1066,73,,1,97.62,68.56,0.02,97.62,95.67,27.11,AUD,credit_card,mobile_app,completed
TXN20260103001476,2026-01-03 19:04:30,1986,55,,4,51.38,24.77,0.05,205.52,195.24,96.16,AUD,credit_card,web,completed
TXN20260103001477,2026-01-03 19:04:35,1762,294,,2,25.75,16.01,0.03,51.5,49.95,17.93,AUD,credit_card,mobile_app,completed
TXN20260103001478,2026-01-03 19:05:09,1545,27,,5,172.81,116.75,0.08,864.05,794.93,211.18,AUD,debit_card,web,completed
TXN20260103001479,2026-01-03 19:05:55,1497,44,,6,236.02,141.49,0.01,1416.12,1401.96,553.02,AUD,credit_card,mobile_app,completed
TXN20260103001480,2026-01-03 19:05:55,1193,7,,4,75.68,42.79,0.17,302.72,251.26,80.1,AUD,credit_card,web,refunded
TXN20260103001481,2026-01-03 19:06:40,1006,236,,1,7.93,6.02,0.09,7.93,7.22,1.2,AUD,paypal,phone,completed
TXN20260103001482,2026-01-03 19:07:55,1904,238,5018,3,356.39,213.37,0.02,1069.17,1047.79,407.68,AUD,bank_transfer,web,completed
TXN20260103001483,2026-01-03 19:09:36,1654,241,5010,3,242.09,167.24,0.09,726.27,660.91,159.19,AUD,credit_card,web,completed
TXN20260103001484,2026-01-03 19:10:07,1150,252,,4,12.21,8.71,0.26,48.84,36.14,1.3,AUD,paypal,mobile_app,completed
TXN20260103001485,2026-01-03 19:11:05,1180,337,,3,146.92,72.71,0.05,440.76,418.72,200.59,AUD,credit_card,in_store,completed
TXN20260103001486,2026-01-03 19:11:34,1355,290,,1,37.46,23.23,0.16,37.46,31.47,8.24,AUD,buy_now_pay_later,mobile_app,completed
TXN20260103001487,2026-01-03 19:12:00,1421,56,5004,1,221.91,135.65,0.09,221.91,201.94,66.29,AUD,credit_card,web,completed
TXN20260103001488,2026-01-03 19:12:29,1690,275,5015,3,116.41,50.22,0.08,349.23,321.29,170.63,AUD,credit_card,marketplace,completed
TXN20260103001489,2026-01-03 19:13:08,1702,32,,4,107.59,39.39,0.1,430.36,387.32,229.76,AUD,paypal,web,completed
TXN20260103001490,2026-01-03 19:14:09,1844,127,,1,45.1,29.41,0.04,45.1,43.3,13.89,AUD,paypal,web,cancelled
TXN20260103001491,2026-01-03 19:14:17,1702,41,,2,241.85,106.29,0.24,483.7,367.61,155.03,AUD,debit_card,mobile_app,completed
TXN20260103001492,2026-01-03 19:14:18,1312,337,,2,146.92,72.71,0.04,293.84,282.09,136.67,AUD,credit_card,mobile_app,cancelled
TXN20260103001493,2026-01-03 19:14:34,1786,8,,3,65.06,29.43,0.01,195.18,193.23,104.94,AUD,credit_card,web,completed
TXN20260103001494,2026-01-03 19:14:44,2171,222,,4,32.17,11.42,0.02,128.68,126.11,80.43,AUD,credit_card,mobile_app,completed
TXN20260103001495,2026-01-03 19:14:49,1449,170,,3,68.81,27.57,0.28,206.43,148.63,65.92,AUD,debit_card,in_store,completed
TXN20260103001496,2026-01-03 19:15:02,1563,243,,5,6.18,2.24,0.11,30.9,27.5,16.3,AUD,credit_card,mobile_app,completed
TXN20260103001497,2026-01-03 19:15:15,1155,149,,3,221.16,142.36,0.2,663.48,530.78,103.7,AUD,credit_card,in_store,completed
TXN20260103001498,2026-01-03 19:15:29,1797,5,5013,4,69.17,48.26,0.23,276.68,213.04,20.0,AUD,credit_card,web,completed
TXN20260103001499,2026-01-03 19:15:55,1715,19,5017,1,170.44,126.31,0.0,170.44,170.44,44.13,AUD,credit_card,marketplace,completed
TXN20260103001500,2026-01-03 19:16:34,1016,202,,6,257.36,101.79,0.07,1544.16,1436.07,825.33,AUD,credit_card,mobile_app,completed
TXN20260103001501,2026-01-03 19:16:37,1288,337,,1,146.92,72.71,0.03,146.92,142.51,69.8,AUD,buy_now_pay_later,mobile_app,completed
TXN20260103001502,2026-01-03 19:17:17,1823,2,,2,292.97,126.42,0.09,585.94,533.21,280.37,AUD,credit_card,web,completed
TXN20260103001503,2026-01-03 19:17:32,1819,163,,2,280.84,142.19,0.01,561.68,556.06,271.68,AUD,credit_card,in_store,completed
TXN20260103001504,2026-01-03 19:17:45,1564,28,5010,5,154.87,112.5,0.08,774.35,712.4,149.9,AUD,credit_card,web,completed
TXN20260103001505,2026-01-03 19:17:51,1394,218,,2,150.35,81.79,0.03,300.7,291.68,128.1,AUD,credit_card,marketplace,completed
TXN20260103001506,2026-01-03 19:17:59,1810,385,,2,111.79,81.72,0.13,223.58,194.51,31.07,AUD,bank_transfer,web,completed
TXN20260103001507,2026-01-03 19:18:15,2078,96,5016,2,143.85,89.79,0.05,287.7,273.31,93.73,AUD,credit_card,mobile_app,completed
TXN20260103001508,2026-01-03 19:18:20,1319,325,5016,1,185.03,90.35,0.16,185.03,155.43,65.08,AUD,debit_card,mobile_app,completed
TXN20260103001509,2026-01-03 19:18:31,1541,343,,3,32.63,13.17,0.04,97.89,93.97,54.46,AUD,credit_card,mobile_app,completed
TXN20260103001510,2026-01-03 19:18:32,2013,95,,3,125.86,97.81,0.08,377.58,347.37,53.94,AUD,credit_card,mobile_app,completed
TXN20260103001511,2026-01-03 19:18:45,2149,243,,4,6.18,2.24,0.04,24.72,23.73,14.77,AUD,bank_transfer,mobile_app,completed
TXN20260103001512,2026-01-03 19:18:48,1288,273,,1,15.74,11.24,0.05,15.74,14.95,3.71,AUD,paypal,mobile_app,completed
TXN20260103001513,2026-01-03 19:19:11,2190,375,5007,6,239.04,121.65,0.17,1434.24,1190.42,460.52,AUD,paypal,marketplace,completed
TXN20260103001514,2026-01-03 19:20:02,2120,332,5014,2,436.24,255.68,0.15,872.48,741.61,230.25,AUD,credit_card,phone,completed
TXN20260103001515,2026-01-03 19:21:00,1971,351,5009,4,410.9,255.25,0.06,1643.6,1544.98,523.98,AUD,debit_card,mobile_app,completed
TXN20260103001516,2026-01-03 19:21:08,2149,16,,4,185.65,67.71,0.0,742.6,742.6,471.76,AUD,debit_card,mobile_app,completed
TXN20260103001517,2026-01-03 19:21:08,1384,14,,3,60.5,36.5,0.02,181.5,177.87,68.37,AUD,debit_card,web,completed
TXN20260103001518,2026-01-03 19:21:29,1319,104,,1,41.5,30.94,0.04,41.5,39.84,8.9,AUD,paypal,web,completed
TXN20260103001519,2026-01-03 19:21:46,1124,183,,3,56.96,21.65,0.02,170.88,167.46,102.51,AUD,paypal,mobile_app,completed
TXN20260103001520,2026-01-03 19:22:14,1212,68,,4,197.74,154.22,0.14,790.96,680.23,63.35,AUD,credit_card,web,pending
TXN20260103001521,2026-01-03 19:23:18,1053,233,,2,320.43,123.08,0.18,640.86,525.51,279.35,AUD,buy_now_pay_later,web,completed
TXN20260103001522,2026-01-03 19:23:25,1305,17,,2,15.98,12.32,0.08,31.96,29.4,4.76,AUD,debit_card,mobile_app,completed
TXN20260103001523,2026-01-03 19:23:27,1568,300,,4,134.02,50.66,0.11,536.08,477.11,274.47,AUD,bank_transfer,mobile_app,completed
TXN20260103001524,2026-01-03 19:24:15,2136,326,,3,183.44,105.75,0.05,550.32,522.8,205.55,AUD,debit_card,mobile_app,completed
TXN20260103001525,2026-01-03 19:24:16,1842,338,5008,1,454.19,219.15,0.16,454.19,381.52,162.37,AUD,paypal,mobile_app,completed
TXN20260103001526,2026-01-03 19:24:34,1818,332,,3,436.24,255.68,0.17,1308.72,1086.24,319.2,AUD,paypal,web,completed
TXN20260103001527,2026-01-03 19:25:11,1409,209,,2,16.17,12.13,0.02,32.34,31.69,7.43,AUD,paypal,in_store,completed
TXN20260103001528,2026-01-03 19:25:29,1146,46,,1,182.51,84.92,0.07,182.51,169.73,84.81,AUD,paypal,mobile_app,completed
TXN20260103001529,2026-01-03 19:25:32,1196,207,,3,174.77,73.18,0.02,524.31,513.82,294.28,AUD,credit_card,web,completed
TXN20260103001530,2026-01-03 19:26:16,1795,227,,1,46.57,24.42,0.02,46.57,45.64,21.22,AUD,buy_now_pay_later,mobile_app,completed
TXN20260103001531,2026-01-03 19:26:37,1914,160,5012,2,132.52,86.58,0.03,265.04,257.09,83.93,AUD,paypal,marketplace,completed
TXN20260103001532,2026-01-03 19:26:44,1437,279,,4,202.1,80.17,0.23,808.4,622.47,301.79,AUD,paypal,mobile_app,completed
TXN20260103001533,2026-01-03 19:26:47,1808,399,5015,1,108.85,55.74,0.02,108.85,106.67,50.93,AUD,credit_card,web,completed
TXN20260103001534,2026-01-03 19:26:48,1544,304,,2,87.75,49.18,0.07,175.5,163.21,64.85,AUD,credit_card,web,completed
TXN20260103001535,2026-01-03 19:27:30,2043,16,,1,185.65,67.71,0.01,185.65,183.79,116.08,AUD,paypal,mobile_app,completed
TXN20260103001536,2026-01-03 19:27:50,1862,246,5017,1,334.95,216.34,0.2,334.95,267.96,51.62,AUD,credit_card,mobile_app,completed
TXN20260103001537,2026-01-03 19:28:07,1706,289,,1,135.78,64.29,0.14,135.78,116.77,52.48,AUD,credit_card,web,completed
TXN20260103001538,2026-01-03 19:28:23,1076,353,5006,1,53.63,27.2,0.02,53.63,52.56,25.36,AUD,debit_card,mobile_app,cancelled
TXN20260103001539,2026-01-03 19:28:34,1152,247,,3,32.77,14.35,0.02,98.31,96.34,53.29,AUD,credit_card,marketplace,completed
TXN20260103001540,2026-01-03 19:28:38,1531,102,,2,276.02,213.86,0.17,552.04,458.19,30.47,AUD,debit_card,web,cancelled
TXN20260103001541,2026-01-03 19:28:44,1077,255,,3,109.46,69.18,0.04,328.38,315.24,107.7,AUD,credit_card,web,completed
TXN20260103001542,2026-01-03 19:28:52,1024,174,,3,56.31,22.6,0.17,168.93,140.21,72.41,AUD,debit_card,mobile_app,completed
TXN20260103001543,2026-01-03 19:29:19,2043,337,,1,146.92,72.71,0.04,146.92,141.04,68.33,AUD,debit_card,web,completed
TXN20260103001544,2026-01-03 19:29:44,1613,376,,4,227.27,124.66,0.04,909.08,872.72,374.08,AUD,credit_card,mobile_app,completed
TXN20260103001545,2026-01-03 19:29:57,1468,10,5015,1,246.81,139.27,0.22,246.81,192.51,53.24,AUD,credit_card,web,completed
TXN20260103001546,2026-01-03 19:30:15,1942,237,,3,5.09,3.29,0.03,15.27,14.81,4.94,AUD,debit_card,marketplace,completed
TXN20260103001547,2026-01-03 19:30:19,1037,184,,3,24.72,17.45,0.06,74.16,69.71,17.36,AUD,debit_card,web,completed
TXN20260103001548,2026-01-03 19:30:48,1334,233,,1,320.43,123.08,0.13,320.43,278.77,155.69,AUD,credit_card,mobile_app,completed
TXN20260103001549,2026-01-03 19:31:09,1494,62,,1,46.07,33.25,0.06,46.07,43.31,10.06,AUD,paypal,mobile_app,completed
TXN20260103001550,2026-01-03 19:31:54,2053,147,5006,4,287.02,186.05,0.05,1148.08,1090.68,346.48,AUD,debit_card,mobile_app,completed
TXN20260103001551,2026-01-03 19:32:09,1820,64,,1,148.54,87.49,0.07,148.54,138.14,50.65,AUD,debit_card,web,completed
TXN20260103001552,2026-01-03 19:32:15,2069,381,,5,12.14,8.81,0.13,60.7,52.81,8.76,AUD,debit_card,web,completed
TXN20260103001553,2026-01-03 19:32:27,2057,294,,3,25.75,16.01,0.01,77.25,76.48,28.45,AUD,paypal,mobile_app,completed
TXN20260103001554,2026-01-03 19:32:41,1784,64,,3,148.54,87.49,0.11,445.62,396.6,134.13,AUD,debit_card,mobile_app,completed
TXN20260103001555,2026-01-03 19:33:34,1467,39,5005,1,153.21,59.61,0.1,153.21,137.89,78.28,AUD,credit_card,mobile_app,completed
TXN20260103001556,2026-01-03 19:33:38,1929,265,,1,217.01,151.39,0.13,217.01,188.8,37.41,AUD,gift_card,web,completed
TXN20260103001557,2026-01-03 19:33:53,2169,361,,1,172.83,61.35,0.14,172.83,148.63,87.28,AUD,debit_card,marketplace,completed
TXN20260103001558,2026-01-03 19:34:27,2122,328,,6,33.71,19.15,0.1,202.26,182.03,67.13,AUD,credit_card,marketplace,completed
TXN20260103001559,2026-01-03 19:34:59,1634,177,,5,287.87,144.14,0.15,1439.35,1223.45,502.75,AUD,credit_card,mobile_app,completed
TXN20260103001560,2026-01-03 19:35:34,1117,397,,3,183.67,101.88,0.04,551.01,528.97,223.33,AUD,gift_card,web,completed
TXN20260103001561,2026-01-03 19:35:35,2200,339,,3,232.73,135.01,0.07,698.19,649.32,244.29,AUD,credit_card,web,completed
TXN20260103001562,2026-01-03 19:35:36,1882,69,5006,1,53.62,37.17,0.07,53.62,49.87,12.7,AUD,buy_now_pay_later,web,refunded
TXN20260103001563,2026-01-03 19:35:54,2145,76,,4,153.93,70.84,0.08,615.72,566.46,283.1,AUD,credit_card,web,completed
TXN20260103001564,2026-01-03 19:36:00,1502,338,,1,454.19,219.15,0.17,454.19,376.98,157.83,AUD,credit_card,web,completed
TXN20260103001565,2026-01-03 19:37:15,1490,253,,1,39.46,26.36,0.03,39.46,38.28,11.92,AUD,credit_card,marketplace,completed
TXN20260103001566,2026-01-03 19:38:27,1690,361,,3,172.83,61.35,0.02,518.49,508.12,324.07,AUD,paypal,marketplace,completed
TXN20260103001567,2026-01-03 19:38:36,2194,53,,2,33.81,14.85,0.02,67.62,66.27,36.57,AUD,buy_now_pay_later,web,refunded
TXN20260103001568,2026-01-03 19:38:50,1050,155,,3,402.98,307.8,0.11,1208.94,1075.96,152.56,AUD,debit_card,marketplace,pending
TXN20260103001569,2026-01-03 19:38:59,1544,135,5004,3,141.91,90.68,0.14,425.73,366.13,94.09,AUD,credit_card,marketplace,completed
TXN20260103001570,2026-01-03 19:39:14,2168,100,5009,1,429.39,290.83,0.18,429.39,352.1,61.27,AUD,bank_transfer,in_store,completed
TXN20260103001571,2026-01-03 19:40:19,1396,99,,2,8.03,4.15,0.07,16.06,14.94,6.64,AUD,debit_card,web,completed
TXN20260103001572,2026-01-03 19:41:28,1502,71,5013,6,451.62,218.09,0.03,2709.72,2628.43,1319.89,AUD,debit_card,web,refunded
TXN20260103001573,2026-01-03 19:41:54,1995,297,5012,2,258.89,188.19,0.19,517.78,419.4,43.02,AUD,credit_card,web,refunded
TXN20260103001574,2026-01-03 19:42:13,1823,392,5014,1,197.73,138.04,0.04,197.73,189.82,51.78,AUD,credit_card,in_store,completed
TXN20260103001575,2026-01-03 19:43:27,1273,375,,3,239.04,121.65,0.02,717.12,702.78,337.83,AUD,paypal,mobile_app,completed
TXN20260103001576,2026-01-03 19:43:29,1296,29,,3,157.08,114.81,0.16,471.24,395.84,51.41,AUD,buy_now_pay_later,mobile_app,completed
TXN20260103001577,2026-01-03 19:43:49,1922,275,5010,1,116.41,50.22,0.24,116.41,88.47,38.25,AUD,paypal,mobile_app,completed
TXN20260103001578,2026-01-03 19:44:06,1231,338,,4,454.19,219.15,0.15,1816.76,1544.25,667.65,AUD,credit_card,in_store,completed
TXN20260103001579,2026-01-03 19:44:20,2124,376,,2,227.27,124.66,0.21,454.54,359.09,109.77,AUD,debit_card,web,completed
TXN20260103001580,2026-01-03 19:44:25,1218,184,5006,1,24.72,17.45,0.17,24.72,20.52,3.07,AUD,buy_now_pay_later,web,cancelled
TXN20260103001581,2026-01-03 19:44:52,1207,15,,2,42.26,18.74,0.12,84.52,74.38,36.9,AUD,debit_card,web,completed
TXN20260103001582,2026-01-03 19:45:43,1324,250,5015,1,231.82,122.47,0.17,231.82,192.41,69.94,AUD,credit_card,web,completed
TXN20260103001583,2026-01-03 19:46:00,1603,50,,4,145.4,62.87,0.08,581.6,535.07,283.59,AUD,credit_card,web,completed
TXN20260103001584,2026-01-03 19:46:10,1405,194,,6,45.96,33.9,0.01,275.76,273.0,69.6,AUD,debit_card,mobile_app,refunded
TXN20260103001585,2026-01-03 19:46:20,1734,26,,1,76.06,28.87,0.03,76.06,73.78,44.91,AUD,credit_card,marketplace,completed
TXN20260103001586,2026-01-03 19:46:27,1063,186,,1,294.97,120.02,0.14,294.97,253.67,133.65,AUD,credit_card,web,completed
TXN20260103001587,2026-01-03 19:47:10,1319,147,,1,287.02,186.05,0.14,287.02,246.84,60.79,AUD,paypal,mobile_app,completed
TXN20260103001588,2026-01-03 19:48:40,1421,400,,2,83.09,58.62,0.14,166.18,142.91,25.67,AUD,paypal,mobile_app,completed
TXN20260103001589,2026-01-03 19:48:43,1873,292,,1,313.29,237.82,0.13,313.29,272.56,34.74,AUD,debit_card,mobile_app,completed
TXN20260103001590,2026-01-03 19:48:51,1730,388,,1,178.72,91.5,0.05,178.72,169.78,78.28,AUD,paypal,mobile_app,completed
TXN20260103001591,2026-01-03 19:48:55,1670,338,,4,454.19,219.15,0.25,1816.76,1362.57,485.97,AUD,credit_card,mobile_app,completed
TXN20260103001592,2026-01-03 19:49:17,1846,291,,2,348.41,145.57,0.1,696.82,627.14,336.0,AUD,bank_transfer,mobile_app,completed
TXN20260103001593,2026-01-03 19:49:41,1519,65,,2,253.83,167.53,0.1,507.66,456.89,121.83,AUD,debit_card,mobile_app,completed
TXN20260103001594,2026-01-03 19:50:08,1063,400,5012,3,83.09,58.62,0.2,249.27,199.42,23.56,AUD,debit_card,web,refunded
TXN20260103001595,2026-01-03 19:50:20,2086,341,5005,5,329.88,115.66,0.2,1649.4,1319.52,741.22,AUD,credit_card,web,completed
TXN20260103001596,2026-01-03 19:50:50,1574,266,5006,1,87.68,41.95,0.09,87.68,79.79,37.84,AUD,buy_now_pay_later,web,completed
TXN20260103001597,2026-01-03 19:51:40,2126,3,,1,142.91,77.99,0.16,142.91,120.04,42.05,AUD,credit_card,marketplace,completed
TXN20260103001598,2026-01-03 19:52:03,1315,66,,1,157.5,63.74,0.27,157.5,114.97,51.23,AUD,credit_card,web,completed
TXN20260103001599,2026-01-03 19:52:14,1513,400,,1,83.09,58.62,0.05,83.09,78.94,20.32,AUD,debit_card,web,completed
TXN20260103001600,2026-01-03 19:52:35,1720,397,,1,183.67,101.88,0.06,183.67,172.65,70.77,AUD,credit_card,mobile_app,completed
TXN20260103001601,2026-01-03 19:53:32,1253,76,,2,153.93,70.84,0.01,307.86,304.78,163.1,AUD,paypal,web,completed
TXN20260103001602,2026-01-03 19:53:52,2043,39,,2,153.21,59.61,0.22,306.42,239.01,119.79,AUD,credit_card,web,pending
TXN20260103001603,2026-01-03 19:54:11,1265,105,,1,142.92,89.61,0.1,142.92,128.63,39.02,AUD,credit_card,web,completed
TXN20260103001604,2026-01-03 19:54:17,1787,95,,1,125.86,97.81,0.08,125.86,115.79,17.98,AUD,bank_transfer,web,completed
TXN20260103001605,2026-01-03 19:54:23,1415,370,5006,3,292.21,138.01,0.21,876.63,692.54,278.51,AUD,credit_card,web,completed
TXN20260103001606,2026-01-03 19:54:31,1349,51,5009,3,162.3,85.52,0.12,486.9,428.47,171.91,AUD,credit_card,web,completed
TXN20260103001607,2026-01-03 19:54:55,1529,255,5003,6,109.46,69.18,0.06,656.76,617.35,202.27,AUD,credit_card,mobile_app,completed
TXN20260103001608,2026-01-03 19:55:04,1390,232,,5,159.76,96.34,0.18,798.8,655.02,173.32,AUD,debit_card,web,completed
TXN20260103001609,2026-01-03 19:55:10,2162,33,,1,120.22,59.38,0.22,120.22,93.77,34.39,AUD,bank_transfer,mobile_app,completed
TXN20260103001610,2026-01-03 19:55:21,1965,346,5005,2,337.76,248.46,0.03,675.52,655.25,158.33,AUD,debit_card,phone,completed
TXN20260103001611,2026-01-03 19:55:41,1290,247,,2,32.77,14.35,0.11,65.54,58.33,29.63,AUD,credit_card,mobile_app,completed
TXN20260103001612,2026-01-03 19:55:47,2025,74,,1,161.48,101.89,0.08,161.48,148.56,46.67,AUD,debit_card,mobile_app,completed
TXN20260103001613,2026-01-03 19:56:41,1389,77,,2,288.19,141.16,0.11,576.38,512.98,230.66,AUD,credit_card,mobile_app,completed
TXN20260103001614,2026-01-03 19:57:19,1731,300,,2,134.02,50.66,0.16,268.04,225.15,123.83,AUD,paypal,web,completed
TXN20260103001615,2026-01-03 19:57:20,2101,136,5014,1,12.1,8.71,0.18,12.1,9.92,1.21,AUD,credit_card,web,completed
TXN20260103001616,2026-01-03 19:58:01,1679,111,,2,130.14,98.41,0.02,260.28,255.07,58.25,AUD,paypal,mobile_app,pending
TXN20260103001617,2026-01-03 19:58:02,1728,324,5009,1,79.51,55.68,0.02,79.51,77.92,22.24,AUD,credit_card,marketplace,completed
TXN20260103001618,2026-01-03 19:58:03,1798,320,,1,5.35,2.75,0.17,5.35,4.44,1.69,AUD,credit_card,mobile_app,completed
TXN20260103001619,2026-01-03 19:58:16,2049,346,,1,337.76,248.46,0.01,337.76,334.38,85.92,AUD,credit_card,mobile_app,completed
TXN20260103001620,2026-01-03 19:59:29,1644,73,5014,3,97.62,68.56,0.12,292.86,257.72,52.04,AUD,debit_card,web,completed
TXN20260103001621,2026-01-03 19:59:39,1347,216,,3,6.49,3.62,0.16,19.47,16.35,5.49,AUD,credit_card,web,completed
TXN20260103001622,2026-01-03 20:02:27,1790,113,,6,424.44,152.08,0.08,2546.64,2342.91,1430.43,AUD,credit_card,web,completed
TXN20260103001623,2026-01-03 20:03:16,2066,43,,1,211.3,164.39,0.05,211.3,200.74,36.35,AUD,credit_card,web,completed
TXN20260103001624,2026-01-03 20:03:23,1102,128,,2,189.27,110.21,0.09,378.54,344.47,124.05,AUD,credit_card,mobile_app,completed
TXN20260103001625,2026-01-03 20:03:40,2067,23,,2,371.29,240.22,0.17,742.58,616.34,135.9,AUD,credit_card,web,completed
TXN20260103001626,2026-01-03 20:03:44,2000,273,,1,15.74,11.24,0.22,15.74,12.28,1.04,AUD,paypal,marketplace,completed
TXN20260103001627,2026-01-03 20:04:23,1671,139,,1,93.98,72.88,0.04,93.98,90.22,17.34,AUD,credit_card,web,completed
TXN20260103001628,2026-01-03 20:04:34,1012,300,,3,134.02,50.66,0.21,402.06,317.63,165.65,AUD,credit_card,web,completed
TXN20260103001629,2026-01-03 20:04:42,1139,163,,1,280.84,142.19,0.03,280.84,272.41,130.22,AUD,debit_card,web,completed
TXN20260103001630,2026-01-03 20:04:47,1408,171,5007,3,126.82,54.58,0.01,380.46,376.66,212.92,AUD,credit_card,mobile_app,completed
TXN20260103001631,2026-01-03 20:04:55,1129,189,5010,2,209.27,158.1,0.04,418.54,401.8,85.6,AUD,credit_card,mobile_app,completed
TXN20260103001632,2026-01-03 20:05:21,1880,208,5015,4,165.3,68.58,0.05,661.2,628.14,353.82,AUD,credit_card,mobile_app,completed
TXN20260103001633,2026-01-03 20:05:38,1933,392,,4,197.73,138.04,0.16,790.92,664.37,112.21,AUD,buy_now_pay_later,web,refunded
TXN20260103001634,2026-01-03 20:06:18,1512,191,,3,265.41,112.45,0.07,796.23,740.49,403.14,AUD,credit_card,mobile_app,completed
TXN20260103001635,2026-01-03 20:06:22,1652,80,,3,200.59,111.67,0.03,601.77,583.72,248.71,AUD,debit_card,mobile_app,completed
TXN20260103001636,2026-01-03 20:06:32,2178,218,5004,1,150.35,81.79,0.08,150.35,138.32,56.53,AUD,credit_card,web,pending
TXN20260103001637,2026-01-03 20:06:35,1345,248,,1,58.0,41.73,0.19,58.0,46.98,5.25,AUD,credit_card,mobile_app,completed
TXN20260103001638,2026-01-03 20:06:42,2043,307,5007,1,349.28,266.61,0.23,349.28,268.95,2.34,AUD,credit_card,mobile_app,completed
TXN20260103001639,2026-01-03 20:06:46,1770,320,,3,5.35,2.75,0.01,16.05,15.89,7.64,AUD,debit_card,mobile_app,completed
TXN20260103001640,2026-01-03 20:07:07,1037,373,5008,2,423.09,155.74,0.07,846.18,786.95,475.47,AUD,buy_now_pay_later,mobile_app,completed
TXN20260103001641,2026-01-03 20:07:10,1817,336,,2,250.44,165.04,0.17,500.88,415.73,85.65,AUD,gift_card,mobile_app,completed
TXN20260103001642,2026-01-03 20:07:40,1720,52,,6,213.42,159.81,0.16,1280.52,1075.64,116.78,AUD,credit_card,mobile_app,completed
TXN20260103001643,2026-01-03 20:07:58,1298,4,5003,3,238.89,172.72,0.08,716.67,659.34,141.18,AUD,credit_card,mobile_app,completed
TXN20260103001644,2026-01-03 20:08:27,1910,357,,1,49.08,20.39,0.08,49.08,45.15,24.76,AUD,credit_card,mobile_app,completed
TXN20260103001645,2026-01-03 20:09:42,1713,328,5013,2,33.71,19.15,0.17,67.42,55.96,17.66,AUD,credit_card,web,completed
TXN20260103001646,2026-01-03 20:09:45,1321,119,5003,1,26.62,12.14,0.15,26.62,22.63,10.49,AUD,paypal,in_store,completed
TXN20260103001647,2026-01-03 20:10:01,2062,55,,1,51.38,24.77,0.23,51.38,39.56,14.79,AUD,debit_card,in_store,completed
TXN20260103001648,2026-01-03 20:10:08,1156,349,5005,3,65.04,45.3,0.04,195.12,187.32,51.42,AUD,credit_card,web,completed
TXN20260103001649,2026-01-03 20:10:19,1807,53,5014,2,33.81,14.85,0.24,67.62,51.39,21.69,AUD,buy_now_pay_later,web,completed
TXN20260103001650,2026-01-03 20:10:49,1575,180,,1,233.35,116.35,0.09,233.35,212.35,96.0,AUD,credit_card,mobile_app,completed
TXN20260103001651,2026-01-03 20:10:52,1686,61,,5,47.35,19.48,0.06,236.75,222.54,125.14,AUD,debit_card,mobile_app,completed
TXN20260103001652,2026-01-03 20:11:45,1989,388,5017,5,178.72,91.5,0.09,893.6,813.18,355.68,AUD,paypal,in_store,completed
TXN20260103001653,2026-01-03 20:12:13,1081,179,,1,197.14,84.55,0.23,197.14,151.8,67.25,AUD,debit_card,web,completed
TXN20260103001654,2026-01-03 20:12:48,1079,257,5006,1,452.64,204.1,0.04,452.64,434.53,230.43,AUD,debit_card,in_store,completed
TXN20260103001655,2026-01-03 20:12:56,1994,30,,1,170.45,127.12,0.16,170.45,143.18,16.06,AUD,credit_card,web,completed
TXN20260103001656,2026-01-03 20:13:13,1153,208,,2,165.3,68.58,0.06,330.6,310.76,173.6,AUD,bank_transfer,web,completed
TXN20260103001657,2026-01-03 20:14:48,1666,271,5006,3,132.74,79.27,0.01,398.22,394.24,156.43,AUD,paypal,web,completed
TXN20260103001658,2026-01-03 20:14:54,1754,347,,1,71.51,38.02,0.04,71.51,68.65,30.63,AUD,buy_now_pay_later,mobile_app,completed
TXN20260103001659,2026-01-03 20:15:38,1743,378,,1,355.29,228.27,0.08,355.29,326.87,98.6,AUD,credit_card,web,completed
TXN20260103001660,2026-01-03 20:15:52,1648,77,5017,5,288.19,141.16,0.19,1440.95,1167.17,461.37,AUD,paypal,mobile_app,pending
TXN20260103001661,2026-01-03 20:15:54,1200,68,5003,4,197.74,154.22,0.2,790.96,632.77,15.89,AUD,debit_card,mobile_app,completed
TXN20260103001662,2026-01-03 20:16:02,1022,138,,3,132.98,57.54,0.19,398.94,323.14,150.52,AUD,buy_now_pay_later,web,completed
TXN20260103001663,2026-01-03 20:16:30,1255,149,5007,1,221.16,142.36,0.08,221.16,203.47,61.11,AUD,credit_card,web,completed
TXN20260103001664,2026-01-03 20:16:36,1841,138,,3,132.98,57.54,0.11,398.94,355.06,182.44,AUD,debit_card,web,completed
TXN20260103001665,2026-01-03 20:16:47,1461,18,,1,23.51,10.69,0.02,23.51,23.04,12.35,AUD,credit_card,mobile_app,completed
TXN20260103001666,2026-01-03 20:16:50,1628,378,5005,2,355.29,228.27,0.05,710.58,675.05,218.51,AUD,credit_card,marketplace,completed
TXN20260103001667,2026-01-03 20:17:02,1331,47,5015,4,383.34,271.98,0.09,1533.36,1395.36,307.44,AUD,debit_card,mobile_app,completed
TXN20260103001668,2026-01-03 20:17:12,1776,351,,3,410.9,255.25,0.24,1232.7,936.85,171.1,AUD,credit_card,web,completed
TXN20260103001669,2026-01-03 20:17:19,1327,42,,2,64.61,39.72,0.18,129.22,105.96,26.52,AUD,credit_card,in_store,completed
TXN20260103001670,2026-01-03 20:19:25,1817,86,,3,176.95,129.01,0.12,530.85,467.15,80.12,AUD,credit_card,marketplace,completed
TXN20260103001671,2026-01-03 20:19:53,1974,255,5008,3,109.46,69.18,0.04,328.38,315.24,107.7,AUD,credit_card,mobile_app,completed
TXN20260103001672,2026-01-03 20:19:53,1214,74,5012,3,161.48,101.89,0.11,484.44,431.15,125.48,AUD,buy_now_pay_later,web,completed
TXN20260103001673,2026-01-03 20:20:20,1993,319,,2,134.18,49.74,0.07,268.36,249.57,150.09,AUD,credit_card,web,completed
TXN20260103001674,2026-01-03 20:20:26,1546,350,,2,78.73,28.3,0.04,157.46,151.16,94.56,AUD,credit_card,web,completed
TXN20260103001675,2026-01-03 20:21:22,1928,359,,3,421.42,180.37,0.01,1264.26,1251.62,710.51,AUD,credit_card,mobile_app,completed
TXN20260103001676,2026-01-03 20:21:26,1992,27,,3,172.81,116.75,0.22,518.43,404.38,54.13,AUD,credit_card,web,completed
TXN20260103001677,2026-01-03 20:21:34,1541,52,,1,213.42,159.81,0.08,213.42,196.35,36.54,AUD,credit_card,web,completed
TXN20260103001678,2026-01-03 20:22:11,1608,48,5009,4,196.8,70.47,0.14,787.2,676.99,395.11,AUD,credit_card,marketplace,completed
TXN20260103001679,2026-01-03 20:22:29,1833,113,,1,424.44,152.08,0.26,424.44,314.09,162.01,AUD,paypal,mobile_app,completed
TXN20260103001680,2026-01-03 20:22:32,1266,104,,3,41.5,30.94,0.05,124.5,118.27,25.45,AUD,bank_transfer,mobile_app,completed
TXN20260103001681,2026-01-03 20:24:49,1683,76,5013,2,153.93,70.84,0.04,307.86,295.55,153.87,AUD,credit_card,web,completed
TXN20260103001682,2026-01-03 20:25:40,1359,136,5006,2,12.1,8.71,0.07,24.2,22.51,5.09,AUD,buy_now_pay_later,web,completed
TXN20260103001683,2026-01-03 20:25:56,1897,149,,1,221.16,142.36,0.22,221.16,172.5,30.14,AUD,debit_card,mobile_app,completed
TXN20260103001684,2026-01-03 20:26:07,1665,270,5009,4,347.43,172.19,0.06,1389.72,1306.34,617.58,AUD,debit_card,mobile_app,completed
TXN20260103001685,2026-01-03 20:26:12,1528,7,,6,75.68,42.79,0.02,454.08,445.0,188.26,AUD,credit_card,mobile_app,completed
TXN20260103001686,2026-01-03 20:26:32,2092,201,5007,2,105.57,80.82,0.14,211.14,181.58,19.94,AUD,debit_card,in_store,completed
TXN20260103001687,2026-01-03 20:26:41,1579,372,,4,321.9,183.97,0.09,1287.6,1171.72,435.84,AUD,buy_now_pay_later,marketplace,completed
TXN20260103001688,2026-01-03 20:27:02,1740,220,,2,80.96,29.21,0.0,161.92,161.92,103.5,AUD,debit_card,marketplace,completed
TXN20260103001689,2026-01-03 20:27:58,1371,224,,2,135.38,94.24,0.25,270.76,203.07,14.59,AUD,debit_card,marketplace,completed
TXN20260103001690,2026-01-03 20:28:10,1384,299,5016,3,256.41,147.41,0.0,769.23,769.23,327.0,AUD,debit_card,mobile_app,completed
TXN20260103001691,2026-01-03 20:29:58,2079,128,,3,189.27,110.21,0.15,567.81,482.64,152.01,AUD,credit_card,mobile_app,completed
TXN20260103001692,2026-01-03 20:30:13,1846,175,,4,176.68,90.48,0.11,706.72,628.98,267.06,AUD,credit_card,mobile_app,completed
TXN20260103001693,2026-01-03 20:30:22,1353,110,5002,1,30.96,17.81,0.12,30.96,27.24,9.43,AUD,buy_now_pay_later,web,completed
TXN20260103001694,2026-01-03 20:30:47,1261,51,,2,162.3,85.52,0.05,324.6,308.37,137.33,AUD,debit_card,mobile_app,completed
TXN20260103001695,2026-01-03 20:31:04,1618,374,5010,5,37.72,26.89,0.13,188.6,164.08,29.63,AUD,credit_card,mobile_app,completed
TXN20260103001696,2026-01-03 20:32:00,1604,27,,2,172.81,116.75,0.06,345.62,324.88,91.38,AUD,credit_card,marketplace,completed
TXN20260103001697,2026-01-03 20:32:01,1758,333,,1,41.88,25.97,0.18,41.88,34.34,8.37,AUD,credit_card,web,completed
TXN20260103001698,2026-01-03 20:32:20,1407,349,,1,65.04,45.3,0.05,65.04,61.79,16.49,AUD,credit_card,marketplace,completed
TXN20260103001699,2026-01-03 20:32:21,2027,289,,2,135.78,64.29,0.06,271.56,255.27,126.69,AUD,credit_card,web,completed
TXN20260103001700,2026-01-03 20:32:27,1565,16,,1,185.65,67.71,0.15,185.65,157.8,90.09,AUD,debit_card,mobile_app,completed
TXN20260103001701,2026-01-03 20:33:16,2066,179,5008,1,197.14,84.55,0.15,197.14,167.57,83.02,AUD,credit_card,web,completed
TXN20260103001702,2026-01-03 20:34:42,1784,327,5003,4,27.46,12.97,0.09,109.84,99.95,48.07,AUD,debit_card,web,completed
TXN20260103001703,2026-01-03 20:34:50,2142,318,,4,104.56,45.81,0.15,418.24,355.5,172.26,AUD,credit_card,web,completed
TXN20260103001704,2026-01-03 20:35:22,1746,359,,4,421.42,180.37,0.03,1685.68,1635.11,913.63,AUD,credit_card,web,completed
TXN20260103001705,2026-01-03 20:35:36,2127,271,,4,132.74,79.27,0.06,530.96,499.1,182.02,AUD,credit_card,marketplace,completed
TXN20260103001706,2026-01-03 20:35:38,1732,204,,2,256.41,190.36,0.2,512.82,410.26,29.54,AUD,credit_card,web,completed
TXN20260103001707,2026-01-03 20:35:49,1086,266,5016,5,87.68,41.95,0.12,438.4,385.79,176.04,AUD,debit_card,web,completed
TXN20260103001708,2026-01-03 20:35:51,1443,317,,4,25.27,14.13,0.07,101.08,94.0,37.48,AUD,credit_card,web,completed
TXN20260103001709,2026-01-03 20:36:14,1490,214,5002,1,133.32,71.17,0.02,133.32,130.65,59.48,AUD,paypal,web,completed
TXN20260103001710,2026-01-03 20:36:31,2186,166,5008,2,414.85,167.06,0.15,829.7,705.25,371.13,AUD,credit_card,in_store,completed
TXN20260103001711,2026-01-03 20:36:48,1618,330,,4,125.71,91.59,0.14,502.84,432.44,66.08,AUD,debit_card,in_store,refunded
TXN20260103001712,2026-01-03 20:36:59,1674,400,,2,83.09,58.62,0.14,166.18,142.91,25.67,AUD,credit_card,web,completed
TXN20260103001713,2026-01-03 20:37:11,1742,194,,3,45.96,33.9,0.24,137.88,104.79,3.09,AUD,credit_card,mobile_app,completed
TXN20260103001714,2026-01-03 20:37:59,1672,243,,2,6.18,2.24,0.19,12.36,10.01,5.53,AUD,bank_transfer,mobile_app,completed
TXN20260103001715,2026-01-03 20:38:13,2022,241,,6,242.09,167.24,0.15,1452.54,1234.66,231.22,AUD,buy_now_pay_later,mobile_app,completed
TXN20260103001716,2026-01-03 20:38:14,1404,256,,3,65.44,43.78,0.16,196.32,164.91,33.57,AUD,credit_card,marketplace,completed
TXN20260103001717,2026-01-03 20:38:40,1853,281,,3,206.68,92.2,0.0,620.04,620.04,343.44,AUD,credit_card,mobile_app,completed
TXN20260103001718,2026-01-03 20:39:47,1128,284,5016,1,359.21,205.04,0.17,359.21,298.14,93.1,AUD,credit_card,mobile_app,completed
TXN20260103001719,2026-01-03 20:40:01,1979,314,,3,218.05,92.26,0.18,654.15,536.4,259.62,AUD,buy_now_pay_later,marketplace,completed
TXN20260103001720,2026-01-03 20:40:01,1957,48,5015,4,196.8,70.47,0.04,787.2,755.71,473.83,AUD,credit_card,mobile_app,completed
TXN20260103001721,2026-01-03 20:40:18,2144,281,,2,206.68,92.2,0.12,413.36,363.76,179.36,AUD,debit_card,mobile_app,completed
TXN20260103001722,2026-01-03 20:40:28,1324,388,5016,2,178.72,91.5,0.01,357.44,353.87,170.87,AUD,credit_card,web,completed
TXN20260103001723,2026-01-03 20:40:42,1385,291,5017,1,348.41,145.57,0.0,348.41,348.41,202.84,AUD,debit_card,web,completed
TXN20260103001724,2026-01-03 20:40:44,2154,194,,3,45.96,33.9,0.09,137.88,125.47,23.77,AUD,credit_card,marketplace,completed
TXN20260103001725,2026-01-03 20:40:49,1373,261,,4,222.59,120.24,0.02,890.36,872.55,391.59,AUD,debit_card,mobile_app,completed
TXN20260103001726,2026-01-03 20:41:38,1856,232,,2,159.76,96.34,0.02,319.52,313.13,120.45,AUD,credit_card,in_store,refunded
TXN20260103001727,2026-01-03 20:42:47,2024,245,,1,349.8,233.63,0.06,349.8,328.81,95.18,AUD,credit_card,mobile_app,completed
TXN20260103001728,2026-01-03 20:43:08,1256,266,5015,2,87.68,41.95,0.04,175.36,168.35,84.45,AUD,credit_card,mobile_app,completed
TXN20260103001729,2026-01-03 20:44:05,1150,227,,2,46.57,24.42,0.02,93.14,91.28,42.44,AUD,debit_card,web,completed
TXN20260103001730,2026-01-03 20:44:13,1451,81,,4,133.11,71.55,0.02,532.44,521.79,235.59,AUD,buy_now_pay_later,web,completed
TXN20260103001731,2026-01-03 20:44:37,1529,271,,1,132.74,79.27,0.16,132.74,111.5,32.23,AUD,credit_card,web,refunded
TXN20260103001732,2026-01-03 20:45:44,1792,73,,4,97.62,68.56,0.05,390.48,370.96,96.72,AUD,gift_card,mobile_app,refunded
TXN20260103001733,2026-01-03 20:46:32,1126,19,5017,4,170.44,126.31,0.07,681.76,634.04,128.8,AUD,credit_card,web,completed
TXN20260103001734,2026-01-03 20:47:15,1655,183,5007,1,56.96,21.65,0.24,56.96,43.29,21.64,AUD,buy_now_pay_later,in_store,completed
TXN20260103001735,2026-01-03 20:47:23,2116,226,,1,224.08,91.6,0.18,224.08,183.75,92.15,AUD,credit_card,marketplace,completed
TXN20260103001736,2026-01-03 20:47:32,1998,369,5007,4,254.39,165.86,0.1,1017.56,915.8,252.36,AUD,paypal,web,completed
TXN20260103001737,2026-01-03 20:48:13,1295,336,5009,3,250.44,165.04,0.03,751.32,728.78,233.66,AUD,credit_card,marketplace,completed
TXN20260103001738,2026-01-03 20:48:23,1676,225,5015,3,310.73,232.58,0.14,932.19,801.68,103.94,AUD,credit_card,mobile_app,completed
TXN20260103001739,2026-01-03 20:48:24,1929,368,,3,77.62,57.72,0.07,232.86,216.56,43.4,AUD,credit_card,web,completed
TXN20260103001740,2026-01-03 20:48:50,1644,271,,2,132.74,79.27,0.02,265.48,260.17,101.63,AUD,credit_card,web,completed
TXN20260103001741,2026-01-03 20:49:02,2040,63,5013,4,137.14,59.24,0.05,548.56,521.13,284.17,AUD,paypal,web,completed
TXN20260103001742,2026-01-03 20:49:11,1452,2,,2,292.97,126.42,0.04,585.94,562.5,309.66,AUD,credit_card,web,completed
TXN20260103001743,2026-01-03 20:50:26,1067,183,5008,1,56.96,21.65,0.03,56.96,55.25,33.6,AUD,debit_card,mobile_app,completed
TXN20260103001744,2026-01-03 20:50:30,1040,71,5005,1,451.62,218.09,0.06,451.62,424.52,206.43,AUD,buy_now_pay_later,mobile_app,completed
TXN20260103001745,2026-01-03 20:52:31,1824,29,,3,157.08,114.81,0.0,471.24,471.24,126.81,AUD,debit_card,mobile_app,completed
TXN20260103001746,2026-01-03 20:53:14,1513,8,5006,4,65.06,29.43,0.2,260.24,208.19,90.47,AUD,debit_card,marketplace,completed
TXN20260103001747,2026-01-03 20:53:39,2044,237,,2,5.09,3.29,0.15,10.18,8.65,2.07,AUD,credit_card,marketplace,completed
TXN20260103001748,2026-01-03 20:54:05,1132,247,,2,32.77,14.35,0.08,65.54,60.3,31.6,AUD,paypal,web,completed
TXN20260103001749,2026-01-03 20:54:25,1746,370,,1,292.21,138.01,0.25,292.21,219.16,81.15,AUD,credit_card,mobile_app,completed
TXN20260103001750,2026-01-03 20:54:25,1930,388,,4,178.72,91.5,0.0,714.88,714.88,348.88,AUD,bank_transfer,web,completed
TXN20260103001751,2026-01-03 20:54:41,2105,147,5017,3,287.02,186.05,0.04,861.06,826.62,268.47,AUD,gift_card,mobile_app,completed
TXN20260103001752,2026-01-03 20:55:21,1097,47,,3,383.34,271.98,0.16,1150.02,966.02,150.08,AUD,credit_card,mobile_app,completed
TXN20260103001753,2026-01-03 20:55:44,1838,148,5013,3,64.17,49.35,0.07,192.51,179.03,30.98,AUD,debit_card,web,completed
TXN20260103001754,2026-01-03 20:56:50,1527,9,,1,470.11,214.65,0.27,470.11,343.18,128.53,AUD,gift_card,mobile_app,completed
TXN20260103001755,2026-01-03 20:57:26,1178,104,,1,41.5,30.94,0.19,41.5,33.62,2.68,AUD,credit_card,web,completed
TXN20260103001756,2026-01-03 20:57:48,1048,15,,1,42.26,18.74,0.26,42.26,31.27,12.53,AUD,debit_card,web,completed
TXN20260103001757,2026-01-03 20:58:01,2137,230,,2,249.03,160.65,0.05,498.06,473.16,151.86,AUD,debit_card,mobile_app,completed
TXN20260103001758,2026-01-03 20:58:33,1729,338,,4,454.19,219.15,0.16,1816.76,1526.08,649.48,AUD,credit_card,web,completed
TXN20260103001759,2026-01-03 20:58:56,1791,186,,1,294.97,120.02,0.04,294.97,283.17,163.15,AUD,debit_card,marketplace,completed
TXN20260103001760,2026-01-03 20:59:05,1077,246,,5,334.95,216.34,0.08,1674.75,1540.77,459.07,AUD,buy_now_pay_later,web,completed
TXN20260103001761,2026-01-03 20:59:17,1100,165,,2,198.75,72.56,0.09,397.5,361.73,216.61,AUD,paypal,web,completed
TXN20260103001762,2026-01-03 20:59:22,1266,197,,2,161.84,90.95,0.28,323.68,233.05,51.15,AUD,credit_card,in_store,completed
TXN20260103001763,2026-01-03 20:59:53,1514,316,5016,1,109.37,70.04,0.17,109.37,90.78,20.74,AUD,credit_card,mobile_app,completed
TXN20260103001764,2026-01-03 21:00:00,2155,83,,3,271.39,135.83,0.06,814.17,765.32,357.83,AUD,bank_transfer,mobile_app,completed
TXN20260103001765,2026-01-03 21:00:03,1426,376,,1,227.27,124.66,0.03,227.27,220.45,95.79,AUD,debit_card,web,completed
TXN20260103001766,2026-01-03 21:00:12,1587,228,,2,85.54,59.94,0.11,171.08,152.26,32.38,AUD,credit_card,marketplace,completed
TXN20260103001767,2026-01-03 21:00:25,1190,379,,1,115.88,59.08,0.02,115.88,113.56,54.48,AUD,credit_card,web,completed
TXN20260103001768,2026-01-03 21:00:27,1005,300,,1,134.02,50.66,0.04,134.02,128.66,78.0,AUD,debit_card,mobile_app,completed
TXN20260103001769,2026-01-03 21:00:34,1450,355,5008,3,211.06,93.04,0.14,633.18,544.53,265.41,AUD,credit_card,mobile_app,completed
TXN20260103001770,2026-01-03 21:00:56,1549,79,,4,139.3,69.25,0.11,557.2,495.91,218.91,AUD,debit_card,web,completed
TXN20260103001771,2026-01-03 21:01:21,1466,98,,1,129.89,79.62,0.07,129.89,120.8,41.18,AUD,debit_card,web,completed
TXN20260103001772,2026-01-03 21:01:36,1044,2,5012,4,292.97,126.42,0.01,1171.88,1160.16,654.48,AUD,paypal,mobile_app,completed
TXN20260103001773,2026-01-03 21:01:38,1580,36,,1,95.33,67.51,0.13,95.33,82.94,15.43,AUD,debit_card,mobile_app,completed
TXN20260103001774,2026-01-03 21:01:45,1637,77,,2,288.19,141.16,0.02,576.38,564.85,282.53,AUD,buy_now_pay_later,web,cancelled
TXN20260103001775,2026-01-03 21:01:47,2178,153,,1,133.15,94.62,0.06,133.15,125.16,30.54,AUD,paypal,mobile_app,completed
TXN20260103001776,2026-01-03 21:02:07,1376,130,5007,1,18.48,10.08,0.11,18.48,16.45,6.37,AUD,credit_card,mobile_app,completed
TXN20260103001777,2026-01-03 21:02:13,1480,279,,1,202.1,80.17,0.05,202.1,191.99,111.82,AUD,debit_card,web,completed
TXN20260103001778,2026-01-03 21:02:22,1049,342,5016,2,119.39,87.78,0.2,238.78,191.02,15.46,AUD,credit_card,mobile_app,completed
TXN20260103001779,2026-01-03 21:03:19,1479,124,,2,396.85,254.98,0.02,793.7,777.83,267.87,AUD,gift_card,web,refunded
TXN20260103001780,2026-01-03 21:03:41,1233,134,,1,151.77,62.1,0.06,151.77,142.66,80.56,AUD,debit_card,mobile_app,completed
TXN20260103001781,2026-01-03 21:03:56,2064,363,5008,2,161.87,102.03,0.25,323.74,242.81,38.75,AUD,credit_card,mobile_app,completed
TXN20260103001782,2026-01-03 21:05:09,2004,142,,1,424.43,299.05,0.18,424.43,348.03,48.98,AUD,debit_card,web,completed
TXN20260103001783,2026-01-03 21:05:23,2064,246,,4,334.95,216.34,0.24,1339.8,1018.25,152.89,AUD,debit_card,web,completed
TXN20260103001784,2026-01-03 21:05:44,1184,333,,2,41.88,25.97,0.14,83.76,72.03,20.09,AUD,credit_card,marketplace,completed
TXN20260103001785,2026-01-03 21:05:55,1708,369,,1,254.39,165.86,0.06,254.39,239.13,73.27,AUD,credit_card,mobile_app,completed
TXN20260103001786,2026-01-03 21:06:05,1123,314,,4,218.05,92.26,0.05,872.2,828.59,459.55,AUD,debit_card,web,completed
TXN20260103001787,2026-01-03 21:06:50,1342,241,5015,3,242.09,167.24,0.03,726.27,704.48,202.76,AUD,gift_card,mobile_app,completed
TXN20260103001788,2026-01-03 21:06:58,2012,142,,2,424.43,299.05,0.16,848.86,713.04,114.94,AUD,buy_now_pay_later,web,completed
TXN20260103001789,2026-01-03 21:07:11,1700,331,,5,188.98,138.35,0.22,944.9,737.02,45.27,AUD,paypal,mobile_app,completed
TXN20260103001790,2026-01-03 21:07:13,1749,318,,3,104.56,45.81,0.11,313.68,279.18,141.75,AUD,credit_card,web,completed
TXN20260103001791,2026-01-03 21:08:09,1961,169,,2,175.58,82.15,0.12,351.16,309.02,144.72,AUD,paypal,web,completed
TXN20260103001792,2026-01-03 21:08:18,1082,36,,2,95.33,67.51,0.16,190.66,160.15,25.13,AUD,credit_card,mobile_app,completed
TXN20260103001793,2026-01-03 21:08:28,1680,25,,2,279.71,213.59,0.1,559.42,503.48,76.3,AUD,credit_card,web,completed
TXN20260103001794,2026-01-03 21:08:58,2112,121,5008,1,18.5,12.03,0.04,18.5,17.76,5.73,AUD,debit_card,web,refunded
TXN20260103001795,2026-01-03 21:08:59,1288,29,,3,157.08,114.81,0.03,471.24,457.1,112.67,AUD,credit_card,mobile_app,completed
TXN20260103001796,2026-01-03 21:09:40,1002,91,,3,229.04,125.54,0.16,687.12,577.18,200.56,AUD,credit_card,in_store,completed
TXN20260103001797,2026-01-03 21:09:44,2066,285,5004,4,333.53,259.05,0.04,1334.12,1280.76,244.56,AUD,credit_card,mobile_app,completed
TXN20260103001798,2026-01-03 21:09:59,2019,168,,1,356.7,253.22,0.02,356.7,349.57,96.35,AUD,paypal,mobile_app,completed
TXN20260103001799,2026-01-03 21:10:29,1012,102,,3,276.02,213.86,0.06,828.06,778.38,136.8,AUD,credit_card,mobile_app,completed
TXN20260103001800,2026-01-03 21:10:39,1605,320,,2,5.35,2.75,0.17,10.7,8.88,3.38,AUD,paypal,web,completed
TXN20260103001801,2026-01-03 21:11:40,2045,77,,2,288.19,141.16,0.24,576.38,438.05,155.73,AUD,bank_transfer,web,completed
TXN20260103001802,2026-01-03 21:12:45,2149,157,,2,63.5,40.09,0.1,127.0,114.3,34.12,AUD,credit_card,web,completed
TXN20260103001803,2026-01-03 21:12:53,1028,117,5008,6,17.41,7.32,0.09,104.46,95.06,51.14,AUD,credit_card,mobile_app,completed
TXN20260103001804,2026-01-03 21:13:34,1757,142,5013,2,424.43,299.05,0.17,848.86,704.55,106.45,AUD,buy_now_pay_later,mobile_app,completed
TXN20260103001805,2026-01-03 21:13:55,1667,220,,3,80.96,29.21,0.02,242.88,238.02,150.39,AUD,credit_card,mobile_app,completed
TXN20260103001806,2026-01-03 21:14:25,1200,137,,2,230.43,174.09,0.01,460.86,456.25,108.07,AUD,credit_card,web,completed
TXN20260103001807,2026-01-03 21:15:07,2089,295,,1,125.3,93.62,0.01,125.3,124.05,30.43,AUD,credit_card,web,completed
TXN20260103001808,2026-01-03 21:15:14,1726,17,,2,15.98,12.32,0.08,31.96,29.4,4.76,AUD,gift_card,web,completed
TXN20260103001809,2026-01-03 21:15:47,2041,338,5015,3,454.19,219.15,0.16,1362.57,1144.56,487.11,AUD,paypal,marketplace,completed
TXN20260103001810,2026-01-03 21:16:04,1524,229,5013,3,23.31,18.16,0.12,69.93,61.54,7.06,AUD,buy_now_pay_later,mobile_app,completed
TXN20260103001811,2026-01-03 21:16:18,1494,19,5015,2,170.44,126.31,0.07,340.88,317.02,64.4,AUD,credit_card,web,completed
TXN20260103001812,2026-01-03 21:16:24,1958,170,,5,68.81,27.57,0.17,344.05,285.56,147.71,AUD,paypal,mobile_app,cancelled
TXN20260103001813,2026-01-03 21:16:30,2011,339,5006,1,232.73,135.01,0.19,232.73,188.51,53.5,AUD,credit_card,web,completed
TXN20260103001814,2026-01-03 21:16:49,1762,126,,2,63.01,42.43,0.02,126.02,123.5,38.64,AUD,buy_now_pay_later,mobile_app,completed
TXN20260103001815,2026-01-03 21:17:33,1079,198,5003,3,311.79,188.7,0.0,935.37,935.37,369.27,AUD,paypal,web,completed
TXN20260103001816,2026-01-03 21:17:47,1118,217,,2,105.58,80.07,0.19,211.16,171.04,10.9,AUD,debit_card,mobile_app,completed
TXN20260103001817,2026-01-03 21:18:29,1156,293,,2,100.6,74.23,0.23,201.2,154.92,6.46,AUD,buy_now_pay_later,web,completed
TXN20260103001818,2026-01-03 21:19:00,1396,181,,4,219.32,157.3,0.15,877.28,745.69,116.49,AUD,credit_card,mobile_app,refunded
TXN20260103001819,2026-01-03 21:19:04,2153,293,5014,2,100.6,74.23,0.02,201.2,197.18,48.72,AUD,credit_card,web,completed
TXN20260103001820,2026-01-03 21:19:33,1877,95,5016,1,125.86,97.81,0.27,125.86,91.88,-5.93,AUD,credit_card,web,completed
TXN20260103001821,2026-01-03 21:19:47,1695,168,,6,356.7,253.22,0.04,2140.2,2054.59,535.27,AUD,paypal,marketplace,completed
TXN20260103001822,2026-01-03 21:19:56,1186,11,,4,383.38,230.87,0.2,1533.52,1226.82,303.34,AUD,credit_card,mobile_app,completed
TXN20260103001823,2026-01-03 21:20:17,1349,59,,4,66.9,33.14,0.17,267.6,222.11,89.55,AUD,credit_card,marketplace,completed
TXN20260103001824,2026-01-03 21:20:20,1768,108,,4,13.12,5.5,0.07,52.48,48.81,26.81,AUD,bank_transfer,web,completed
TXN20260103001825,2026-01-03 21:21:04,1496,333,,3,41.88,25.97,0.22,125.64,98.0,20.09,AUD,debit_card,marketplace,completed
TXN20260103001826,2026-01-03 21:21:21,1824,346,5016,2,337.76,248.46,0.14,675.52,580.95,84.03,AUD,credit_card,mobile_app,completed
TXN20260103001827,2026-01-03 21:21:22,1157,129,,3,266.79,109.41,0.14,800.37,688.32,360.09,AUD,buy_now_pay_later,web,completed
TXN20260103001828,2026-01-03 21:21:30,1562,327,,2,27.46,12.97,0.05,54.92,52.17,26.23,AUD,credit_card,web,completed
TXN20260103001829,2026-01-03 21:21:37,1162,256,5006,4,65.44,43.78,0.1,261.76,235.58,60.46,AUD,credit_card,mobile_app,completed
TXN20260103001830,2026-01-03 21:22:06,1262,164,,4,219.94,105.48,0.02,879.76,862.16,440.24,AUD,credit_card,web,completed
TXN20260103001831,2026-01-03 21:22:29,1977,234,5013,3,153.86,117.69,0.09,461.58,420.04,66.97,AUD,bank_transfer,web,completed
TXN20260103001832,2026-01-03 21:22:50,1123,30,5006,2,170.45,127.12,0.0,340.9,340.9,86.66,AUD,credit_card,mobile_app,completed
TXN20260103001833,2026-01-03 21:23:13,1873,23,5002,6,371.29,240.22,0.13,2227.74,1938.13,496.81,AUD,credit_card,web,completed
TXN20260103001834,2026-01-03 21:23:28,2096,160,,3,132.52,86.58,0.0,397.56,397.56,137.82,AUD,credit_card,mobile_app,completed
TXN20260103001835,2026-01-03 21:23:53,1045,333,,2,41.88,25.97,0.1,83.76,75.38,23.44,AUD,paypal,in_store,pending
TXN20260103001836,2026-01-03 21:24:06,1470,369,,4,254.39,165.86,0.01,1017.56,1007.38,343.94,AUD,credit_card,web,completed
TXN20260103001837,2026-01-03 21:24:17,1047,37,5010,2,5.1,1.86,0.2,10.2,8.16,4.44,AUD,credit_card,web,completed
TXN20260103001838,2026-01-03 21:24:29,1699,7,,1,75.68,42.79,0.11,75.68,67.36,24.57,AUD,credit_card,marketplace,completed
TXN20260103001839,2026-01-03 21:24:42,1975,289,,3,135.78,64.29,0.01,407.34,403.27,210.4,AUD,credit_card,mobile_app,completed
TXN20260103001840,2026-01-03 21:25:00,1474,111,,3,130.14,98.41,0.11,390.42,347.47,52.24,AUD,credit_card,web,refunded
TXN20260103001841,2026-01-03 21:25:21,1168,239,,2,33.36,20.5,0.11,66.72,59.38,18.38,AUD,credit_card,mobile_app,completed
TXN20260103001842,2026-01-03 21:25:33,1992,252,5012,3,12.21,8.71,0.16,36.63,30.77,4.64,AUD,credit_card,mobile_app,completed
TXN20260103001843,2026-01-03 21:26:46,1015,365,,1,229.11,163.97,0.12,229.11,201.62,37.65,AUD,credit_card,web,completed
TXN20260103001844,2026-01-03 21:28:27,2108,37,,2,5.1,1.86,0.22,10.2,7.96,4.24,AUD,buy_now_pay_later,mobile_app,completed
TXN20260103001845,2026-01-03 21:28:43,1727,337,,2,146.92,72.71,0.03,293.84,285.02,139.6,AUD,credit_card,web,completed
TXN20260103001846,2026-01-03 21:29:06,1075,311,,3,265.88,206.32,0.16,797.64,670.02,51.06,AUD,buy_now_pay_later,mobile_app,completed
TXN20260103001847,2026-01-03 21:29:11,1522,25,,6,279.71,213.59,0.16,1678.26,1409.74,128.2,AUD,debit_card,web,completed
TXN20260103001848,2026-01-03 21:29:43,1902,117,,3,17.41,7.32,0.22,52.23,40.74,18.78,AUD,buy_now_pay_later,mobile_app,completed
TXN20260103001849,2026-01-03 21:29:43,1201,22,5015,5,239.15,141.03,0.01,1195.75,1183.79,478.64,AUD,credit_card,web,completed
TXN20260103001850,2026-01-03 21:29:54,2112,125,,4,196.62,94.85,0.18,786.48,644.91,265.51,AUD,credit_card,mobile_app,completed
TXN20260103001851,2026-01-03 21:30:17,1438,304,,3,87.75,49.18,0.18,263.25,215.87,68.33,AUD,credit_card,web,completed
TXN20260103001852,2026-01-03 21:30:41,1442,54,,1,80.17,60.5,0.22,80.17,62.53,2.03,AUD,paypal,web,completed
TXN20260103001853,2026-01-03 21:30:54,1654,132,5013,3,109.21,38.28,0.06,327.63,307.97,193.13,AUD,bank_transfer,marketplace,completed
TXN20260103001854,2026-01-03 21:31:19,1078,192,,1,486.02,347.84,0.15,486.02,413.12,65.28,AUD,credit_card,web,completed
TXN20260103001855,2026-01-03 21:31:20,1327,127,5012,1,45.1,29.41,0.05,45.1,42.84,13.43,AUD,debit_card,mobile_app,completed
TXN20260103001856,2026-01-03 21:31:45,1870,41,,1,241.85,106.29,0.1,241.85,217.66,111.37,AUD,bank_transfer,marketplace,completed
TXN20260103001857,2026-01-03 21:32:02,2119,327,,4,27.46,12.97,0.02,109.84,107.64,55.76,AUD,paypal,web,completed
TXN20260103001858,2026-01-03 21:32:29,1246,282,,4,11.8,8.78,0.01,47.2,46.73,11.61,AUD,credit_card,marketplace,completed
TXN20260103001859,2026-01-03 21:32:37,1788,301,,1,288.28,108.1,0.06,288.28,270.98,162.88,AUD,credit_card,mobile_app,completed
TXN20260103001860,2026-01-03 21:32:43,1290,226,,3,224.08,91.6,0.23,672.24,517.62,242.82,AUD,credit_card,marketplace,completed
TXN20260103001861,2026-01-03 21:33:11,1730,53,,1,33.81,14.85,0.03,33.81,32.8,17.95,AUD,credit_card,mobile_app,completed
TXN20260103001862,2026-01-03 21:33:12,1279,184,,6,24.72,17.45,0.14,148.32,127.56,22.86,AUD,credit_card,mobile_app,completed
TXN20260103001863,2026-01-03 21:33:13,1237,53,5005,6,33.81,14.85,0.0,202.86,202.86,113.76,AUD,debit_card,web,completed
TXN20260103001864,2026-01-03 21:33:38,1891,226,,2,224.08,91.6,0.19,448.16,363.01,179.81,AUD,credit_card,web,completed
TXN20260103001865,2026-01-03 21:33:47,1666,186,,1,294.97,120.02,0.22,294.97,230.08,110.06,AUD,buy_now_pay_later,web,completed
TXN20260103001866,2026-01-03 21:34:57,2085,87,,3,137.75,85.09,0.1,413.25,371.93,116.66,AUD,debit_card,marketplace,completed
TXN20260103001867,2026-01-03 21:35:03,1717,262,,3,30.32,15.63,0.23,90.96,70.04,23.15,AUD,debit_card,mobile_app,completed
TXN20260103001868,2026-01-03 21:35:27,1210,202,,2,257.36,101.79,0.17,514.72,427.22,223.64,AUD,debit_card,web,completed
TXN20260103001869,2026-01-03 21:35:39,1051,360,5018,1,22.41,17.01,0.21,22.41,17.7,0.69,AUD,buy_now_pay_later,mobile_app,cancelled
TXN20260103001870,2026-01-03 21:36:13,1013,131,,2,93.36,56.38,0.01,186.72,184.85,72.09,AUD,credit_card,mobile_app,completed
TXN20260103001871,2026-01-03 21:36:18,1476,275,5002,3,116.41,50.22,0.11,349.23,310.81,160.15,AUD,credit_card,web,completed
TXN20260103001872,2026-01-03 21:37:05,2175,348,,4,367.68,171.93,0.11,1470.72,1308.94,621.22,AUD,credit_card,mobile_app,completed
TXN20260103001873,2026-01-03 21:37:58,2166,6,5006,5,45.92,33.82,0.08,229.6,211.23,42.13,AUD,credit_card,web,completed
TXN20260103001874,2026-01-03 21:38:01,1865,249,,3,96.17,46.26,0.03,288.51,279.85,141.07,AUD,paypal,web,completed
TXN20260103001875,2026-01-03 21:38:09,1060,331,,3,188.98,138.35,0.03,566.94,549.93,134.88,AUD,bank_transfer,mobile_app,completed
TXN20260103001876,2026-01-03 21:38:23,1197,143,5003,1,166.42,116.53,0.13,166.42,144.79,28.26,AUD,debit_card,mobile_app,completed
TXN20260103001877,2026-01-03 21:39:17,2020,250,,3,231.82,122.47,0.01,695.46,688.51,321.1,AUD,credit_card,mobile_app,completed
TXN20260103001878,2026-01-03 21:39:27,1479,113,,1,424.44,152.08,0.14,424.44,365.02,212.94,AUD,paypal,mobile_app,completed
TXN20260103001879,2026-01-03 21:39:53,1714,205,,1,200.88,145.96,0.11,200.88,178.78,32.82,AUD,buy_now_pay_later,web,pending
TXN20260103001880,2026-01-03 21:40:15,1552,254,5016,3,151.84,54.33,0.18,455.52,373.53,210.54,AUD,credit_card,mobile_app,pending
TXN20260103001881,2026-01-03 21:40:50,1921,182,,2,185.56,117.63,0.08,371.12,341.43,106.17,AUD,debit_card,web,completed
TXN20260103001882,2026-01-03 21:40:50,1693,41,,2,241.85,106.29,0.13,483.7,420.82,208.24,AUD,credit_card,mobile_app,completed
TXN20260103001883,2026-01-03 21:41:25,1856,83,,5,271.39,135.83,0.18,1356.95,1112.7,433.55,AUD,buy_now_pay_later,marketplace,completed
TXN20260103001884,2026-01-03 21:42:50,1845,95,5014,1,125.86,97.81,0.17,125.86,104.46,6.65,AUD,debit_card,web,completed
TXN20260103001885,2026-01-03 21:42:57,1539,161,,2,57.23,33.31,0.0,114.46,114.46,47.84,AUD,credit_card,web,completed
TXN20260103001886,2026-01-03 21:42:59,1824,35,,2,123.44,76.69,0.06,246.88,232.07,78.69,AUD,credit_card,web,completed
TXN20260103001887,2026-01-03 21:43:01,1408,287,5016,3,67.92,35.4,0.01,203.76,201.72,95.52,AUD,buy_now_pay_later,marketplace,completed
TXN20260103001888,2026-01-03 21:43:12,1439,45,5013,4,127.42,77.89,0.07,509.68,474.0,162.44,AUD,debit_card,web,completed
TXN20260103001889,2026-01-03 21:43:14,1752,247,,2,32.77,14.35,0.18,65.54,53.74,25.04,AUD,credit_card,mobile_app,completed
TXN20260103001890,2026-01-03 21:43:17,1299,291,,1,348.41,145.57,0.21,348.41,275.24,129.67,AUD,buy_now_pay_later,mobile_app,completed
TXN20260103001891,2026-01-03 21:44:41,1866,85,5014,2,173.56,99.76,0.05,347.12,329.76,130.24,AUD,credit_card,mobile_app,completed
TXN20260103001892,2026-01-03 21:45:38,2078,61,5010,2,47.35,19.48,0.14,94.7,81.44,42.48,AUD,credit_card,web,completed
TXN20260103001893,2026-01-03 21:46:16,1819,217,,2,105.58,80.07,0.12,211.16,185.82,25.68,AUD,paypal,web,completed
TXN20260103001894,2026-01-03 21:47:10,2034,99,,6,8.03,4.15,0.19,48.18,39.03,14.13,AUD,buy_now_pay_later,web,completed
TXN20260103001895,2026-01-03 21:47:39,1188,272,5005,5,48.63,36.18,0.14,243.15,209.11,28.21,AUD,bank_transfer,web,completed
TXN20260103001896,2026-01-03 21:47:56,1814,325,,3,185.03,90.35,0.11,555.09,494.03,222.98,AUD,credit_card,web,cancelled
TXN20260103001897,2026-01-03 21:49:14,2144,365,,3,229.11,163.97,0.02,687.33,673.58,181.67,AUD,buy_now_pay_later,web,completed
TXN20260103001898,2026-01-03 21:51:24,1357,295,,2,125.3,93.62,0.16,250.6,210.5,23.26,AUD,credit_card,web,completed
TXN20260103001899,2026-01-03 21:51:35,1210,270,,4,347.43,172.19,0.1,1389.72,1250.75,561.99,AUD,buy_now_pay_later,mobile_app,completed
TXN20260103001900,2026-01-03 21:51:49,1593,320,5012,1,5.35,2.75,0.06,5.35,5.03,2.28,AUD,paypal,mobile_app,completed
TXN20260103001901,2026-01-03 21:51:54,1209,323,5008,1,154.89,83.84,0.23,154.89,119.27,35.43,AUD,debit_card,mobile_app,completed
TXN20260103001902,2026-01-03 21:52:40,1176,365,,2,229.11,163.97,0.11,458.22,407.82,79.88,AUD,buy_now_pay_later,in_store,completed
TXN20260103001903,2026-01-03 21:53:21,1759,2,5016,3,292.97,126.42,0.12,878.91,773.44,394.18,AUD,credit_card,web,completed
TXN20260103001904,2026-01-03 21:53:36,1870,128,,3,189.27,110.21,0.01,567.81,562.13,231.5,AUD,credit_card,web,completed
TXN20260103001905,2026-01-03 21:53:46,1656,145,,1,333.84,132.73,0.13,333.84,290.44,157.71,AUD,credit_card,web,completed
TXN20260103001906,2026-01-03 21:54:15,2081,150,5006,1,205.86,111.18,0.12,205.86,181.16,69.98,AUD,credit_card,web,completed
TXN20260103001907,2026-01-03 21:55:07,2034,18,,1,23.51,10.69,0.19,23.51,19.04,8.35,AUD,buy_now_pay_later,marketplace,completed
TXN20260103001908,2026-01-03 21:55:22,2100,308,5006,5,227.37,123.17,0.15,1136.85,966.32,350.47,AUD,debit_card,web,completed
TXN20260103001909,2026-01-03 21:55:46,1676,217,5017,4,105.58,80.07,0.06,422.32,396.98,76.7,AUD,debit_card,mobile_app,completed
TXN20260103001910,2026-01-03 21:55:55,1578,126,,1,63.01,42.43,0.23,63.01,48.52,6.09,AUD,credit_card,web,completed
TXN20260103001911,2026-01-03 21:56:00,1270,244,,1,141.72,92.91,0.24,141.72,107.71,14.8,AUD,credit_card,mobile_app,completed
TXN20260103001912,2026-01-03 21:56:04,1846,180,,2,233.35,116.35,0.05,466.7,443.36,210.66,AUD,credit_card,web,refunded
TXN20260103001913,2026-01-03 21:56:12,1869,80,,2,200.59,111.67,0.03,401.18,389.14,165.8,AUD,credit_card,mobile_app,cancelled
TXN20260103001914,2026-01-03 21:56:21,1866,336,,2,250.44,165.04,0.28,500.88,360.63,30.55,AUD,credit_card,web,completed
TXN20260103001915,2026-01-03 21:56:54,2096,68,,1,197.74,154.22,0.16,197.74,166.1,11.88,AUD,credit_card,web,pending
TXN20260103001916,2026-01-03 21:57:27,2044,212,,1,172.34,98.73,0.09,172.34,156.83,58.1,AUD,debit_card,web,completed
TXN20260103001917,2026-01-03 21:58:40,1368,301,,4,288.28,108.1,0.02,1153.12,1130.06,697.66,AUD,debit_card,marketplace,completed
TXN20260103001918,2026-01-03 21:58:43,1623,101,,4,352.61,157.72,0.05,1410.44,1339.92,709.04,AUD,credit_card,web,refunded
TXN20260103001919,2026-01-03 21:59:01,2154,140,5005,2,98.88,53.29,0.09,197.76,179.96,73.38,AUD,credit_card,mobile_app,completed
TXN20260103001920,2026-01-03 21:59:47,1290,56,5002,4,221.91,135.65,0.03,887.64,861.01,318.41,AUD,credit_card,web,completed
TXN20260103001921,2026-01-03 22:00:20,1958,339,5016,2,232.73,135.01,0.1,465.46,418.91,148.89,AUD,bank_transfer,mobile_app,completed
TXN20260103001922,2026-01-03 22:00:46,1118,67,,2,164.66,66.92,0.0,329.32,329.32,195.48,AUD,credit_card,mobile_app,completed
TXN20260103001923,2026-01-03 22:01:16,2100,160,5013,2,132.52,86.58,0.01,265.04,262.39,89.23,AUD,paypal,web,completed
TXN20260103001924,2026-01-03 22:01:41,2137,272,,2,48.63,36.18,0.23,97.26,74.89,2.53,AUD,credit_card,mobile_app,cancelled
TXN20260103001925,2026-01-03 22:01:48,2006,17,5017,4,15.98,12.32,0.12,63.92,56.25,6.97,AUD,paypal,in_store,pending
TXN20260103001926,2026-01-03 22:02:19,1778,189,5016,4,209.27,158.1,0.19,837.08,678.03,45.63,AUD,buy_now_pay_later,mobile_app,completed
TXN20260103001927,2026-01-03 22:02:26,1778,230,,4,249.03,160.65,0.17,996.12,826.78,184.18,AUD,debit_card,mobile_app,completed
TXN20260103001928,2026-01-03 22:02:35,2115,116,5015,1,265.13,138.42,0.02,265.13,259.83,121.41,AUD,credit_card,web,completed
TXN20260103001929,2026-01-03 22:02:36,1054,223,5018,1,140.86,54.16,0.14,140.86,121.14,66.98,AUD,credit_card,web,completed
TXN20260103001930,2026-01-03 22:03:33,1028,20,,2,230.82,128.98,0.09,461.64,420.09,162.13,AUD,paypal,mobile_app,completed
TXN20260103001931,2026-01-03 22:04:16,1334,235,5009,3,18.79,8.45,0.2,56.37,45.1,19.75,AUD,debit_card,web,completed
TXN20260103001932,2026-01-03 22:04:24,1880,30,5014,2,170.45,127.12,0.03,340.9,330.67,76.43,AUD,credit_card,web,completed
TXN20260103001933,2026-01-03 22:05:14,1969,240,,5,296.5,109.26,0.21,1482.5,1171.17,624.87,AUD,debit_card,mobile_app,completed
TXN20260103001934,2026-01-03 22:06:16,2041,231,5008,3,114.93,83.66,0.15,344.79,293.07,42.09,AUD,debit_card,web,completed
TXN20260103001935,2026-01-03 22:07:10,1338,52,,2,213.42,159.81,0.14,426.84,367.08,47.46,AUD,gift_card,web,completed
TXN20260103001936,2026-01-03 22:07:23,1087,283,,3,155.88,105.7,0.22,467.64,364.76,47.66,AUD,credit_card,web,completed
TXN20260103001937,2026-01-03 22:07:38,1419,360,5005,2,22.41,17.01,0.11,44.82,39.89,5.87,AUD,buy_now_pay_later,mobile_app,completed
TXN20260103001938,2026-01-03 22:07:46,1020,208,,3,165.3,68.58,0.02,495.9,485.98,280.24,AUD,bank_transfer,web,completed
TXN20260103001939,2026-01-03 22:08:06,1097,127,,4,45.1,29.41,0.09,180.4,164.16,46.52,AUD,credit_card,mobile_app,completed
TXN20260103001940,2026-01-03 22:08:48,1568,174,,4,56.31,22.6,0.06,225.24,211.73,121.33,AUD,credit_card,web,completed
TXN20260103001941,2026-01-03 22:09:51,1953,180,,2,233.35,116.35,0.06,466.7,438.7,206.0,AUD,credit_card,mobile_app,completed
TXN20260103001942,2026-01-03 22:09:52,1350,106,5018,1,313.2,199.1,0.14,313.2,269.35,70.25,AUD,bank_transfer,web,completed
TXN20260103001943,2026-01-03 22:09:54,1692,323,,1,154.89,83.84,0.06,154.89,145.6,61.76,AUD,paypal,web,completed
TXN20260103001944,2026-01-03 22:10:08,1418,252,5007,4,12.21,8.71,0.04,48.84,46.89,12.05,AUD,credit_card,mobile_app,completed
TXN20260103001945,2026-01-03 22:10:27,2161,165,,4,198.75,72.56,0.01,795.0,787.05,496.81,AUD,paypal,web,completed
TXN20260103001946,2026-01-03 22:11:21,2063,343,,3,32.63,13.17,0.04,97.89,93.97,54.46,AUD,credit_card,mobile_app,cancelled
TXN20260103001947,2026-01-03 22:11:43,1003,90,,2,65.94,42.23,0.04,131.88,126.6,42.14,AUD,debit_card,mobile_app,completed
TXN20260103001948,2026-01-03 22:11:46,1068,206,5009,3,211.48,126.89,0.06,634.44,596.37,215.7,AUD,buy_now_pay_later,marketplace,completed
TXN20260103001949,2026-01-03 22:12:04,1330,13,5010,2,39.93,31.05,0.06,79.86,75.07,12.97,AUD,credit_card,mobile_app,completed
TXN20260103001950,2026-01-03 22:12:08,1927,394,5012,4,26.27,10.02,0.03,105.08,101.93,61.85,AUD,credit_card,web,completed
TXN20260103001951,2026-01-03 22:12:23,1449,360,5016,1,22.41,17.01,0.01,22.41,22.19,5.18,AUD,paypal,web,completed
TXN20260103001952,2026-01-03 22:14:48,2194,320,,2,5.35,2.75,0.09,10.7,9.74,4.24,AUD,credit_card,web,completed
TXN20260103001953,2026-01-03 22:15:06,1227,237,,1,5.09,3.29,0.04,5.09,4.89,1.6,AUD,bank_transfer,mobile_app,completed
TXN20260103001954,2026-01-03 22:15:15,1019,39,,6,153.21,59.61,0.16,919.26,772.18,414.52,AUD,credit_card,mobile_app,completed
TXN20260103001955,2026-01-03 22:15:19,1546,91,,2,229.04,125.54,0.16,458.08,384.79,133.71,AUD,credit_card,mobile_app,completed
TXN20260103001956,2026-01-03 22:15:59,1045,236,5006,6,7.93,6.02,0.07,47.58,44.25,8.13,AUD,paypal,mobile_app,completed
TXN20260103001957,2026-01-03 22:16:53,1828,114,,1,311.7,127.05,0.04,311.7,299.23,172.18,AUD,paypal,web,completed
TXN20260103001958,2026-01-03 22:17:12,1684,337,5016,3,146.92,72.71,0.07,440.76,409.91,191.78,AUD,bank_transfer,web,completed
TXN20260103001959,2026-01-03 22:17:25,1351,196,,1,113.34,80.83,0.08,113.34,104.27,23.44,AUD,credit_card,web,completed
TXN20260103001960,2026-01-03 22:17:37,2159,56,,4,221.91,135.65,0.09,887.64,807.75,265.15,AUD,buy_now_pay_later,web,completed
TXN20260103001961,2026-01-03 22:18:14,1969,144,,4,19.12,6.9,0.17,76.48,63.48,35.88,AUD,credit_card,web,completed
TXN20260103001962,2026-01-03 22:18:45,1805,202,5012,2,257.36,101.79,0.08,514.72,473.54,269.96,AUD,credit_card,web,completed
TXN20260103001963,2026-01-03 22:19:21,1467,287,,2,67.92,35.4,0.21,135.84,107.31,36.51,AUD,credit_card,mobile_app,completed
TXN20260103001964,2026-01-03 22:20:14,1369,287,5017,3,67.92,35.4,0.08,203.76,187.46,81.26,AUD,buy_now_pay_later,marketplace,completed
TXN20260103001965,2026-01-03 22:21:19,1404,89,5013,1,131.64,95.41,0.09,131.64,119.79,24.38,AUD,credit_card,marketplace,completed
TXN20260103001966,2026-01-03 22:21:44,1855,383,,1,227.62,101.34,0.08,227.62,209.41,108.07,AUD,debit_card,web,completed
TXN20260103001967,2026-01-03 22:22:14,2012,161,,1,57.23,33.31,0.15,57.23,48.65,15.34,AUD,credit_card,mobile_app,completed
TXN20260103001968,2026-01-03 22:23:29,1736,5,5018,3,69.17,48.26,0.07,207.51,192.98,48.2,AUD,debit_card,marketplace,completed
TXN20260103001969,2026-01-03 22:23:30,1348,265,,1,217.01,151.39,0.16,217.01,182.29,30.9,AUD,debit_card,mobile_app,completed
TXN20260103001970,2026-01-03 22:23:32,1271,329,,3,58.04,30.71,0.22,174.12,135.81,43.68,AUD,credit_card,web,completed
TXN20260103001971,2026-01-03 22:24:01,2192,340,5017,2,69.61,35.79,0.14,139.22,119.73,48.15,AUD,paypal,in_store,completed
TXN20260103001972,2026-01-03 22:24:16,2187,125,5009,5,196.62,94.85,0.01,983.1,973.27,499.02,AUD,buy_now_pay_later,mobile_app,completed
TXN20260103001973,2026-01-03 22:24:24,1264,374,,1,37.72,26.89,0.01,37.72,37.34,10.45,AUD,debit_card,web,completed
TXN20260103001974,2026-01-03 22:25:09,1303,90,,4,65.94,42.23,0.06,263.76,247.93,79.01,AUD,gift_card,mobile_app,completed
TXN20260103001975,2026-01-03 22:26:20,2025,210,,4,210.36,163.77,0.05,841.44,799.37,144.29,AUD,credit_card,web,completed
TXN20260103001976,2026-01-03 22:26:44,1495,211,,1,125.27,94.18,0.12,125.27,110.24,16.06,AUD,paypal,web,completed
TXN20260103001977,2026-01-03 22:27:00,1973,329,,2,58.04,30.71,0.11,116.08,103.31,41.89,AUD,paypal,web,refunded
TXN20260103001978,2026-01-03 22:27:25,1382,266,,5,87.68,41.95,0.1,438.4,394.56,184.81,AUD,bank_transfer,marketplace,completed
TXN20260103001979,2026-01-03 22:27:30,1374,198,,4,311.79,188.7,0.12,1247.16,1097.5,342.7,AUD,buy_now_pay_later,web,completed
TXN20260103001980,2026-01-03 22:27:31,1941,157,,1,63.5,40.09,0.04,63.5,60.96,20.87,AUD,credit_card,mobile_app,completed
TXN20260103001981,2026-01-03 22:27:42,1554,199,,4,405.48,228.61,0.09,1621.92,1475.95,561.51,AUD,buy_now_pay_later,phone,completed
TXN20260103001982,2026-01-03 22:28:17,1866,45,,3,127.42,77.89,0.02,382.26,374.61,140.94,AUD,debit_card,mobile_app,completed
TXN20260103001983,2026-01-03 22:28:24,1484,204,5006,2,256.41,190.36,0.05,512.82,487.18,106.46,AUD,credit_card,marketplace,completed
TXN20260103001984,2026-01-03 22:28:30,2009,46,5018,2,182.51,84.92,0.12,365.02,321.22,151.38,AUD,credit_card,web,completed
TXN20260103001985,2026-01-03 22:29:05,1897,50,5014,2,145.4,62.87,0.29,290.8,206.47,80.73,AUD,debit_card,marketplace,completed
TXN20260103001986,2026-01-03 22:29:21,1614,373,,6,423.09,155.74,0.05,2538.54,2411.61,1477.17,AUD,credit_card,web,completed
TXN20260103001987,2026-01-03 22:29:37,1331,52,5018,1,213.42,159.81,0.18,213.42,175.0,15.19,AUD,paypal,phone,completed
TXN20260103001988,2026-01-03 22:29:55,1581,181,,1,219.32,157.3,0.08,219.32,201.77,44.47,AUD,buy_now_pay_later,web,completed
TXN20260103001989,2026-01-03 22:30:15,1040,130,,3,18.48,10.08,0.1,55.44,49.9,19.66,AUD,debit_card,web,completed
TXN20260103001990,2026-01-03 22:32:37,1416,41,,2,241.85,106.29,0.04,483.7,464.35,251.77,AUD,debit_card,mobile_app,completed
TXN20260103001991,2026-01-03 22:33:02,2167,105,5018,1,142.92,89.61,0.2,142.92,114.34,24.73,AUD,credit_card,web,completed
TXN20260103001992,2026-01-03 22:33:23,2075,1,,2,367.54,272.05,0.21,735.08,580.71,36.61,AUD,credit_card,mobile_app,completed
TXN20260103001993,2026-01-03 22:33:35,1957,379,,1,115.88,59.08,0.04,115.88,111.24,52.16,AUD,credit_card,mobile_app,completed
TXN20260103001994,2026-01-03 22:33:38,2027,44,,3,236.02,141.49,0.05,708.06,672.66,248.19,AUD,buy_now_pay_later,marketplace,completed
TXN20260103001995,2026-01-03 22:34:18,1865,13,,2,39.93,31.05,0.06,79.86,75.07,12.97,AUD,gift_card,web,completed
TXN20260103001996,2026-01-03 22:34:32,1074,37,,2,5.1,1.86,0.16,10.2,8.57,4.85,AUD,credit_card,web,completed
TXN20260103001997,2026-01-03 22:34:45,1957,10,,1,246.81,139.27,0.06,246.81,232.0,92.73,AUD,paypal,web,completed
TXN20260103001998,2026-01-03 22:35:20,1256,39,,3,153.21,59.61,0.14,459.63,395.28,216.45,AUD,paypal,web,completed
TXN20260103001999,2026-01-03 22:35:29,2106,251,5006,3,245.15,169.74,0.13,735.45,639.84,130.62,AUD,credit_card,mobile_app,completed
TXN20260103002000,2026-01-03 22:35:49,1107,15,,6,42.26,18.74,0.01,253.56,251.02,138.58,AUD,debit_card,web,cancelled
TXN20260103002001,2026-01-03 22:36:50,1635,154,,3,128.25,56.51,0.07,384.75,357.82,188.29,AUD,credit_card,web,cancelled
TXN20260103002002,2026-01-03 22:37:02,1379,167,5002,3,176.55,75.21,0.12,529.65,466.09,240.46,AUD,credit_card,mobile_app,completed
TXN20260103002003,2026-01-03 22:37:08,1109,1,5006,3,367.54,272.05,0.0,1102.62,1102.62,286.47,AUD,paypal,marketplace,completed
TXN20260103002004,2026-01-03 22:37:11,1944,105,,2,142.92,89.61,0.05,285.84,271.55,92.33,AUD,debit_card,marketplace,completed
TXN20260103002005,2026-01-03 22:37:34,1495,258,,5,5.4,4.07,0.04,27.0,25.92,5.57,AUD,credit_card,marketplace,pending
TXN20260103002006,2026-01-03 22:37:50,1231,112,5013,1,121.28,51.75,0.01,121.28,120.07,68.32,AUD,debit_card,mobile_app,completed
TXN20260103002007,2026-01-03 22:37:59,2043,300,5016,2,134.02,50.66,0.02,268.04,262.68,161.36,AUD,paypal,marketplace,completed
TXN20260103002008,2026-01-03 22:38:49,1484,234,5005,1,153.86,117.69,0.26,153.86,113.86,-3.83,AUD,debit_card,marketplace,completed
TXN20260103002009,2026-01-03 22:38:52,1023,135,5003,1,141.91,90.68,0.2,141.91,113.53,22.85,AUD,credit_card,web,completed
TXN20260103002010,2026-01-03 22:38:59,1304,373,5017,3,423.09,155.74,0.02,1269.27,1243.88,776.66,AUD,credit_card,in_store,completed
TXN20260103002011,2026-01-03 22:39:43,1765,292,,3,313.29,237.82,0.01,939.87,930.47,217.01,AUD,paypal,web,cancelled
TXN20260103002012,2026-01-03 22:39:50,2103,157,5005,1,63.5,40.09,0.11,63.5,56.52,16.43,AUD,credit_card,mobile_app,completed
TXN20260103002013,2026-01-03 22:40:02,1469,325,,2,185.03,90.35,0.09,370.06,336.75,156.05,AUD,paypal,web,completed
TXN20260103002014,2026-01-03 22:40:06,1942,340,,5,69.61,35.79,0.14,348.05,299.32,120.37,AUD,debit_card,phone,refunded
TXN20260103002015,2026-01-03 22:40:41,1665,363,,6,161.87,102.03,0.05,971.22,922.66,310.48,AUD,bank_transfer,mobile_app,completed
TXN20260103002016,2026-01-03 22:40:50,1011,22,,1,239.15,141.03,0.05,239.15,227.19,86.16,AUD,gift_card,web,completed
TXN20260103002017,2026-01-03 22:41:00,1734,363,5003,4,161.87,102.03,0.07,647.48,602.16,194.04,AUD,bank_transfer,marketplace,completed
TXN20260103002018,2026-01-03 22:42:10,1273,188,,2,141.88,98.58,0.05,283.76,269.57,72.41,AUD,debit_card,web,completed
TXN20260103002019,2026-01-03 22:42:35,1805,112,,4,121.28,51.75,0.08,485.12,446.31,239.31,AUD,buy_now_pay_later,web,completed
TXN20260103002020,2026-01-03 22:42:43,1688,59,5004,3,66.9,33.14,0.04,200.7,192.67,93.25,AUD,debit_card,web,completed
TXN20260103002021,2026-01-03 22:43:05,1450,287,,1,67.92,35.4,0.15,67.92,57.73,22.33,AUD,credit_card,web,completed
TXN20260103002022,2026-01-03 22:43:32,2062,13,5016,2,39.93,31.05,0.1,79.86,71.87,9.77,AUD,paypal,mobile_app,completed
TXN20260103002023,2026-01-03 22:43:45,1140,199,,1,405.48,228.61,0.24,405.48,308.16,79.55,AUD,buy_now_pay_later,web,completed
TXN20260103002024,2026-01-03 22:44:02,2000,100,,2,429.39,290.83,0.06,858.78,807.25,225.59,AUD,paypal,mobile_app,completed
TXN20260103002025,2026-01-03 22:44:22,1606,322,,3,98.42,48.71,0.02,295.26,289.35,143.22,AUD,paypal,in_store,cancelled
TXN20260103002026,2026-01-03 22:44:55,1339,371,,3,279.28,128.3,0.11,837.84,745.68,360.78,AUD,bank_transfer,web,cancelled
TXN20260103002027,2026-01-03 22:45:21,1361,124,5006,2,396.85,254.98,0.16,793.7,666.71,156.75,AUD,credit_card,web,completed
TXN20260103002028,2026-01-03 22:46:35,1979,269,5009,1,129.92,57.09,0.08,129.92,119.53,62.44,AUD,debit_card,marketplace,completed
TXN20260103002029,2026-01-03 22:46:50,1470,344,,1,24.55,10.75,0.06,24.55,23.08,12.33,AUD,credit_card,mobile_app,completed
TXN20260103002030,2026-01-03 22:47:04,1933,87,,1,137.75,85.09,0.21,137.75,108.82,23.73,AUD,buy_now_pay_later,web,completed
TXN20260103002031,2026-01-03 22:47:27,1739,313,,4,364.12,204.74,0.15,1456.48,1238.01,419.05,AUD,credit_card,web,completed
TXN20260103002032,2026-01-03 22:47:28,2103,247,5005,3,32.77,14.35,0.0,98.31,98.31,55.26,AUD,paypal,web,completed
TXN20260103002033,2026-01-03 22:48:55,1749,267,5003,1,13.67,9.81,0.17,13.67,11.35,1.54,AUD,credit_card,web,completed
TXN20260103002034,2026-01-03 22:49:07,1582,174,5003,2,56.31,22.6,0.11,112.62,100.23,55.03,AUD,debit_card,marketplace,cancelled
TXN20260103002035,2026-01-03 22:49:31,1774,400,,3,83.09,58.62,0.07,249.27,231.82,55.96,AUD,buy_now_pay_later,in_store,completed
TXN20260103002036,2026-01-03 22:49:46,1031,389,,2,275.99,150.66,0.05,551.98,524.38,223.06,AUD,credit_card,mobile_app,cancelled
TXN20260103002037,2026-01-03 22:50:00,1457,100,,2,429.39,290.83,0.1,858.78,772.9,191.24,AUD,debit_card,web,completed
TXN20260103002038,2026-01-03 22:50:18,1331,172,,1,191.33,75.08,0.11,191.33,170.28,95.2,AUD,debit_card,web,completed
TXN20260103002039,2026-01-03 22:50:27,1909,398,5004,1,94.81,37.08,0.04,94.81,91.02,53.94,AUD,debit_card,web,completed
TXN20260103002040,2026-01-03 22:50:53,1113,328,,4,33.71,19.15,0.16,134.84,113.27,36.67,AUD,paypal,mobile_app,completed
TXN20260103002041,2026-01-03 22:51:00,1308,331,,2,188.98,138.35,0.12,377.96,332.6,55.9,AUD,credit_card,web,completed
TXN20260103002042,2026-01-03 22:51:15,1064,315,,4,85.51,53.68,0.06,342.04,321.52,106.8,AUD,paypal,web,refunded
TXN20260103002043,2026-01-03 22:51:24,1122,143,5005,2,166.42,116.53,0.07,332.84,309.54,76.48,AUD,credit_card,marketplace,pending
TXN20260103002044,2026-01-03 22:51:25,1200,192,,5,486.02,347.84,0.24,2430.1,1846.88,107.68,AUD,paypal,web,completed
TXN20260103002045,2026-01-03 22:51:34,1452,129,5003,2,266.79,109.41,0.03,533.58,517.57,298.75,AUD,bank_transfer,marketplace,cancelled
TXN20260103002046,2026-01-03 22:54:01,1811,244,5006,1,141.72,92.91,0.01,141.72,140.3,47.39,AUD,credit_card,mobile_app,completed
TXN20260103002047,2026-01-03 22:54:02,1953,140,,2,98.88,53.29,0.09,197.76,179.96,73.38,AUD,credit_card,mobile_app,completed
TXN20260103002048,2026-01-03 22:54:07,1337,124,,2,396.85,254.98,0.23,793.7,611.15,101.19,AUD,debit_card,mobile_app,completed
TXN20260103002049,2026-01-03 22:54:16,1413,275,,1,116.41,50.22,0.08,116.41,107.1,56.88,AUD,credit_card,mobile_app,completed
TXN20260103002050,2026-01-03 22:54:42,1115,381,,2,12.14,8.81,0.12,24.28,21.37,3.75,AUD,buy_now_pay_later,web,completed
TXN20260103002051,2026-01-03 22:55:03,1601,241,,1,242.09,167.24,0.18,242.09,198.51,31.27,AUD,buy_now_pay_later,web,completed
TXN20260103002052,2026-01-03 22:55:11,1149,109,,1,156.65,98.49,0.02,156.65,153.52,55.03,AUD,buy_now_pay_later,web,refunded
TXN20260103002053,2026-01-03 22:55:29,1085,255,,5,109.46,69.18,0.07,547.3,508.99,163.09,AUD,credit_card,web,completed
TXN20260103002054,2026-01-03 22:55:48,1467,85,5006,3,173.56,99.76,0.01,520.68,515.47,216.19,AUD,credit_card,in_store,completed
TXN20260103002055,2026-01-03 22:55:50,1613,113,,2,424.44,152.08,0.12,848.88,747.01,442.85,AUD,buy_now_pay_later,mobile_app,completed
TXN20260103002056,2026-01-03 22:56:37,1008,50,5010,2,145.4,62.87,0.09,290.8,264.63,138.89,AUD,credit_card,mobile_app,completed
TXN20260103002057,2026-01-03 22:57:05,1923,26,,3,76.06,28.87,0.05,228.18,216.77,130.16,AUD,buy_now_pay_later,web,completed
TXN20260103002058,2026-01-03 22:57:28,1737,267,5007,4,13.67,9.81,0.18,54.68,44.84,5.6,AUD,credit_card,web,completed
TXN20260103002059,2026-01-03 22:58:39,1932,317,,3,25.27,14.13,0.05,75.81,72.02,29.63,AUD,credit_card,web,completed
TXN20260103002060,2026-01-03 22:59:18,1771,73,5005,3,97.62,68.56,0.19,292.86,237.22,31.54,AUD,paypal,web,completed
TXN20260103002061,2026-01-03 22:59:20,1576,128,,1,189.27,110.21,0.16,189.27,158.99,48.78,AUD,gift_card,mobile_app,completed
TXN20260103002062,2026-01-03 22:59:51,2177,9,5003,2,470.11,214.65,0.05,940.22,893.21,463.91,AUD,bank_transfer,mobile_app,completed
TXN20260103002063,2026-01-03 23:03:44,1131,361,,4,172.83,61.35,0.15,691.32,587.62,342.22,AUD,credit_card,mobile_app,completed
TXN20260103002064,2026-01-03 23:04:50,2089,205,,2,200.88,145.96,0.03,401.76,389.71,97.79,AUD,paypal,mobile_app,completed
TXN20260103002065,2026-01-03 23:05:24,2061,129,,2,266.79,109.41,0.02,533.58,522.91,304.09,AUD,debit_card,mobile_app,completed
TXN20260103002066,2026-01-03 23:06:48,1507,241,5014,1,242.09,167.24,0.2,242.09,193.67,26.43,AUD,paypal,mobile_app,completed
TXN20260103002067,2026-01-03 23:08:35,1488,120,,1,231.92,128.02,0.02,231.92,227.28,99.26,AUD,paypal,in_store,completed
TXN20260103002068,2026-01-03 23:09:08,1260,183,5009,1,56.96,21.65,0.06,56.96,53.54,31.89,AUD,paypal,web,completed
TXN20260103002069,2026-01-03 23:09:28,1043,325,,4,185.03,90.35,0.11,740.12,658.71,297.31,AUD,credit_card,marketplace,completed
TXN20260103002070,2026-01-03 23:10:28,1940,57,,2,7.38,2.62,0.09,14.76,13.43,8.19,AUD,debit_card,mobile_app,completed
TXN20260103002071,2026-01-03 23:13:25,1993,173,,3,67.53,28.1,0.03,202.59,196.51,112.21,AUD,credit_card,web,completed
TXN20260103002072,2026-01-03 23:13:39,1660,41,,2,241.85,106.29,0.08,483.7,445.0,232.42,AUD,credit_card,mobile_app,completed
TXN20260103002073,2026-01-03 23:13:58,2128,161,,4,57.23,33.31,0.17,228.92,190.0,56.76,AUD,buy_now_pay_later,in_store,completed
TXN20260103002074,2026-01-03 23:15:23,1779,328,,3,33.71,19.15,0.2,101.13,80.9,23.45,AUD,debit_card,web,completed
TXN20260103002075,2026-01-03 23:17:51,1588,108,5002,2,13.12,5.5,0.1,26.24,23.62,12.62,AUD,credit_card,marketplace,completed
TXN20260103002076,2026-01-03 23:17:58,1384,381,,4,12.14,8.81,0.14,48.56,41.76,6.52,AUD,debit_card,web,completed
TXN20260103002077,2026-01-03 23:19:26,1210,197,,2,161.84,90.95,0.13,323.68,281.6,99.7,AUD,buy_now_pay_later,mobile_app,completed
TXN20260103002078,2026-01-03 23:20:14,1132,93,5007,5,325.04,177.67,0.11,1625.2,1446.43,558.08,AUD,credit_card,web,completed
TXN20260103002079,2026-01-03 23:21:48,1602,80,5017,1,200.59,111.67,0.15,200.59,170.5,58.83,AUD,credit_card,mobile_app,completed
TXN20260103002080,2026-01-03 23:22:02,1126,60,5014,3,77.58,46.86,0.0,232.74,232.74,92.16,AUD,credit_card,marketplace,completed
TXN20260103002081,2026-01-03 23:23:23,1880,303,5006,2,5.2,2.83,0.16,10.4,8.74,3.08,AUD,paypal,web,completed
TXN20260103002082,2026-01-03 23:23:39,1767,82,,2,269.27,177.26,0.04,538.54,517.0,162.48,AUD,bank_transfer,web,completed
TXN20260103002083,2026-01-03 23:24:07,1014,24,,1,201.95,77.39,0.06,201.95,189.83,112.44,AUD,credit_card,mobile_app,cancelled
TXN20260103002084,2026-01-03 23:24:11,2107,369,5006,3,254.39,165.86,0.15,763.17,648.69,151.11,AUD,debit_card,mobile_app,completed
TXN20260103002085,2026-01-03 23:25:08,1745,346,,5,337.76,248.46,0.24,1688.8,1283.49,41.19,AUD,credit_card,web,completed
TXN20260103002086,2026-01-03 23:25:46,2030,208,,1,165.3,68.58,0.14,165.3,142.16,73.58,AUD,buy_now_pay_later,mobile_app,refunded
TXN20260103002087,2026-01-03 23:25:56,1503,95,,1,125.86,97.81,0.15,125.86,106.98,9.17,AUD,credit_card,mobile_app,completed
TXN20260103002088,2026-01-03 23:26:34,1925,151,5003,2,36.21,16.06,0.05,72.42,68.8,36.68,AUD,credit_card,mobile_app,completed
TXN20260103002089,2026-01-03 23:26:45,1674,80,,1,200.59,111.67,0.05,200.59,190.56,78.89,AUD,bank_transfer,in_store,completed
TXN20260103002090,2026-01-03 23:26:56,1184,76,,3,153.93,70.84,0.05,461.79,438.7,226.18,AUD,credit_card,marketplace,completed
TXN20260103002091,2026-01-03 23:27:55,1957,390,,1,368.36,241.5,0.25,368.36,276.27,34.77,AUD,credit_card,marketplace,completed
TXN20260103002092,2026-01-03 23:29:34,1744,33,,2,120.22,59.38,0.24,240.44,182.73,63.97,AUD,debit_card,mobile_app,completed
TXN20260103002093,2026-01-03 23:30:14,1963,214,5010,3,133.32,71.17,0.05,399.96,379.96,166.45,AUD,debit_card,mobile_app,completed
TXN20260103002094,2026-01-03 23:31:06,1474,306,5006,2,201.0,79.58,0.12,402.0,353.76,194.6,AUD,paypal,mobile_app,refunded
TXN20260103002095,2026-01-03 23:33:27,1413,295,,3,125.3,93.62,0.04,375.9,360.86,80.0,AUD,credit_card,web,completed
TXN20260103002096,2026-01-03 23:34:34,1874,12,,3,22.05,16.18,0.15,66.15,56.23,7.69,AUD,credit_card,mobile_app,completed
TXN20260103002097,2026-01-03 23:37:02,1109,29,,3,157.08,114.81,0.16,471.24,395.84,51.41,AUD,paypal,web,completed
TXN20260103002098,2026-01-03 23:37:42,1022,191,,2,265.41,112.45,0.03,530.82,514.9,290.0,AUD,buy_now_pay_later,mobile_app,completed
TXN20260103002099,2026-01-03 23:38:42,1496,268,5002,1,13.69,9.27,0.01,13.69,13.55,4.28,AUD,credit_card,mobile_app,completed
TXN20260103002100,2026-01-03 23:39:05,1924,107,5002,2,391.82,298.53,0.27,783.64,572.06,-25.0,AUD,buy_now_pay_later,mobile_app,completed
TXN20260103002101,2026-01-03 23:45:23,1484,183,5007,2,56.96,21.65,0.03,113.92,110.5,67.2,AUD,buy_now_pay_later,web,completed
TXN20260103002102,2026-01-03 23:47:22,1103,113,,3,424.44,152.08,0.08,1273.32,1171.45,715.21,AUD,paypal,web,completed
TXN20260103002103,2026-01-03 23:47:23,1828,258,,2,5.4,4.07,0.07,10.8,10.04,1.9,AUD,debit_card,web,pending
TXN20260103002104,2026-01-03 23:47:25,2175,252,,1,12.21,8.71,0.17,12.21,10.13,1.42,AUD,debit_card,mobile_app,completed
TXN20260103002105,2026-01-03 23:47:25,2015,344,,3,24.55,10.75,0.07,73.65,68.49,36.24,AUD,debit_card,web,completed
TXN20260103002106,2026-01-03 23:48:07,2035,110,,2,30.96,17.81,0.08,61.92,56.97,21.35,AUD,credit_card,mobile_app,completed
TXN20260103002107,2026-01-03 23:48:58,2060,380,,1,148.6,57.32,0.14,148.6,127.8,70.48,AUD,credit_card,mobile_app,completed
TXN20260103002108,2026-01-03 23:50:28,1756,344,,6,24.55,10.75,0.12,147.3,129.62,65.12,AUD,credit_card,web,completed
TXN20260103002109,2026-01-03 23:51:08,1822,192,,3,486.02,347.84,0.02,1458.06,1428.9,385.38,AUD,buy_now_pay_later,mobile_app,completed
TXN20260103002110,2026-01-03 23:51:51,1264,295,,4,125.3,93.62,0.0,501.2,501.2,126.72,AUD,credit_card,web,completed
TXN20260103002111,2026-01-03 23:52:16,1419,396,,1,358.76,209.23,0.06,358.76,337.23,128.0,AUD,credit_card,mobile_app,completed
TXN20260103002112,2026-01-03 23:54:03,1506,162,5013,1,102.25,40.84,0.04,102.25,98.16,57.32,AUD,debit_card,web,completed
TXN20260103002113,2026-01-03 23:57:02,1927,338,,1,454.19,219.15,0.01,454.19,449.65,230.5,AUD,debit_card,web,completed
TXN20260103002114,2026-01-03 23:58:54,1348,351,,2,410.9,255.25,0.03,821.8,797.15,286.65,AUD,credit_card,web,completed
TXN20260103002115,2026-01-03 23:58:57,1855,209,,2,16.17,12.13,0.1,32.34,29.11,4.85,AUD,debit_card,marketplace,completed
TXN20260103002116,2026-01-03 23:59:21,2093,395,,1,259.59,188.33,0.1,259.59,233.63,45.3,AUD,paypal,web,completed
TXN20260103002117,2026-01-03 23:59:54,1013,195,,1,142.11,62.0,0.07,142.11,132.16,70.16,AUD,debit_card,mobile_app,completed
TXN20260103002118,2026-01-03 23:59:58,1874,15,5005,4,42.26,18.74,0.21,169.04,133.54,58.58,AUD,credit_card,mobile_app,completed
