transaction_id,event_ts,customer_id,product_id,campaign_id,quantity,unit_price,unit_cost,discount_pct,gross_amount,net_amount,margin_amount,currency,payment_method,channel,status
TXN20260105000001,2026-01-05 00:00:48,1417,244,,2,141.72,92.91,0.09,283.44,257.93,72.11,AUD,buy_now_pay_later,web,completed
TXN20260105000002,2026-01-05 00:03:15,1563,234,,1,153.86,117.69,0.07,153.86,143.09,25.4,AUD,credit_card,mobile_app,completed
TXN20260105000003,2026-01-05 00:05:03,1177,156,5018,1,179.48,110.08,0.03,179.48,174.1,64.02,AUD,credit_card,mobile_app,completed
TXN20260105000004,2026-01-05 00:05:34,2028,9,,1,470.11,214.65,0.27,470.11,343.18,128.53,AUD,credit_card,web,completed
TXN20260105000005,2026-01-05 00:05:58,1574,20,5018,2,230.82,128.98,0.04,461.64,443.17,185.21,AUD,credit_card,mobile_app,completed
TXN20260105000006,2026-01-05 00:08:11,1271,6,5004,4,45.92,33.82,0.03,183.68,178.17,42.89,AUD,paypal,mobile_app,completed
TXN20260105000007,2026-01-05 00:08:35,1742,234,5012,2,153.86,117.69,0.24,307.72,233.87,-1.51,AUD,debit_card,mobile_app,completed
TXN20260105000008,2026-01-05 00:09:18,2135,252,5002,1,12.21,8.71,0.19,12.21,9.89,1.18,AUD,credit_card,mobile_app,refunded
TXN20260105000009,2026-01-05 00:14:20,1130,251,,3,245.15,169.74,0.04,735.45,706.03,196.81,AUD,paypal,marketplace,completed
TXN20260105000010,2026-01-05 00:14:33,1020,375,,1,239.04,121.65,0.0,239.04,239.04,117.39,AUD,credit_card,mobile_app,completed
TXN20260105000011,2026-01-05 00:15:03,1179,324,,1,79.51,55.68,0.14,79.51,68.38,12.7,AUD,buy_now_pay_later,web,completed
TXN20260105000012,2026-01-05 00:15:48,1788,81,5005,1,133.11,71.55,0.07,133.11,123.79,52.24,AUD,buy_now_pay_later,mobile_app,completed
TXN20260105000013,2026-01-05 00:21:44,1320,304,,2,87.75,49.18,0.0,175.5,175.5,77.14,AUD,credit_card,web,completed
TXN20260105000014,2026-01-05 00:22:35,1372,126,,1,63.01,42.43,0.08,63.01,57.97,15.54,AUD,credit_card,web,completed
TXN20260105000015,2026-01-05 00:22:47,1758,153,,3,133.15,94.62,0.07,399.45,371.49,87.63,AUD,paypal,web,completed
TXN20260105000016,2026-01-05 00:23:26,1191,63,,3,137.14,59.24,0.09,411.42,374.39,196.67,AUD,credit_card,web,refunded
TXN20260105000017,2026-01-05 00:23:29,2195,374,,3,37.72,26.55,0.09,113.16,102.98,23.33,AUD,credit_card,web,refunded
TXN20260105000018,2026-01-05 00:25:25,1823,41,,1,241.85,106.29,0.06,241.85,227.34,121.05,AUD,credit_card,marketplace,completed
TXN20260105000019,2026-01-05 00:26:02,1668,13,,2,39.93,31.05,0.07,79.86,74.27,12.17,AUD,buy_now_pay_later,mobile_app,completed
TXN20260105000020,2026-01-05 00:27:12,1307,268,5016,2,13.69,9.27,0.22,27.38,21.36,2.82,AUD,debit_card,marketplace,completed
TXN20260105000021,2026-01-05 00:28:09,1100,313,,2,364.12,204.74,0.02,728.24,713.68,304.2,AUD,debit_card,marketplace,completed
TXN20260105000022,2026-01-05 00:29:46,1440,340,,1,69.61,35.79,0.03,69.61,67.52,31.73,AUD,buy_now_pay_later,web,completed
TXN20260105000023,2026-01-05 00:34:08,1490,185,,3,182.91,71.26,0.05,548.73,521.29,307.51,AUD,debit_card,marketplace,completed
TXN20260105000024,2026-01-05 00:35:45,1423,28,,1,154.87,112.5,0.09,154.87,140.93,28.43,AUD,paypal,mobile_app,refunded
TXN20260105000025,2026-01-05 00:36:51,1690,259,,2,243.76,167.05,0.06,487.52,458.27,124.17,AUD,credit_card,mobile_app,completed
TXN20260105000026,2026-01-05 00:37:39,1820,317,,3,25.27,14.13,0.25,75.81,56.86,14.47,AUD,debit_card,web,completed
TXN20260105000027,2026-01-05 00:38:35,2001,340,5014,1,69.61,35.79,0.14,69.61,59.86,24.07,AUD,credit_card,mobile_app,completed
TXN20260105000028,2026-01-05 00:40:02,1320,318,,2,104.56,45.81,0.11,209.12,186.12,94.5,AUD,buy_now_pay_later,web,completed
TXN20260105000029,2026-01-05 00:43:19,1341,130,5005,2,18.48,10.08,0.06,36.96,34.74,14.58,AUD,paypal,web,completed
TXN20260105000030,2026-01-05 00:52:35,1028,226,,5,224.08,91.6,0.18,1120.4,918.73,460.73,AUD,credit_card,web,completed
TXN20260105000031,2026-01-05 00:54:51,1612,370,,1,292.21,138.01,0.22,292.21,227.92,89.91,AUD,credit_card,mobile_app,completed
TXN20260105000032,2026-01-05 00:55:53,1369,373,,1,423.09,155.74,0.23,423.09,325.78,170.04,AUD,debit_card,mobile_app,completed
TXN20260105000033,2026-01-05 00:57:06,1660,323,,1,154.89,83.84,0.11,154.89,137.85,54.01,AUD,credit_card,web,completed
TXN20260105000034,2026-01-05 01:00:52,1133,292,,2,313.29,237.82,0.24,626.58,476.2,0.56,AUD,paypal,marketplace,completed
TXN20260105000035,2026-01-05 01:05:03,2024,355,5018,2,211.06,93.04,0.22,422.12,329.25,143.17,AUD,paypal,mobile_app,completed
TXN20260105000036,2026-01-05 01:06:39,1563,77,,2,288.19,141.16,0.11,576.38,512.98,230.66,AUD,credit_card,web,completed
TXN20260105000037,2026-01-05 01:07:22,1692,303,,1,5.2,2.83,0.07,5.2,4.84,2.01,AUD,paypal,mobile_app,completed
TXN20260105000038,2026-01-05 01:08:22,2176,152,,1,18.61,8.27,0.16,18.61,15.63,7.36,AUD,credit_card,mobile_app,completed
TXN20260105000039,2026-01-05 01:11:19,1183,313,5010,5,364.12,204.74,0.24,1820.6,1383.66,359.96,AUD,paypal,phone,completed
TXN20260105000040,2026-01-05 01:11:52,2010,52,,2,213.42,159.81,0.09,426.84,388.42,68.8,AUD,credit_card,marketplace,completed
TXN20260105000041,2026-01-05 01:12:47,1647,145,,1,333.84,132.73,0.09,333.84,303.79,171.06,AUD,credit_card,marketplace,completed
TXN20260105000042,2026-01-05 01:13:03,1821,8,,3,65.06,29.43,0.04,195.18,187.37,99.08,AUD,paypal,web,completed
TXN20260105000043,2026-01-05 01:16:15,1331,294,5003,4,25.75,16.01,0.13,103.0,89.61,25.57,AUD,paypal,marketplace,completed
TXN20260105000044,2026-01-05 01:17:34,2020,57,,1,7.38,2.62,0.06,7.38,6.94,4.32,AUD,debit_card,marketplace,completed
TXN20260105000045,2026-01-05 01:17:55,1737,3,,2,142.91,77.99,0.04,285.82,274.39,118.41,AUD,paypal,mobile_app,completed
TXN20260105000046,2026-01-05 01:19:41,1821,295,,1,125.3,93.62,0.09,125.3,114.02,20.4,AUD,credit_card,mobile_app,completed
TXN20260105000047,2026-01-05 01:19:44,1275,256,,1,65.44,43.78,0.11,65.44,58.24,14.46,AUD,bank_transfer,mobile_app,completed
TXN20260105000048,2026-01-05 01:20:17,1950,386,5004,2,284.12,120.27,0.07,568.24,528.46,287.92,AUD,buy_now_pay_later,mobile_app,completed
TXN20260105000049,2026-01-05 01:22:53,1659,65,5010,4,253.83,167.53,0.05,1015.32,964.55,294.43,AUD,credit_card,mobile_app,completed
TXN20260105000050,2026-01-05 01:24:06,1341,15,5016,1,42.26,18.74,0.19,42.26,34.23,15.49,AUD,debit_card,mobile_app,completed
TXN20260105000051,2026-01-05 01:24:29,1680,117,,1,17.41,7.32,0.03,17.41,16.89,9.57,AUD,credit_card,web,completed
TXN20260105000052,2026-01-05 01:24:30,1215,391,,1,294.69,110.36,0.18,294.69,241.65,131.29,AUD,credit_card,web,completed
TXN20260105000053,2026-01-05 01:24:45,1711,36,5002,1,95.33,67.51,0.1,95.33,85.8,18.29,AUD,debit_card,web,completed
TXN20260105000054,2026-01-05 01:25:36,1525,175,5003,1,176.68,90.48,0.19,176.68,143.11,52.63,AUD,bank_transfer,mobile_app,completed
TXN20260105000055,2026-01-05 01:32:13,1611,249,5018,2,96.17,46.26,0.02,192.34,188.49,95.97,AUD,bank_transfer,web,cancelled
TXN20260105000056,2026-01-05 01:32:55,1888,15,5017,2,42.26,18.74,0.15,84.52,71.84,34.36,AUD,debit_card,web,completed
TXN20260105000057,2026-01-05 01:35:29,1998,12,,3,22.05,16.18,0.11,66.15,58.87,10.33,AUD,credit_card,mobile_app,completed
TXN20260105000058,2026-01-05 01:35:44,2110,353,,2,53.63,27.2,0.08,107.26,98.68,44.28,AUD,debit_card,web,completed
TXN20260105000059,2026-01-05 01:35:53,1247,344,5004,2,24.55,10.75,0.02,49.1,48.12,26.62,AUD,credit_card,mobile_app,completed
TXN20260105000060,2026-01-05 01:37:34,1055,189,,1,209.27,158.1,0.1,209.27,188.34,30.24,AUD,credit_card,marketplace,completed
TXN20260105000061,2026-01-05 01:37:34,1894,342,5014,2,119.39,87.78,0.15,238.78,202.96,27.4,AUD,paypal,marketplace,completed
TXN20260105000062,2026-01-05 01:39:31,1102,270,5004,3,347.43,172.19,0.22,1042.29,812.99,296.42,AUD,credit_card,web,completed
TXN20260105000063,2026-01-05 01:39:56,2201,185,,2,182.91,71.26,0.04,365.82,351.19,208.67,AUD,debit_card,mobile_app,completed
TXN20260105000064,2026-01-05 01:41:53,1760,272,,1,48.63,36.18,0.13,48.63,42.31,6.13,AUD,debit_card,web,completed
TXN20260105000065,2026-01-05 01:42:23,1096,325,,3,185.03,90.35,0.16,555.09,466.28,195.23,AUD,debit_card,mobile_app,completed
TXN20260105000066,2026-01-05 01:45:42,1729,293,,1,100.6,74.23,0.17,100.6,83.5,9.27,AUD,credit_card,web,completed
TXN20260105000067,2026-01-05 01:45:56,2071,234,,1,153.86,117.69,0.23,153.86,118.47,0.78,AUD,credit_card,mobile_app,completed
TXN20260105000068,2026-01-05 01:54:34,1768,80,,1,200.59,111.67,0.13,200.59,174.51,62.84,AUD,credit_card,web,completed
TXN20260105000069,2026-01-05 01:54:44,1809,280,5003,5,235.41,129.45,0.04,1177.05,1129.97,482.72,AUD,bank_transfer,mobile_app,completed
TXN20260105000070,2026-01-05 01:55:40,1256,171,,2,126.82,54.58,0.0,253.64,253.64,144.48,AUD,credit_card,mobile_app,completed
TXN20260105000071,2026-01-05 01:57:34,2124,227,5014,2,46.57,24.42,0.03,93.14,90.35,41.51,AUD,credit_card,mobile_app,completed
TXN20260105000072,2026-01-05 01:57:45,1457,327,5012,3,27.46,12.97,0.26,82.38,60.96,22.05,AUD,credit_card,web,completed
TXN20260105000073,2026-01-05 02:01:29,1270,354,5004,3,128.43,85.15,0.12,385.29,339.06,83.61,AUD,debit_card,web,completed
TXN20260105000074,2026-01-05 02:05:33,1468,190,5016,4,232.96,154.99,0.06,931.84,875.93,255.97,AUD,paypal,web,completed
TXN20260105000075,2026-01-05 02:06:39,1364,236,,4,7.93,6.02,0.08,31.72,29.18,5.1,AUD,credit_card,mobile_app,completed
TXN20260105000076,2026-01-05 02:06:43,2089,216,5013,2,6.49,3.62,0.19,12.98,10.51,3.27,AUD,debit_card,mobile_app,completed
TXN20260105000077,2026-01-05 02:06:50,2036,193,,2,368.81,195.25,0.07,737.62,685.99,295.49,AUD,buy_now_pay_later,web,completed
TXN20260105000078,2026-01-05 02:06:52,2091,221,,2,157.27,79.8,0.15,314.54,267.36,107.76,AUD,debit_card,web,completed
TXN20260105000079,2026-01-05 02:06:54,1850,360,,1,22.41,17.01,0.11,22.41,19.94,2.93,AUD,debit_card,mobile_app,completed
TXN20260105000080,2026-01-05 02:07:33,1632,195,,3,142.11,62.0,0.16,426.33,358.12,172.12,AUD,buy_now_pay_later,web,completed
TXN20260105000081,2026-01-05 02:08:30,2156,311,5013,5,265.88,206.32,0.04,1329.4,1276.22,244.62,AUD,credit_card,web,refunded
TXN20260105000082,2026-01-05 02:10:07,1803,144,,2,19.12,6.9,0.01,38.24,37.86,24.06,AUD,buy_now_pay_later,phone,completed
TXN20260105000083,2026-01-05 02:10:53,1393,246,,2,334.95,216.34,0.09,669.9,609.61,176.93,AUD,credit_card,marketplace,completed
TXN20260105000084,2026-01-05 02:11:46,1260,391,5016,1,294.69,110.36,0.15,294.69,250.49,140.13,AUD,credit_card,web,completed
TXN20260105000085,2026-01-05 02:11:59,1885,132,,3,109.21,38.28,0.11,327.63,291.59,176.75,AUD,credit_card,web,completed
TXN20260105000086,2026-01-05 02:15:12,1123,323,,2,154.89,83.84,0.17,309.78,257.12,89.44,AUD,buy_now_pay_later,mobile_app,completed
TXN20260105000087,2026-01-05 02:15:40,1625,89,,2,131.64,95.41,0.17,263.28,218.52,27.7,AUD,debit_card,marketplace,completed
TXN20260105000088,2026-01-05 02:15:47,1301,59,,1,66.9,33.14,0.21,66.9,52.85,19.71,AUD,debit_card,mobile_app,completed
TXN20260105000089,2026-01-05 02:18:21,1431,317,,1,25.27,14.13,0.0,25.27,25.27,11.14,AUD,gift_card,web,completed
TXN20260105000090,2026-01-05 02:19:44,1147,148,,1,64.17,49.35,0.12,64.17,56.47,7.12,AUD,debit_card,mobile_app,completed
TXN20260105000091,2026-01-05 02:20:25,1115,256,,6,65.44,43.78,0.11,392.64,349.45,86.77,AUD,credit_card,web,completed
TXN20260105000092,2026-01-05 02:20:55,1201,209,,1,16.17,12.13,0.11,16.17,14.39,2.26,AUD,debit_card,mobile_app,completed
TXN20260105000093,2026-01-05 02:22:00,1488,401,,4,112.78,49.28,0.0,451.12,451.12,254.0,AUD,paypal,mobile_app,completed
TXN20260105000094,2026-01-05 02:24:47,1483,320,,2,5.35,2.75,0.06,10.7,10.06,4.56,AUD,credit_card,mobile_app,completed
TXN20260105000095,2026-01-05 02:25:11,1588,200,,1,8.47,4.01,0.17,8.47,7.03,3.02,AUD,credit_card,web,completed
TXN20260105000096,2026-01-05 02:25:54,1820,25,,4,279.71,213.59,0.01,1118.84,1107.65,253.29,AUD,credit_card,web,completed
TXN20260105000097,2026-01-05 02:27:51,1596,188,,5,141.88,98.58,0.09,709.4,645.55,152.65,AUD,bank_transfer,marketplace,completed
TXN20260105000098,2026-01-05 02:29:09,1541,259,,1,243.76,167.05,0.08,243.76,224.26,57.21,AUD,paypal,mobile_app,completed
TXN20260105000099,2026-01-05 02:29:51,2035,157,,1,63.5,40.09,0.13,63.5,55.24,15.15,AUD,paypal,mobile_app,completed
TXN20260105000100,2026-01-05 02:30:38,1008,60,5016,5,77.58,46.86,0.16,387.9,325.84,91.54,AUD,paypal,web,completed
TXN20260105000101,2026-01-05 02:38:24,2119,70,,2,291.11,188.06,0.09,582.22,529.82,153.7,AUD,buy_now_pay_later,in_store,completed
TXN20260105000102,2026-01-05 02:40:07,2047,128,,2,189.27,110.21,0.12,378.54,333.12,112.7,AUD,debit_card,marketplace,completed
TXN20260105000103,2026-01-05 02:42:35,1866,281,,1,206.68,92.2,0.06,206.68,194.28,102.08,AUD,credit_card,mobile_app,completed
TXN20260105000104,2026-01-05 02:43:01,1293,38,,2,426.51,271.0,0.08,853.02,784.78,242.78,AUD,credit_card,web,completed
TXN20260105000105,2026-01-05 02:43:52,1175,111,,3,130.14,98.41,0.02,390.42,382.61,87.38,AUD,buy_now_pay_later,web,completed
TXN20260105000106,2026-01-05 02:46:14,2098,63,,5,137.14,59.24,0.09,685.7,623.99,327.79,AUD,debit_card,mobile_app,completed
TXN20260105000107,2026-01-05 02:47:00,1373,212,,3,172.34,98.73,0.0,517.02,517.02,220.83,AUD,buy_now_pay_later,marketplace,pending
TXN20260105000108,2026-01-05 02:49:35,1545,121,5018,2,18.5,12.03,0.03,37.0,35.89,11.83,AUD,buy_now_pay_later,mobile_app,cancelled
TXN20260105000109,2026-01-05 02:50:12,1647,121,5009,2,18.5,12.03,0.25,37.0,27.75,3.69,AUD,debit_card,web,completed
TXN20260105000110,2026-01-05 02:50:44,1096,218,5007,3,150.35,81.79,0.09,451.05,410.46,165.09,AUD,credit_card,mobile_app,refunded
TXN20260105000111,2026-01-05 02:51:24,1543,348,,2,367.68,171.93,0.03,735.36,713.3,369.44,AUD,credit_card,mobile_app,completed
TXN20260105000112,2026-01-05 02:52:37,1763,182,5006,5,185.56,117.63,0.24,927.8,705.13,116.98,AUD,debit_card,mobile_app,completed
TXN20260105000113,2026-01-05 02:59:08,1286,75,,1,200.92,131.5,0.04,200.92,192.88,61.38,AUD,paypal,web,completed
TXN20260105000114,2026-01-05 03:01:18,1244,136,5005,3,12.1,8.71,0.05,36.3,34.48,8.35,AUD,buy_now_pay_later,web,completed
TXN20260105000115,2026-01-05 03:02:07,1902,255,,1,109.46,69.18,0.08,109.46,100.7,31.52,AUD,buy_now_pay_later,mobile_app,completed
TXN20260105000116,2026-01-05 03:03:23,2120,233,5002,2,320.43,123.08,0.14,640.86,551.14,304.98,AUD,bank_transfer,in_store,completed
TXN20260105000117,2026-01-05 03:04:46,1415,181,5017,6,219.32,157.3,0.01,1315.92,1302.76,358.96,AUD,paypal,web,completed
TXN20260105000118,2026-01-05 03:08:18,1432,85,5014,2,173.56,99.76,0.11,347.12,308.94,109.42,AUD,credit_card,in_store,completed
TXN20260105000119,2026-01-05 03:08:29,1253,153,,3,133.15,94.62,0.1,399.45,359.5,75.64,AUD,debit_card,marketplace,completed
TXN20260105000120,2026-01-05 03:09:51,1564,171,,2,126.82,54.58,0.03,253.64,246.03,136.87,AUD,credit_card,web,completed
TXN20260105000121,2026-01-05 03:10:15,1464,87,,1,137.75,85.09,0.23,137.75,106.07,20.98,AUD,debit_card,mobile_app,completed
TXN20260105000122,2026-01-05 03:11:09,2041,305,,2,51.53,22.19,0.08,103.06,94.82,50.44,AUD,paypal,in_store,completed
TXN20260105000123,2026-01-05 03:11:21,1787,206,5002,1,211.48,126.89,0.15,211.48,179.76,52.87,AUD,credit_card,web,completed
TXN20260105000124,2026-01-05 03:12:36,1333,193,,1,368.81,195.25,0.11,368.81,328.24,132.99,AUD,paypal,web,completed
TXN20260105000125,2026-01-05 03:12:51,1704,79,,1,139.3,69.25,0.11,139.3,123.98,54.73,AUD,debit_card,mobile_app,completed
TXN20260105000126,2026-01-05 03:13:35,1472,116,,1,265.13,138.42,0.18,265.13,217.41,78.99,AUD,debit_card,mobile_app,completed
TXN20260105000127,2026-01-05 03:14:22,1139,297,,2,258.89,188.19,0.24,517.78,393.51,17.13,AUD,paypal,mobile_app,completed
TXN20260105000128,2026-01-05 03:15:50,1964,292,,1,313.29,237.82,0.03,313.29,303.89,66.07,AUD,credit_card,mobile_app,completed
TXN20260105000129,2026-01-05 03:16:33,1535,233,,1,320.43,123.08,0.12,320.43,281.98,158.9,AUD,credit_card,web,completed
TXN20260105000130,2026-01-05 03:19:11,2031,263,5004,5,194.7,69.51,0.23,973.5,749.6,402.05,AUD,credit_card,web,completed
TXN20260105000131,2026-01-05 03:19:38,1531,383,,4,227.62,101.34,0.02,910.48,892.27,486.91,AUD,credit_card,mobile_app,cancelled
TXN20260105000132,2026-01-05 03:21:38,1899,236,,1,7.93,6.02,0.02,7.93,7.77,1.75,AUD,paypal,mobile_app,completed
TXN20260105000133,2026-01-05 03:21:58,1435,5,,1,69.17,48.26,0.11,69.17,61.56,13.3,AUD,credit_card,mobile_app,completed
TXN20260105000134,2026-01-05 03:25:29,1065,47,,1,383.34,271.98,0.03,383.34,371.84,99.86,AUD,gift_card,mobile_app,refunded
TXN20260105000135,2026-01-05 03:25:32,1778,238,5007,2,356.39,213.37,0.02,712.78,698.52,271.78,AUD,paypal,mobile_app,completed
TXN20260105000136,2026-01-05 03:28:17,1558,383,,1,227.62,101.34,0.17,227.62,188.92,87.58,AUD,credit_card,web,refunded
TXN20260105000137,2026-01-05 03:28:44,2044,361,,3,172.83,61.35,0.07,518.49,482.2,298.15,AUD,paypal,marketplace,completed
TXN20260105000138,2026-01-05 03:28:51,1990,95,,1,125.86,97.81,0.01,125.86,124.6,26.79,AUD,paypal,web,completed
TXN20260105000139,2026-01-05 03:31:04,1538,324,,3,79.51,55.68,0.05,238.53,226.6,59.56,AUD,buy_now_pay_later,web,completed
TXN20260105000140,2026-01-05 03:32:21,1182,347,,3,71.51,38.02,0.08,214.53,197.37,83.31,AUD,debit_card,mobile_app,refunded
TXN20260105000141,2026-01-05 03:34:31,1070,227,,3,46.57,24.42,0.03,139.71,135.52,62.26,AUD,credit_card,in_store,completed
TXN20260105000142,2026-01-05 03:38:17,2173,278,,4,60.0,45.1,0.27,240.0,175.2,-5.2,AUD,paypal,web,completed
TXN20260105000143,2026-01-05 03:38:18,1492,261,,1,222.59,120.24,0.03,222.59,215.91,95.67,AUD,credit_card,mobile_app,completed
TXN20260105000144,2026-01-05 03:40:45,2040,117,,4,17.41,7.32,0.01,69.64,68.94,39.66,AUD,credit_card,web,completed
TXN20260105000145,2026-01-05 03:40:52,1966,147,,1,287.02,186.05,0.08,287.02,264.06,78.01,AUD,bank_transfer,mobile_app,completed
TXN20260105000146,2026-01-05 03:47:20,1807,357,,5,49.08,20.39,0.04,245.4,235.58,133.63,AUD,paypal,mobile_app,completed
TXN20260105000147,2026-01-05 03:48:20,1009,145,,1,333.84,132.73,0.1,333.84,300.46,167.73,AUD,paypal,mobile_app,completed
TXN20260105000148,2026-01-05 03:51:41,1319,193,,2,368.81,195.25,0.01,737.62,730.24,339.74,AUD,credit_card,mobile_app,completed
TXN20260105000149,2026-01-05 03:52:03,1992,342,5007,3,119.39,87.78,0.21,358.17,282.95,19.61,AUD,debit_card,web,completed
TXN20260105000150,2026-01-05 03:52:14,1519,371,,1,279.28,128.3,0.04,279.28,268.11,139.81,AUD,buy_now_pay_later,mobile_app,completed
TXN20260105000151,2026-01-05 03:56:24,2107,310,,3,109.6,62.46,0.2,328.8,263.04,75.66,AUD,credit_card,web,completed
TXN20260105000152,2026-01-05 03:57:18,1572,90,,2,65.94,42.23,0.2,131.88,105.5,21.04,AUD,credit_card,mobile_app,completed
TXN20260105000153,2026-01-05 03:58:44,2097,359,,2,421.42,180.37,0.01,842.84,834.41,473.67,AUD,credit_card,web,completed
TXN20260105000154,2026-01-05 03:59:02,1920,152,,3,18.61,8.27,0.04,55.83,53.6,28.79,AUD,bank_transfer,mobile_app,completed
TXN20260105000155,2026-01-05 03:59:31,2105,150,5013,2,205.86,111.18,0.14,411.72,354.08,131.72,AUD,debit_card,mobile_app,completed
TXN20260105000156,2026-01-05 04:00:03,1787,95,,3,125.86,97.81,0.22,377.58,294.51,1.08,AUD,credit_card,mobile_app,completed
TXN20260105000157,2026-01-05 04:01:23,1216,210,5008,1,210.36,163.77,0.2,210.36,168.29,4.52,AUD,debit_card,mobile_app,completed
TXN20260105000158,2026-01-05 04:01:31,1791,56,5012,1,221.91,135.65,0.06,221.91,208.6,72.95,AUD,debit_card,mobile_app,completed
TXN20260105000159,2026-01-05 04:03:30,1817,375,,1,239.04,121.65,0.06,239.04,224.7,103.05,AUD,debit_card,web,completed
TXN20260105000160,2026-01-05 04:04:58,2042,358,5018,5,15.86,5.64,0.23,79.3,61.06,32.86,AUD,credit_card,mobile_app,completed
TXN20260105000161,2026-01-05 04:06:02,1783,318,5003,3,104.56,45.81,0.07,313.68,291.72,154.29,AUD,paypal,web,completed
TXN20260105000162,2026-01-05 04:08:15,1646,285,5005,6,333.53,259.05,0.11,2001.18,1781.05,226.75,AUD,credit_card,marketplace,completed
TXN20260105000163,2026-01-05 04:09:20,1930,23,,1,371.29,240.22,0.13,371.29,323.02,82.8,AUD,credit_card,mobile_app,completed
TXN20260105000164,2026-01-05 04:09:58,1920,248,,1,58.0,41.73,0.01,58.0,57.42,15.69,AUD,credit_card,web,completed
TXN20260105000165,2026-01-05 04:11:01,1958,395,,4,259.59,188.33,0.11,1038.36,924.14,170.82,AUD,credit_card,mobile_app,completed
TXN20260105000166,2026-01-05 04:13:19,1172,357,,1,49.08,20.39,0.22,49.08,38.28,17.89,AUD,debit_card,web,completed
TXN20260105000167,2026-01-05 04:17:17,1024,204,,5,256.41,190.36,0.07,1282.05,1192.31,240.51,AUD,paypal,web,completed
TXN20260105000168,2026-01-05 04:23:50,1206,395,,2,259.59,188.33,0.03,519.18,503.6,126.94,AUD,paypal,mobile_app,completed
TXN20260105000169,2026-01-05 04:25:41,2000,113,5003,1,424.44,152.08,0.09,424.44,386.24,234.16,AUD,bank_transfer,mobile_app,completed
TXN20260105000170,2026-01-05 04:27:26,1168,27,,4,172.81,116.75,0.02,691.24,677.42,210.42,AUD,debit_card,web,completed
TXN20260105000171,2026-01-05 04:28:49,1912,154,,2,128.25,56.51,0.13,256.5,223.16,110.14,AUD,credit_card,in_store,completed
TXN20260105000172,2026-01-05 04:28:53,1405,289,,1,135.78,64.29,0.23,135.78,104.55,40.26,AUD,paypal,mobile_app,completed
TXN20260105000173,2026-01-05 04:33:01,1247,39,,2,153.21,59.61,0.27,306.42,223.69,104.47,AUD,buy_now_pay_later,mobile_app,completed
TXN20260105000174,2026-01-05 04:33:12,1433,384,,5,25.19,17.92,0.06,125.95,118.39,28.79,AUD,credit_card,in_store,cancelled
TXN20260105000175,2026-01-05 04:35:03,1805,177,,3,287.87,144.14,0.07,863.61,803.16,370.74,AUD,credit_card,mobile_app,completed
TXN20260105000176,2026-01-05 04:36:53,1119,167,5018,3,176.55,75.21,0.06,529.65,497.87,272.24,AUD,paypal,mobile_app,completed
TXN20260105000177,2026-01-05 04:37:23,1409,5,5003,3,69.17,48.26,0.13,207.51,180.53,35.75,AUD,credit_card,web,completed
TXN20260105000178,2026-01-05 04:38:28,1437,218,5002,2,150.35,81.79,0.04,300.7,288.67,125.09,AUD,paypal,marketplace,completed
TXN20260105000179,2026-01-05 04:40:13,2086,233,,5,320.43,123.08,0.08,1602.15,1473.98,858.58,AUD,buy_now_pay_later,mobile_app,completed
TXN20260105000180,2026-01-05 04:42:21,1806,196,,1,113.34,80.83,0.08,113.34,104.27,23.44,AUD,paypal,mobile_app,completed
TXN20260105000181,2026-01-05 04:42:23,1957,272,,1,48.63,36.18,0.1,48.63,43.77,7.59,AUD,credit_card,web,completed
TXN20260105000182,2026-01-05 04:42:46,1081,401,,1,112.78,49.28,0.13,112.78,98.12,48.84,AUD,bank_transfer,web,completed
TXN20260105000183,2026-01-05 04:43:11,1671,214,5018,2,133.32,71.17,0.17,266.64,221.31,78.97,AUD,credit_card,mobile_app,cancelled
TXN20260105000184,2026-01-05 04:44:57,1856,72,,3,333.42,149.31,0.09,1000.26,910.24,462.31,AUD,paypal,in_store,completed
TXN20260105000185,2026-01-05 04:45:39,1975,263,5009,2,194.7,69.51,0.2,389.4,311.52,172.5,AUD,credit_card,web,completed
TXN20260105000186,2026-01-05 04:46:44,1194,20,,1,230.82,128.98,0.09,230.82,210.05,81.07,AUD,credit_card,mobile_app,completed
TXN20260105000187,2026-01-05 04:47:17,1292,336,,1,250.44,165.04,0.0,250.44,250.44,85.4,AUD,credit_card,mobile_app,completed
TXN20260105000188,2026-01-05 04:48:15,1873,196,5004,2,113.34,80.83,0.24,226.68,172.28,10.62,AUD,debit_card,mobile_app,completed
TXN20260105000189,2026-01-05 04:48:20,1177,20,,2,230.82,128.98,0.08,461.64,424.71,166.75,AUD,credit_card,web,refunded
TXN20260105000190,2026-01-05 04:49:29,1742,312,5003,2,142.79,97.05,0.19,285.58,231.32,37.22,AUD,credit_card,marketplace,completed
TXN20260105000191,2026-01-05 04:50:23,2172,57,,1,7.38,2.62,0.1,7.38,6.64,4.02,AUD,credit_card,web,completed
TXN20260105000192,2026-01-05 04:50:29,1360,220,5006,4,80.96,29.21,0.21,323.84,255.83,138.99,AUD,credit_card,web,completed
TXN20260105000193,2026-01-05 04:51:55,1483,211,5009,3,125.27,94.18,0.06,375.81,353.26,70.72,AUD,buy_now_pay_later,in_store,completed
TXN20260105000194,2026-01-05 04:55:31,1339,395,5013,3,259.59,188.33,0.03,778.77,755.41,190.42,AUD,buy_now_pay_later,web,cancelled
TXN20260105000195,2026-01-05 04:56:04,1856,174,,3,56.31,22.6,0.11,168.93,150.35,82.55,AUD,credit_card,in_store,completed
TXN20260105000196,2026-01-05 05:02:41,1315,213,,3,89.64,56.55,0.14,268.92,231.27,61.62,AUD,paypal,web,completed
TXN20260105000197,2026-01-05 05:07:07,2178,79,,3,139.3,69.25,0.12,417.9,367.75,160.0,AUD,paypal,mobile_app,completed
TXN20260105000198,2026-01-05 05:09:19,1903,208,,3,165.3,68.58,0.22,495.9,386.8,181.06,AUD,debit_card,mobile_app,completed
TXN20260105000199,2026-01-05 05:12:53,1624,278,5007,1,60.0,45.1,0.05,60.0,57.0,11.9,AUD,buy_now_pay_later,web,completed
TXN20260105000200,2026-01-05 05:13:09,1117,160,,3,132.52,86.58,0.11,397.56,353.83,94.09,AUD,credit_card,web,completed
TXN20260105000201,2026-01-05 05:18:03,1729,400,5002,2,83.09,58.62,0.09,166.18,151.22,33.98,AUD,credit_card,web,completed
TXN20260105000202,2026-01-05 05:21:08,1808,58,5005,3,93.1,56.49,0.02,279.3,273.71,104.24,AUD,credit_card,in_store,completed
TXN20260105000203,2026-01-05 05:21:46,1127,205,,5,200.88,145.96,0.1,1004.4,903.96,174.16,AUD,credit_card,web,completed
TXN20260105000204,2026-01-05 05:22:05,1354,254,5017,2,151.84,54.33,0.23,303.68,233.83,125.17,AUD,bank_transfer,web,completed
TXN20260105000205,2026-01-05 05:22:30,1378,130,,1,18.48,10.08,0.18,18.48,15.15,5.07,AUD,buy_now_pay_later,web,completed
TXN20260105000206,2026-01-05 05:23:09,1672,100,,1,429.39,290.83,0.01,429.39,425.1,134.27,AUD,gift_card,web,completed
TXN20260105000207,2026-01-05 05:30:09,1197,288,,6,349.87,265.76,0.11,2099.22,1868.31,273.75,AUD,credit_card,mobile_app,completed
TXN20260105000208,2026-01-05 05:31:12,2014,27,,2,172.81,116.75,0.1,345.62,311.06,77.56,AUD,paypal,marketplace,completed
TXN20260105000209,2026-01-05 05:31:48,1551,164,,3,219.94,105.48,0.26,659.82,488.27,171.83,AUD,credit_card,mobile_app,completed
TXN20260105000210,2026-01-05 05:32:11,1771,138,,6,132.98,57.54,0.15,797.88,678.2,332.96,AUD,paypal,in_store,completed
TXN20260105000211,2026-01-05 05:32:56,2165,36,5013,5,95.33,67.51,0.16,476.65,400.39,62.84,AUD,debit_card,mobile_app,completed
TXN20260105000212,2026-01-05 05:34:04,1738,375,,5,239.04,121.65,0.14,1195.2,1027.87,419.62,AUD,credit_card,mobile_app,refunded
TXN20260105000213,2026-01-05 05:36:14,2027,338,,3,454.19,219.15,0.05,1362.57,1294.44,636.99,AUD,bank_transfer,web,completed
TXN20260105000214,2026-01-05 05:37:25,1494,347,,3,71.51,38.02,0.17,214.53,178.06,64.0,AUD,debit_card,marketplace,completed
TXN20260105000215,2026-01-05 05:38:24,2073,355,,4,211.06,93.04,0.05,844.24,802.03,429.87,AUD,buy_now_pay_later,web,completed
TXN20260105000216,2026-01-05 05:41:02,1325,212,5013,1,172.34,98.73,0.22,172.34,134.43,35.7,AUD,paypal,mobile_app,completed
TXN20260105000217,2026-01-05 05:43:19,2113,387,,3,113.54,61.9,0.04,340.62,327.0,141.3,AUD,credit_card,web,completed
TXN20260105000218,2026-01-05 05:43:20,1268,35,,2,123.44,76.69,0.25,246.88,185.16,31.78,AUD,credit_card,marketplace,completed
TXN20260105000219,2026-01-05 05:43:39,1014,225,,3,310.73,232.58,0.03,932.19,904.22,206.48,AUD,debit_card,mobile_app,completed
TXN20260105000220,2026-01-05 05:45:36,1075,290,5016,1,37.46,23.23,0.08,37.46,34.46,11.23,AUD,credit_card,mobile_app,completed
TXN20260105000221,2026-01-05 05:46:35,1378,168,,2,356.7,253.22,0.17,713.4,592.12,85.68,AUD,credit_card,in_store,completed
TXN20260105000222,2026-01-05 05:48:54,1631,100,,1,429.39,290.83,0.16,429.39,360.69,69.86,AUD,credit_card,web,completed
TXN20260105000223,2026-01-05 05:55:01,1381,284,5013,2,359.21,205.04,0.01,718.42,711.24,301.16,AUD,debit_card,mobile_app,refunded
TXN20260105000224,2026-01-05 05:58:02,1937,160,,2,132.52,86.58,0.12,265.04,233.24,60.08,AUD,buy_now_pay_later,marketplace,completed
TXN20260105000225,2026-01-05 05:58:29,2194,25,,2,279.71,213.59,0.03,559.42,542.64,115.46,AUD,credit_card,in_store,completed
TXN20260105000226,2026-01-05 05:58:39,2122,187,,2,18.28,11.11,0.12,36.56,32.17,9.95,AUD,paypal,marketplace,completed
TXN20260105000227,2026-01-05 05:59:24,1767,85,,2,173.56,99.76,0.23,347.12,267.28,67.76,AUD,debit_card,web,completed
TXN20260105000228,2026-01-05 06:04:35,2018,154,5017,1,128.25,56.51,0.07,128.25,119.27,62.76,AUD,buy_now_pay_later,web,completed
TXN20260105000229,2026-01-05 06:06:55,1179,43,,1,211.3,164.39,0.01,211.3,209.19,44.8,AUD,debit_card,marketplace,completed
TXN20260105000230,2026-01-05 06:10:46,1878,2,,4,292.97,126.42,0.01,1171.88,1160.16,654.48,AUD,credit_card,mobile_app,completed
TXN20260105000231,2026-01-05 06:12:58,1662,118,5006,1,63.49,25.23,0.05,63.49,60.32,35.09,AUD,credit_card,web,completed
TXN20260105000232,2026-01-05 06:14:05,2041,337,5012,3,146.92,72.71,0.04,440.76,423.13,205.0,AUD,paypal,mobile_app,completed
TXN20260105000233,2026-01-05 06:14:18,1606,251,5012,2,245.15,169.74,0.13,490.3,426.56,87.08,AUD,credit_card,mobile_app,completed
TXN20260105000234,2026-01-05 06:15:06,1180,355,5017,1,211.06,93.04,0.16,211.06,177.29,84.25,AUD,paypal,marketplace,completed
TXN20260105000235,2026-01-05 06:17:54,1581,364,5009,3,126.27,67.13,0.16,378.81,318.2,116.81,AUD,buy_now_pay_later,web,completed
TXN20260105000236,2026-01-05 06:18:37,1785,143,,3,166.42,116.53,0.1,499.26,449.33,99.74,AUD,credit_card,mobile_app,completed
TXN20260105000237,2026-01-05 06:21:24,2169,118,5014,2,63.49,25.23,0.09,126.98,115.55,65.09,AUD,paypal,in_store,completed
TXN20260105000238,2026-01-05 06:22:02,1880,352,,4,241.96,137.89,0.05,967.84,919.45,367.89,AUD,credit_card,web,completed
TXN20260105000239,2026-01-05 06:22:32,1382,84,,2,131.95,75.26,0.02,263.9,258.62,108.1,AUD,credit_card,marketplace,completed
TXN20260105000240,2026-01-05 06:22:35,1282,58,5005,1,93.1,56.49,0.03,93.1,90.31,33.82,AUD,credit_card,web,completed
TXN20260105000241,2026-01-05 06:23:53,2108,228,5018,5,85.54,59.94,0.01,427.7,423.42,123.72,AUD,credit_card,web,completed
TXN20260105000242,2026-01-05 06:27:49,1982,328,,3,33.71,19.15,0.05,101.13,96.07,38.62,AUD,credit_card,mobile_app,completed
TXN20260105000243,2026-01-05 06:28:26,2086,311,,5,265.88,206.32,0.07,1329.4,1236.34,204.74,AUD,credit_card,in_store,completed
TXN20260105000244,2026-01-05 06:32:41,1059,170,5009,3,68.81,27.57,0.08,206.43,189.92,107.21,AUD,credit_card,mobile_app,completed
TXN20260105000245,2026-01-05 06:35:27,1499,333,,3,41.88,25.97,0.03,125.64,121.87,43.96,AUD,credit_card,web,completed
TXN20260105000246,2026-01-05 06:36:24,1258,22,,1,239.15,141.03,0.16,239.15,200.89,59.86,AUD,buy_now_pay_later,web,completed
TXN20260105000247,2026-01-05 06:39:01,1972,25,5007,4,279.71,213.59,0.11,1118.84,995.77,141.41,AUD,credit_card,web,completed
TXN20260105000248,2026-01-05 06:39:13,1520,289,,2,135.78,64.29,0.13,271.56,236.26,107.68,AUD,credit_card,mobile_app,completed
TXN20260105000249,2026-01-05 06:39:49,1012,293,5017,4,100.6,74.23,0.14,402.4,346.06,49.14,AUD,credit_card,mobile_app,completed
TXN20260105000250,2026-01-05 06:41:36,1116,394,5008,4,26.27,10.02,0.06,105.08,98.78,58.7,AUD,debit_card,web,completed
TXN20260105000251,2026-01-05 06:42:37,1755,365,,3,229.11,163.97,0.05,687.33,652.96,161.05,AUD,paypal,web,completed
TXN20260105000252,2026-01-05 06:43:57,2007,142,5010,4,424.43,299.05,0.02,1697.72,1663.77,467.57,AUD,credit_card,marketplace,completed
TXN20260105000253,2026-01-05 06:47:42,1113,16,,1,185.65,67.71,0.02,185.65,181.94,114.23,AUD,buy_now_pay_later,web,completed
TXN20260105000254,2026-01-05 06:48:22,1728,110,5018,2,30.96,17.81,0.18,61.92,50.77,15.15,AUD,debit_card,web,completed
TXN20260105000255,2026-01-05 06:48:46,1750,375,5004,1,239.04,121.65,0.03,239.04,231.87,110.22,AUD,credit_card,mobile_app,completed
TXN20260105000256,2026-01-05 06:48:50,2028,191,,2,265.41,112.45,0.06,530.82,498.97,274.07,AUD,paypal,mobile_app,completed
TXN20260105000257,2026-01-05 06:49:38,2112,55,,3,51.38,24.77,0.14,154.14,132.56,58.25,AUD,credit_card,mobile_app,pending
TXN20260105000258,2026-01-05 06:51:32,1769,327,,3,27.46,12.97,0.17,82.38,68.38,29.47,AUD,bank_transfer,web,completed
TXN20260105000259,2026-01-05 06:54:19,1697,383,5002,4,227.62,101.34,0.06,910.48,855.85,450.49,AUD,credit_card,mobile_app,cancelled
TXN20260105000260,2026-01-05 06:56:55,2092,91,5018,1,229.04,125.54,0.04,229.04,219.88,94.34,AUD,paypal,web,completed
TXN20260105000261,2026-01-05 06:59:05,1807,155,,3,402.98,307.8,0.03,1208.94,1172.67,249.27,AUD,debit_card,web,completed
TXN20260105000262,2026-01-05 06:59:36,1331,84,,1,131.95,75.26,0.08,131.95,121.39,46.13,AUD,credit_card,mobile_app,completed
TXN20260105000263,2026-01-05 07:01:10,1350,282,,4,11.8,8.78,0.12,47.2,41.54,6.42,AUD,paypal,web,completed
TXN20260105000264,2026-01-05 07:02:30,1274,320,,6,5.35,2.75,0.05,32.1,30.5,14.0,AUD,debit_card,mobile_app,completed
TXN20260105000265,2026-01-05 07:04:09,1188,224,5002,1,135.38,94.24,0.03,135.38,131.32,37.08,AUD,credit_card,mobile_app,completed
TXN20260105000266,2026-01-05 07:04:30,1735,110,5002,3,30.96,17.81,0.05,92.88,88.24,34.81,AUD,credit_card,web,refunded
TXN20260105000267,2026-01-05 07:05:01,1545,364,,4,126.27,67.13,0.12,505.08,444.47,175.95,AUD,credit_card,web,completed
TXN20260105000268,2026-01-05 07:05:32,1434,111,,1,130.14,98.41,0.03,130.14,126.24,27.83,AUD,buy_now_pay_later,web,completed
TXN20260105000269,2026-01-05 07:08:48,1056,157,,3,63.5,40.09,0.08,190.5,175.26,54.99,AUD,bank_transfer,web,completed
TXN20260105000270,2026-01-05 07:09:07,1959,398,5006,2,94.81,37.08,0.01,189.62,187.72,113.56,AUD,buy_now_pay_later,mobile_app,completed
TXN20260105000271,2026-01-05 07:09:10,1042,331,,2,188.98,138.35,0.13,377.96,328.83,52.13,AUD,debit_card,mobile_app,completed
TXN20260105000272,2026-01-05 07:09:18,2100,2,,1,292.97,126.42,0.14,292.97,251.95,125.53,AUD,credit_card,web,refunded
TXN20260105000273,2026-01-05 07:09:49,2037,299,,2,256.41,147.41,0.08,512.82,471.79,176.97,AUD,credit_card,mobile_app,completed
TXN20260105000274,2026-01-05 07:10:02,1167,28,5014,2,154.87,112.5,0.17,309.74,257.08,32.08,AUD,credit_card,web,completed
TXN20260105000275,2026-01-05 07:10:17,1118,310,,1,109.6,62.46,0.11,109.6,97.54,35.08,AUD,debit_card,mobile_app,completed
TXN20260105000276,2026-01-05 07:10:54,1563,270,,6,347.43,172.19,0.02,2084.58,2042.89,1009.75,AUD,credit_card,marketplace,completed
TXN20260105000277,2026-01-05 07:12:04,1242,82,,3,221.86,146.05,0.17,665.58,552.43,114.28,AUD,credit_card,web,refunded
TXN20260105000278,2026-01-05 07:12:19,1113,304,,5,87.75,49.18,0.14,438.75,377.32,131.42,AUD,credit_card,in_store,completed
TXN20260105000279,2026-01-05 07:13:13,1967,205,,1,200.88,145.96,0.04,200.88,192.84,46.88,AUD,credit_card,mobile_app,completed
TXN20260105000280,2026-01-05 07:13:43,1334,3,5013,1,142.91,77.99,0.09,142.91,130.05,52.06,AUD,paypal,web,completed
TXN20260105000281,2026-01-05 07:13:45,1297,152,,2,18.61,8.27,0.25,37.22,27.91,11.37,AUD,debit_card,web,completed
TXN20260105000282,2026-01-05 07:14:35,2186,184,5012,1,24.72,17.45,0.08,24.72,22.74,5.29,AUD,credit_card,mobile_app,completed
TXN20260105000283,2026-01-05 07:15:28,1432,119,,4,26.62,12.14,0.07,106.48,99.03,50.47,AUD,paypal,web,completed
TXN20260105000284,2026-01-05 07:15:44,2037,167,,3,176.55,75.21,0.04,529.65,508.46,282.83,AUD,debit_card,web,cancelled
TXN20260105000285,2026-01-05 07:16:04,1198,385,5003,1,111.79,81.72,0.1,111.79,100.61,18.89,AUD,paypal,web,completed
TXN20260105000286,2026-01-05 07:16:11,2087,90,,2,65.94,42.23,0.17,131.88,109.46,25.0,AUD,paypal,web,completed
TXN20260105000287,2026-01-05 07:16:29,1495,133,5002,4,22.32,9.12,0.09,89.28,81.24,44.76,AUD,buy_now_pay_later,in_store,completed
TXN20260105000288,2026-01-05 07:16:57,1261,340,5012,2,69.61,35.79,0.06,139.22,130.87,59.29,AUD,credit_card,web,completed
TXN20260105000289,2026-01-05 07:17:42,1714,323,,5,154.89,83.84,0.13,774.45,673.77,254.57,AUD,credit_card,mobile_app,completed
TXN20260105000290,2026-01-05 07:18:29,1378,68,5008,4,197.74,154.22,0.11,790.96,703.95,87.07,AUD,debit_card,mobile_app,completed
TXN20260105000291,2026-01-05 07:18:30,1846,300,5012,4,134.02,50.66,0.11,536.08,477.11,274.47,AUD,bank_transfer,web,completed
TXN20260105000292,2026-01-05 07:19:33,1486,291,,1,348.41,145.57,0.17,348.41,289.18,143.61,AUD,credit_card,mobile_app,completed
TXN20260105000293,2026-01-05 07:21:46,1642,392,,5,197.73,138.04,0.12,988.65,870.01,179.81,AUD,debit_card,web,completed
TXN20260105000294,2026-01-05 07:21:52,1528,170,,1,68.81,27.57,0.08,68.81,63.31,35.74,AUD,credit_card,web,refunded
TXN20260105000295,2026-01-05 07:23:05,1350,246,5013,2,334.95,216.34,0.05,669.9,636.4,203.72,AUD,credit_card,web,completed
TXN20260105000296,2026-01-05 07:24:52,1903,393,,3,18.4,11.45,0.02,55.2,54.1,19.75,AUD,debit_card,mobile_app,completed
TXN20260105000297,2026-01-05 07:25:26,1863,136,,1,12.1,8.71,0.01,12.1,11.98,3.27,AUD,paypal,web,completed
TXN20260105000298,2026-01-05 07:25:52,2170,112,,2,121.28,51.75,0.24,242.56,184.35,80.85,AUD,paypal,web,completed
TXN20260105000299,2026-01-05 07:26:35,1806,175,,2,176.68,90.48,0.15,353.36,300.36,119.4,AUD,debit_card,mobile_app,cancelled
TXN20260105000300,2026-01-05 07:26:56,2190,271,5003,2,132.74,79.27,0.15,265.48,225.66,67.12,AUD,credit_card,web,completed
TXN20260105000301,2026-01-05 07:28:16,1543,208,5007,4,165.3,68.58,0.05,661.2,628.14,353.82,AUD,credit_card,mobile_app,completed
TXN20260105000302,2026-01-05 07:28:30,1348,297,5005,4,258.89,188.19,0.26,1035.56,766.31,13.55,AUD,buy_now_pay_later,web,completed
TXN20260105000303,2026-01-05 07:29:14,1378,222,,3,32.17,11.42,0.03,96.51,93.61,59.35,AUD,paypal,marketplace,completed
TXN20260105000304,2026-01-05 07:30:22,1986,38,,2,426.51,271.0,0.09,853.02,776.25,234.25,AUD,credit_card,mobile_app,completed
TXN20260105000305,2026-01-05 07:30:28,1739,152,5006,4,18.61,8.27,0.07,74.44,69.23,36.15,AUD,paypal,mobile_app,refunded
TXN20260105000306,2026-01-05 07:31:13,2101,139,,1,93.98,72.88,0.0,93.98,93.98,21.1,AUD,buy_now_pay_later,web,completed
TXN20260105000307,2026-01-05 07:31:31,1477,101,5007,1,352.61,157.72,0.08,352.61,324.4,166.68,AUD,credit_card,mobile_app,refunded
TXN20260105000308,2026-01-05 07:32:38,1074,20,,3,230.82,128.98,0.09,692.46,630.14,243.2,AUD,credit_card,in_store,completed
TXN20260105000309,2026-01-05 07:33:19,1470,343,5007,4,32.63,13.17,0.03,130.52,126.6,73.92,AUD,bank_transfer,web,completed
TXN20260105000310,2026-01-05 07:34:23,2121,294,,3,25.75,16.01,0.12,77.25,67.98,19.95,AUD,credit_card,web,completed
TXN20260105000311,2026-01-05 07:34:24,1932,366,,2,212.32,146.95,0.14,424.64,365.19,71.29,AUD,bank_transfer,mobile_app,completed
TXN20260105000312,2026-01-05 07:34:53,2121,191,5013,1,265.41,112.45,0.09,265.41,241.52,129.07,AUD,credit_card,mobile_app,completed
TXN20260105000313,2026-01-05 07:35:14,1287,378,,5,355.29,228.27,0.11,1776.45,1581.04,439.69,AUD,debit_card,web,completed
TXN20260105000314,2026-01-05 07:35:22,1608,371,,5,279.28,128.3,0.07,1396.4,1298.65,657.15,AUD,debit_card,mobile_app,completed
TXN20260105000315,2026-01-05 07:35:37,1934,156,,2,179.48,110.08,0.1,358.96,323.06,102.9,AUD,credit_card,web,completed
TXN20260105000316,2026-01-05 07:35:51,1108,155,,6,402.98,307.8,0.07,2417.88,2248.63,401.83,AUD,credit_card,web,completed
TXN20260105000317,2026-01-05 07:36:20,2101,22,,1,239.15,141.03,0.03,239.15,231.98,90.95,AUD,credit_card,mobile_app,completed
TXN20260105000318,2026-01-05 07:36:54,1887,331,,1,188.98,138.35,0.1,188.98,170.08,31.73,AUD,credit_card,mobile_app,completed
TXN20260105000319,2026-01-05 07:37:03,1439,289,,5,135.78,64.29,0.05,678.9,644.95,323.5,AUD,bank_transfer,web,completed
TXN20260105000320,2026-01-05 07:37:11,1667,331,5014,1,188.98,138.35,0.1,188.98,170.08,31.73,AUD,gift_card,marketplace,completed
TXN20260105000321,2026-01-05 07:37:16,1995,243,5007,1,6.18,2.24,0.15,6.18,5.25,3.01,AUD,credit_card,mobile_app,completed
TXN20260105000322,2026-01-05 07:37:41,1275,22,,1,239.15,141.03,0.07,239.15,222.41,81.38,AUD,paypal,mobile_app,completed
TXN20260105000323,2026-01-05 07:38:39,1466,356,,4,35.78,19.54,0.14,143.12,123.08,44.92,AUD,credit_card,web,completed
TXN20260105000324,2026-01-05 07:39:58,1261,392,5010,1,197.73,138.04,0.01,197.73,195.75,57.71,AUD,paypal,mobile_app,completed
TXN20260105000325,2026-01-05 07:40:54,1284,124,,1,396.85,254.98,0.12,396.85,349.23,94.25,AUD,debit_card,in_store,completed
TXN20260105000326,2026-01-05 07:42:20,2000,257,,2,452.64,204.1,0.08,905.28,832.86,424.66,AUD,paypal,web,completed
TXN20260105000327,2026-01-05 07:43:39,1967,341,5006,1,329.88,115.66,0.01,329.88,326.58,210.92,AUD,buy_now_pay_later,web,completed
TXN20260105000328,2026-01-05 07:43:49,1668,287,,1,67.92,35.4,0.17,67.92,56.37,20.97,AUD,bank_transfer,web,completed
TXN20260105000329,2026-01-05 07:45:06,1673,351,5016,3,410.9,255.25,0.02,1232.7,1208.05,442.3,AUD,credit_card,web,completed
TXN20260105000330,2026-01-05 07:45:12,2148,246,,1,334.95,216.34,0.27,334.95,244.51,28.17,AUD,credit_card,marketplace,completed
TXN20260105000331,2026-01-05 07:45:18,1578,354,,2,128.43,85.15,0.01,256.86,254.29,83.99,AUD,credit_card,web,completed
TXN20260105000332,2026-01-05 07:47:13,1396,161,,2,57.23,33.31,0.03,114.46,111.03,44.41,AUD,credit_card,marketplace,completed
TXN20260105000333,2026-01-05 07:47:15,1781,39,5006,3,153.21,59.61,0.04,459.63,441.24,262.41,AUD,paypal,mobile_app,completed
TXN20260105000334,2026-01-05 07:47:38,1462,158,,3,101.24,48.34,0.21,303.72,239.94,94.92,AUD,paypal,web,completed
TXN20260105000335,2026-01-05 07:48:26,1505,2,,2,292.97,126.42,0.02,585.94,574.22,321.38,AUD,credit_card,mobile_app,completed
TXN20260105000336,2026-01-05 07:48:34,1390,292,5002,3,313.29,237.82,0.01,939.87,930.47,217.01,AUD,credit_card,phone,completed
TXN20260105000337,2026-01-05 07:48:39,1817,184,5008,1,24.72,17.45,0.01,24.72,24.47,7.02,AUD,credit_card,marketplace,completed
TXN20260105000338,2026-01-05 07:50:04,1977,200,,1,8.47,4.01,0.14,8.47,7.28,3.27,AUD,paypal,mobile_app,completed
TXN20260105000339,2026-01-05 07:51:05,1014,230,,2,249.03,160.65,0.19,498.06,403.43,82.13,AUD,debit_card,mobile_app,completed
TXN20260105000340,2026-01-05 07:51:25,1031,394,,1,26.27,10.02,0.04,26.27,25.22,15.2,AUD,buy_now_pay_later,mobile_app,completed
TXN20260105000341,2026-01-05 07:51:33,1730,158,,3,101.24,48.34,0.11,303.72,270.31,125.29,AUD,buy_now_pay_later,web,completed
TXN20260105000342,2026-01-05 07:51:54,1611,308,,4,227.37,123.17,0.07,909.48,845.82,353.14,AUD,paypal,mobile_app,completed
TXN20260105000343,2026-01-05 07:52:22,1644,27,5018,2,172.81,116.75,0.07,345.62,321.43,87.93,AUD,credit_card,mobile_app,completed
TXN20260105000344,2026-01-05 07:53:34,2126,4,,1,238.89,172.72,0.02,238.89,234.11,61.39,AUD,credit_card,in_store,completed
TXN20260105000345,2026-01-05 07:53:38,1650,344,,3,24.55,10.75,0.07,73.65,68.49,36.24,AUD,paypal,web,completed
TXN20260105000346,2026-01-05 07:53:49,1874,394,,1,26.27,10.02,0.08,26.27,24.17,14.15,AUD,credit_card,web,completed
TXN20260105000347,2026-01-05 07:54:54,1090,377,,3,34.75,17.44,0.09,104.25,94.87,42.55,AUD,credit_card,mobile_app,pending
TXN20260105000348,2026-01-05 07:55:28,1333,233,,5,320.43,123.08,0.11,1602.15,1425.91,810.51,AUD,bank_transfer,marketplace,completed
TXN20260105000349,2026-01-05 07:55:42,1435,286,5002,3,226.6,96.42,0.01,679.8,673.0,383.74,AUD,debit_card,mobile_app,completed
TXN20260105000350,2026-01-05 07:56:03,1890,231,,4,114.93,83.66,0.14,459.72,395.36,60.72,AUD,paypal,web,completed
TXN20260105000351,2026-01-05 07:57:15,2084,366,,1,212.32,146.95,0.17,212.32,176.23,29.28,AUD,credit_card,web,completed
TXN20260105000352,2026-01-05 07:58:02,1143,99,,5,8.03,4.15,0.29,40.15,28.51,7.76,AUD,credit_card,marketplace,completed
TXN20260105000353,2026-01-05 07:58:59,1661,59,,1,66.9,33.14,0.11,66.9,59.54,26.4,AUD,credit_card,mobile_app,completed
TXN20260105000354,2026-01-05 07:59:45,1933,388,,1,178.72,91.5,0.09,178.72,162.64,71.14,AUD,bank_transfer,mobile_app,completed
TXN20260105000355,2026-01-05 08:00:35,1887,73,,1,97.62,68.56,0.13,97.62,84.93,16.37,AUD,credit_card,mobile_app,completed
TXN20260105000356,2026-01-05 08:00:52,1281,400,5014,3,83.09,58.62,0.04,249.27,239.3,63.44,AUD,paypal,web,completed
TXN20260105000357,2026-01-05 08:01:10,1714,128,,1,189.27,110.21,0.13,189.27,164.66,54.45,AUD,buy_now_pay_later,web,completed
TXN20260105000358,2026-01-05 08:01:30,1982,373,5004,1,423.09,155.74,0.09,423.09,385.01,229.27,AUD,credit_card,mobile_app,completed
TXN20260105000359,2026-01-05 08:01:51,1524,227,5010,1,46.57,24.42,0.02,46.57,45.64,21.22,AUD,debit_card,mobile_app,completed
TXN20260105000360,2026-01-05 08:02:32,1558,165,,5,198.75,72.56,0.17,993.75,824.81,462.01,AUD,bank_transfer,in_store,refunded
TXN20260105000361,2026-01-05 08:02:53,1852,273,,2,15.74,11.24,0.2,31.48,25.18,2.7,AUD,bank_transfer,web,completed
TXN20260105000362,2026-01-05 08:03:11,1310,148,,2,64.17,49.35,0.1,128.34,115.51,16.81,AUD,debit_card,mobile_app,completed
TXN20260105000363,2026-01-05 08:07:05,1767,297,,5,258.89,188.19,0.08,1294.45,1190.89,249.94,AUD,credit_card,mobile_app,completed
TXN20260105000364,2026-01-05 08:07:14,1855,316,5013,2,109.37,70.04,0.13,218.74,190.3,50.22,AUD,paypal,web,completed
TXN20260105000365,2026-01-05 08:07:30,1577,47,,1,383.34,271.98,0.0,383.34,383.34,111.36,AUD,credit_card,mobile_app,refunded
TXN20260105000366,2026-01-05 08:07:48,1035,193,,4,368.81,195.25,0.05,1475.24,1401.48,620.48,AUD,credit_card,mobile_app,completed
TXN20260105000367,2026-01-05 08:07:51,1235,315,,3,85.51,53.68,0.09,256.53,233.44,72.4,AUD,paypal,mobile_app,completed
TXN20260105000368,2026-01-05 08:08:54,1835,69,,1,53.62,37.17,0.13,53.62,46.65,9.48,AUD,buy_now_pay_later,mobile_app,completed
TXN20260105000369,2026-01-05 08:09:16,2145,369,,4,254.39,165.86,0.07,1017.56,946.33,282.89,AUD,paypal,mobile_app,completed
TXN20260105000370,2026-01-05 08:09:46,1954,65,5008,3,253.83,167.53,0.08,761.49,700.57,197.98,AUD,debit_card,web,completed
TXN20260105000371,2026-01-05 08:10:01,1927,245,5012,5,349.8,233.63,0.07,1749.0,1626.57,458.42,AUD,credit_card,mobile_app,completed
TXN20260105000372,2026-01-05 08:10:02,2026,351,,4,410.9,255.25,0.13,1643.6,1429.93,408.93,AUD,credit_card,mobile_app,refunded
TXN20260105000373,2026-01-05 08:10:23,1577,28,5013,4,154.87,112.5,0.08,619.48,569.92,119.92,AUD,credit_card,mobile_app,completed
TXN20260105000374,2026-01-05 08:11:23,1903,294,,5,25.75,16.01,0.02,128.75,126.17,46.12,AUD,paypal,mobile_app,refunded
TXN20260105000375,2026-01-05 08:11:34,2050,68,,2,197.74,154.22,0.13,395.48,344.07,35.63,AUD,debit_card,web,completed
TXN20260105000376,2026-01-05 08:12:00,1632,206,5013,4,211.48,126.89,0.01,845.92,837.46,329.9,AUD,credit_card,web,refunded
TXN20260105000377,2026-01-05 08:12:35,2144,248,5006,3,58.0,41.73,0.1,174.0,156.6,31.41,AUD,buy_now_pay_later,mobile_app,completed
TXN20260105000378,2026-01-05 08:14:46,1149,361,5013,1,172.83,61.35,0.04,172.83,165.92,104.57,AUD,debit_card,web,completed
TXN20260105000379,2026-01-05 08:15:19,1032,248,,1,58.0,41.73,0.1,58.0,52.2,10.47,AUD,debit_card,web,completed
TXN20260105000380,2026-01-05 08:15:32,2048,317,,1,25.27,14.13,0.12,25.27,22.24,8.11,AUD,credit_card,mobile_app,completed
TXN20260105000381,2026-01-05 08:15:37,1825,65,,1,253.83,167.53,0.18,253.83,208.14,40.61,AUD,credit_card,mobile_app,completed
TXN20260105000382,2026-01-05 08:15:38,2081,73,5004,2,97.62,68.56,0.09,195.24,177.67,40.55,AUD,credit_card,marketplace,completed
TXN20260105000383,2026-01-05 08:15:44,1694,60,,3,77.58,46.86,0.11,232.74,207.14,66.56,AUD,credit_card,web,completed
TXN20260105000384,2026-01-05 08:16:05,1781,208,,2,165.3,68.58,0.03,330.6,320.68,183.52,AUD,debit_card,web,completed
TXN20260105000385,2026-01-05 08:16:23,1083,338,,5,454.19,219.15,0.06,2270.95,2134.69,1038.94,AUD,paypal,mobile_app,completed
TXN20260105000386,2026-01-05 08:16:49,1048,132,,4,109.21,38.28,0.08,436.84,401.89,248.77,AUD,credit_card,web,completed
TXN20260105000387,2026-01-05 08:17:02,2156,372,,1,321.9,183.97,0.12,321.9,283.27,99.3,AUD,paypal,marketplace,completed
TXN20260105000388,2026-01-05 08:17:34,1420,390,5016,3,62.95,41.27,0.16,188.85,158.63,34.82,AUD,credit_card,mobile_app,completed
TXN20260105000389,2026-01-05 08:17:53,1065,191,,1,265.41,112.45,0.04,265.41,254.79,142.34,AUD,paypal,web,completed
TXN20260105000390,2026-01-05 08:18:31,1201,354,,4,128.43,85.15,0.12,513.72,452.07,111.47,AUD,debit_card,web,completed
TXN20260105000391,2026-01-05 08:18:34,1956,319,5014,1,134.18,49.74,0.03,134.18,130.15,80.41,AUD,credit_card,web,completed
TXN20260105000392,2026-01-05 08:18:43,1529,85,,6,173.56,99.76,0.16,1041.36,874.74,276.18,AUD,buy_now_pay_later,mobile_app,completed
TXN20260105000393,2026-01-05 08:18:43,1056,318,5018,1,104.56,45.81,0.03,104.56,101.42,55.61,AUD,debit_card,web,completed
TXN20260105000394,2026-01-05 08:19:01,1749,295,,3,125.3,93.62,0.14,375.9,323.27,42.41,AUD,credit_card,web,completed
TXN20260105000395,2026-01-05 08:19:24,1734,150,5002,2,205.86,111.18,0.22,411.72,321.14,98.78,AUD,bank_transfer,mobile_app,completed
TXN20260105000396,2026-01-05 08:19:25,1852,261,,4,222.59,120.24,0.0,890.36,890.36,409.4,AUD,debit_card,mobile_app,completed
TXN20260105000397,2026-01-05 08:20:07,1943,26,5007,4,76.06,28.87,0.02,304.24,298.16,182.68,AUD,paypal,marketplace,completed
TXN20260105000398,2026-01-05 08:20:43,1111,81,5007,1,133.11,71.55,0.12,133.11,117.14,45.59,AUD,paypal,mobile_app,completed
TXN20260105000399,2026-01-05 08:21:09,2077,189,,1,209.27,158.1,0.07,209.27,194.62,36.52,AUD,debit_card,web,completed
TXN20260105000400,2026-01-05 08:22:10,1236,56,,3,221.91,135.65,0.18,665.73,545.9,138.95,AUD,paypal,web,completed
TXN20260105000401,2026-01-05 08:22:46,1869,220,,3,80.96,29.21,0.12,242.88,213.73,126.1,AUD,paypal,web,completed
TXN20260105000402,2026-01-05 08:22:55,2126,2,,1,292.97,126.42,0.13,292.97,254.88,128.46,AUD,debit_card,mobile_app,completed
TXN20260105000403,2026-01-05 08:23:18,1606,113,,2,424.44,152.08,0.04,848.88,814.92,510.76,AUD,paypal,mobile_app,refunded
TXN20260105000404,2026-01-05 08:24:42,1100,241,,2,242.09,167.24,0.24,484.18,367.98,33.5,AUD,credit_card,marketplace,completed
TXN20260105000405,2026-01-05 08:25:18,1732,218,,3,150.35,81.79,0.0,451.05,451.05,205.68,AUD,credit_card,mobile_app,completed
TXN20260105000406,2026-01-05 08:25:48,1849,238,5005,3,356.39,213.37,0.01,1069.17,1058.48,418.37,AUD,credit_card,web,completed
TXN20260105000407,2026-01-05 08:26:16,1561,119,5010,2,26.62,12.14,0.2,53.24,42.59,18.31,AUD,paypal,mobile_app,completed
TXN20260105000408,2026-01-05 08:26:25,1158,75,5004,1,200.92,131.5,0.09,200.92,182.84,51.34,AUD,credit_card,mobile_app,completed
TXN20260105000409,2026-01-05 08:26:27,1072,343,,3,32.63,13.17,0.28,97.89,70.48,30.97,AUD,paypal,mobile_app,refunded
TXN20260105000410,2026-01-05 08:26:40,1022,33,,3,120.22,59.38,0.03,360.66,349.84,171.7,AUD,paypal,web,completed
TXN20260105000411,2026-01-05 08:26:55,2132,365,5008,3,229.11,163.97,0.05,687.33,652.96,161.05,AUD,paypal,web,completed
TXN20260105000412,2026-01-05 08:28:18,2002,175,,5,176.68,90.48,0.05,883.4,839.23,386.83,AUD,credit_card,web,refunded
TXN20260105000413,2026-01-05 08:28:23,1737,46,,1,182.51,84.92,0.03,182.51,177.03,92.11,AUD,credit_card,web,completed
TXN20260105000414,2026-01-05 08:28:38,2062,147,,3,287.02,186.05,0.02,861.06,843.84,285.69,AUD,buy_now_pay_later,web,completed
TXN20260105000415,2026-01-05 08:29:23,1781,118,,4,63.49,25.23,0.19,253.96,205.71,104.79,AUD,credit_card,mobile_app,completed
TXN20260105000416,2026-01-05 08:29:47,1487,183,,6,56.96,21.65,0.03,341.76,331.51,201.61,AUD,buy_now_pay_later,mobile_app,completed
TXN20260105000417,2026-01-05 08:30:31,1431,192,,6,486.02,347.84,0.11,2916.12,2595.35,508.31,AUD,debit_card,web,completed
TXN20260105000418,2026-01-05 08:30:42,1976,149,5012,2,221.16,142.36,0.13,442.32,384.82,100.1,AUD,paypal,web,completed
TXN20260105000419,2026-01-05 08:31:03,1217,154,,2,128.25,56.51,0.09,256.5,233.42,120.4,AUD,buy_now_pay_later,web,completed
TXN20260105000420,2026-01-05 08:31:59,1525,160,5012,4,132.52,86.58,0.12,530.08,466.47,120.15,AUD,debit_card,phone,completed
TXN20260105000421,2026-01-05 08:32:08,1049,114,,2,311.7,127.05,0.05,623.4,592.23,338.13,AUD,credit_card,mobile_app,completed
TXN20260105000422,2026-01-05 08:32:40,2179,314,5010,2,218.05,130.2,0.26,436.1,322.71,62.31,AUD,credit_card,web,completed
TXN20260105000423,2026-01-05 08:32:46,2198,318,,2,104.56,45.81,0.04,209.12,200.76,109.14,AUD,credit_card,web,completed
TXN20260105000424,2026-01-05 08:33:17,1450,393,,1,18.4,11.45,0.19,18.4,14.9,3.45,AUD,credit_card,mobile_app,cancelled
TXN20260105000425,2026-01-05 08:33:44,1290,340,,3,69.61,35.79,0.19,208.83,169.15,61.78,AUD,credit_card,web,completed
TXN20260105000426,2026-01-05 08:33:51,1735,20,,1,230.82,128.98,0.12,230.82,203.12,74.14,AUD,credit_card,web,completed
TXN20260105000427,2026-01-05 08:33:53,2124,192,,4,486.02,347.84,0.05,1944.08,1846.88,455.52,AUD,credit_card,mobile_app,completed
TXN20260105000428,2026-01-05 08:35:01,1230,337,,4,146.92,72.71,0.08,587.68,540.67,249.83,AUD,credit_card,web,completed
TXN20260105000429,2026-01-05 08:35:43,2120,138,5013,6,132.98,57.54,0.14,797.88,686.18,340.94,AUD,credit_card,mobile_app,completed
TXN20260105000430,2026-01-05 08:36:11,1780,9,,3,470.11,214.65,0.1,1410.33,1269.3,625.35,AUD,credit_card,marketplace,completed
TXN20260105000431,2026-01-05 08:36:38,1869,191,,3,265.41,112.45,0.1,796.23,716.61,379.26,AUD,credit_card,in_store,completed
TXN20260105000432,2026-01-05 08:36:53,1916,131,,2,93.36,56.38,0.03,186.72,181.12,68.36,AUD,debit_card,mobile_app,completed
TXN20260105000433,2026-01-05 08:37:01,1137,53,,2,33.81,14.85,0.04,67.62,64.92,35.22,AUD,credit_card,mobile_app,cancelled
TXN20260105000434,2026-01-05 08:37:35,1391,126,,5,63.01,42.43,0.22,315.05,245.74,33.59,AUD,credit_card,mobile_app,completed
TXN20260105000435,2026-01-05 08:40:05,1338,155,5002,1,402.98,307.8,0.06,402.98,378.8,71.0,AUD,paypal,web,completed
TXN20260105000436,2026-01-05 08:41:40,2068,26,,2,76.06,28.87,0.15,152.12,129.3,71.56,AUD,buy_now_pay_later,in_store,completed
TXN20260105000437,2026-01-05 08:42:43,2034,329,5018,2,58.04,29.11,0.04,116.08,111.44,53.22,AUD,credit_card,web,completed
TXN20260105000438,2026-01-05 08:43:00,1079,10,,1,246.81,139.27,0.27,246.81,180.17,40.9,AUD,paypal,web,completed
TXN20260105000439,2026-01-05 08:44:23,1966,148,5012,1,64.17,49.35,0.05,64.17,60.96,11.61,AUD,credit_card,web,completed
TXN20260105000440,2026-01-05 08:44:36,1354,312,5012,1,142.79,97.05,0.01,142.79,141.36,44.31,AUD,buy_now_pay_later,in_store,completed
TXN20260105000441,2026-01-05 08:46:01,1721,345,,2,301.49,218.7,0.1,602.98,542.68,105.28,AUD,paypal,web,completed
TXN20260105000442,2026-01-05 08:46:36,2048,183,,1,56.96,21.65,0.06,56.96,53.54,31.89,AUD,credit_card,mobile_app,completed
TXN20260105000443,2026-01-05 08:48:43,1239,176,5010,2,19.37,14.31,0.2,38.74,30.99,2.37,AUD,credit_card,mobile_app,completed
TXN20260105000444,2026-01-05 08:49:02,2156,213,,2,89.64,56.55,0.04,179.28,172.11,59.01,AUD,debit_card,mobile_app,cancelled
TXN20260105000445,2026-01-05 08:49:18,2159,388,,2,178.72,91.5,0.05,357.44,339.57,156.57,AUD,debit_card,web,completed
TXN20260105000446,2026-01-05 08:50:41,2031,346,,1,337.76,248.46,0.11,337.76,300.61,52.15,AUD,credit_card,mobile_app,completed
TXN20260105000447,2026-01-05 08:50:52,1915,124,,2,396.85,254.98,0.11,793.7,706.39,196.43,AUD,paypal,mobile_app,completed
TXN20260105000448,2026-01-05 08:51:54,1394,163,,2,280.84,142.19,0.13,561.68,488.66,204.28,AUD,credit_card,web,completed
TXN20260105000449,2026-01-05 08:52:23,1630,229,,4,23.31,18.16,0.17,93.24,77.39,4.75,AUD,debit_card,web,completed
TXN20260105000450,2026-01-05 08:52:49,1590,56,,4,221.91,135.65,0.18,887.64,727.86,185.26,AUD,credit_card,web,completed
TXN20260105000451,2026-01-05 08:53:18,1863,336,5005,3,250.44,165.04,0.01,751.32,743.81,248.69,AUD,credit_card,mobile_app,completed
TXN20260105000452,2026-01-05 08:53:32,2046,225,,1,310.73,232.58,0.24,310.73,236.15,3.57,AUD,debit_card,mobile_app,completed
TXN20260105000453,2026-01-05 08:54:11,1586,45,,1,127.42,77.89,0.02,127.42,124.87,46.98,AUD,credit_card,web,completed
TXN20260105000454,2026-01-05 08:54:28,1091,215,5005,2,8.88,3.58,0.02,17.76,17.4,10.24,AUD,debit_card,web,completed
TXN20260105000455,2026-01-05 08:54:32,1533,307,,2,349.28,266.61,0.06,698.56,656.65,123.43,AUD,credit_card,web,completed
TXN20260105000456,2026-01-05 08:55:07,1726,16,5017,4,185.65,67.71,0.14,742.6,638.64,367.8,AUD,buy_now_pay_later,web,completed
TXN20260105000457,2026-01-05 08:55:07,2040,198,,2,311.79,188.7,0.0,623.58,623.58,246.18,AUD,paypal,web,completed
TXN20260105000458,2026-01-05 08:55:19,1337,1,,1,367.54,272.05,0.2,367.54,294.03,21.98,AUD,credit_card,mobile_app,completed
TXN20260105000459,2026-01-05 08:55:29,2202,299,,1,256.41,147.41,0.05,256.41,243.59,96.18,AUD,buy_now_pay_later,mobile_app,completed
TXN20260105000460,2026-01-05 08:55:34,1160,146,5013,2,182.6,76.84,0.12,365.2,321.38,167.7,AUD,credit_card,in_store,completed
TXN20260105000461,2026-01-05 08:55:35,1117,301,,3,288.28,108.1,0.04,864.84,830.25,505.95,AUD,credit_card,web,completed
TXN20260105000462,2026-01-05 08:57:43,2129,214,5006,3,133.32,71.17,0.14,399.96,343.97,130.46,AUD,paypal,web,completed
TXN20260105000463,2026-01-05 08:57:58,1450,128,5002,2,189.27,110.21,0.0,378.54,378.54,158.12,AUD,paypal,in_store,completed
TXN20260105000464,2026-01-05 08:58:16,1443,8,,1,65.06,29.43,0.11,65.06,57.9,28.47,AUD,debit_card,marketplace,completed
TXN20260105000465,2026-01-05 08:59:30,1284,362,,4,10.4,7.12,0.1,41.6,37.44,8.96,AUD,credit_card,web,completed
TXN20260105000466,2026-01-05 08:59:46,1286,42,5009,5,64.61,39.72,0.18,323.05,264.9,66.3,AUD,credit_card,marketplace,completed
TXN20260105000467,2026-01-05 08:59:54,1557,388,5002,4,178.72,91.5,0.14,714.88,614.8,248.8,AUD,paypal,mobile_app,completed
TXN20260105000468,2026-01-05 09:00:01,1443,74,,1,161.48,101.89,0.17,161.48,134.03,32.14,AUD,credit_card,web,completed
TXN20260105000469,2026-01-05 09:00:02,1455,8,5002,5,65.06,29.43,0.0,325.3,325.3,178.15,AUD,credit_card,mobile_app,completed
TXN20260105000470,2026-01-05 09:00:12,2078,18,,1,23.51,10.69,0.01,23.51,23.27,12.58,AUD,buy_now_pay_later,mobile_app,completed
TXN20260105000471,2026-01-05 09:00:29,1296,112,5012,4,121.28,51.75,0.16,485.12,407.5,200.5,AUD,paypal,web,completed
TXN20260105000472,2026-01-05 09:00:48,1896,121,5018,1,18.5,12.03,0.0,18.5,18.5,6.47,AUD,debit_card,mobile_app,completed
TXN20260105000473,2026-01-05 09:00:48,2073,276,,2,260.47,124.27,0.08,520.94,479.26,230.72,AUD,debit_card,mobile_app,completed
TXN20260105000474,2026-01-05 09:01:37,1247,196,5008,3,113.34,80.83,0.05,340.02,323.02,80.53,AUD,paypal,phone,completed
TXN20260105000475,2026-01-05 09:02:06,1392,48,,1,196.8,70.47,0.11,196.8,175.15,104.68,AUD,paypal,web,completed
TXN20260105000476,2026-01-05 09:02:13,1353,57,,5,7.38,2.62,0.14,36.9,31.73,18.63,AUD,credit_card,mobile_app,completed
TXN20260105000477,2026-01-05 09:02:32,1166,315,,1,85.51,53.68,0.15,85.51,72.68,19.0,AUD,bank_transfer,web,completed
TXN20260105000478,2026-01-05 09:04:04,2064,155,5013,1,402.98,307.8,0.11,402.98,358.65,50.85,AUD,buy_now_pay_later,mobile_app,completed
TXN20260105000479,2026-01-05 09:04:16,1520,72,5002,3,333.42,149.31,0.0,1000.26,1000.26,552.33,AUD,credit_card,web,completed
TXN20260105000480,2026-01-05 09:04:27,1088,58,,1,93.1,56.49,0.25,93.1,69.82,13.33,AUD,debit_card,mobile_app,completed
TXN20260105000481,2026-01-05 09:04:35,1927,320,,1,5.35,2.75,0.21,5.35,4.23,1.48,AUD,credit_card,mobile_app,completed
TXN20260105000482,2026-01-05 09:04:44,1568,323,5005,1,154.89,83.84,0.05,154.89,147.15,63.31,AUD,buy_now_pay_later,web,completed
TXN20260105000483,2026-01-05 09:05:17,1480,249,,4,96.17,46.26,0.19,384.68,311.59,126.55,AUD,paypal,mobile_app,completed
TXN20260105000484,2026-01-05 09:06:06,1383,15,,2,42.26,18.74,0.04,84.52,81.14,43.66,AUD,credit_card,web,completed
TXN20260105000485,2026-01-05 09:06:44,1185,218,,2,150.35,81.79,0.05,300.7,285.66,122.08,AUD,credit_card,mobile_app,completed
TXN20260105000486,2026-01-05 09:07:42,2151,204,5002,2,256.41,190.36,0.27,512.82,374.36,-6.36,AUD,debit_card,marketplace,completed
TXN20260105000487,2026-01-05 09:07:44,1140,84,,2,131.95,75.26,0.07,263.9,245.43,94.91,AUD,paypal,marketplace,completed
TXN20260105000488,2026-01-05 09:08:15,1503,380,,1,148.6,57.32,0.03,148.6,144.14,86.82,AUD,debit_card,web,completed
TXN20260105000489,2026-01-05 09:08:25,1314,198,,2,311.79,188.7,0.26,623.58,461.45,84.05,AUD,paypal,mobile_app,cancelled
TXN20260105000490,2026-01-05 09:08:29,1460,41,,4,241.85,106.29,0.08,967.4,890.01,464.85,AUD,debit_card,web,completed
TXN20260105000491,2026-01-05 09:09:46,1055,318,,4,104.56,45.81,0.1,418.24,376.42,193.18,AUD,credit_card,mobile_app,completed
TXN20260105000492,2026-01-05 09:09:48,2037,400,,1,83.09,58.62,0.1,83.09,74.78,16.16,AUD,credit_card,marketplace,completed
TXN20260105000493,2026-01-05 09:09:56,1392,374,,3,37.72,26.55,0.06,113.16,106.37,26.72,AUD,credit_card,web,completed
TXN20260105000494,2026-01-05 09:10:13,2103,362,,2,10.4,7.12,0.01,20.8,20.59,6.35,AUD,gift_card,mobile_app,completed
TXN20260105000495,2026-01-05 09:10:45,1547,3,5018,4,142.91,77.99,0.12,571.64,503.04,191.08,AUD,debit_card,web,completed
TXN20260105000496,2026-01-05 09:11:52,1987,165,5012,2,198.75,72.56,0.14,397.5,341.85,196.73,AUD,buy_now_pay_later,mobile_app,refunded
TXN20260105000497,2026-01-05 09:12:07,1396,180,5012,4,233.35,116.35,0.17,933.4,774.72,309.32,AUD,credit_card,web,completed
TXN20260105000498,2026-01-05 09:12:26,2152,281,,2,206.68,92.2,0.15,413.36,351.36,166.96,AUD,bank_transfer,marketplace,completed
TXN20260105000499,2026-01-05 09:13:47,1159,85,5016,3,173.56,99.76,0.13,520.68,452.99,153.71,AUD,debit_card,mobile_app,completed
TXN20260105000500,2026-01-05 09:13:55,1814,124,5012,1,396.85,254.98,0.04,396.85,380.98,126.0,AUD,paypal,web,completed
TXN20260105000501,2026-01-05 09:15:00,1807,188,5018,1,141.88,98.58,0.01,141.88,140.46,41.88,AUD,credit_card,mobile_app,completed
TXN20260105000502,2026-01-05 09:15:09,1147,310,5014,1,109.6,62.46,0.13,109.6,95.35,32.89,AUD,paypal,web,completed
TXN20260105000503,2026-01-05 09:15:29,1129,131,,1,93.36,56.38,0.03,93.36,90.56,34.18,AUD,debit_card,mobile_app,completed
TXN20260105000504,2026-01-05 09:15:52,1875,161,,5,57.23,33.31,0.04,286.15,274.7,108.15,AUD,buy_now_pay_later,web,completed
TXN20260105000505,2026-01-05 09:16:34,2151,310,,1,109.6,62.46,0.14,109.6,94.26,31.8,AUD,credit_card,mobile_app,completed
TXN20260105000506,2026-01-05 09:16:41,2193,253,5018,3,142.58,95.23,0.05,427.74,406.35,120.66,AUD,debit_card,web,completed
TXN20260105000507,2026-01-05 09:17:44,1126,243,,1,6.18,2.24,0.19,6.18,5.01,2.77,AUD,paypal,web,completed
TXN20260105000508,2026-01-05 09:18:24,1814,293,,1,100.6,74.23,0.11,100.6,89.53,15.3,AUD,debit_card,mobile_app,completed
TXN20260105000509,2026-01-05 09:19:11,1597,152,,1,18.61,8.27,0.02,18.61,18.24,9.97,AUD,bank_transfer,web,completed
TXN20260105000510,2026-01-05 09:19:28,1776,44,,2,236.02,141.49,0.04,472.04,453.16,170.18,AUD,debit_card,mobile_app,completed
TXN20260105000511,2026-01-05 09:19:31,2132,245,,4,349.8,233.63,0.0,1399.2,1399.2,464.68,AUD,debit_card,web,completed
TXN20260105000512,2026-01-05 09:19:36,1607,377,,1,34.75,17.44,0.13,34.75,30.23,12.79,AUD,bank_transfer,web,completed
TXN20260105000513,2026-01-05 09:19:37,1293,86,,4,176.95,129.01,0.03,707.8,686.57,170.53,AUD,debit_card,web,completed
TXN20260105000514,2026-01-05 09:20:28,1231,175,,2,176.68,90.48,0.14,353.36,303.89,122.93,AUD,credit_card,mobile_app,completed
TXN20260105000515,2026-01-05 09:20:54,1933,225,,4,310.73,232.58,0.15,1242.92,1056.48,126.16,AUD,buy_now_pay_later,web,completed
TXN20260105000516,2026-01-05 09:20:57,1258,396,,2,358.76,209.23,0.24,717.52,545.32,126.86,AUD,credit_card,web,completed
TXN20260105000517,2026-01-05 09:21:00,1030,111,,5,130.14,98.41,0.11,650.7,579.12,87.07,AUD,bank_transfer,web,completed
TXN20260105000518,2026-01-05 09:21:14,1013,228,,2,85.54,59.94,0.14,171.08,147.13,27.25,AUD,credit_card,mobile_app,cancelled
TXN20260105000519,2026-01-05 09:22:13,1112,10,,3,246.81,139.27,0.12,740.43,651.58,233.77,AUD,debit_card,mobile_app,completed
TXN20260105000520,2026-01-05 09:22:17,1268,134,5003,3,151.77,62.1,0.07,455.31,423.44,237.14,AUD,debit_card,web,completed
TXN20260105000521,2026-01-05 09:24:35,2034,248,,4,58.0,41.73,0.08,232.0,213.44,46.52,AUD,debit_card,mobile_app,completed
TXN20260105000522,2026-01-05 09:25:41,1306,24,,4,201.95,77.39,0.03,807.8,783.57,474.01,AUD,credit_card,mobile_app,completed
TXN20260105000523,2026-01-05 09:25:42,1618,139,,4,93.98,72.88,0.22,375.92,293.22,1.7,AUD,credit_card,web,completed
TXN20260105000524,2026-01-05 09:25:51,1250,45,,2,127.42,77.89,0.09,254.84,231.9,76.12,AUD,paypal,marketplace,completed
TXN20260105000525,2026-01-05 09:26:23,1378,183,,1,56.96,21.65,0.08,56.96,52.4,30.75,AUD,paypal,mobile_app,completed
TXN20260105000526,2026-01-05 09:26:52,2031,345,,2,301.49,218.7,0.01,602.98,596.95,159.55,AUD,credit_card,web,completed
TXN20260105000527,2026-01-05 09:27:16,1003,126,5010,5,63.01,42.43,0.01,315.05,311.9,99.75,AUD,credit_card,web,refunded
TXN20260105000528,2026-01-05 09:27:27,1505,197,,2,161.84,90.95,0.07,323.68,301.02,119.12,AUD,credit_card,marketplace,completed
TXN20260105000529,2026-01-05 09:27:33,2123,334,,4,100.25,73.46,0.18,401.0,328.82,34.98,AUD,credit_card,web,completed
TXN20260105000530,2026-01-05 09:28:57,1306,388,5009,3,178.72,91.5,0.24,536.16,407.48,132.98,AUD,credit_card,mobile_app,completed
TXN20260105000531,2026-01-05 09:29:22,1427,227,5016,2,46.57,24.42,0.19,93.14,75.44,26.6,AUD,debit_card,web,completed
TXN20260105000532,2026-01-05 09:29:49,1999,285,,1,333.53,259.05,0.01,333.53,330.19,71.14,AUD,debit_card,web,completed
TXN20260105000533,2026-01-05 09:30:50,1631,145,,1,333.84,132.73,0.08,333.84,307.13,174.4,AUD,credit_card,web,completed
TXN20260105000534,2026-01-05 09:31:02,1717,195,,2,142.11,62.0,0.24,284.22,216.01,92.01,AUD,buy_now_pay_later,web,completed
TXN20260105000535,2026-01-05 09:31:19,1704,228,,3,85.54,59.94,0.23,256.62,197.6,17.78,AUD,credit_card,web,completed
TXN20260105000536,2026-01-05 09:32:37,1460,387,5005,1,113.54,61.9,0.04,113.54,109.0,47.1,AUD,credit_card,web,completed
TXN20260105000537,2026-01-05 09:33:02,1245,5,,1,69.17,48.26,0.25,69.17,51.88,3.62,AUD,buy_now_pay_later,mobile_app,completed
TXN20260105000538,2026-01-05 09:33:10,1883,377,,6,34.75,17.44,0.15,208.5,177.22,72.58,AUD,credit_card,web,completed
TXN20260105000539,2026-01-05 09:34:00,1238,71,,5,451.62,218.09,0.11,2258.1,2009.71,919.26,AUD,credit_card,web,completed
TXN20260105000540,2026-01-05 09:34:28,1572,374,,4,37.72,26.55,0.01,150.88,149.37,43.17,AUD,credit_card,web,completed
TXN20260105000541,2026-01-05 09:35:06,1913,188,,4,141.88,98.58,0.05,567.52,539.14,144.82,AUD,credit_card,mobile_app,completed
TXN20260105000542,2026-01-05 09:35:28,1963,112,,1,121.28,51.75,0.16,121.28,101.88,50.13,AUD,credit_card,web,completed
TXN20260105000543,2026-01-05 09:35:30,1118,62,,2,46.07,33.25,0.24,92.14,70.03,3.53,AUD,debit_card,web,completed
TXN20260105000544,2026-01-05 09:35:49,1256,230,,2,249.03,160.65,0.03,498.06,483.12,161.82,AUD,buy_now_pay_later,mobile_app,completed
TXN20260105000545,2026-01-05 09:39:02,1390,251,,1,245.15,169.74,0.08,245.15,225.54,55.8,AUD,credit_card,marketplace,completed
TXN20260105000546,2026-01-05 09:39:24,1496,194,,3,45.96,33.9,0.12,137.88,121.33,19.63,AUD,debit_card,in_store,completed
TXN20260105000547,2026-01-05 09:39:40,1655,204,,4,256.41,190.36,0.07,1025.64,953.85,192.41,AUD,credit_card,web,completed
TXN20260105000548,2026-01-05 09:40:07,2079,118,,1,63.49,25.23,0.17,63.49,52.7,27.47,AUD,credit_card,mobile_app,completed
TXN20260105000549,2026-01-05 09:40:08,2029,5,,5,69.17,48.26,0.17,345.85,287.06,45.76,AUD,debit_card,web,completed
TXN20260105000550,2026-01-05 09:40:31,1558,317,5014,1,25.27,14.13,0.11,25.27,22.49,8.36,AUD,credit_card,web,completed
TXN20260105000551,2026-01-05 09:41:04,1319,247,5014,4,32.77,14.35,0.1,131.08,117.97,60.57,AUD,buy_now_pay_later,in_store,refunded
TXN20260105000552,2026-01-05 09:41:17,1825,153,,2,133.15,94.62,0.02,266.3,260.97,71.73,AUD,buy_now_pay_later,web,completed
TXN20260105000553,2026-01-05 09:41:43,1315,247,,5,32.77,14.35,0.06,163.85,154.02,82.27,AUD,debit_card,web,completed
TXN20260105000554,2026-01-05 09:42:42,1323,392,,1,197.73,138.04,0.08,197.73,181.91,43.87,AUD,credit_card,web,completed
TXN20260105000555,2026-01-05 09:43:13,1895,265,,1,217.01,151.39,0.19,217.01,175.78,24.39,AUD,credit_card,mobile_app,completed
TXN20260105000556,2026-01-05 09:43:18,1233,301,,1,288.28,108.1,0.14,288.28,247.92,139.82,AUD,debit_card,web,completed
TXN20260105000557,2026-01-05 09:43:47,1908,79,5013,3,139.3,69.25,0.02,417.9,409.54,201.79,AUD,debit_card,web,completed
TXN20260105000558,2026-01-05 09:44:07,1258,113,5012,3,424.44,152.08,0.06,1273.32,1196.92,740.68,AUD,bank_transfer,web,completed
TXN20260105000559,2026-01-05 09:44:24,1267,84,5006,2,131.95,75.26,0.2,263.9,211.12,60.6,AUD,credit_card,mobile_app,completed
TXN20260105000560,2026-01-05 09:44:54,1157,14,,4,60.5,36.5,0.13,242.0,210.54,64.54,AUD,debit_card,web,completed
TXN20260105000561,2026-01-05 09:45:45,1927,275,,5,116.41,50.22,0.06,582.05,547.13,296.03,AUD,credit_card,web,completed
TXN20260105000562,2026-01-05 09:46:04,1917,361,,1,172.83,61.35,0.14,172.83,148.63,87.28,AUD,credit_card,web,completed
TXN20260105000563,2026-01-05 09:46:11,1773,11,,3,383.38,230.87,0.06,1150.14,1081.13,388.52,AUD,buy_now_pay_later,web,pending
TXN20260105000564,2026-01-05 09:46:19,1308,214,5014,2,133.32,71.17,0.15,266.64,226.64,84.3,AUD,paypal,marketplace,completed
TXN20260105000565,2026-01-05 09:47:24,1020,71,,3,451.62,218.09,0.09,1354.86,1232.92,578.65,AUD,credit_card,web,completed
TXN20260105000566,2026-01-05 09:47:37,1713,80,,1,200.59,111.67,0.11,200.59,178.53,66.86,AUD,debit_card,web,completed
TXN20260105000567,2026-01-05 09:47:57,1432,193,,4,368.81,195.25,0.01,1475.24,1460.49,679.49,AUD,credit_card,mobile_app,completed
TXN20260105000568,2026-01-05 09:48:28,2142,113,,3,424.44,152.08,0.01,1273.32,1260.59,804.35,AUD,credit_card,marketplace,completed
TXN20260105000569,2026-01-05 09:49:18,1515,130,5013,4,18.48,10.08,0.12,73.92,65.05,24.73,AUD,buy_now_pay_later,web,completed
TXN20260105000570,2026-01-05 09:49:26,2062,365,,2,229.11,163.97,0.03,458.22,444.47,116.53,AUD,credit_card,web,completed
TXN20260105000571,2026-01-05 09:49:39,1273,137,5010,1,230.43,174.09,0.19,230.43,186.65,12.56,AUD,paypal,web,completed
TXN20260105000572,2026-01-05 09:49:42,1566,340,5009,2,69.61,35.79,0.02,139.22,136.44,64.86,AUD,credit_card,web,completed
TXN20260105000573,2026-01-05 09:50:16,1853,317,5018,2,25.27,14.13,0.02,50.54,49.53,21.27,AUD,credit_card,marketplace,completed
TXN20260105000574,2026-01-05 09:50:37,1959,76,5012,1,153.93,70.84,0.27,153.93,112.37,41.53,AUD,paypal,marketplace,completed
TXN20260105000575,2026-01-05 09:50:46,1730,14,5014,3,60.5,36.5,0.05,181.5,172.42,62.92,AUD,credit_card,web,completed
TXN20260105000576,2026-01-05 09:51:03,1915,270,,2,347.43,172.19,0.05,694.86,660.12,315.74,AUD,credit_card,web,completed
TXN20260105000577,2026-01-05 09:51:08,1482,311,,2,265.88,206.32,0.2,531.76,425.41,12.77,AUD,credit_card,web,cancelled
TXN20260105000578,2026-01-05 09:53:42,1936,137,,2,230.43,174.09,0.15,460.86,391.73,43.55,AUD,gift_card,web,completed
TXN20260105000579,2026-01-05 09:54:21,1677,334,,1,100.25,73.46,0.27,100.25,73.18,-0.28,AUD,buy_now_pay_later,mobile_app,completed
TXN20260105000580,2026-01-05 09:54:22,2030,201,5008,1,105.57,80.82,0.12,105.57,92.9,12.08,AUD,paypal,web,completed
TXN20260105000581,2026-01-05 09:54:32,1205,345,,2,301.49,218.7,0.21,602.98,476.35,38.95,AUD,debit_card,mobile_app,completed
TXN20260105000582,2026-01-05 09:54:43,1355,364,,4,126.27,67.13,0.11,505.08,449.52,181.0,AUD,paypal,web,completed
TXN20260105000583,2026-01-05 09:54:57,1974,104,5009,3,41.5,18.2,0.05,124.5,118.27,63.67,AUD,buy_now_pay_later,in_store,completed
TXN20260105000584,2026-01-05 09:55:30,1002,334,,1,100.25,73.46,0.13,100.25,87.22,13.76,AUD,credit_card,web,completed
TXN20260105000585,2026-01-05 09:55:46,1010,133,,4,22.32,9.12,0.08,89.28,82.14,45.66,AUD,paypal,marketplace,completed
TXN20260105000586,2026-01-05 09:56:46,2035,379,,2,115.88,59.08,0.04,231.76,222.49,104.33,AUD,gift_card,web,completed
TXN20260105000587,2026-01-05 09:57:40,1882,204,,1,256.41,190.36,0.06,256.41,241.03,50.67,AUD,credit_card,web,completed
TXN20260105000588,2026-01-05 09:58:01,1975,371,,1,279.28,128.3,0.12,279.28,245.77,117.47,AUD,credit_card,web,completed
TXN20260105000589,2026-01-05 09:58:15,1348,122,,2,163.85,114.55,0.19,327.7,265.44,36.34,AUD,buy_now_pay_later,marketplace,completed
TXN20260105000590,2026-01-05 09:58:56,1449,371,,4,279.28,128.3,0.03,1117.12,1083.61,570.41,AUD,bank_transfer,mobile_app,completed
TXN20260105000591,2026-01-05 09:59:07,1828,37,,2,5.1,1.86,0.17,10.2,8.47,4.75,AUD,credit_card,mobile_app,completed
TXN20260105000592,2026-01-05 09:59:55,1274,240,,2,296.5,109.26,0.07,593.0,551.49,332.97,AUD,credit_card,web,completed
TXN20260105000593,2026-01-05 10:02:11,1827,241,,3,242.09,167.24,0.0,726.27,726.27,224.55,AUD,credit_card,in_store,completed
TXN20260105000594,2026-01-05 10:02:58,1743,272,,2,48.63,36.18,0.2,97.26,77.81,5.45,AUD,paypal,mobile_app,completed
TXN20260105000595,2026-01-05 10:03:00,1211,197,,1,161.84,90.95,0.25,161.84,121.38,30.43,AUD,bank_transfer,mobile_app,cancelled
TXN20260105000596,2026-01-05 10:03:02,1612,177,5013,5,287.87,144.14,0.01,1439.35,1424.96,704.26,AUD,paypal,mobile_app,completed
TXN20260105000597,2026-01-05 10:07:10,1149,60,,2,77.58,46.86,0.17,155.16,128.78,35.06,AUD,credit_card,mobile_app,completed
TXN20260105000598,2026-01-05 10:07:26,2151,15,,2,42.26,18.74,0.05,84.52,80.29,42.81,AUD,credit_card,web,refunded
TXN20260105000599,2026-01-05 10:07:28,1525,394,,1,26.27,10.02,0.07,26.27,24.43,14.41,AUD,gift_card,web,completed
TXN20260105000600,2026-01-05 10:08:42,2203,60,,4,77.58,46.86,0.18,310.32,254.46,67.02,AUD,credit_card,mobile_app,completed
TXN20260105000601,2026-01-05 10:09:53,2125,389,5003,2,275.99,150.66,0.08,551.98,507.82,206.5,AUD,credit_card,mobile_app,completed
TXN20260105000602,2026-01-05 10:10:28,1522,205,5005,2,200.88,145.96,0.16,401.76,337.48,45.56,AUD,debit_card,mobile_app,completed
TXN20260105000603,2026-01-05 10:11:57,1740,211,,5,125.27,94.18,0.1,626.35,563.72,92.82,AUD,paypal,web,completed
TXN20260105000604,2026-01-05 10:12:01,2023,272,,2,48.63,36.18,0.08,97.26,89.48,17.12,AUD,credit_card,web,completed
TXN20260105000605,2026-01-05 10:12:07,1912,151,5018,1,36.21,16.06,0.18,36.21,29.69,13.63,AUD,paypal,marketplace,completed
TXN20260105000606,2026-01-05 10:16:27,1488,318,5018,2,104.56,45.81,0.19,209.12,169.39,77.77,AUD,debit_card,mobile_app,completed
TXN20260105000607,2026-01-05 10:18:48,1317,86,5007,2,176.95,129.01,0.0,353.9,353.9,95.88,AUD,debit_card,mobile_app,completed
TXN20260105000608,2026-01-05 10:20:30,1672,26,,3,76.06,28.87,0.14,228.18,196.23,109.62,AUD,credit_card,mobile_app,completed
TXN20260105000609,2026-01-05 10:21:46,1891,186,5017,3,294.97,120.02,0.04,884.91,849.51,489.45,AUD,buy_now_pay_later,web,completed
TXN20260105000610,2026-01-05 10:22:21,2203,222,,2,32.17,11.42,0.04,64.34,61.77,38.93,AUD,paypal,mobile_app,completed
TXN20260105000611,2026-01-05 10:22:22,2123,185,5014,1,182.91,71.26,0.04,182.91,175.59,104.33,AUD,debit_card,web,completed
TXN20260105000612,2026-01-05 10:23:58,1202,177,,1,287.87,144.14,0.16,287.87,241.81,97.67,AUD,credit_card,web,completed
TXN20260105000613,2026-01-05 10:23:58,1880,240,5017,3,296.5,109.26,0.03,889.5,862.81,535.03,AUD,debit_card,web,completed
TXN20260105000614,2026-01-05 10:25:04,1029,125,5004,3,12.26,5.91,0.03,36.78,35.68,17.95,AUD,credit_card,in_store,completed
TXN20260105000615,2026-01-05 10:26:20,1705,383,5016,5,227.62,101.34,0.07,1138.1,1058.43,551.73,AUD,gift_card,mobile_app,completed
TXN20260105000616,2026-01-05 10:26:23,1594,279,,2,202.1,80.17,0.08,404.2,371.86,211.52,AUD,bank_transfer,mobile_app,pending
TXN20260105000617,2026-01-05 10:26:23,1403,41,,3,241.85,106.29,0.01,725.55,718.29,399.42,AUD,gift_card,mobile_app,completed
TXN20260105000618,2026-01-05 10:26:43,1007,190,5016,1,232.96,154.99,0.02,232.96,228.3,73.31,AUD,credit_card,web,completed
TXN20260105000619,2026-01-05 10:26:54,1328,168,5007,1,356.7,253.22,0.1,356.7,321.03,67.81,AUD,gift_card,web,completed
TXN20260105000620,2026-01-05 10:28:00,1280,229,5008,2,23.31,18.16,0.09,46.62,42.42,6.1,AUD,gift_card,mobile_app,completed
TXN20260105000621,2026-01-05 10:29:27,1027,163,,4,280.84,142.19,0.12,1123.36,988.56,419.8,AUD,credit_card,in_store,pending
TXN20260105000622,2026-01-05 10:31:45,1550,240,,1,296.5,109.26,0.06,296.5,278.71,169.45,AUD,bank_transfer,mobile_app,completed
TXN20260105000623,2026-01-05 10:38:31,2147,24,5009,4,201.95,77.39,0.03,807.8,783.57,474.01,AUD,debit_card,mobile_app,refunded
TXN20260105000624,2026-01-05 10:38:51,1279,4,5010,1,238.89,172.72,0.11,238.89,212.61,39.89,AUD,debit_card,web,completed
TXN20260105000625,2026-01-05 10:39:15,1935,149,,1,221.16,142.36,0.0,221.16,221.16,78.8,AUD,credit_card,web,completed
TXN20260105000626,2026-01-05 10:42:44,1803,228,,1,85.54,59.94,0.04,85.54,82.12,22.18,AUD,credit_card,mobile_app,completed
TXN20260105000627,2026-01-05 10:47:27,2054,343,,1,32.63,13.17,0.09,32.63,29.69,16.52,AUD,buy_now_pay_later,mobile_app,completed
TXN20260105000628,2026-01-05 10:51:44,1135,363,,1,161.87,102.03,0.07,161.87,150.54,48.51,AUD,debit_card,mobile_app,completed
TXN20260105000629,2026-01-05 10:55:00,1065,308,,5,227.37,123.17,0.04,1136.85,1091.38,475.53,AUD,credit_card,marketplace,completed
TXN20260105000630,2026-01-05 10:56:27,1265,41,5014,2,241.85,106.29,0.06,483.7,454.68,242.1,AUD,credit_card,web,completed
TXN20260105000631,2026-01-05 10:57:37,1731,220,,2,80.96,29.21,0.22,161.92,126.3,67.88,AUD,credit_card,web,completed
TXN20260105000632,2026-01-05 10:59:20,1958,33,,4,120.22,59.38,0.15,480.88,408.75,171.23,AUD,credit_card,web,completed
TXN20260105000633,2026-01-05 10:59:41,1530,38,,4,426.51,271.0,0.04,1706.04,1637.8,553.8,AUD,debit_card,web,completed
TXN20260105000634,2026-01-05 11:07:22,2202,242,,1,149.29,73.33,0.16,149.29,125.4,52.07,AUD,credit_card,phone,completed
TXN20260105000635,2026-01-05 11:10:18,1780,255,,2,109.46,69.18,0.08,218.92,201.41,63.05,AUD,credit_card,web,completed
TXN20260105000636,2026-01-05 11:10:40,1778,291,,3,348.41,145.57,0.21,1045.23,825.73,389.02,AUD,credit_card,web,completed
TXN20260105000637,2026-01-05 11:12:38,1688,133,5018,3,22.32,9.12,0.11,66.96,59.59,32.23,AUD,buy_now_pay_later,in_store,completed
TXN20260105000638,2026-01-05 11:13:42,2171,294,5003,2,25.75,16.01,0.09,51.5,46.87,14.85,AUD,bank_transfer,mobile_app,completed
TXN20260105000639,2026-01-05 11:19:35,1478,122,,4,163.85,114.55,0.03,655.4,635.74,177.54,AUD,debit_card,web,completed
TXN20260105000640,2026-01-05 11:20:38,1549,261,5010,2,222.59,120.24,0.0,445.18,445.18,204.7,AUD,credit_card,web,completed
TXN20260105000641,2026-01-05 11:21:13,1623,268,5014,3,13.69,9.27,0.19,41.07,33.27,5.46,AUD,credit_card,mobile_app,completed
TXN20260105000642,2026-01-05 11:24:36,1507,227,,1,46.57,24.42,0.11,46.57,41.45,17.03,AUD,debit_card,web,completed
TXN20260105000643,2026-01-05 11:25:22,1773,118,,3,63.49,25.23,0.02,190.47,186.66,110.97,AUD,credit_card,mobile_app,completed
TXN20260105000644,2026-01-05 11:26:47,1480,345,,3,301.49,218.7,0.12,904.47,795.93,139.83,AUD,credit_card,mobile_app,completed
TXN20260105000645,2026-01-05 11:28:16,2078,249,,5,96.17,46.26,0.06,480.85,452.0,220.7,AUD,paypal,marketplace,completed
TXN20260105000646,2026-01-05 11:28:41,2165,52,,4,213.42,159.81,0.05,853.68,811.0,171.76,AUD,paypal,web,completed
TXN20260105000647,2026-01-05 11:30:11,1386,202,5009,5,257.36,101.79,0.01,1286.8,1273.93,764.98,AUD,credit_card,mobile_app,completed
TXN20260105000648,2026-01-05 11:35:39,1660,372,,2,321.9,183.97,0.04,643.8,618.05,250.11,AUD,debit_card,web,completed
TXN20260105000649,2026-01-05 11:39:15,1308,225,,5,310.73,232.58,0.08,1553.65,1429.36,266.46,AUD,buy_now_pay_later,web,completed
TXN20260105000650,2026-01-05 11:39:55,1735,169,5018,3,175.58,82.15,0.05,526.74,500.4,253.95,AUD,buy_now_pay_later,mobile_app,completed
TXN20260105000651,2026-01-05 11:40:11,1823,124,5012,2,396.85,254.98,0.03,793.7,769.89,259.93,AUD,buy_now_pay_later,web,completed
TXN20260105000652,2026-01-05 11:40:14,1413,312,5012,6,142.79,97.05,0.09,856.74,779.63,197.33,AUD,debit_card,web,completed
TXN20260105000653,2026-01-05 11:40:46,2003,247,,1,32.77,14.35,0.19,32.77,26.54,12.19,AUD,buy_now_pay_later,mobile_app,completed
TXN20260105000654,2026-01-05 11:41:34,2044,186,,2,294.97,120.02,0.14,589.94,507.35,267.31,AUD,buy_now_pay_later,web,completed
TXN20260105000655,2026-01-05 11:42:11,1195,334,,1,100.25,73.46,0.13,100.25,87.22,13.76,AUD,paypal,web,completed
TXN20260105000656,2026-01-05 11:47:34,1256,386,5008,1,284.12,120.27,0.04,284.12,272.76,152.49,AUD,buy_now_pay_later,web,completed
TXN20260105000657,2026-01-05 11:51:39,1485,72,5008,3,333.42,149.31,0.12,1000.26,880.23,432.3,AUD,debit_card,marketplace,completed
TXN20260105000658,2026-01-05 11:55:52,1979,242,5012,1,149.29,73.33,0.11,149.29,132.87,59.54,AUD,paypal,mobile_app,completed
TXN20260105000659,2026-01-05 11:56:42,2178,203,,1,5.97,4.17,0.22,5.97,4.66,0.49,AUD,credit_card,marketplace,completed
TXN20260105000660,2026-01-05 11:57:12,2165,73,5012,1,97.62,68.56,0.18,97.62,80.05,11.49,AUD,paypal,mobile_app,completed
TXN20260105000661,2026-01-05 12:01:05,1562,346,,3,337.76,248.46,0.02,1013.28,993.01,247.63,AUD,credit_card,web,completed
TXN20260105000662,2026-01-05 12:02:46,1102,366,5017,1,212.32,146.95,0.06,212.32,199.58,52.63,AUD,paypal,marketplace,refunded
TXN20260105000663,2026-01-05 12:05:13,1153,50,,5,145.4,62.87,0.04,727.0,697.92,383.57,AUD,credit_card,web,completed
TXN20260105000664,2026-01-05 12:05:47,1605,290,,1,37.46,23.23,0.0,37.46,37.46,14.23,AUD,debit_card,marketplace,completed
TXN20260105000665,2026-01-05 12:07:00,1326,350,,1,78.73,28.3,0.05,78.73,74.79,46.49,AUD,credit_card,mobile_app,completed
TXN20260105000666,2026-01-05 12:07:29,1094,81,,1,133.11,71.55,0.05,133.11,126.45,54.9,AUD,credit_card,mobile_app,completed
TXN20260105000667,2026-01-05 12:07:45,1002,275,,2,116.41,50.22,0.23,232.82,179.27,78.83,AUD,buy_now_pay_later,web,completed
TXN20260105000668,2026-01-05 12:07:48,1072,379,,4,115.88,59.08,0.18,463.52,380.09,143.77,AUD,credit_card,web,completed
TXN20260105000669,2026-01-05 12:07:58,1733,381,5006,1,12.14,8.81,0.24,12.14,9.23,0.42,AUD,credit_card,in_store,completed
TXN20260105000670,2026-01-05 12:10:01,1652,349,,4,65.04,45.3,0.04,260.16,249.75,68.55,AUD,credit_card,mobile_app,completed
TXN20260105000671,2026-01-05 12:10:54,2012,326,,3,183.44,105.75,0.15,550.32,467.77,150.52,AUD,buy_now_pay_later,web,completed
TXN20260105000672,2026-01-05 12:11:05,1403,124,,4,396.85,254.98,0.18,1587.4,1301.67,281.75,AUD,bank_transfer,mobile_app,completed
TXN20260105000673,2026-01-05 12:11:36,1544,242,5006,3,149.29,73.33,0.14,447.87,385.17,165.18,AUD,credit_card,web,completed
TXN20260105000674,2026-01-05 12:11:58,2121,270,,1,347.43,172.19,0.13,347.43,302.26,130.07,AUD,bank_transfer,mobile_app,completed
TXN20260105000675,2026-01-05 12:12:17,2032,319,5007,1,134.18,49.74,0.09,134.18,122.1,72.36,AUD,credit_card,web,completed
TXN20260105000676,2026-01-05 12:12:20,1705,349,,1,65.04,45.3,0.09,65.04,59.19,13.89,AUD,buy_now_pay_later,marketplace,completed
TXN20260105000677,2026-01-05 12:12:37,1291,398,,2,94.81,37.08,0.17,189.62,157.38,83.22,AUD,debit_card,mobile_app,completed
TXN20260105000678,2026-01-05 12:12:41,1417,158,5007,2,101.24,48.34,0.16,202.48,170.08,73.4,AUD,debit_card,mobile_app,completed
TXN20260105000679,2026-01-05 12:12:43,1216,212,,5,172.34,98.73,0.12,861.7,758.3,264.65,AUD,paypal,web,completed
TXN20260105000680,2026-01-05 12:13:07,2135,53,5003,1,33.81,14.85,0.17,33.81,28.06,13.21,AUD,credit_card,web,completed
TXN20260105000681,2026-01-05 12:13:24,1014,292,,1,313.29,237.82,0.23,313.29,241.23,3.41,AUD,bank_transfer,mobile_app,completed
TXN20260105000682,2026-01-05 12:14:50,1023,172,5003,6,191.33,75.08,0.01,1147.98,1136.5,686.02,AUD,debit_card,web,completed
TXN20260105000683,2026-01-05 12:15:03,1712,265,,4,217.01,151.39,0.1,868.04,781.24,175.68,AUD,credit_card,mobile_app,refunded
TXN20260105000684,2026-01-05 12:15:11,1672,116,,2,265.13,138.42,0.02,530.26,519.65,242.81,AUD,credit_card,in_store,completed
TXN20260105000685,2026-01-05 12:15:32,1820,333,,4,41.88,25.97,0.17,167.52,139.04,35.16,AUD,paypal,mobile_app,completed
TXN20260105000686,2026-01-05 12:15:53,1902,344,5014,1,24.55,10.75,0.07,24.55,22.83,12.08,AUD,credit_card,web,completed
TXN20260105000687,2026-01-05 12:17:40,1181,285,5013,4,333.53,259.05,0.02,1334.12,1307.44,271.24,AUD,credit_card,web,completed
TXN20260105000688,2026-01-05 12:17:43,1206,295,5016,1,125.3,93.62,0.0,125.3,125.3,31.68,AUD,buy_now_pay_later,web,completed
TXN20260105000689,2026-01-05 12:17:56,2017,242,5018,5,149.29,73.33,0.07,746.45,694.2,327.55,AUD,buy_now_pay_later,mobile_app,completed
TXN20260105000690,2026-01-05 12:18:12,2089,316,,4,109.37,70.04,0.09,437.48,398.11,117.95,AUD,debit_card,web,completed
TXN20260105000691,2026-01-05 12:18:40,1075,131,5004,4,93.36,56.38,0.11,373.44,332.36,106.84,AUD,debit_card,web,completed
TXN20260105000692,2026-01-05 12:18:46,2009,128,,2,189.27,110.21,0.04,378.54,363.4,142.98,AUD,debit_card,mobile_app,completed
TXN20260105000693,2026-01-05 12:19:42,1720,338,,1,454.19,219.15,0.23,454.19,349.73,130.58,AUD,credit_card,in_store,completed
TXN20260105000694,2026-01-05 12:20:41,1904,55,,3,51.38,24.77,0.06,154.14,144.89,70.58,AUD,debit_card,mobile_app,completed
TXN20260105000695,2026-01-05 12:21:27,2014,381,5004,1,12.14,8.81,0.2,12.14,9.71,0.9,AUD,debit_card,in_store,cancelled
TXN20260105000696,2026-01-05 12:21:39,1080,398,,1,94.81,37.08,0.0,94.81,94.81,57.73,AUD,credit_card,marketplace,completed
TXN20260105000697,2026-01-05 12:22:32,1505,277,5007,1,470.57,189.97,0.01,470.57,465.86,275.89,AUD,debit_card,web,completed
TXN20260105000698,2026-01-05 12:23:14,1903,65,,1,253.83,167.53,0.2,253.83,203.06,35.53,AUD,credit_card,mobile_app,completed
TXN20260105000699,2026-01-05 12:24:04,1793,255,,2,109.46,69.18,0.22,218.92,170.76,32.4,AUD,bank_transfer,mobile_app,completed
TXN20260105000700,2026-01-05 12:25:27,1282,255,,4,109.46,69.18,0.08,437.84,402.81,126.09,AUD,buy_now_pay_later,web,completed
TXN20260105000701,2026-01-05 12:25:31,1037,316,5010,2,109.37,70.04,0.06,218.74,205.62,65.54,AUD,buy_now_pay_later,marketplace,completed
TXN20260105000702,2026-01-05 12:26:19,1496,19,,1,170.44,126.31,0.12,170.44,149.99,23.68,AUD,buy_now_pay_later,web,completed
TXN20260105000703,2026-01-05 12:26:46,1875,397,,1,183.67,101.88,0.02,183.67,180.0,78.12,AUD,credit_card,web,completed
TXN20260105000704,2026-01-05 12:27:03,1388,72,,3,333.42,149.31,0.01,1000.26,990.26,542.33,AUD,credit_card,mobile_app,completed
TXN20260105000705,2026-01-05 12:28:10,2005,295,5007,2,125.3,93.62,0.26,250.6,185.44,-1.8,AUD,credit_card,mobile_app,completed
TXN20260105000706,2026-01-05 12:28:30,1758,397,5005,6,183.67,101.88,0.26,1102.02,815.49,204.21,AUD,paypal,phone,completed
TXN20260105000707,2026-01-05 12:29:06,2169,311,5004,3,265.88,206.32,0.2,797.64,638.11,19.15,AUD,debit_card,web,completed
TXN20260105000708,2026-01-05 12:29:41,1620,179,,4,197.14,84.55,0.13,788.56,686.05,347.85,AUD,credit_card,web,cancelled
TXN20260105000709,2026-01-05 12:30:35,1039,283,,2,155.88,105.7,0.22,311.76,243.17,31.77,AUD,paypal,web,completed
TXN20260105000710,2026-01-05 12:31:41,1197,270,,1,347.43,172.19,0.05,347.43,330.06,157.87,AUD,debit_card,web,completed
TXN20260105000711,2026-01-05 12:31:59,2082,379,,3,115.88,59.08,0.07,347.64,323.31,146.07,AUD,debit_card,mobile_app,completed
TXN20260105000712,2026-01-05 12:32:01,1793,137,,1,230.43,174.09,0.01,230.43,228.13,54.04,AUD,paypal,marketplace,completed
TXN20260105000713,2026-01-05 12:32:07,1277,375,5007,2,239.04,121.65,0.16,478.08,401.59,158.29,AUD,paypal,web,completed
TXN20260105000714,2026-01-05 12:32:58,1988,324,,2,79.51,55.68,0.14,159.02,136.76,25.4,AUD,debit_card,mobile_app,completed
TXN20260105000715,2026-01-05 12:33:47,1853,54,,2,80.17,60.5,0.1,160.34,144.31,23.31,AUD,credit_card,web,completed
TXN20260105000716,2026-01-05 12:33:55,1065,121,,3,18.5,12.03,0.03,55.5,53.84,17.75,AUD,debit_card,web,completed
TXN20260105000717,2026-01-05 12:34:30,1783,128,,3,189.27,110.21,0.07,567.81,528.06,197.43,AUD,credit_card,web,completed
TXN20260105000718,2026-01-05 12:36:46,1290,386,,1,284.12,120.27,0.01,284.12,281.28,161.01,AUD,credit_card,marketplace,completed
TXN20260105000719,2026-01-05 12:37:14,1167,116,5006,3,265.13,138.42,0.24,795.39,604.5,189.24,AUD,credit_card,web,completed
TXN20260105000720,2026-01-05 12:37:46,1311,380,,1,148.6,57.32,0.09,148.6,135.23,77.91,AUD,buy_now_pay_later,web,refunded
TXN20260105000721,2026-01-05 12:37:51,1553,54,,1,80.17,60.5,0.15,80.17,68.14,7.64,AUD,debit_card,web,completed
TXN20260105000722,2026-01-05 12:38:33,1597,19,,5,170.44,126.31,0.01,852.2,843.68,212.13,AUD,debit_card,web,completed
TXN20260105000723,2026-01-05 12:39:31,1871,369,,4,254.39,165.86,0.05,1017.56,966.68,303.24,AUD,gift_card,mobile_app,completed
TXN20260105000724,2026-01-05 12:40:14,1119,95,5003,1,125.86,97.81,0.18,125.86,103.21,5.4,AUD,credit_card,web,completed
TXN20260105000725,2026-01-05 12:40:50,1847,381,5013,1,12.14,8.81,0.04,12.14,11.65,2.84,AUD,credit_card,web,completed
TXN20260105000726,2026-01-05 12:41:23,1198,214,,1,133.32,71.17,0.12,133.32,117.32,46.15,AUD,credit_card,mobile_app,completed
TXN20260105000727,2026-01-05 12:41:31,1180,91,,3,229.04,125.54,0.04,687.12,659.64,283.02,AUD,debit_card,mobile_app,cancelled
TXN20260105000728,2026-01-05 12:42:04,1645,204,,4,256.41,190.36,0.18,1025.64,841.02,79.58,AUD,debit_card,mobile_app,refunded
TXN20260105000729,2026-01-05 12:42:30,1083,399,,5,108.85,51.12,0.06,544.25,511.59,255.99,AUD,debit_card,mobile_app,completed
TXN20260105000730,2026-01-05 12:42:48,2024,111,,4,130.14,98.41,0.21,520.56,411.24,17.6,AUD,credit_card,phone,completed
TXN20260105000731,2026-01-05 12:42:51,2054,323,5014,1,154.89,83.84,0.07,154.89,144.05,60.21,AUD,bank_transfer,mobile_app,completed
TXN20260105000732,2026-01-05 12:42:52,2074,266,5016,4,87.68,41.95,0.16,350.72,294.6,126.8,AUD,credit_card,web,completed
TXN20260105000733,2026-01-05 12:43:45,2107,101,,2,352.61,157.72,0.08,705.22,648.8,333.36,AUD,debit_card,mobile_app,completed
TXN20260105000734,2026-01-05 12:44:18,1250,159,5017,3,232.46,120.67,0.01,697.38,690.41,328.4,AUD,paypal,web,completed
TXN20260105000735,2026-01-05 12:44:29,1721,391,5013,1,294.69,110.36,0.07,294.69,274.06,163.7,AUD,credit_card,mobile_app,completed
TXN20260105000736,2026-01-05 12:44:55,1764,373,5010,4,423.09,155.74,0.2,1692.36,1353.89,730.93,AUD,debit_card,mobile_app,completed
TXN20260105000737,2026-01-05 12:46:01,1517,151,5018,1,36.21,16.06,0.08,36.21,33.31,17.25,AUD,paypal,web,completed
TXN20260105000738,2026-01-05 12:47:04,1802,91,,4,229.04,125.54,0.17,916.16,760.41,258.25,AUD,credit_card,mobile_app,completed
TXN20260105000739,2026-01-05 12:47:12,1088,58,5012,4,93.1,56.49,0.08,372.4,342.61,116.65,AUD,credit_card,web,completed
TXN20260105000740,2026-01-05 12:47:16,2187,213,5009,5,89.64,56.55,0.23,448.2,345.11,62.36,AUD,paypal,mobile_app,completed
TXN20260105000741,2026-01-05 12:47:48,1957,82,,6,221.86,146.05,0.02,1331.16,1304.54,428.24,AUD,credit_card,mobile_app,completed
TXN20260105000742,2026-01-05 12:48:39,1294,343,5018,1,32.63,13.17,0.03,32.63,31.65,18.48,AUD,gift_card,web,completed
TXN20260105000743,2026-01-05 12:49:40,1531,75,,1,200.92,131.5,0.16,200.92,168.77,37.27,AUD,buy_now_pay_later,mobile_app,completed
TXN20260105000744,2026-01-05 12:50:14,1364,326,,1,183.44,105.75,0.03,183.44,177.94,72.19,AUD,credit_card,mobile_app,completed
TXN20260105000745,2026-01-05 12:51:19,1630,93,,2,325.04,177.67,0.01,650.08,643.58,288.24,AUD,credit_card,marketplace,completed
TXN20260105000746,2026-01-05 12:51:25,1773,196,,2,113.34,80.83,0.02,226.68,222.15,60.49,AUD,paypal,web,refunded
TXN20260105000747,2026-01-05 12:52:04,1736,115,,1,166.75,108.87,0.12,166.75,146.74,37.87,AUD,credit_card,web,completed
TXN20260105000748,2026-01-05 12:52:48,1963,253,,3,142.58,95.23,0.13,427.74,372.13,86.44,AUD,credit_card,web,completed
TXN20260105000749,2026-01-05 12:52:52,1051,29,5012,1,157.08,114.81,0.03,157.08,152.37,37.56,AUD,buy_now_pay_later,web,completed
TXN20260105000750,2026-01-05 12:53:19,1620,117,5009,3,17.41,7.32,0.08,52.23,48.05,26.09,AUD,credit_card,web,completed
TXN20260105000751,2026-01-05 12:54:40,1825,46,,4,182.51,84.92,0.0,730.04,730.04,390.36,AUD,buy_now_pay_later,web,completed
TXN20260105000752,2026-01-05 12:56:26,1931,345,,2,301.49,218.7,0.2,602.98,482.38,44.98,AUD,paypal,mobile_app,cancelled
TXN20260105000753,2026-01-05 12:56:41,1685,116,,1,265.13,138.42,0.13,265.13,230.66,92.24,AUD,credit_card,web,completed
TXN20260105000754,2026-01-05 12:56:48,2162,345,,2,301.49,218.7,0.02,602.98,590.92,153.52,AUD,debit_card,marketplace,cancelled
TXN20260105000755,2026-01-05 12:57:15,1966,177,,3,287.87,144.14,0.17,863.61,716.8,284.38,AUD,paypal,web,completed
TXN20260105000756,2026-01-05 12:57:26,2171,233,,3,320.43,123.08,0.14,961.29,826.71,457.47,AUD,buy_now_pay_later,mobile_app,completed
TXN20260105000757,2026-01-05 12:57:28,2022,119,,1,26.62,12.14,0.05,26.62,25.29,13.15,AUD,credit_card,mobile_app,completed
TXN20260105000758,2026-01-05 12:57:51,1048,331,5002,4,188.98,138.35,0.17,755.92,627.41,74.01,AUD,debit_card,in_store,completed
TXN20260105000759,2026-01-05 12:58:16,1542,118,,5,63.49,25.23,0.01,317.45,314.28,188.13,AUD,debit_card,web,completed
TXN20260105000760,2026-01-05 12:58:26,1344,181,5016,3,219.32,157.3,0.0,657.96,657.96,186.06,AUD,credit_card,in_store,completed
TXN20260105000761,2026-01-05 12:59:29,1427,262,5016,1,30.32,15.63,0.12,30.32,26.68,11.05,AUD,debit_card,marketplace,completed
TXN20260105000762,2026-01-05 13:00:11,1353,142,5006,2,424.43,299.05,0.16,848.86,713.04,114.94,AUD,buy_now_pay_later,mobile_app,completed
TXN20260105000763,2026-01-05 13:00:12,1329,32,5005,2,107.59,39.39,0.08,215.18,197.97,119.19,AUD,credit_card,web,completed
TXN20260105000764,2026-01-05 13:01:19,1881,62,,1,46.07,33.25,0.08,46.07,42.38,9.13,AUD,debit_card,mobile_app,completed
TXN20260105000765,2026-01-05 13:02:11,1164,330,5007,1,125.71,91.59,0.04,125.71,120.68,29.09,AUD,buy_now_pay_later,mobile_app,completed
TXN20260105000766,2026-01-05 13:02:28,1867,68,,1,197.74,154.22,0.04,197.74,189.83,35.61,AUD,paypal,web,completed
TXN20260105000767,2026-01-05 13:04:05,1448,301,,6,288.28,108.1,0.02,1729.68,1695.09,1046.49,AUD,gift_card,mobile_app,completed
TXN20260105000768,2026-01-05 13:04:52,1604,131,5003,2,93.36,56.38,0.16,186.72,156.84,44.08,AUD,buy_now_pay_later,marketplace,completed
TXN20260105000769,2026-01-05 13:04:52,1227,175,,1,176.68,90.48,0.21,176.68,139.58,49.1,AUD,buy_now_pay_later,web,completed
TXN20260105000770,2026-01-05 13:05:28,1968,243,5010,1,6.18,2.24,0.07,6.18,5.75,3.51,AUD,debit_card,mobile_app,completed
TXN20260105000771,2026-01-05 13:06:32,1723,372,5012,1,321.9,183.97,0.1,321.9,289.71,105.74,AUD,buy_now_pay_later,mobile_app,completed
TXN20260105000772,2026-01-05 13:07:06,1717,332,5005,1,436.24,255.68,0.04,436.24,418.79,163.11,AUD,credit_card,marketplace,completed
TXN20260105000773,2026-01-05 13:07:07,1744,53,,1,33.81,14.85,0.15,33.81,28.74,13.89,AUD,credit_card,web,completed
TXN20260105000774,2026-01-05 13:07:19,1496,60,5002,1,77.58,46.86,0.06,77.58,72.93,26.07,AUD,credit_card,marketplace,completed
TXN20260105000775,2026-01-05 13:07:46,1023,175,5008,1,176.68,90.48,0.04,176.68,169.61,79.13,AUD,credit_card,in_store,completed
TXN20260105000776,2026-01-05 13:08:07,1690,341,5003,4,329.88,115.66,0.18,1319.52,1082.01,619.37,AUD,credit_card,mobile_app,completed
TXN20260105000777,2026-01-05 13:08:37,1384,395,5008,4,259.59,188.33,0.13,1038.36,903.37,150.05,AUD,credit_card,web,completed
TXN20260105000778,2026-01-05 13:09:04,1429,109,,1,156.65,98.49,0.02,156.65,153.52,55.03,AUD,paypal,marketplace,completed
TXN20260105000779,2026-01-05 13:09:18,1745,87,5002,1,137.75,85.09,0.02,137.75,135.0,49.91,AUD,bank_transfer,mobile_app,completed
TXN20260105000780,2026-01-05 13:09:19,1943,47,,4,383.34,271.98,0.06,1533.36,1441.36,353.44,AUD,credit_card,web,pending
TXN20260105000781,2026-01-05 13:09:46,1053,179,,5,197.14,84.55,0.04,985.7,946.27,523.52,AUD,debit_card,marketplace,completed
TXN20260105000782,2026-01-05 13:10:21,1823,18,5009,4,23.51,10.69,0.07,94.04,87.46,44.7,AUD,credit_card,marketplace,completed
TXN20260105000783,2026-01-05 13:11:19,1049,257,5014,4,452.64,204.1,0.04,1810.56,1738.14,921.74,AUD,debit_card,mobile_app,completed
TXN20260105000784,2026-01-05 13:12:19,1998,103,,1,34.27,18.76,0.05,34.27,32.56,13.8,AUD,buy_now_pay_later,marketplace,completed
TXN20260105000785,2026-01-05 13:13:03,1377,54,,4,80.17,60.5,0.02,320.68,314.27,72.27,AUD,debit_card,mobile_app,completed
TXN20260105000786,2026-01-05 13:14:12,1976,24,5008,2,201.95,77.39,0.01,403.9,399.86,245.08,AUD,buy_now_pay_later,web,completed
TXN20260105000787,2026-01-05 13:14:34,1258,218,,2,150.35,81.79,0.05,300.7,285.66,122.08,AUD,paypal,web,completed
TXN20260105000788,2026-01-05 13:15:08,1653,332,5013,1,436.24,255.68,0.04,436.24,418.79,163.11,AUD,paypal,mobile_app,completed
TXN20260105000789,2026-01-05 13:15:14,2097,360,,2,22.41,17.01,0.1,44.82,40.34,6.32,AUD,paypal,web,completed
TXN20260105000790,2026-01-05 13:15:55,1745,204,5012,2,256.41,190.36,0.12,512.82,451.28,70.56,AUD,credit_card,mobile_app,completed
TXN20260105000791,2026-01-05 13:16:12,1254,137,5010,4,230.43,174.09,0.03,921.72,894.07,197.71,AUD,paypal,web,completed
TXN20260105000792,2026-01-05 13:17:17,1355,65,5004,2,253.83,167.53,0.08,507.66,467.05,131.99,AUD,debit_card,mobile_app,completed
TXN20260105000793,2026-01-05 13:18:03,1588,307,,4,349.28,266.61,0.16,1397.12,1173.58,107.14,AUD,debit_card,web,completed
TXN20260105000794,2026-01-05 13:18:04,1372,370,5017,1,292.21,138.01,0.1,292.21,262.99,124.98,AUD,gift_card,mobile_app,completed
TXN20260105000795,2026-01-05 13:18:33,2047,344,5018,2,24.55,10.75,0.14,49.1,42.23,20.73,AUD,paypal,mobile_app,refunded
TXN20260105000796,2026-01-05 13:18:38,1961,53,,1,33.81,14.85,0.05,33.81,32.12,17.27,AUD,credit_card,mobile_app,completed
TXN20260105000797,2026-01-05 13:19:19,1030,284,,1,359.21,205.04,0.12,359.21,316.1,111.06,AUD,bank_transfer,marketplace,completed
TXN20260105000798,2026-01-05 13:20:15,2167,159,,3,232.46,120.67,0.05,697.38,662.51,300.5,AUD,credit_card,web,completed
TXN20260105000799,2026-01-05 13:20:26,2095,109,,3,156.65,98.49,0.0,469.95,469.95,174.48,AUD,credit_card,mobile_app,refunded
TXN20260105000800,2026-01-05 13:20:53,2018,380,,1,148.6,57.32,0.01,148.6,147.11,89.79,AUD,debit_card,marketplace,completed
TXN20260105000801,2026-01-05 13:22:03,1802,254,5013,1,151.84,54.33,0.06,151.84,142.73,88.4,AUD,gift_card,web,completed
TXN20260105000802,2026-01-05 13:23:05,1193,328,,2,33.71,19.15,0.03,67.42,65.4,27.1,AUD,gift_card,mobile_app,pending
TXN20260105000803,2026-01-05 13:23:25,1484,74,5016,6,161.48,101.89,0.06,968.88,910.75,299.41,AUD,debit_card,mobile_app,completed
TXN20260105000804,2026-01-05 13:23:26,1237,230,,2,249.03,160.65,0.07,498.06,463.2,141.9,AUD,credit_card,in_store,completed
TXN20260105000805,2026-01-05 13:23:38,1963,15,5013,1,42.26,18.74,0.07,42.26,39.3,20.56,AUD,buy_now_pay_later,mobile_app,completed
TXN20260105000806,2026-01-05 13:23:47,1392,391,,1,294.69,110.36,0.11,294.69,262.27,151.91,AUD,debit_card,web,completed
TXN20260105000807,2026-01-05 13:25:08,1702,25,,3,279.71,213.59,0.1,839.13,755.22,114.45,AUD,credit_card,mobile_app,completed
TXN20260105000808,2026-01-05 13:25:12,1118,250,,6,231.82,122.47,0.04,1390.92,1335.28,600.46,AUD,credit_card,mobile_app,completed
TXN20260105000809,2026-01-05 13:25:49,1769,79,,5,139.3,69.25,0.04,696.5,668.64,322.39,AUD,debit_card,mobile_app,completed
TXN20260105000810,2026-01-05 13:26:14,1585,384,,3,25.19,17.92,0.06,75.57,71.04,17.28,AUD,debit_card,mobile_app,completed
TXN20260105000811,2026-01-05 13:26:30,1938,353,,1,53.63,27.2,0.05,53.63,50.95,23.75,AUD,bank_transfer,web,completed
TXN20260105000812,2026-01-05 13:27:13,1905,120,,1,231.92,128.02,0.11,231.92,206.41,78.39,AUD,debit_card,marketplace,completed
TXN20260105000813,2026-01-05 13:28:26,1835,239,,4,33.36,20.5,0.07,133.44,124.1,42.1,AUD,debit_card,mobile_app,completed
TXN20260105000814,2026-01-05 13:29:21,1906,203,,3,5.97,4.17,0.2,17.91,14.33,1.82,AUD,buy_now_pay_later,web,completed
TXN20260105000815,2026-01-05 13:29:25,1704,64,5017,2,148.54,87.49,0.01,297.08,294.11,119.13,AUD,credit_card,marketplace,refunded
TXN20260105000816,2026-01-05 13:30:07,2120,154,5002,2,128.25,56.51,0.12,256.5,225.72,112.7,AUD,credit_card,marketplace,completed
TXN20260105000817,2026-01-05 13:30:38,1656,30,,1,170.45,127.12,0.1,170.45,153.41,26.29,AUD,credit_card,web,completed
TXN20260105000818,2026-01-05 13:30:44,1685,187,5010,1,18.28,11.11,0.01,18.28,18.1,6.99,AUD,credit_card,web,completed
TXN20260105000819,2026-01-05 13:30:47,1231,128,,3,189.27,110.21,0.16,567.81,476.96,146.33,AUD,credit_card,mobile_app,completed
TXN20260105000820,2026-01-05 13:31:29,1618,91,5012,2,229.04,125.54,0.15,458.08,389.37,138.29,AUD,gift_card,mobile_app,cancelled
TXN20260105000821,2026-01-05 13:31:50,1857,316,,1,109.37,70.04,0.03,109.37,106.09,36.05,AUD,gift_card,web,completed
TXN20260105000822,2026-01-05 13:32:33,1439,33,5002,1,120.22,59.38,0.0,120.22,120.22,60.84,AUD,paypal,marketplace,completed
TXN20260105000823,2026-01-05 13:33:02,1652,107,,4,391.82,298.53,0.23,1567.28,1206.81,12.69,AUD,paypal,web,completed
TXN20260105000824,2026-01-05 13:33:19,1094,16,5008,3,185.65,67.71,0.12,556.95,490.12,286.99,AUD,credit_card,web,completed
TXN20260105000825,2026-01-05 13:33:54,1831,150,,2,205.86,111.18,0.02,411.72,403.49,181.13,AUD,debit_card,mobile_app,completed
TXN20260105000826,2026-01-05 13:34:37,1182,45,,2,127.42,77.89,0.18,254.84,208.97,53.19,AUD,credit_card,web,completed
TXN20260105000827,2026-01-05 13:35:17,1075,267,,3,13.67,9.81,0.04,41.01,39.37,9.94,AUD,credit_card,mobile_app,completed
TXN20260105000828,2026-01-05 13:35:26,1537,69,5002,3,53.62,37.17,0.13,160.86,139.95,28.44,AUD,debit_card,in_store,refunded
TXN20260105000829,2026-01-05 13:36:34,1060,36,,4,95.33,67.51,0.01,381.32,377.51,107.47,AUD,credit_card,mobile_app,completed
TXN20260105000830,2026-01-05 13:37:01,1414,3,,5,142.91,77.99,0.04,714.55,685.97,296.02,AUD,credit_card,web,completed
TXN20260105000831,2026-01-05 13:37:15,1355,204,,5,256.41,190.36,0.11,1282.05,1141.02,189.22,AUD,bank_transfer,phone,cancelled
TXN20260105000832,2026-01-05 13:38:14,1912,223,,2,140.86,54.16,0.08,281.72,259.18,150.86,AUD,credit_card,web,completed
TXN20260105000833,2026-01-05 13:39:19,1721,149,,4,221.16,142.36,0.06,884.64,831.56,262.12,AUD,paypal,marketplace,completed
TXN20260105000834,2026-01-05 13:39:27,2083,234,,3,153.86,117.69,0.01,461.58,456.96,103.89,AUD,paypal,web,completed
TXN20260105000835,2026-01-05 13:40:34,1657,63,,1,137.14,59.24,0.15,137.14,116.57,57.33,AUD,debit_card,marketplace,completed
TXN20260105000836,2026-01-05 13:40:46,1925,224,5014,1,135.38,94.24,0.14,135.38,116.43,22.19,AUD,credit_card,web,completed
TXN20260105000837,2026-01-05 13:40:49,2093,65,5018,1,253.83,167.53,0.07,253.83,236.06,68.53,AUD,bank_transfer,web,completed
TXN20260105000838,2026-01-05 13:40:59,2088,128,,2,189.27,110.21,0.06,378.54,355.83,135.41,AUD,paypal,web,completed
TXN20260105000839,2026-01-05 13:41:02,2059,177,5006,3,287.87,144.14,0.1,863.61,777.25,344.83,AUD,credit_card,web,completed
TXN20260105000840,2026-01-05 13:42:03,1550,233,,3,320.43,123.08,0.03,961.29,932.45,563.21,AUD,credit_card,marketplace,completed
TXN20260105000841,2026-01-05 13:42:05,1151,389,5005,2,275.99,150.66,0.07,551.98,513.34,212.02,AUD,debit_card,web,completed
TXN20260105000842,2026-01-05 13:42:21,1905,272,,3,48.63,36.18,0.07,145.89,135.68,27.14,AUD,paypal,web,completed
TXN20260105000843,2026-01-05 13:42:49,2020,235,5004,2,18.79,8.45,0.09,37.58,34.2,17.3,AUD,debit_card,marketplace,completed
TXN20260105000844,2026-01-05 13:43:55,1069,330,5016,2,125.71,91.59,0.13,251.42,218.74,35.56,AUD,credit_card,in_store,completed
TXN20260105000845,2026-01-05 13:44:06,1297,15,,1,42.26,18.74,0.21,42.26,33.39,14.65,AUD,paypal,web,completed
TXN20260105000846,2026-01-05 13:44:36,1548,143,,4,166.42,116.53,0.17,665.68,552.51,86.39,AUD,credit_card,mobile_app,completed
TXN20260105000847,2026-01-05 13:44:59,2039,359,,1,421.42,180.37,0.12,421.42,370.85,190.48,AUD,credit_card,mobile_app,cancelled
TXN20260105000848,2026-01-05 13:46:11,2168,398,5007,2,94.81,37.08,0.05,189.62,180.14,105.98,AUD,credit_card,web,completed
TXN20260105000849,2026-01-05 13:47:16,1806,106,5017,3,313.2,199.1,0.04,939.6,902.02,304.72,AUD,debit_card,web,completed
TXN20260105000850,2026-01-05 13:47:19,1553,182,5008,1,185.56,117.63,0.01,185.56,183.7,66.07,AUD,credit_card,web,completed
TXN20260105000851,2026-01-05 13:48:06,1957,393,,1,18.4,11.45,0.15,18.4,15.64,4.19,AUD,credit_card,web,completed
TXN20260105000852,2026-01-05 13:48:15,1491,260,5007,3,168.41,124.86,0.2,505.23,404.18,29.6,AUD,debit_card,mobile_app,completed
TXN20260105000853,2026-01-05 13:48:15,1506,271,,3,132.74,79.27,0.14,398.22,342.47,104.66,AUD,credit_card,web,completed
TXN20260105000854,2026-01-05 13:48:45,1198,11,,2,383.38,230.87,0.01,766.76,759.09,297.35,AUD,gift_card,in_store,completed
TXN20260105000855,2026-01-05 13:48:54,1205,143,,1,166.42,116.53,0.04,166.42,159.76,43.23,AUD,credit_card,web,completed
TXN20260105000856,2026-01-05 13:50:39,1536,326,,3,183.44,105.75,0.13,550.32,478.78,161.53,AUD,buy_now_pay_later,mobile_app,completed
TXN20260105000857,2026-01-05 13:51:10,1534,312,,1,142.79,97.05,0.11,142.79,127.08,30.03,AUD,credit_card,phone,completed
TXN20260105000858,2026-01-05 13:52:03,1063,193,,2,368.81,195.25,0.16,737.62,619.6,229.1,AUD,credit_card,marketplace,completed
TXN20260105000859,2026-01-05 13:52:04,2060,346,,5,337.76,248.46,0.05,1688.8,1604.36,362.06,AUD,credit_card,web,completed
TXN20260105000860,2026-01-05 13:52:26,1784,372,,3,321.9,183.97,0.21,965.7,762.9,210.99,AUD,credit_card,web,completed
TXN20260105000861,2026-01-05 13:52:39,2053,322,,2,98.42,48.71,0.05,196.84,187.0,89.58,AUD,debit_card,marketplace,completed
TXN20260105000862,2026-01-05 13:52:40,1526,32,,3,107.59,39.39,0.03,322.77,313.09,194.92,AUD,credit_card,marketplace,completed
TXN20260105000863,2026-01-05 13:52:43,1456,76,,5,153.93,70.84,0.09,769.65,700.38,346.18,AUD,bank_transfer,web,completed
TXN20260105000864,2026-01-05 13:53:44,1615,119,5013,3,26.62,12.14,0.02,79.86,78.26,41.84,AUD,credit_card,mobile_app,completed
TXN20260105000865,2026-01-05 13:55:30,1465,317,,5,25.27,14.13,0.09,126.35,114.98,44.33,AUD,debit_card,web,completed
TXN20260105000866,2026-01-05 13:56:42,1685,174,,3,56.31,22.6,0.06,168.93,158.79,90.99,AUD,credit_card,mobile_app,completed
TXN20260105000867,2026-01-05 13:57:13,1244,380,5018,5,148.6,57.32,0.09,743.0,676.13,389.53,AUD,debit_card,mobile_app,completed
TXN20260105000868,2026-01-05 13:59:16,1805,304,5017,2,87.75,49.18,0.18,175.5,143.91,45.55,AUD,credit_card,mobile_app,refunded
TXN20260105000869,2026-01-05 14:05:31,1360,256,5006,5,65.44,43.78,0.21,327.2,258.49,39.59,AUD,credit_card,mobile_app,completed
TXN20260105000870,2026-01-05 14:11:11,1867,24,5012,3,201.95,77.39,0.0,605.85,605.85,373.68,AUD,buy_now_pay_later,mobile_app,completed
TXN20260105000871,2026-01-05 14:12:14,1217,346,5006,4,337.76,248.46,0.24,1351.04,1026.79,32.95,AUD,debit_card,mobile_app,completed
TXN20260105000872,2026-01-05 14:15:39,1353,132,5013,3,109.21,38.28,0.06,327.63,307.97,193.13,AUD,credit_card,mobile_app,completed
TXN20260105000873,2026-01-05 14:15:53,1419,143,,1,166.42,116.53,0.18,166.42,136.46,19.93,AUD,credit_card,web,completed
TXN20260105000874,2026-01-05 14:21:20,1534,174,,3,56.31,22.6,0.03,168.93,163.86,96.06,AUD,buy_now_pay_later,mobile_app,completed
TXN20260105000875,2026-01-05 14:26:00,2007,122,5018,1,163.85,114.55,0.1,163.85,147.47,32.92,AUD,debit_card,web,completed
TXN20260105000876,2026-01-05 14:26:07,1812,375,,5,239.04,121.65,0.01,1195.2,1183.25,575.0,AUD,credit_card,mobile_app,completed
TXN20260105000877,2026-01-05 14:26:35,1904,255,,5,109.46,69.18,0.05,547.3,519.93,174.03,AUD,debit_card,web,completed
TXN20260105000878,2026-01-05 14:28:51,1328,194,5014,4,45.96,33.9,0.18,183.84,150.75,15.15,AUD,credit_card,web,completed
TXN20260105000879,2026-01-05 14:30:06,1270,207,,3,174.77,73.18,0.06,524.31,492.85,273.31,AUD,debit_card,mobile_app,refunded
TXN20260105000880,2026-01-05 14:30:30,2001,145,5016,3,333.84,132.73,0.05,1001.52,951.44,553.25,AUD,paypal,mobile_app,cancelled
TXN20260105000881,2026-01-05 14:30:31,2150,291,5006,1,348.41,145.57,0.07,348.41,324.02,178.45,AUD,debit_card,mobile_app,refunded
TXN20260105000882,2026-01-05 14:30:47,1661,303,5002,2,5.2,2.83,0.27,10.4,7.59,1.93,AUD,credit_card,marketplace,completed
TXN20260105000883,2026-01-05 14:31:54,1876,126,5010,3,63.01,42.43,0.16,189.03,158.79,31.5,AUD,credit_card,web,completed
TXN20260105000884,2026-01-05 14:32:10,2110,255,5014,3,109.46,69.18,0.08,328.38,302.11,94.57,AUD,gift_card,mobile_app,completed
TXN20260105000885,2026-01-05 14:32:10,1440,196,5013,1,113.34,80.83,0.04,113.34,108.81,27.98,AUD,credit_card,phone,completed
TXN20260105000886,2026-01-05 14:32:19,1457,362,5018,1,10.4,7.12,0.1,10.4,9.36,2.24,AUD,credit_card,web,completed
TXN20260105000887,2026-01-05 14:35:04,2004,185,,3,182.91,71.26,0.06,548.73,515.81,302.03,AUD,credit_card,mobile_app,completed
TXN20260105000888,2026-01-05 14:36:00,1897,139,5006,3,93.98,72.88,0.1,281.94,253.75,35.11,AUD,credit_card,web,completed
TXN20260105000889,2026-01-05 14:38:32,1862,104,5018,4,41.5,18.2,0.07,166.0,154.38,81.58,AUD,buy_now_pay_later,web,completed
TXN20260105000890,2026-01-05 14:39:30,1070,293,,1,100.6,74.23,0.08,100.6,92.55,18.32,AUD,credit_card,mobile_app,completed
TXN20260105000891,2026-01-05 14:41:58,1776,280,5003,2,235.41,129.45,0.16,470.82,395.49,136.59,AUD,buy_now_pay_later,web,completed
TXN20260105000892,2026-01-05 14:43:46,1847,259,5005,2,243.76,167.05,0.01,487.52,482.64,148.54,AUD,debit_card,mobile_app,completed
TXN20260105000893,2026-01-05 14:46:23,2104,249,,1,96.17,46.26,0.0,96.17,96.17,49.91,AUD,credit_card,web,completed
TXN20260105000894,2026-01-05 14:48:43,1553,281,,1,206.68,92.2,0.0,206.68,206.68,114.48,AUD,buy_now_pay_later,mobile_app,completed
TXN20260105000895,2026-01-05 14:50:07,1129,138,,1,132.98,57.54,0.0,132.98,132.98,75.44,AUD,credit_card,web,completed
TXN20260105000896,2026-01-05 14:57:26,1846,198,5010,2,311.79,188.7,0.24,623.58,473.92,96.52,AUD,debit_card,web,completed
TXN20260105000897,2026-01-05 15:01:27,2106,132,5013,1,109.21,38.28,0.11,109.21,97.2,58.92,AUD,debit_card,mobile_app,cancelled
TXN20260105000898,2026-01-05 15:06:29,1555,282,,2,11.8,8.78,0.07,23.6,21.95,4.39,AUD,paypal,web,completed
TXN20260105000899,2026-01-05 15:06:33,1705,304,,1,87.75,49.18,0.08,87.75,80.73,31.55,AUD,credit_card,web,completed
TXN20260105000900,2026-01-05 15:06:37,1303,261,,1,222.59,120.24,0.14,222.59,191.43,71.19,AUD,credit_card,web,refunded
TXN20260105000901,2026-01-05 15:07:36,1942,212,,1,172.34,98.73,0.0,172.34,172.34,73.61,AUD,credit_card,mobile_app,cancelled
TXN20260105000902,2026-01-05 15:09:58,1843,174,,1,56.31,22.6,0.04,56.31,54.06,31.46,AUD,credit_card,mobile_app,completed
TXN20260105000903,2026-01-05 15:09:59,2057,85,,4,173.56,99.76,0.26,694.24,513.74,114.7,AUD,credit_card,mobile_app,completed
TXN20260105000904,2026-01-05 15:10:18,1266,68,,1,197.74,154.22,0.15,197.74,168.08,13.86,AUD,paypal,mobile_app,completed
TXN20260105000905,2026-01-05 15:10:31,1560,5,5018,3,69.17,48.26,0.15,207.51,176.38,31.6,AUD,paypal,in_store,completed
TXN20260105000906,2026-01-05 15:10:54,1143,14,,5,60.5,36.5,0.19,302.5,245.03,62.53,AUD,gift_card,marketplace,completed
TXN20260105000907,2026-01-05 15:12:21,1995,214,5006,2,133.32,71.17,0.1,266.64,239.98,97.64,AUD,credit_card,mobile_app,completed
TXN20260105000908,2026-01-05 15:12:38,2128,351,,1,410.9,255.25,0.08,410.9,378.03,122.78,AUD,credit_card,web,completed
TXN20260105000909,2026-01-05 15:14:16,1988,114,,1,311.7,127.05,0.19,311.7,252.48,125.43,AUD,credit_card,mobile_app,completed
TXN20260105000910,2026-01-05 15:19:40,1064,298,5007,3,71.48,35.14,0.11,214.44,190.85,85.43,AUD,credit_card,web,completed
TXN20260105000911,2026-01-05 15:19:51,1205,234,,1,153.86,117.69,0.12,153.86,135.4,17.71,AUD,bank_transfer,mobile_app,completed
TXN20260105000912,2026-01-05 15:23:49,1217,27,5006,2,172.81,116.75,0.1,345.62,311.06,77.56,AUD,paypal,web,completed
TXN20260105000913,2026-01-05 15:24:12,2179,337,,3,146.92,72.71,0.02,440.76,431.94,213.81,AUD,paypal,mobile_app,completed
TXN20260105000914,2026-01-05 15:24:15,2031,346,5002,3,337.76,248.46,0.15,1013.28,861.29,115.91,AUD,credit_card,mobile_app,completed
TXN20260105000915,2026-01-05 15:25:12,1197,376,,2,227.27,124.66,0.07,454.54,422.72,173.4,AUD,bank_transfer,web,completed
TXN20260105000916,2026-01-05 15:27:21,1353,383,5010,4,227.62,101.34,0.16,910.48,764.8,359.44,AUD,credit_card,marketplace,completed
TXN20260105000917,2026-01-05 15:29:43,1602,18,5006,5,23.51,10.69,0.19,117.55,95.22,41.77,AUD,buy_now_pay_later,mobile_app,completed
TXN20260105000918,2026-01-05 15:32:36,1553,8,,5,65.06,29.43,0.1,325.3,292.77,145.62,AUD,debit_card,mobile_app,completed
TXN20260105000919,2026-01-05 15:33:08,1423,281,5004,2,206.68,92.2,0.1,413.36,372.02,187.62,AUD,bank_transfer,mobile_app,completed
TXN20260105000920,2026-01-05 15:33:22,1404,83,,5,271.39,135.83,0.14,1356.95,1166.98,487.83,AUD,bank_transfer,web,completed
TXN20260105000921,2026-01-05 15:34:32,1958,190,5016,6,232.96,154.99,0.08,1397.76,1285.94,356.0,AUD,credit_card,web,completed
TXN20260105000922,2026-01-05 15:36:45,1407,15,,2,42.26,18.74,0.04,84.52,81.14,43.66,AUD,paypal,mobile_app,completed
TXN20260105000923,2026-01-05 15:37:41,2062,283,,4,155.88,105.7,0.06,623.52,586.11,163.31,AUD,paypal,phone,completed
TXN20260105000924,2026-01-05 15:38:38,2041,178,5002,1,354.14,201.79,0.17,354.14,293.94,92.15,AUD,credit_card,mobile_app,cancelled
TXN20260105000925,2026-01-05 15:38:49,1091,65,,2,253.83,167.53,0.04,507.66,487.35,152.29,AUD,bank_transfer,web,completed
TXN20260105000926,2026-01-05 15:41:10,1852,355,,1,211.06,93.04,0.09,211.06,192.06,99.02,AUD,paypal,mobile_app,completed
TXN20260105000927,2026-01-05 15:43:01,1661,22,5012,5,239.15,141.03,0.01,1195.75,1183.79,478.64,AUD,credit_card,web,completed
TXN20260105000928,2026-01-05 15:43:48,1459,312,5012,3,142.79,97.05,0.15,428.37,364.11,72.96,AUD,bank_transfer,web,completed
TXN20260105000929,2026-01-05 15:44:01,1059,56,,3,221.91,135.65,0.11,665.73,592.5,185.55,AUD,debit_card,mobile_app,completed
TXN20260105000930,2026-01-05 15:45:18,1053,118,5009,4,63.49,25.23,0.17,253.96,210.79,109.87,AUD,debit_card,web,completed
TXN20260105000931,2026-01-05 15:46:14,2154,5,,3,69.17,48.26,0.03,207.51,201.28,56.5,AUD,credit_card,mobile_app,completed
TXN20260105000932,2026-01-05 15:46:51,1146,251,,6,245.15,169.74,0.19,1470.9,1191.43,172.99,AUD,paypal,mobile_app,completed
TXN20260105000933,2026-01-05 15:51:03,2171,51,,6,162.3,85.52,0.14,973.8,837.47,324.35,AUD,debit_card,mobile_app,completed
TXN20260105000934,2026-01-05 15:52:18,1646,222,,1,32.17,11.42,0.11,32.17,28.63,17.21,AUD,paypal,web,completed
TXN20260105000935,2026-01-05 15:52:34,2177,340,,5,69.61,35.79,0.14,348.05,299.32,120.37,AUD,buy_now_pay_later,mobile_app,completed
TXN20260105000936,2026-01-05 15:54:01,1691,61,,1,47.35,19.48,0.03,47.35,45.93,26.45,AUD,gift_card,web,completed
TXN20260105000937,2026-01-05 15:57:09,1927,165,,3,198.75,72.56,0.08,596.25,548.55,330.87,AUD,credit_card,in_store,completed
TXN20260105000938,2026-01-05 15:57:33,1639,101,5017,4,352.61,157.72,0.02,1410.44,1382.23,751.35,AUD,credit_card,web,completed
TXN20260105000939,2026-01-05 16:01:03,2103,82,,6,221.86,146.05,0.09,1331.16,1211.36,335.06,AUD,buy_now_pay_later,mobile_app,completed
TXN20260105000940,2026-01-05 16:02:28,2126,185,5008,3,182.91,71.26,0.19,548.73,444.47,230.69,AUD,credit_card,mobile_app,completed
TXN20260105000941,2026-01-05 16:05:59,1143,189,,3,209.27,158.1,0.12,627.81,552.47,78.17,AUD,debit_card,mobile_app,completed
TXN20260105000942,2026-01-05 16:06:02,1326,383,,1,227.62,101.34,0.18,227.62,186.65,85.31,AUD,credit_card,web,completed
TXN20260105000943,2026-01-05 16:06:31,1787,212,5016,2,172.34,98.73,0.03,344.68,334.34,136.88,AUD,paypal,web,completed
TXN20260105000944,2026-01-05 16:06:32,2108,359,5003,1,421.42,180.37,0.07,421.42,391.92,211.55,AUD,debit_card,web,completed
TXN20260105000945,2026-01-05 16:07:09,2056,242,,3,149.29,73.33,0.01,447.87,443.39,223.4,AUD,paypal,mobile_app,completed
TXN20260105000946,2026-01-05 16:07:34,2011,208,,1,165.3,68.58,0.04,165.3,158.69,90.11,AUD,paypal,web,completed
TXN20260105000947,2026-01-05 16:09:21,1281,69,,3,53.62,37.17,0.23,160.86,123.86,12.35,AUD,credit_card,web,refunded
TXN20260105000948,2026-01-05 16:13:30,1810,361,5006,1,172.83,61.35,0.14,172.83,148.63,87.28,AUD,credit_card,web,completed
TXN20260105000949,2026-01-05 16:13:39,1073,68,5013,3,197.74,154.22,0.04,593.22,569.49,106.83,AUD,credit_card,mobile_app,completed
TXN20260105000950,2026-01-05 16:13:52,1360,209,,2,16.17,12.13,0.15,32.34,27.49,3.23,AUD,credit_card,web,completed
TXN20260105000951,2026-01-05 16:14:10,1109,101,,1,352.61,157.72,0.02,352.61,345.56,187.84,AUD,debit_card,in_store,completed
TXN20260105000952,2026-01-05 16:14:15,1454,298,,1,71.48,35.14,0.11,71.48,63.62,28.48,AUD,credit_card,mobile_app,completed
TXN20260105000953,2026-01-05 16:19:47,1327,97,5003,4,261.47,109.45,0.01,1045.88,1035.42,597.62,AUD,credit_card,marketplace,completed
TXN20260105000954,2026-01-05 16:22:36,1221,325,,1,185.03,90.35,0.13,185.03,160.98,70.63,AUD,paypal,web,completed
TXN20260105000955,2026-01-05 16:23:04,1508,199,,3,405.48,228.61,0.19,1216.44,985.32,299.49,AUD,buy_now_pay_later,web,completed
TXN20260105000956,2026-01-05 16:23:24,1588,215,,2,8.88,3.58,0.07,17.76,16.52,9.36,AUD,debit_card,web,completed
TXN20260105000957,2026-01-05 16:24:14,2186,47,,3,383.34,271.98,0.05,1150.02,1092.52,276.58,AUD,gift_card,in_store,completed
TXN20260105000958,2026-01-05 16:27:45,1461,381,,2,12.14,8.81,0.06,24.28,22.82,5.2,AUD,credit_card,marketplace,completed
TXN20260105000959,2026-01-05 16:30:33,2012,56,5002,4,221.91,135.65,0.01,887.64,878.76,336.16,AUD,buy_now_pay_later,web,completed
TXN20260105000960,2026-01-05 16:32:33,1987,77,,2,288.19,141.16,0.05,576.38,547.56,265.24,AUD,paypal,marketplace,completed
TXN20260105000961,2026-01-05 16:34:35,1935,250,5010,2,231.82,122.47,0.1,463.64,417.28,172.34,AUD,buy_now_pay_later,web,completed
TXN20260105000962,2026-01-05 16:34:45,1539,81,,1,133.11,71.55,0.06,133.11,125.12,53.57,AUD,debit_card,mobile_app,completed
TXN20260105000963,2026-01-05 16:35:14,2096,154,,3,128.25,56.51,0.02,384.75,377.06,207.53,AUD,buy_now_pay_later,web,completed
TXN20260105000964,2026-01-05 16:35:53,1311,319,,3,134.18,49.74,0.1,402.54,362.29,213.07,AUD,buy_now_pay_later,marketplace,completed
TXN20260105000965,2026-01-05 16:36:33,1668,102,,3,276.02,213.86,0.1,828.06,745.25,103.67,AUD,debit_card,mobile_app,completed
TXN20260105000966,2026-01-05 16:38:12,2158,275,,4,116.41,50.22,0.19,465.64,377.17,176.29,AUD,credit_card,web,completed
TXN20260105000967,2026-01-05 16:43:50,2113,89,,5,131.64,95.41,0.18,658.2,539.72,62.67,AUD,debit_card,web,completed
TXN20260105000968,2026-01-05 16:45:13,1202,47,5002,3,383.34,271.98,0.09,1150.02,1046.52,230.58,AUD,debit_card,web,completed
TXN20260105000969,2026-01-05 16:45:28,1947,331,5004,3,188.98,138.35,0.28,566.94,408.2,-6.85,AUD,debit_card,mobile_app,completed
TXN20260105000970,2026-01-05 16:45:40,1905,198,5017,1,311.79,188.7,0.02,311.79,305.55,116.85,AUD,gift_card,mobile_app,completed
TXN20260105000971,2026-01-05 16:46:16,2171,266,,3,87.68,41.95,0.02,263.04,257.78,131.93,AUD,buy_now_pay_later,marketplace,completed
TXN20260105000972,2026-01-05 16:48:23,1121,368,5005,5,77.62,57.72,0.05,388.1,368.69,80.09,AUD,credit_card,mobile_app,completed
TXN20260105000973,2026-01-05 16:55:57,1422,115,,4,166.75,108.87,0.1,667.0,600.3,164.82,AUD,paypal,web,completed
TXN20260105000974,2026-01-05 16:56:49,1451,83,,2,271.39,135.83,0.0,542.78,542.78,271.12,AUD,debit_card,web,completed
TXN20260105000975,2026-01-05 17:02:25,1656,120,,4,231.92,128.02,0.07,927.68,862.74,350.66,AUD,credit_card,mobile_app,completed
TXN20260105000976,2026-01-05 17:03:14,1857,116,,1,265.13,138.42,0.23,265.13,204.15,65.73,AUD,credit_card,mobile_app,completed
TXN20260105000977,2026-01-05 17:07:13,1144,173,5006,1,67.53,28.1,0.02,67.53,66.18,38.08,AUD,debit_card,mobile_app,completed
TXN20260105000978,2026-01-05 17:09:09,1766,64,,3,148.54,87.49,0.13,445.62,387.69,125.22,AUD,paypal,mobile_app,completed
TXN20260105000979,2026-01-05 17:11:48,1006,250,,4,231.82,122.47,0.16,927.28,778.92,289.04,AUD,debit_card,marketplace,completed
TXN20260105000980,2026-01-05 17:11:55,1947,332,,5,436.24,255.68,0.17,2181.2,1810.4,532.0,AUD,buy_now_pay_later,mobile_app,completed
TXN20260105000981,2026-01-05 17:12:23,1886,2,5010,1,292.97,126.42,0.01,292.97,290.04,163.62,AUD,buy_now_pay_later,marketplace,completed
TXN20260105000982,2026-01-05 17:15:05,1260,310,,3,109.6,62.46,0.11,328.8,292.63,105.25,AUD,paypal,mobile_app,completed
TXN20260105000983,2026-01-05 17:15:33,1363,28,5003,3,154.87,112.5,0.27,464.61,339.17,1.67,AUD,credit_card,web,completed
TXN20260105000984,2026-01-05 17:15:50,1829,302,5006,1,47.96,26.56,0.12,47.96,42.2,15.64,AUD,credit_card,marketplace,completed
TXN20260105000985,2026-01-05 17:16:38,1731,368,,3,77.62,57.72,0.21,232.86,183.96,10.8,AUD,bank_transfer,mobile_app,completed
TXN20260105000986,2026-01-05 17:16:47,1320,29,,2,157.08,114.81,0.1,314.16,282.74,53.12,AUD,credit_card,web,completed
TXN20260105000987,2026-01-05 17:22:00,1324,221,5017,5,157.27,79.8,0.1,786.35,707.72,308.72,AUD,paypal,mobile_app,completed
TXN20260105000988,2026-01-05 17:23:57,1151,165,5005,3,198.75,72.56,0.22,596.25,465.07,247.39,AUD,debit_card,mobile_app,completed
TXN20260105000989,2026-01-05 17:24:15,1801,208,,1,165.3,68.58,0.12,165.3,145.46,76.88,AUD,paypal,web,completed
TXN20260105000990,2026-01-05 17:30:50,1177,227,,3,46.57,24.42,0.13,139.71,121.55,48.29,AUD,credit_card,web,completed
TXN20260105000991,2026-01-05 17:32:39,1212,237,5016,2,5.09,3.29,0.03,10.18,9.87,3.29,AUD,credit_card,web,completed
TXN20260105000992,2026-01-05 17:34:14,1820,31,,2,125.26,43.94,0.21,250.52,197.91,110.03,AUD,buy_now_pay_later,mobile_app,completed
TXN20260105000993,2026-01-05 17:34:24,2075,209,,3,16.17,12.13,0.06,48.51,45.6,9.21,AUD,bank_transfer,mobile_app,completed
TXN20260105000994,2026-01-05 17:35:46,1351,246,,4,334.95,216.34,0.02,1339.8,1313.0,447.64,AUD,credit_card,mobile_app,completed
TXN20260105000995,2026-01-05 17:38:57,1617,100,,1,429.39,290.83,0.11,429.39,382.16,91.33,AUD,credit_card,web,completed
TXN20260105000996,2026-01-05 17:41:10,2133,388,5010,1,178.72,91.5,0.02,178.72,175.15,83.65,AUD,credit_card,marketplace,completed
TXN20260105000997,2026-01-05 17:41:24,1818,58,5012,1,93.1,56.49,0.13,93.1,81.0,24.51,AUD,debit_card,mobile_app,cancelled
TXN20260105000998,2026-01-05 17:46:38,1790,200,5010,2,8.47,4.01,0.14,16.94,14.57,6.55,AUD,buy_now_pay_later,marketplace,completed
TXN20260105000999,2026-01-05 17:48:26,1166,330,,1,125.71,91.59,0.19,125.71,101.83,10.24,AUD,paypal,in_store,refunded
TXN20260105001000,2026-01-05 17:49:57,2145,300,5013,2,134.02,50.66,0.02,268.04,262.68,161.36,AUD,credit_card,web,completed
TXN20260105001001,2026-01-05 17:50:57,1229,234,5014,3,153.86,117.69,0.15,461.58,392.34,39.27,AUD,paypal,mobile_app,completed
TXN20260105001002,2026-01-05 17:51:22,1921,262,,1,30.32,15.63,0.03,30.32,29.41,13.78,AUD,buy_now_pay_later,web,completed
TXN20260105001003,2026-01-05 17:51:41,1357,184,5008,2,24.72,17.45,0.08,49.44,45.48,10.58,AUD,credit_card,web,completed
TXN20260105001004,2026-01-05 17:54:16,1357,270,,5,347.43,172.19,0.05,1737.15,1650.29,789.34,AUD,credit_card,web,completed
TXN20260105001005,2026-01-05 17:54:58,1858,187,,3,18.28,11.11,0.06,54.84,51.55,18.22,AUD,paypal,web,completed
TXN20260105001006,2026-01-05 17:55:49,1006,246,,2,334.95,216.34,0.02,669.9,656.5,223.82,AUD,paypal,mobile_app,completed
TXN20260105001007,2026-01-05 17:57:08,1646,55,,1,51.38,24.77,0.13,51.38,44.7,19.93,AUD,paypal,web,completed
TXN20260105001008,2026-01-05 17:57:10,1356,214,,3,133.32,71.17,0.2,399.96,319.97,106.46,AUD,credit_card,mobile_app,completed
TXN20260105001009,2026-01-05 18:00:12,1303,215,,1,8.88,3.58,0.08,8.88,8.17,4.59,AUD,credit_card,mobile_app,completed
TXN20260105001010,2026-01-05 18:00:30,1676,271,,1,132.74,79.27,0.24,132.74,100.88,21.61,AUD,credit_card,mobile_app,completed
TXN20260105001011,2026-01-05 18:04:45,1895,54,5005,3,80.17,60.5,0.05,240.51,228.48,46.98,AUD,credit_card,web,completed
TXN20260105001012,2026-01-05 18:06:09,1233,228,5013,1,85.54,59.94,0.15,85.54,72.71,12.77,AUD,debit_card,phone,completed
TXN20260105001013,2026-01-05 18:07:21,1690,201,,5,105.57,80.82,0.05,527.85,501.46,97.36,AUD,paypal,mobile_app,completed
TXN20260105001014,2026-01-05 18:07:28,1848,203,5008,3,5.97,4.17,0.01,17.91,17.73,5.22,AUD,buy_now_pay_later,phone,completed
TXN20260105001015,2026-01-05 18:08:29,1987,232,5013,1,159.76,96.34,0.14,159.76,137.39,41.05,AUD,buy_now_pay_later,web,completed
TXN20260105001016,2026-01-05 18:08:46,1875,317,5007,1,25.27,14.13,0.04,25.27,24.26,10.13,AUD,credit_card,web,completed
TXN20260105001017,2026-01-05 18:08:48,1866,52,,1,213.42,159.81,0.23,213.42,164.33,4.52,AUD,debit_card,web,completed
TXN20260105001018,2026-01-05 18:09:37,1227,380,,2,148.6,57.32,0.02,297.2,291.26,176.62,AUD,credit_card,web,completed
TXN20260105001019,2026-01-05 18:12:13,1351,42,,1,64.61,39.72,0.06,64.61,60.73,21.01,AUD,credit_card,web,completed
TXN20260105001020,2026-01-05 18:13:09,1528,361,,5,172.83,61.35,0.15,864.15,734.53,427.78,AUD,debit_card,web,completed
TXN20260105001021,2026-01-05 18:14:40,1681,169,5004,5,175.58,82.15,0.27,877.9,640.87,230.12,AUD,debit_card,web,completed
TXN20260105001022,2026-01-05 18:15:26,2080,145,,1,333.84,132.73,0.0,333.84,333.84,201.11,AUD,debit_card,web,completed
TXN20260105001023,2026-01-05 18:15:39,2104,144,,1,19.12,6.9,0.18,19.12,15.68,8.78,AUD,paypal,web,completed
TXN20260105001024,2026-01-05 18:19:55,1818,250,,3,231.82,122.47,0.04,695.46,667.64,300.23,AUD,buy_now_pay_later,mobile_app,completed
TXN20260105001025,2026-01-05 18:20:13,1414,305,5007,3,51.53,22.19,0.25,154.59,115.94,49.37,AUD,credit_card,web,completed
TXN20260105001026,2026-01-05 18:21:37,1743,104,,3,41.5,18.2,0.05,124.5,118.27,63.67,AUD,buy_now_pay_later,web,completed
TXN20260105001027,2026-01-05 18:21:41,1963,151,,1,36.21,16.06,0.16,36.21,30.42,14.36,AUD,credit_card,web,completed
TXN20260105001028,2026-01-05 18:21:43,1802,385,,1,111.79,81.72,0.19,111.79,90.55,8.83,AUD,credit_card,web,completed
TXN20260105001029,2026-01-05 18:22:16,1723,394,5008,4,26.27,10.02,0.09,105.08,95.62,55.54,AUD,paypal,mobile_app,completed
TXN20260105001030,2026-01-05 18:22:49,1404,151,,4,36.21,16.06,0.26,144.84,107.18,42.94,AUD,debit_card,in_store,completed
TXN20260105001031,2026-01-05 18:22:52,1094,279,5016,6,202.1,80.17,0.04,1212.6,1164.1,683.08,AUD,paypal,marketplace,completed
TXN20260105001032,2026-01-05 18:23:59,1740,112,,1,121.28,51.75,0.12,121.28,106.73,54.98,AUD,credit_card,mobile_app,completed
TXN20260105001033,2026-01-05 18:25:22,1218,145,5003,3,333.84,132.73,0.09,1001.52,911.38,513.19,AUD,paypal,web,completed
TXN20260105001034,2026-01-05 18:27:00,1641,261,,3,222.59,120.24,0.16,667.77,560.93,200.21,AUD,paypal,mobile_app,completed
TXN20260105001035,2026-01-05 18:27:23,1664,175,5005,2,176.68,90.48,0.03,353.36,342.76,161.8,AUD,credit_card,web,completed
TXN20260105001036,2026-01-05 18:30:07,1488,74,,1,161.48,101.89,0.1,161.48,145.33,43.44,AUD,credit_card,mobile_app,completed
TXN20260105001037,2026-01-05 18:32:09,1806,268,,4,13.69,9.27,0.06,54.76,51.47,14.39,AUD,credit_card,web,completed
TXN20260105001038,2026-01-05 18:33:24,1167,146,,3,182.6,76.84,0.12,547.8,482.06,251.54,AUD,buy_now_pay_later,web,completed
TXN20260105001039,2026-01-05 18:40:45,1587,160,,4,132.52,86.58,0.1,530.08,477.07,130.75,AUD,credit_card,web,completed
TXN20260105001040,2026-01-05 18:42:06,1693,15,,2,42.26,18.74,0.01,84.52,83.67,46.19,AUD,credit_card,in_store,completed
TXN20260105001041,2026-01-05 18:45:42,2116,329,5002,6,58.04,29.11,0.13,348.24,302.97,128.31,AUD,bank_transfer,mobile_app,completed
TXN20260105001042,2026-01-05 18:46:43,1104,291,5006,1,348.41,145.57,0.25,348.41,261.31,115.74,AUD,debit_card,in_store,completed
TXN20260105001043,2026-01-05 18:46:52,2065,326,5008,2,183.44,105.75,0.07,366.88,341.2,129.7,AUD,debit_card,mobile_app,completed
TXN20260105001044,2026-01-05 18:49:25,1478,311,,5,265.88,206.32,0.2,1329.4,1063.52,31.92,AUD,credit_card,mobile_app,completed
TXN20260105001045,2026-01-05 18:50:12,2131,400,,5,83.09,58.62,0.16,415.45,348.98,55.88,AUD,paypal,mobile_app,completed
TXN20260105001046,2026-01-05 18:52:39,1083,316,5016,3,109.37,70.04,0.1,328.11,295.3,85.18,AUD,paypal,web,completed
TXN20260105001047,2026-01-05 18:53:15,1405,328,,1,33.71,19.15,0.16,33.71,28.32,9.17,AUD,debit_card,web,completed
TXN20260105001048,2026-01-05 18:53:17,1328,182,5003,1,185.56,117.63,0.2,185.56,148.45,30.82,AUD,paypal,mobile_app,completed
TXN20260105001049,2026-01-05 18:53:51,1002,211,,5,125.27,94.18,0.16,626.35,526.13,55.23,AUD,paypal,web,completed
TXN20260105001050,2026-01-05 18:54:24,1736,116,5008,2,265.13,138.42,0.16,530.26,445.42,168.58,AUD,buy_now_pay_later,mobile_app,completed
TXN20260105001051,2026-01-05 18:55:19,1845,324,5002,2,79.51,55.68,0.05,159.02,151.07,39.71,AUD,paypal,web,completed
TXN20260105001052,2026-01-05 18:56:11,1616,90,5002,1,65.94,42.23,0.0,65.94,65.94,23.71,AUD,debit_card,web,completed
TXN20260105001053,2026-01-05 18:56:45,1060,16,,2,185.65,67.71,0.01,371.3,367.59,232.17,AUD,credit_card,mobile_app,cancelled
TXN20260105001054,2026-01-05 19:01:00,2065,360,5003,1,22.41,17.01,0.02,22.41,21.96,4.95,AUD,bank_transfer,mobile_app,completed
TXN20260105001055,2026-01-05 19:01:01,1682,70,,2,291.11,188.06,0.03,582.22,564.75,188.63,AUD,buy_now_pay_later,marketplace,completed
TXN20260105001056,2026-01-05 19:01:16,1437,209,5003,1,16.17,12.13,0.15,16.17,13.74,1.61,AUD,paypal,web,completed
TXN20260105001057,2026-01-05 19:01:16,1050,334,,2,100.25,73.46,0.1,200.5,180.45,33.53,AUD,credit_card,web,completed
TXN20260105001058,2026-01-05 19:02:00,1421,158,,1,101.24,48.34,0.05,101.24,96.18,47.84,AUD,credit_card,web,completed
TXN20260105001059,2026-01-05 19:02:07,1632,360,,4,22.41,17.01,0.16,89.64,75.3,7.26,AUD,credit_card,web,completed
TXN20260105001060,2026-01-05 19:02:16,2021,227,,4,46.57,24.42,0.07,186.28,173.24,75.56,AUD,credit_card,web,completed
TXN20260105001061,2026-01-05 19:02:19,1435,393,,4,18.4,11.45,0.06,73.6,69.18,23.38,AUD,credit_card,web,completed
TXN20260105001062,2026-01-05 19:02:34,1212,271,,1,132.74,79.27,0.14,132.74,114.16,34.89,AUD,debit_card,mobile_app,completed
TXN20260105001063,2026-01-05 19:03:13,1022,188,,1,141.88,98.58,0.26,141.88,104.99,6.41,AUD,debit_card,web,completed
TXN20260105001064,2026-01-05 19:03:18,1975,89,,1,131.64,95.41,0.07,131.64,122.43,27.02,AUD,credit_card,mobile_app,pending
TXN20260105001065,2026-01-05 19:04:19,1813,8,,2,65.06,29.43,0.15,130.12,110.6,51.74,AUD,paypal,web,completed
TXN20260105001066,2026-01-05 19:04:49,1436,249,,4,96.17,46.26,0.02,384.68,376.99,191.95,AUD,debit_card,web,completed
TXN20260105001067,2026-01-05 19:05:10,1823,87,5003,2,137.75,85.09,0.21,275.5,217.65,47.47,AUD,paypal,web,completed
TXN20260105001068,2026-01-05 19:05:27,1698,393,5012,4,18.4,11.45,0.19,73.6,59.62,13.82,AUD,buy_now_pay_later,mobile_app,completed
TXN20260105001069,2026-01-05 19:05:50,1979,273,,5,15.74,11.24,0.16,78.7,66.11,9.91,AUD,debit_card,mobile_app,completed
TXN20260105001070,2026-01-05 19:05:52,1368,10,,1,246.81,139.27,0.03,246.81,239.41,100.14,AUD,buy_now_pay_later,marketplace,completed
TXN20260105001071,2026-01-05 19:05:53,1199,320,,2,5.35,2.75,0.04,10.7,10.27,4.77,AUD,credit_card,mobile_app,completed
TXN20260105001072,2026-01-05 19:06:07,1152,194,,1,45.96,33.9,0.18,45.96,37.69,3.79,AUD,debit_card,mobile_app,completed
TXN20260105001073,2026-01-05 19:07:05,1260,3,5007,2,142.91,77.99,0.16,285.82,240.09,84.11,AUD,credit_card,web,completed
TXN20260105001074,2026-01-05 19:07:33,1763,54,,2,80.17,60.5,0.09,160.34,145.91,24.91,AUD,credit_card,mobile_app,completed
TXN20260105001075,2026-01-05 19:07:36,1525,149,,4,221.16,142.36,0.17,884.64,734.25,164.81,AUD,credit_card,mobile_app,completed
TXN20260105001076,2026-01-05 19:08:04,1818,284,,1,359.21,205.04,0.01,359.21,355.62,150.58,AUD,credit_card,mobile_app,completed
TXN20260105001077,2026-01-05 19:08:10,2006,226,,1,224.08,91.6,0.04,224.08,215.12,123.52,AUD,credit_card,mobile_app,completed
TXN20260105001078,2026-01-05 19:08:32,1558,270,,2,347.43,172.19,0.28,694.86,500.3,155.92,AUD,credit_card,marketplace,completed
TXN20260105001079,2026-01-05 19:09:26,1300,398,,4,94.81,37.08,0.04,379.24,364.07,215.75,AUD,gift_card,web,completed
TXN20260105001080,2026-01-05 19:09:28,1960,279,,3,202.1,80.17,0.16,606.3,509.29,268.78,AUD,credit_card,marketplace,refunded
TXN20260105001081,2026-01-05 19:09:44,2192,115,,1,166.75,108.87,0.24,166.75,126.73,17.86,AUD,bank_transfer,in_store,completed
TXN20260105001082,2026-01-05 19:09:47,1395,286,,2,226.6,96.42,0.06,453.2,426.01,233.17,AUD,credit_card,mobile_app,completed
TXN20260105001083,2026-01-05 19:10:16,1756,269,,1,129.92,57.09,0.05,129.92,123.42,66.33,AUD,debit_card,marketplace,completed
TXN20260105001084,2026-01-05 19:12:35,1246,97,,1,261.47,109.45,0.06,261.47,245.78,136.33,AUD,credit_card,mobile_app,completed
TXN20260105001085,2026-01-05 19:13:15,1724,319,,1,134.18,49.74,0.04,134.18,128.81,79.07,AUD,bank_transfer,mobile_app,completed
TXN20260105001086,2026-01-05 19:15:02,1145,281,5010,2,206.68,92.2,0.03,413.36,400.96,216.56,AUD,credit_card,web,completed
TXN20260105001087,2026-01-05 19:15:12,1247,190,5012,3,232.96,154.99,0.03,698.88,677.91,212.94,AUD,paypal,mobile_app,completed
TXN20260105001088,2026-01-05 19:15:13,1239,344,5010,3,24.55,10.75,0.12,73.65,64.81,32.56,AUD,debit_card,web,completed
TXN20260105001089,2026-01-05 19:15:26,2187,200,,3,8.47,4.01,0.0,25.41,25.41,13.38,AUD,credit_card,web,completed
TXN20260105001090,2026-01-05 19:17:34,1177,60,5003,1,77.58,46.86,0.11,77.58,69.05,22.19,AUD,credit_card,marketplace,pending
TXN20260105001091,2026-01-05 19:17:39,1917,74,,4,161.48,101.89,0.14,645.92,555.49,147.93,AUD,paypal,mobile_app,completed
TXN20260105001092,2026-01-05 19:18:03,1987,304,,1,87.75,49.18,0.13,87.75,76.34,27.16,AUD,credit_card,web,completed
TXN20260105001093,2026-01-05 19:18:03,1926,306,,1,201.0,79.58,0.28,201.0,144.72,65.14,AUD,paypal,web,completed
TXN20260105001094,2026-01-05 19:19:15,1249,230,,3,249.03,160.65,0.05,747.09,709.74,227.79,AUD,gift_card,mobile_app,completed
TXN20260105001095,2026-01-05 19:19:19,1483,310,,3,109.6,62.46,0.22,328.8,256.46,69.08,AUD,paypal,in_store,completed
TXN20260105001096,2026-01-05 19:19:45,1467,162,,1,102.25,40.84,0.1,102.25,92.03,51.19,AUD,debit_card,mobile_app,completed
TXN20260105001097,2026-01-05 19:20:33,1325,199,5006,6,405.48,228.61,0.03,2432.88,2359.89,988.23,AUD,credit_card,mobile_app,completed
TXN20260105001098,2026-01-05 19:20:54,1894,91,,2,229.04,125.54,0.07,458.08,426.01,174.93,AUD,buy_now_pay_later,web,completed
TXN20260105001099,2026-01-05 19:21:16,1654,215,5003,1,8.88,3.58,0.02,8.88,8.7,5.12,AUD,debit_card,in_store,completed
TXN20260105001100,2026-01-05 19:21:57,1595,119,,5,26.62,12.14,0.26,133.1,98.49,37.79,AUD,debit_card,marketplace,completed
TXN20260105001101,2026-01-05 19:22:54,1322,99,5014,2,8.03,4.15,0.16,16.06,13.49,5.19,AUD,paypal,web,completed
TXN20260105001102,2026-01-05 19:23:21,1043,355,5007,1,211.06,93.04,0.24,211.06,160.41,67.37,AUD,paypal,mobile_app,completed
TXN20260105001103,2026-01-05 19:24:00,1807,25,,1,279.71,213.59,0.07,279.71,260.13,46.54,AUD,paypal,mobile_app,completed
TXN20260105001104,2026-01-05 19:24:01,1941,87,,2,137.75,85.09,0.02,275.5,269.99,99.81,AUD,credit_card,mobile_app,completed
TXN20260105001105,2026-01-05 19:24:05,2138,262,5009,4,30.32,15.63,0.1,121.28,109.15,46.63,AUD,bank_transfer,marketplace,completed
TXN20260105001106,2026-01-05 19:25:10,2109,170,,2,68.81,27.57,0.08,137.62,126.61,71.47,AUD,credit_card,mobile_app,cancelled
TXN20260105001107,2026-01-05 19:25:58,1897,266,,2,87.68,41.95,0.02,175.36,171.85,87.95,AUD,paypal,mobile_app,completed
TXN20260105001108,2026-01-05 19:27:48,2042,136,,2,12.1,8.71,0.0,24.2,24.2,6.78,AUD,credit_card,mobile_app,completed
TXN20260105001109,2026-01-05 19:28:06,1877,217,,1,105.58,80.07,0.01,105.58,104.52,24.45,AUD,credit_card,web,completed
TXN20260105001110,2026-01-05 19:29:47,1110,35,,4,123.44,76.69,0.17,493.76,409.82,103.06,AUD,credit_card,mobile_app,completed
TXN20260105001111,2026-01-05 19:30:30,1132,377,,2,34.75,17.44,0.04,69.5,66.72,31.84,AUD,buy_now_pay_later,mobile_app,completed
TXN20260105001112,2026-01-05 19:30:46,1453,45,5013,4,127.42,77.89,0.02,509.68,499.49,187.93,AUD,debit_card,web,completed
TXN20260105001113,2026-01-05 19:31:16,1896,340,,2,69.61,35.79,0.21,139.22,109.98,38.4,AUD,paypal,web,completed
TXN20260105001114,2026-01-05 19:31:16,1959,17,5009,1,15.98,12.32,0.01,15.98,15.82,3.5,AUD,credit_card,mobile_app,completed
TXN20260105001115,2026-01-05 19:32:11,1756,14,5005,2,60.5,36.5,0.14,121.0,104.06,31.06,AUD,credit_card,web,completed
TXN20260105001116,2026-01-05 19:33:25,1815,149,,2,221.16,142.36,0.12,442.32,389.24,104.52,AUD,credit_card,web,completed
TXN20260105001117,2026-01-05 19:33:55,1166,190,5010,2,232.96,154.99,0.1,465.92,419.33,109.35,AUD,buy_now_pay_later,marketplace,completed
TXN20260105001118,2026-01-05 19:35:33,1930,401,,1,112.78,49.28,0.24,112.78,85.71,36.43,AUD,debit_card,web,cancelled
TXN20260105001119,2026-01-05 19:36:15,2194,105,,4,142.92,89.61,0.01,571.68,565.96,207.52,AUD,buy_now_pay_later,web,completed
TXN20260105001120,2026-01-05 19:36:34,1904,303,,4,5.2,2.83,0.23,20.8,16.02,4.7,AUD,debit_card,web,completed
TXN20260105001121,2026-01-05 19:37:07,1581,371,,2,279.28,128.3,0.2,558.56,446.85,190.25,AUD,debit_card,in_store,completed
TXN20260105001122,2026-01-05 19:37:21,1388,203,,2,5.97,4.17,0.1,11.94,10.75,2.41,AUD,buy_now_pay_later,mobile_app,completed
TXN20260105001123,2026-01-05 19:37:59,1908,240,,3,296.5,109.26,0.25,889.5,667.12,339.34,AUD,credit_card,marketplace,completed
TXN20260105001124,2026-01-05 19:38:47,1358,307,,2,349.28,266.61,0.15,698.56,593.78,60.56,AUD,bank_transfer,mobile_app,completed
TXN20260105001125,2026-01-05 19:39:41,1329,157,,1,63.5,40.09,0.01,63.5,62.87,22.78,AUD,bank_transfer,mobile_app,completed
TXN20260105001126,2026-01-05 19:39:51,1906,369,5014,4,254.39,165.86,0.06,1017.56,956.51,293.07,AUD,buy_now_pay_later,mobile_app,refunded
TXN20260105001127,2026-01-05 19:40:19,1224,276,,3,260.47,124.27,0.24,781.41,593.87,221.06,AUD,debit_card,phone,completed
TXN20260105001128,2026-01-05 19:40:49,1308,36,,2,95.33,67.51,0.2,190.66,152.53,17.51,AUD,debit_card,web,cancelled
TXN20260105001129,2026-01-05 19:41:37,2085,254,5016,1,151.84,54.33,0.16,151.84,127.55,73.22,AUD,credit_card,web,refunded
TXN20260105001130,2026-01-05 19:41:45,1107,74,,3,161.48,101.89,0.25,484.44,363.33,57.66,AUD,paypal,marketplace,completed
TXN20260105001131,2026-01-05 19:42:09,1902,155,,1,402.98,307.8,0.11,402.98,358.65,50.85,AUD,credit_card,mobile_app,refunded
TXN20260105001132,2026-01-05 19:42:18,1977,80,,3,200.59,111.67,0.14,601.77,517.52,182.51,AUD,paypal,web,completed
TXN20260105001133,2026-01-05 19:42:30,2131,250,,2,231.82,122.47,0.07,463.64,431.19,186.25,AUD,credit_card,mobile_app,completed
TXN20260105001134,2026-01-05 19:42:46,2188,25,5018,4,279.71,213.59,0.17,1118.84,928.64,74.28,AUD,buy_now_pay_later,mobile_app,completed
TXN20260105001135,2026-01-05 19:43:39,1024,43,,3,211.3,164.39,0.13,633.9,551.49,58.32,AUD,credit_card,phone,completed
TXN20260105001136,2026-01-05 19:44:30,1802,383,,3,227.62,101.34,0.0,682.86,682.86,378.84,AUD,paypal,marketplace,completed
TXN20260105001137,2026-01-05 19:45:30,1189,173,,2,67.53,28.1,0.15,135.06,114.8,58.6,AUD,credit_card,web,completed
TXN20260105001138,2026-01-05 19:46:11,1649,338,,5,454.19,219.15,0.06,2270.95,2134.69,1038.94,AUD,debit_card,mobile_app,completed
TXN20260105001139,2026-01-05 19:47:34,1023,159,,6,232.46,120.67,0.05,1394.76,1325.02,601.0,AUD,debit_card,mobile_app,completed
TXN20260105001140,2026-01-05 19:48:40,1914,360,5012,2,22.41,17.01,0.04,44.82,43.03,9.01,AUD,debit_card,web,completed
TXN20260105001141,2026-01-05 19:49:25,1606,111,,2,130.14,98.41,0.12,260.28,229.05,32.23,AUD,credit_card,marketplace,completed
TXN20260105001142,2026-01-05 19:49:32,1490,342,,3,119.39,87.78,0.05,358.17,340.26,76.92,AUD,credit_card,mobile_app,completed
TXN20260105001143,2026-01-05 19:49:53,1700,357,5009,2,49.08,20.39,0.08,98.16,90.31,49.53,AUD,bank_transfer,web,completed
TXN20260105001144,2026-01-05 19:50:11,1246,185,,5,182.91,71.26,0.18,914.55,749.93,393.63,AUD,paypal,marketplace,completed
TXN20260105001145,2026-01-05 19:51:03,1268,56,5009,3,221.91,135.65,0.29,665.73,472.67,65.72,AUD,buy_now_pay_later,mobile_app,completed
TXN20260105001146,2026-01-05 19:51:59,1244,271,,1,132.74,79.27,0.16,132.74,111.5,32.23,AUD,paypal,web,completed
TXN20260105001147,2026-01-05 19:52:43,1027,263,5008,1,194.7,69.51,0.22,194.7,151.87,82.36,AUD,debit_card,marketplace,completed
TXN20260105001148,2026-01-05 19:52:55,1959,297,,3,258.89,188.19,0.05,776.67,737.84,173.27,AUD,credit_card,mobile_app,completed
TXN20260105001149,2026-01-05 19:53:21,1837,361,,4,172.83,61.35,0.04,691.32,663.67,418.27,AUD,debit_card,mobile_app,completed
TXN20260105001150,2026-01-05 19:53:45,1591,310,5003,1,109.6,62.46,0.17,109.6,90.97,28.51,AUD,credit_card,web,completed
TXN20260105001151,2026-01-05 19:54:26,1132,306,5004,1,201.0,79.58,0.02,201.0,196.98,117.4,AUD,credit_card,mobile_app,completed
TXN20260105001152,2026-01-05 19:54:55,1985,197,,1,161.84,90.95,0.26,161.84,119.76,28.81,AUD,credit_card,web,completed
TXN20260105001153,2026-01-05 19:55:10,2147,82,,1,221.86,146.05,0.03,221.86,215.2,69.15,AUD,debit_card,marketplace,completed
TXN20260105001154,2026-01-05 19:56:51,1947,207,5006,5,174.77,73.18,0.06,873.85,821.42,455.52,AUD,paypal,mobile_app,completed
TXN20260105001155,2026-01-05 19:57:57,1415,277,,2,470.57,189.97,0.01,941.14,931.73,551.79,AUD,paypal,web,completed
TXN20260105001156,2026-01-05 19:58:09,2193,402,,1,192.14,70.42,0.08,192.14,176.77,106.35,AUD,credit_card,marketplace,completed
TXN20260105001157,2026-01-05 19:58:45,1407,60,,2,77.58,46.86,0.06,155.16,145.85,52.13,AUD,bank_transfer,mobile_app,completed
TXN20260105001158,2026-01-05 20:01:09,1807,257,5010,3,452.64,204.1,0.08,1357.92,1249.29,636.99,AUD,bank_transfer,web,completed
TXN20260105001159,2026-01-05 20:01:15,1383,373,,1,423.09,155.74,0.09,423.09,385.01,229.27,AUD,debit_card,web,completed
TXN20260105001160,2026-01-05 20:01:48,1711,296,5008,1,305.06,151.58,0.12,305.06,268.45,116.87,AUD,credit_card,web,completed
TXN20260105001161,2026-01-05 20:02:09,1400,273,,2,15.74,11.24,0.03,31.48,30.54,8.06,AUD,buy_now_pay_later,web,completed
TXN20260105001162,2026-01-05 20:02:45,1219,242,,1,149.29,73.33,0.0,149.29,149.29,75.96,AUD,credit_card,in_store,completed
TXN20260105001163,2026-01-05 20:02:59,1265,7,5014,4,75.68,42.79,0.0,302.72,302.72,131.56,AUD,bank_transfer,web,completed
TXN20260105001164,2026-01-05 20:03:07,1504,1,,1,367.54,272.05,0.1,367.54,330.79,58.74,AUD,gift_card,mobile_app,completed
TXN20260105001165,2026-01-05 20:03:26,1906,9,,3,470.11,214.65,0.12,1410.33,1241.09,597.14,AUD,credit_card,mobile_app,completed
TXN20260105001166,2026-01-05 20:03:51,2058,358,,3,15.86,5.64,0.21,47.58,37.59,20.67,AUD,credit_card,mobile_app,completed
TXN20260105001167,2026-01-05 20:03:57,1298,175,,1,176.68,90.48,0.01,176.68,174.91,84.43,AUD,buy_now_pay_later,mobile_app,completed
TXN20260105001168,2026-01-05 20:04:00,1718,1,5013,4,367.54,272.05,0.07,1470.16,1367.25,279.05,AUD,paypal,web,completed
TXN20260105001169,2026-01-05 20:04:14,1110,187,,3,18.28,11.11,0.09,54.84,49.9,16.57,AUD,buy_now_pay_later,web,completed
TXN20260105001170,2026-01-05 20:05:01,2171,131,,4,93.36,56.38,0.01,373.44,369.71,144.19,AUD,credit_card,web,completed
TXN20260105001171,2026-01-05 20:05:56,1041,361,,5,172.83,61.35,0.11,864.15,769.09,462.34,AUD,debit_card,mobile_app,completed
TXN20260105001172,2026-01-05 20:06:02,1617,28,,2,154.87,112.5,0.22,309.74,241.6,16.6,AUD,debit_card,web,completed
TXN20260105001173,2026-01-05 20:06:20,1639,316,,2,109.37,70.04,0.05,218.74,207.8,67.72,AUD,paypal,mobile_app,completed
TXN20260105001174,2026-01-05 20:07:31,1447,209,,5,16.17,12.13,0.13,80.85,70.34,9.69,AUD,credit_card,mobile_app,completed
TXN20260105001175,2026-01-05 20:08:04,1373,167,,2,176.55,75.21,0.24,353.1,268.36,117.94,AUD,buy_now_pay_later,marketplace,completed
TXN20260105001176,2026-01-05 20:08:44,1975,68,,5,197.74,154.22,0.11,988.7,879.94,108.84,AUD,buy_now_pay_later,web,completed
TXN20260105001177,2026-01-05 20:08:47,1652,111,,4,130.14,98.41,0.08,520.56,478.92,85.28,AUD,credit_card,web,completed
TXN20260105001178,2026-01-05 20:09:04,1348,18,5005,1,23.51,10.69,0.16,23.51,19.75,9.06,AUD,debit_card,mobile_app,completed
TXN20260105001179,2026-01-05 20:09:45,1487,32,,4,107.59,39.39,0.05,430.36,408.84,251.28,AUD,paypal,mobile_app,completed
TXN20260105001180,2026-01-05 20:10:22,1909,106,,3,313.2,199.1,0.26,939.6,695.3,98.0,AUD,credit_card,web,completed
TXN20260105001181,2026-01-05 20:11:25,1055,247,,4,32.77,14.35,0.12,131.08,115.35,57.95,AUD,credit_card,marketplace,completed
TXN20260105001182,2026-01-05 20:11:26,1823,333,,5,41.88,25.97,0.07,209.4,194.74,64.89,AUD,debit_card,web,completed
TXN20260105001183,2026-01-05 20:11:30,1720,107,,3,391.82,298.53,0.06,1175.46,1104.93,209.34,AUD,debit_card,web,completed
TXN20260105001184,2026-01-05 20:11:37,1652,122,,4,163.85,114.55,0.11,655.4,583.31,125.11,AUD,credit_card,web,completed
TXN20260105001185,2026-01-05 20:11:50,1923,148,,1,64.17,49.35,0.05,64.17,60.96,11.61,AUD,paypal,mobile_app,completed
TXN20260105001186,2026-01-05 20:12:04,1210,10,,4,246.81,139.27,0.08,987.24,908.26,351.18,AUD,credit_card,in_store,completed
TXN20260105001187,2026-01-05 20:13:00,1521,387,5018,3,113.54,61.9,0.12,340.62,299.75,114.05,AUD,paypal,mobile_app,completed
TXN20260105001188,2026-01-05 20:13:13,1032,42,5002,1,64.61,39.72,0.17,64.61,53.63,13.91,AUD,credit_card,mobile_app,completed
TXN20260105001189,2026-01-05 20:13:25,1180,330,,2,125.71,91.59,0.23,251.42,193.59,10.41,AUD,buy_now_pay_later,mobile_app,completed
TXN20260105001190,2026-01-05 20:13:26,1253,55,,6,51.38,24.77,0.08,308.28,283.62,135.0,AUD,credit_card,web,completed
TXN20260105001191,2026-01-05 20:13:58,1773,50,5013,1,145.4,62.87,0.04,145.4,139.58,76.71,AUD,buy_now_pay_later,web,completed
TXN20260105001192,2026-01-05 20:15:03,1424,202,,2,257.36,101.79,0.02,514.72,504.43,300.85,AUD,credit_card,mobile_app,completed
TXN20260105001193,2026-01-05 20:15:43,1193,194,,1,45.96,33.9,0.14,45.96,39.53,5.63,AUD,credit_card,web,cancelled
TXN20260105001194,2026-01-05 20:16:31,1892,304,,2,87.75,49.18,0.17,175.5,145.66,47.3,AUD,debit_card,web,completed
TXN20260105001195,2026-01-05 20:17:23,1264,143,,2,166.42,116.53,0.06,332.84,312.87,79.81,AUD,debit_card,mobile_app,completed
TXN20260105001196,2026-01-05 20:17:31,1597,63,5012,1,137.14,59.24,0.13,137.14,119.31,60.07,AUD,paypal,web,completed
TXN20260105001197,2026-01-05 20:17:52,1797,65,,2,253.83,167.53,0.07,507.66,472.12,137.06,AUD,debit_card,mobile_app,completed
TXN20260105001198,2026-01-05 20:17:57,2180,72,,4,333.42,149.31,0.06,1333.68,1253.66,656.42,AUD,bank_transfer,mobile_app,completed
TXN20260105001199,2026-01-05 20:18:04,2116,67,,4,164.66,66.92,0.03,658.64,638.88,371.2,AUD,credit_card,web,completed
TXN20260105001200,2026-01-05 20:18:05,1407,122,5005,1,163.85,114.55,0.07,163.85,152.38,37.83,AUD,credit_card,web,refunded
TXN20260105001201,2026-01-05 20:19:23,1313,102,,2,276.02,213.86,0.08,552.04,507.88,80.16,AUD,bank_transfer,mobile_app,completed
TXN20260105001202,2026-01-05 20:20:12,1644,76,,4,153.93,70.84,0.18,615.72,504.89,221.53,AUD,debit_card,mobile_app,refunded
TXN20260105001203,2026-01-05 20:20:39,1799,156,5012,5,179.48,110.08,0.15,897.4,762.79,212.39,AUD,debit_card,mobile_app,completed
TXN20260105001204,2026-01-05 20:21:54,1696,270,,1,347.43,172.19,0.09,347.43,316.16,143.97,AUD,debit_card,web,completed
TXN20260105001205,2026-01-05 20:22:00,2026,64,5017,4,148.54,87.49,0.05,594.16,564.45,214.49,AUD,credit_card,marketplace,completed
TXN20260105001206,2026-01-05 20:22:58,1700,338,,5,454.19,219.15,0.13,2270.95,1975.73,879.98,AUD,credit_card,mobile_app,completed
TXN20260105001207,2026-01-05 20:22:59,2094,154,5014,4,128.25,56.51,0.01,513.0,507.87,281.83,AUD,buy_now_pay_later,web,completed
TXN20260105001208,2026-01-05 20:23:18,2074,308,,2,227.37,123.17,0.09,454.74,413.81,167.47,AUD,debit_card,web,completed
TXN20260105001209,2026-01-05 20:23:19,1041,208,5010,4,165.3,68.58,0.14,661.2,568.63,294.31,AUD,paypal,web,completed
TXN20260105001210,2026-01-05 20:23:20,1565,362,5009,2,10.4,7.12,0.1,20.8,18.72,4.48,AUD,credit_card,web,completed
TXN20260105001211,2026-01-05 20:24:57,1678,274,,3,68.35,38.43,0.2,205.05,164.04,48.75,AUD,buy_now_pay_later,mobile_app,completed
TXN20260105001212,2026-01-05 20:25:48,1508,112,,3,121.28,51.75,0.15,363.84,309.26,154.01,AUD,paypal,in_store,completed
TXN20260105001213,2026-01-05 20:26:11,1296,373,5017,1,423.09,155.74,0.08,423.09,389.24,233.5,AUD,paypal,web,refunded
TXN20260105001214,2026-01-05 20:26:27,1418,89,5004,3,131.64,95.41,0.2,394.92,315.94,29.71,AUD,debit_card,web,completed
TXN20260105001215,2026-01-05 20:27:19,1803,130,5003,1,18.48,10.08,0.13,18.48,16.08,6.0,AUD,credit_card,phone,completed
TXN20260105001216,2026-01-05 20:28:00,1710,183,5016,6,56.96,21.65,0.17,341.76,283.66,153.76,AUD,credit_card,in_store,refunded
TXN20260105001217,2026-01-05 20:28:07,1334,333,,2,41.88,25.97,0.1,83.76,75.38,23.44,AUD,credit_card,mobile_app,cancelled
TXN20260105001218,2026-01-05 20:28:28,1594,354,5009,3,128.43,85.15,0.2,385.29,308.23,52.78,AUD,credit_card,web,completed
TXN20260105001219,2026-01-05 20:29:19,1692,202,,5,257.36,101.79,0.14,1286.8,1106.65,597.7,AUD,credit_card,phone,completed
TXN20260105001220,2026-01-05 20:29:21,1527,20,,2,230.82,128.98,0.18,461.64,378.54,120.58,AUD,credit_card,mobile_app,refunded
TXN20260105001221,2026-01-05 20:29:35,1175,385,5003,1,111.79,81.72,0.07,111.79,103.96,22.24,AUD,buy_now_pay_later,mobile_app,completed
TXN20260105001222,2026-01-05 20:30:14,2119,350,5008,2,78.73,28.3,0.0,157.46,157.46,100.86,AUD,credit_card,web,completed
TXN20260105001223,2026-01-05 20:30:27,1002,289,5016,2,135.78,64.29,0.13,271.56,236.26,107.68,AUD,buy_now_pay_later,mobile_app,completed
TXN20260105001224,2026-01-05 20:30:34,1070,125,,1,12.26,5.91,0.02,12.26,12.01,6.1,AUD,gift_card,web,completed
TXN20260105001225,2026-01-05 20:30:51,1392,297,5006,1,258.89,188.19,0.02,258.89,253.71,65.52,AUD,credit_card,web,pending
TXN20260105001226,2026-01-05 20:31:20,1936,299,5008,3,256.41,147.41,0.04,769.23,738.46,296.23,AUD,credit_card,marketplace,completed
TXN20260105001227,2026-01-05 20:31:26,1032,108,,4,13.12,5.5,0.26,52.48,38.84,16.84,AUD,debit_card,web,cancelled
TXN20260105001228,2026-01-05 20:32:16,2192,148,5014,3,64.17,49.35,0.11,192.51,171.33,23.28,AUD,bank_transfer,mobile_app,completed
TXN20260105001229,2026-01-05 20:34:09,1158,22,5005,1,239.15,141.03,0.02,239.15,234.37,93.34,AUD,debit_card,web,completed
TXN20260105001230,2026-01-05 20:34:50,1554,2,,2,292.97,126.42,0.13,585.94,509.77,256.93,AUD,buy_now_pay_later,web,completed
TXN20260105001231,2026-01-05 20:37:19,1227,150,,3,205.86,111.18,0.05,617.58,586.7,253.16,AUD,credit_card,mobile_app,completed
TXN20260105001232,2026-01-05 20:37:27,1451,66,5003,2,157.5,63.74,0.07,315.0,292.95,165.47,AUD,paypal,web,completed
TXN20260105001233,2026-01-05 20:37:28,1972,11,,3,383.38,230.87,0.13,1150.14,1000.62,308.01,AUD,paypal,web,completed
TXN20260105001234,2026-01-05 20:37:32,2021,291,,2,348.41,145.57,0.23,696.82,536.55,245.41,AUD,credit_card,marketplace,completed
TXN20260105001235,2026-01-05 20:37:40,1443,83,,3,271.39,135.83,0.01,814.17,806.03,398.54,AUD,credit_card,web,completed
TXN20260105001236,2026-01-05 20:38:03,1905,339,5009,3,232.73,135.01,0.22,698.19,544.59,139.56,AUD,credit_card,in_store,completed
TXN20260105001237,2026-01-05 20:38:05,1115,57,,3,7.38,2.62,0.01,22.14,21.92,14.06,AUD,credit_card,web,completed
TXN20260105001238,2026-01-05 20:38:36,1187,122,,2,163.85,114.55,0.01,327.7,324.42,95.32,AUD,debit_card,mobile_app,completed
TXN20260105001239,2026-01-05 20:38:57,1367,226,,3,224.08,91.6,0.08,672.24,618.46,343.66,AUD,credit_card,web,completed
TXN20260105001240,2026-01-05 20:39:37,2138,11,,6,383.38,230.87,0.21,2300.28,1817.22,432.0,AUD,credit_card,web,completed
TXN20260105001241,2026-01-05 20:40:38,1456,267,5002,2,13.67,9.81,0.01,27.34,27.07,7.45,AUD,paypal,mobile_app,completed
TXN20260105001242,2026-01-05 20:40:47,1232,243,5006,1,6.18,2.24,0.05,6.18,5.87,3.63,AUD,credit_card,web,completed
TXN20260105001243,2026-01-05 20:40:56,1232,381,,4,12.14,8.81,0.03,48.56,47.1,11.86,AUD,paypal,mobile_app,completed
TXN20260105001244,2026-01-05 20:41:10,1323,62,5013,1,46.07,33.25,0.17,46.07,38.24,4.99,AUD,debit_card,web,completed
TXN20260105001245,2026-01-05 20:41:56,1982,252,,5,12.21,8.71,0.13,61.05,53.11,9.56,AUD,credit_card,web,completed
TXN20260105001246,2026-01-05 20:41:58,1491,122,5016,2,163.85,114.55,0.08,327.7,301.48,72.38,AUD,buy_now_pay_later,web,completed
TXN20260105001247,2026-01-05 20:42:42,2134,183,,2,56.96,21.65,0.1,113.92,102.53,59.23,AUD,credit_card,mobile_app,completed
TXN20260105001248,2026-01-05 20:43:17,1091,193,5017,1,368.81,195.25,0.09,368.81,335.62,140.37,AUD,credit_card,web,completed
TXN20260105001249,2026-01-05 20:43:47,1749,98,5017,2,129.89,79.62,0.05,259.78,246.79,87.55,AUD,credit_card,marketplace,completed
TXN20260105001250,2026-01-05 20:43:51,1248,353,5008,4,53.63,27.2,0.04,214.52,205.94,97.14,AUD,paypal,web,completed
TXN20260105001251,2026-01-05 20:44:00,1202,374,5012,1,37.72,26.55,0.23,37.72,29.04,2.49,AUD,credit_card,web,completed
TXN20260105001252,2026-01-05 20:44:31,1678,283,5014,1,155.88,105.7,0.21,155.88,123.15,17.45,AUD,debit_card,web,completed
TXN20260105001253,2026-01-05 20:44:55,1563,87,5008,4,137.75,85.09,0.05,551.0,523.45,183.09,AUD,credit_card,mobile_app,completed
TXN20260105001254,2026-01-05 20:45:27,1193,146,,2,182.6,76.84,0.08,365.2,335.98,182.3,AUD,buy_now_pay_later,web,refunded
TXN20260105001255,2026-01-05 20:47:16,1012,356,5002,3,35.78,19.54,0.1,107.34,96.61,37.99,AUD,buy_now_pay_later,mobile_app,completed
TXN20260105001256,2026-01-05 20:47:20,1298,41,,1,241.85,106.29,0.27,241.85,176.55,70.26,AUD,debit_card,mobile_app,completed
TXN20260105001257,2026-01-05 20:48:06,1470,337,,3,146.92,72.71,0.02,440.76,431.94,213.81,AUD,debit_card,mobile_app,cancelled
TXN20260105001258,2026-01-05 20:48:19,1473,329,,3,58.04,29.11,0.02,174.12,170.64,83.31,AUD,buy_now_pay_later,mobile_app,completed
TXN20260105001259,2026-01-05 20:49:17,1493,222,5007,5,32.17,11.42,0.1,160.85,144.76,87.66,AUD,gift_card,web,completed
TXN20260105001260,2026-01-05 20:49:44,1391,194,5014,3,45.96,33.9,0.2,137.88,110.3,8.6,AUD,credit_card,mobile_app,completed
TXN20260105001261,2026-01-05 20:50:14,1691,285,,1,333.53,259.05,0.04,333.53,320.19,61.14,AUD,credit_card,web,completed
TXN20260105001262,2026-01-05 20:50:39,1715,36,5006,3,95.33,67.51,0.04,285.99,274.55,72.02,AUD,buy_now_pay_later,marketplace,completed
TXN20260105001263,2026-01-05 20:51:15,1531,257,,2,452.64,204.1,0.14,905.28,778.54,370.34,AUD,credit_card,mobile_app,completed
TXN20260105001264,2026-01-05 20:53:06,1517,137,,2,230.43,174.09,0.04,460.86,442.43,94.25,AUD,credit_card,mobile_app,completed
TXN20260105001265,2026-01-05 20:53:41,1955,46,5014,2,182.51,84.92,0.1,365.02,328.52,158.68,AUD,credit_card,mobile_app,completed
TXN20260105001266,2026-01-05 20:54:35,1339,261,,1,222.59,120.24,0.08,222.59,204.78,84.54,AUD,debit_card,mobile_app,completed
TXN20260105001267,2026-01-05 20:54:55,1099,393,,2,18.4,11.45,0.03,36.8,35.7,12.8,AUD,gift_card,mobile_app,completed
TXN20260105001268,2026-01-05 20:56:14,1813,191,,1,265.41,112.45,0.0,265.41,265.41,152.96,AUD,credit_card,mobile_app,completed
TXN20260105001269,2026-01-05 20:56:47,1104,191,5012,3,265.41,112.45,0.0,796.23,796.23,458.88,AUD,credit_card,web,cancelled
TXN20260105001270,2026-01-05 20:57:06,1776,17,,5,15.98,12.32,0.09,79.9,72.71,11.11,AUD,paypal,mobile_app,completed
TXN20260105001271,2026-01-05 20:57:57,2064,157,,1,63.5,40.09,0.09,63.5,57.79,17.7,AUD,credit_card,phone,completed
TXN20260105001272,2026-01-05 20:58:45,1574,114,5007,4,311.7,127.05,0.12,1246.8,1097.18,588.98,AUD,credit_card,marketplace,completed
TXN20260105001273,2026-01-05 20:59:01,1484,165,,2,198.75,72.56,0.06,397.5,373.65,228.53,AUD,debit_card,marketplace,completed
TXN20260105001274,2026-01-05 20:59:35,1127,194,,1,45.96,33.9,0.04,45.96,44.12,10.22,AUD,credit_card,mobile_app,completed
TXN20260105001275,2026-01-05 21:00:08,1490,212,,4,172.34,98.73,0.06,689.36,648.0,253.08,AUD,debit_card,web,completed
TXN20260105001276,2026-01-05 21:00:27,1430,254,5013,3,151.84,54.33,0.02,455.52,446.41,283.42,AUD,credit_card,marketplace,refunded
TXN20260105001277,2026-01-05 21:01:24,1241,197,,3,161.84,90.95,0.0,485.52,485.52,212.67,AUD,credit_card,mobile_app,completed
TXN20260105001278,2026-01-05 21:01:38,1980,109,5008,6,156.65,98.49,0.11,939.9,836.51,245.57,AUD,credit_card,mobile_app,completed
TXN20260105001279,2026-01-05 21:02:14,1391,354,5002,1,128.43,85.15,0.27,128.43,93.75,8.6,AUD,bank_transfer,mobile_app,completed
TXN20260105001280,2026-01-05 21:02:31,1366,402,5013,1,192.14,70.42,0.01,192.14,190.22,119.8,AUD,debit_card,web,completed
TXN20260105001281,2026-01-05 21:03:35,1409,261,,3,222.59,120.24,0.21,667.77,527.54,166.82,AUD,paypal,marketplace,completed
TXN20260105001282,2026-01-05 21:03:54,1505,360,,5,22.41,17.01,0.06,112.05,105.33,20.28,AUD,debit_card,marketplace,completed
TXN20260105001283,2026-01-05 21:04:15,2128,88,5013,2,104.05,41.24,0.14,208.1,178.97,96.49,AUD,credit_card,web,completed
TXN20260105001284,2026-01-05 21:04:22,1690,329,,1,58.04,29.11,0.04,58.04,55.72,26.61,AUD,debit_card,mobile_app,completed
TXN20260105001285,2026-01-05 21:05:10,1088,181,,2,219.32,157.3,0.08,438.64,403.55,88.95,AUD,buy_now_pay_later,mobile_app,completed
TXN20260105001286,2026-01-05 21:05:35,1343,57,,5,7.38,2.62,0.07,36.9,34.32,21.22,AUD,paypal,mobile_app,completed
TXN20260105001287,2026-01-05 21:07:10,1591,112,,1,121.28,51.75,0.12,121.28,106.73,54.98,AUD,paypal,marketplace,completed
TXN20260105001288,2026-01-05 21:07:43,1045,278,,1,60.0,45.1,0.09,60.0,54.6,9.5,AUD,paypal,marketplace,completed
TXN20260105001289,2026-01-05 21:07:50,1541,147,5009,2,287.02,186.05,0.19,574.04,464.97,92.87,AUD,credit_card,web,completed
TXN20260105001290,2026-01-05 21:07:57,2143,273,,2,15.74,11.24,0.13,31.48,27.39,4.91,AUD,credit_card,web,completed
TXN20260105001291,2026-01-05 21:08:32,1098,59,,2,66.9,33.14,0.05,133.8,127.11,60.83,AUD,credit_card,marketplace,completed
TXN20260105001292,2026-01-05 21:09:09,1834,261,,3,222.59,120.24,0.1,667.77,600.99,240.27,AUD,credit_card,web,completed
TXN20260105001293,2026-01-05 21:09:39,1605,246,,5,334.95,216.34,0.11,1674.75,1490.53,408.83,AUD,credit_card,web,refunded
TXN20260105001294,2026-01-05 21:10:10,1235,186,,1,294.97,120.02,0.19,294.97,238.93,118.91,AUD,buy_now_pay_later,mobile_app,completed
TXN20260105001295,2026-01-05 21:10:17,1695,383,,2,227.62,101.34,0.1,455.24,409.72,207.04,AUD,credit_card,marketplace,completed
TXN20260105001296,2026-01-05 21:10:40,1480,159,,1,232.46,120.67,0.09,232.46,211.54,90.87,AUD,buy_now_pay_later,mobile_app,completed
TXN20260105001297,2026-01-05 21:11:06,1262,195,,3,142.11,62.0,0.04,426.33,409.28,223.28,AUD,buy_now_pay_later,marketplace,completed
TXN20260105001298,2026-01-05 21:11:52,2142,1,5003,1,367.54,272.05,0.03,367.54,356.51,84.46,AUD,debit_card,web,completed
TXN20260105001299,2026-01-05 21:12:35,1012,77,5013,2,288.19,141.16,0.23,576.38,443.81,161.49,AUD,debit_card,marketplace,completed
TXN20260105001300,2026-01-05 21:12:39,1462,68,,3,197.74,154.22,0.16,593.22,498.3,35.64,AUD,buy_now_pay_later,mobile_app,completed
TXN20260105001301,2026-01-05 21:12:42,1692,25,5013,3,279.71,213.59,0.04,839.13,805.56,164.79,AUD,credit_card,mobile_app,completed
TXN20260105001302,2026-01-05 21:14:05,1341,80,,3,200.59,111.67,0.15,601.77,511.5,176.49,AUD,buy_now_pay_later,web,completed
TXN20260105001303,2026-01-05 21:15:00,1962,387,,1,113.54,61.9,0.04,113.54,109.0,47.1,AUD,credit_card,mobile_app,completed
TXN20260105001304,2026-01-05 21:15:13,1908,207,5010,2,174.77,73.18,0.16,349.54,293.61,147.25,AUD,credit_card,marketplace,completed
TXN20260105001305,2026-01-05 21:16:12,2086,399,,2,108.85,51.12,0.03,217.7,211.17,108.93,AUD,gift_card,web,completed
TXN20260105001306,2026-01-05 21:17:23,2063,299,,2,256.41,147.41,0.11,512.82,456.41,161.59,AUD,credit_card,web,completed
TXN20260105001307,2026-01-05 21:18:08,1197,106,5012,2,313.2,199.1,0.12,626.4,551.23,153.03,AUD,debit_card,marketplace,completed
TXN20260105001308,2026-01-05 21:19:01,2178,36,,1,95.33,67.51,0.13,95.33,82.94,15.43,AUD,credit_card,web,completed
TXN20260105001309,2026-01-05 21:19:09,1447,260,,3,168.41,124.86,0.04,505.23,485.02,110.44,AUD,credit_card,web,completed
TXN20260105001310,2026-01-05 21:19:29,1869,238,,2,356.39,213.37,0.14,712.78,612.99,186.25,AUD,debit_card,mobile_app,completed
TXN20260105001311,2026-01-05 21:19:55,1584,36,,1,95.33,67.51,0.07,95.33,88.66,21.15,AUD,credit_card,marketplace,completed
TXN20260105001312,2026-01-05 21:20:03,1117,364,,1,126.27,67.13,0.22,126.27,98.49,31.36,AUD,credit_card,web,completed
TXN20260105001313,2026-01-05 21:20:33,1818,73,,2,97.62,68.56,0.13,195.24,169.86,32.74,AUD,buy_now_pay_later,mobile_app,refunded
TXN20260105001314,2026-01-05 21:21:59,2005,366,,3,212.32,146.95,0.11,636.96,566.89,126.04,AUD,buy_now_pay_later,web,completed
TXN20260105001315,2026-01-05 21:22:10,1938,88,,5,104.05,41.24,0.08,520.25,478.63,272.43,AUD,credit_card,web,completed
TXN20260105001316,2026-01-05 21:23:07,2075,245,,3,349.8,233.63,0.08,1049.4,965.45,264.56,AUD,credit_card,web,completed
TXN20260105001317,2026-01-05 21:23:22,1501,134,5016,2,151.77,62.1,0.02,303.54,297.47,173.27,AUD,buy_now_pay_later,mobile_app,completed
TXN20260105001318,2026-01-05 21:23:27,1523,209,,5,16.17,12.13,0.11,80.85,71.96,11.31,AUD,debit_card,web,completed
TXN20260105001319,2026-01-05 21:23:49,1512,105,,1,142.92,89.61,0.14,142.92,122.91,33.3,AUD,credit_card,web,completed
TXN20260105001320,2026-01-05 21:24:35,2200,33,,5,120.22,59.38,0.07,601.1,559.02,262.12,AUD,credit_card,web,completed
TXN20260105001321,2026-01-05 21:24:59,1165,69,,4,53.62,37.17,0.14,214.48,184.45,35.77,AUD,debit_card,phone,completed
TXN20260105001322,2026-01-05 21:25:06,1464,299,5012,2,256.41,147.41,0.14,512.82,441.03,146.21,AUD,credit_card,marketplace,completed
TXN20260105001323,2026-01-05 21:25:34,1098,375,,1,239.04,121.65,0.07,239.04,222.31,100.66,AUD,paypal,web,completed
TXN20260105001324,2026-01-05 21:26:32,1825,313,,1,364.12,204.74,0.21,364.12,287.65,82.91,AUD,paypal,web,completed
TXN20260105001325,2026-01-05 21:27:24,1917,164,5002,2,219.94,105.48,0.07,439.88,409.09,198.13,AUD,credit_card,mobile_app,completed
TXN20260105001326,2026-01-05 21:31:50,1365,206,,2,211.48,126.89,0.04,422.96,406.04,152.26,AUD,debit_card,web,completed
TXN20260105001327,2026-01-05 21:32:03,1207,227,,2,46.57,24.42,0.24,93.14,70.79,21.95,AUD,credit_card,web,cancelled
TXN20260105001328,2026-01-05 21:32:57,1255,97,,3,261.47,109.45,0.05,784.41,745.19,416.84,AUD,paypal,web,pending
TXN20260105001329,2026-01-05 21:33:29,1928,308,5009,1,227.37,123.17,0.06,227.37,213.73,90.56,AUD,credit_card,web,completed
TXN20260105001330,2026-01-05 21:34:08,1897,316,,4,109.37,70.04,0.01,437.48,433.11,152.95,AUD,paypal,mobile_app,completed
TXN20260105001331,2026-01-05 21:34:50,1165,292,,2,313.29,237.82,0.03,626.58,607.78,132.14,AUD,debit_card,web,completed
TXN20260105001332,2026-01-05 21:34:57,2114,333,5010,1,41.88,25.97,0.19,41.88,33.92,7.95,AUD,credit_card,web,completed
TXN20260105001333,2026-01-05 21:35:41,2009,22,5003,4,239.15,141.03,0.19,956.6,774.85,210.73,AUD,credit_card,mobile_app,refunded
TXN20260105001334,2026-01-05 21:35:44,1214,29,,3,157.08,114.81,0.22,471.24,367.57,23.14,AUD,credit_card,web,completed
TXN20260105001335,2026-01-05 21:36:06,1366,63,5008,2,137.14,59.24,0.14,274.28,235.88,117.4,AUD,credit_card,web,completed
TXN20260105001336,2026-01-05 21:36:38,1003,178,,2,354.14,201.79,0.06,708.28,665.78,262.2,AUD,credit_card,mobile_app,completed
TXN20260105001337,2026-01-05 21:36:53,1218,127,,1,45.1,29.41,0.2,45.1,36.08,6.67,AUD,credit_card,in_store,completed
TXN20260105001338,2026-01-05 21:37:02,1083,390,5007,5,62.95,41.27,0.05,314.75,299.01,92.66,AUD,debit_card,web,completed
TXN20260105001339,2026-01-05 21:38:33,2150,224,5006,2,135.38,94.24,0.17,270.76,224.73,36.25,AUD,paypal,web,completed
TXN20260105001340,2026-01-05 21:38:39,1044,27,,2,172.81,116.75,0.04,345.62,331.8,98.3,AUD,credit_card,mobile_app,completed
TXN20260105001341,2026-01-05 21:38:57,1987,124,,1,396.85,254.98,0.05,396.85,377.01,122.03,AUD,debit_card,web,completed
TXN20260105001342,2026-01-05 21:39:28,1691,220,,3,80.96,29.21,0.18,242.88,199.16,111.53,AUD,credit_card,mobile_app,completed
TXN20260105001343,2026-01-05 21:40:56,1649,324,,1,79.51,55.68,0.19,79.51,64.4,8.72,AUD,paypal,web,completed
TXN20260105001344,2026-01-05 21:41:07,2113,142,5009,2,424.43,299.05,0.19,848.86,687.58,89.48,AUD,credit_card,mobile_app,completed
TXN20260105001345,2026-01-05 21:42:00,1495,80,5008,3,200.59,111.67,0.07,601.77,559.65,224.64,AUD,paypal,mobile_app,completed
TXN20260105001346,2026-01-05 21:42:06,2002,5,5008,4,69.17,48.26,0.02,276.68,271.15,78.11,AUD,paypal,mobile_app,completed
TXN20260105001347,2026-01-05 21:43:09,2027,160,,2,132.52,86.58,0.01,265.04,262.39,89.23,AUD,debit_card,mobile_app,completed
TXN20260105001348,2026-01-05 21:43:20,1417,217,5006,5,105.58,80.07,0.2,527.9,422.32,21.97,AUD,debit_card,web,completed
TXN20260105001349,2026-01-05 21:43:27,1288,201,,1,105.57,80.82,0.25,105.57,79.18,-1.64,AUD,credit_card,mobile_app,completed
TXN20260105001350,2026-01-05 21:43:35,1552,315,5008,4,85.51,53.68,0.11,342.04,304.42,89.7,AUD,debit_card,mobile_app,completed
TXN20260105001351,2026-01-05 21:43:51,1712,86,5002,1,176.95,129.01,0.15,176.95,150.41,21.4,AUD,debit_card,marketplace,completed
TXN20260105001352,2026-01-05 21:44:07,1709,329,,5,58.04,29.11,0.05,290.2,275.69,130.14,AUD,paypal,marketplace,completed
TXN20260105001353,2026-01-05 21:44:24,1039,51,,1,162.3,85.52,0.08,162.3,149.32,63.8,AUD,paypal,web,completed
TXN20260105001354,2026-01-05 21:44:34,1879,296,5003,3,305.06,151.58,0.02,915.18,896.88,442.14,AUD,credit_card,web,completed
TXN20260105001355,2026-01-05 21:45:40,1828,326,,4,183.44,105.75,0.08,733.76,675.06,252.06,AUD,debit_card,mobile_app,completed
TXN20260105001356,2026-01-05 21:45:51,1173,353,5017,4,53.63,27.2,0.08,214.52,197.36,88.56,AUD,debit_card,mobile_app,completed
TXN20260105001357,2026-01-05 21:45:52,1198,235,,2,18.79,8.45,0.01,37.58,37.2,20.3,AUD,paypal,mobile_app,completed
TXN20260105001358,2026-01-05 21:48:35,1419,380,,1,148.6,57.32,0.13,148.6,129.28,71.96,AUD,credit_card,web,completed
TXN20260105001359,2026-01-05 21:48:44,1591,136,5017,2,12.1,8.71,0.17,24.2,20.09,2.67,AUD,debit_card,mobile_app,completed
TXN20260105001360,2026-01-05 21:48:58,1127,205,,3,200.88,145.96,0.2,602.64,482.11,44.23,AUD,paypal,mobile_app,completed
TXN20260105001361,2026-01-05 21:49:06,1393,162,,1,102.25,40.84,0.09,102.25,93.05,52.21,AUD,debit_card,web,completed
TXN20260105001362,2026-01-05 21:49:06,1232,3,5009,4,142.91,77.99,0.23,571.64,440.16,128.2,AUD,credit_card,web,completed
TXN20260105001363,2026-01-05 21:49:25,1238,109,,2,156.65,98.49,0.18,313.3,256.91,59.93,AUD,credit_card,web,completed
TXN20260105001364,2026-01-05 21:50:59,1502,319,,4,134.18,49.74,0.06,536.72,504.52,305.56,AUD,debit_card,marketplace,completed
TXN20260105001365,2026-01-05 21:51:49,1815,178,,2,354.14,201.79,0.15,708.28,602.04,198.46,AUD,buy_now_pay_later,web,completed
TXN20260105001366,2026-01-05 21:52:24,1667,37,,3,5.1,1.86,0.18,15.3,12.55,6.97,AUD,credit_card,mobile_app,completed
TXN20260105001367,2026-01-05 21:52:35,1058,363,,2,161.87,102.03,0.22,323.74,252.52,48.46,AUD,credit_card,web,completed
TXN20260105001368,2026-01-05 21:53:04,1392,113,,1,424.44,152.08,0.08,424.44,390.48,238.4,AUD,credit_card,web,pending
TXN20260105001369,2026-01-05 21:53:47,2036,316,,5,109.37,70.04,0.07,546.85,508.57,158.37,AUD,paypal,marketplace,completed
TXN20260105001370,2026-01-05 21:54:08,1653,164,,2,219.94,105.48,0.09,439.88,400.29,189.33,AUD,debit_card,web,completed
TXN20260105001371,2026-01-05 21:54:21,1569,340,,3,69.61,35.79,0.09,208.83,190.04,82.67,AUD,credit_card,mobile_app,completed
TXN20260105001372,2026-01-05 21:54:51,1505,194,,1,45.96,33.9,0.03,45.96,44.58,10.68,AUD,bank_transfer,web,completed
TXN20260105001373,2026-01-05 21:55:13,1027,148,,2,64.17,49.35,0.22,128.34,100.11,1.41,AUD,buy_now_pay_later,mobile_app,completed
TXN20260105001374,2026-01-05 21:56:11,1239,399,,1,108.85,51.12,0.06,108.85,102.32,51.2,AUD,paypal,web,completed
TXN20260105001375,2026-01-05 21:56:11,1051,344,,1,24.55,10.75,0.08,24.55,22.59,11.84,AUD,credit_card,web,completed
TXN20260105001376,2026-01-05 21:56:14,1325,162,5008,2,102.25,40.84,0.14,204.5,175.87,94.19,AUD,bank_transfer,web,completed
TXN20260105001377,2026-01-05 21:57:30,2130,60,,4,77.58,46.86,0.11,310.32,276.18,88.74,AUD,paypal,mobile_app,completed
TXN20260105001378,2026-01-05 21:57:43,1114,96,5002,2,143.85,89.79,0.09,287.7,261.81,82.23,AUD,debit_card,mobile_app,completed
TXN20260105001379,2026-01-05 21:58:43,1624,156,,6,179.48,110.08,0.26,1076.88,796.89,136.41,AUD,bank_transfer,web,completed
TXN20260105001380,2026-01-05 21:58:48,1993,128,,4,189.27,110.21,0.19,757.08,613.23,172.39,AUD,paypal,web,completed
TXN20260105001381,2026-01-05 21:59:29,1336,275,,1,116.41,50.22,0.13,116.41,101.28,51.06,AUD,paypal,web,completed
TXN20260105001382,2026-01-05 21:59:52,2130,150,,3,205.86,111.18,0.01,617.58,611.4,277.86,AUD,paypal,marketplace,completed
TXN20260105001383,2026-01-05 22:01:06,2009,63,5009,2,137.14,59.24,0.1,274.28,246.85,128.37,AUD,buy_now_pay_later,web,completed
TXN20260105001384,2026-01-05 22:01:22,1664,259,,1,243.76,167.05,0.16,243.76,204.76,37.71,AUD,credit_card,web,completed
TXN20260105001385,2026-01-05 22:01:37,1469,196,,3,113.34,80.83,0.2,340.02,272.02,29.53,AUD,credit_card,web,completed
TXN20260105001386,2026-01-05 22:01:43,1780,51,,1,162.3,85.52,0.02,162.3,159.05,73.53,AUD,buy_now_pay_later,mobile_app,completed
TXN20260105001387,2026-01-05 22:03:20,1861,167,,3,176.55,75.21,0.08,529.65,487.28,261.65,AUD,buy_now_pay_later,web,completed
TXN20260105001388,2026-01-05 22:04:00,1841,328,5010,2,33.71,19.15,0.15,67.42,57.31,19.01,AUD,credit_card,mobile_app,cancelled
TXN20260105001389,2026-01-05 22:04:07,1227,207,,1,174.77,73.18,0.07,174.77,162.54,89.36,AUD,debit_card,marketplace,completed
TXN20260105001390,2026-01-05 22:04:29,1077,144,5008,4,19.12,6.9,0.03,76.48,74.19,46.59,AUD,debit_card,mobile_app,completed
TXN20260105001391,2026-01-05 22:04:50,1831,375,,4,239.04,121.65,0.05,956.16,908.35,421.75,AUD,credit_card,web,completed
TXN20260105001392,2026-01-05 22:04:53,1543,147,,4,287.02,186.05,0.1,1148.08,1033.27,289.07,AUD,credit_card,web,completed
TXN20260105001393,2026-01-05 22:05:31,2138,263,5005,1,194.7,69.51,0.02,194.7,190.81,121.3,AUD,credit_card,web,completed
TXN20260105001394,2026-01-05 22:07:13,1883,243,,1,6.18,2.24,0.13,6.18,5.38,3.14,AUD,credit_card,marketplace,completed
TXN20260105001395,2026-01-05 22:07:50,1985,252,,2,12.21,8.71,0.13,24.42,21.25,3.83,AUD,debit_card,in_store,completed
TXN20260105001396,2026-01-05 22:08:10,1829,342,5006,5,119.39,87.78,0.05,596.95,567.1,128.2,AUD,paypal,mobile_app,completed
TXN20260105001397,2026-01-05 22:08:32,1406,91,5006,2,229.04,125.54,0.1,458.08,412.27,161.19,AUD,credit_card,mobile_app,completed
TXN20260105001398,2026-01-05 22:09:04,1220,306,5016,1,201.0,79.58,0.11,201.0,178.89,99.31,AUD,credit_card,mobile_app,cancelled
TXN20260105001399,2026-01-05 22:09:55,1494,277,,1,470.57,189.97,0.0,470.57,470.57,280.6,AUD,gift_card,marketplace,completed
TXN20260105001400,2026-01-05 22:10:10,1266,311,,3,265.88,206.32,0.25,797.64,598.23,-20.73,AUD,credit_card,mobile_app,completed
TXN20260105001401,2026-01-05 22:10:25,2068,373,5018,4,423.09,155.74,0.07,1692.36,1573.89,950.93,AUD,buy_now_pay_later,mobile_app,completed
TXN20260105001402,2026-01-05 22:11:26,1447,300,5007,3,134.02,50.66,0.01,402.06,398.04,246.06,AUD,credit_card,in_store,completed
TXN20260105001403,2026-01-05 22:11:36,1082,140,5013,2,98.88,53.29,0.27,197.76,144.36,37.78,AUD,debit_card,marketplace,completed
TXN20260105001404,2026-01-05 22:12:11,1759,192,,2,486.02,347.84,0.2,972.04,777.63,81.95,AUD,buy_now_pay_later,web,completed
TXN20260105001405,2026-01-05 22:13:22,1016,314,5007,1,218.05,130.2,0.06,218.05,204.97,74.77,AUD,paypal,mobile_app,refunded
TXN20260105001406,2026-01-05 22:13:53,1928,70,,1,291.11,188.06,0.03,291.11,282.38,94.32,AUD,buy_now_pay_later,web,completed
TXN20260105001407,2026-01-05 22:14:11,2058,204,5003,4,256.41,190.36,0.01,1025.64,1015.38,253.94,AUD,credit_card,mobile_app,completed
TXN20260105001408,2026-01-05 22:14:11,1914,191,5017,2,265.41,112.45,0.05,530.82,504.28,279.38,AUD,credit_card,web,completed
TXN20260105001409,2026-01-05 22:15:35,1990,51,,2,162.3,85.52,0.07,324.6,301.88,130.84,AUD,credit_card,web,completed
TXN20260105001410,2026-01-05 22:15:55,2041,44,,2,236.02,141.49,0.2,472.04,377.63,94.65,AUD,buy_now_pay_later,marketplace,completed
TXN20260105001411,2026-01-05 22:17:32,1189,377,5018,5,34.75,17.44,0.18,173.75,142.48,55.28,AUD,credit_card,web,completed
TXN20260105001412,2026-01-05 22:17:46,2173,33,,2,120.22,59.38,0.01,240.44,238.04,119.28,AUD,paypal,web,completed
TXN20260105001413,2026-01-05 22:18:22,2172,375,,1,239.04,121.65,0.03,239.04,231.87,110.22,AUD,paypal,web,completed
TXN20260105001414,2026-01-05 22:18:26,1793,239,5013,4,33.36,20.5,0.05,133.44,126.77,44.77,AUD,credit_card,mobile_app,completed
TXN20260105001415,2026-01-05 22:18:31,2001,347,,1,71.51,38.02,0.03,71.51,69.36,31.34,AUD,buy_now_pay_later,web,completed
TXN20260105001416,2026-01-05 22:19:49,1586,316,,1,109.37,70.04,0.14,109.37,94.06,24.02,AUD,buy_now_pay_later,mobile_app,completed
TXN20260105001417,2026-01-05 22:20:36,2089,122,,3,163.85,114.55,0.03,491.55,476.8,133.15,AUD,buy_now_pay_later,web,completed
TXN20260105001418,2026-01-05 22:21:56,1529,35,,1,123.44,76.69,0.06,123.44,116.03,39.34,AUD,credit_card,marketplace,completed
TXN20260105001419,2026-01-05 22:22:15,1461,151,,4,36.21,16.06,0.18,144.84,118.77,54.53,AUD,credit_card,mobile_app,completed
TXN20260105001420,2026-01-05 22:22:31,1929,215,,1,8.88,3.58,0.09,8.88,8.08,4.5,AUD,credit_card,marketplace,completed
TXN20260105001421,2026-01-05 22:22:36,1445,103,,1,34.27,18.76,0.03,34.27,33.24,14.48,AUD,gift_card,web,completed
TXN20260105001422,2026-01-05 22:22:41,1895,362,5006,3,10.4,7.12,0.11,31.2,27.77,6.41,AUD,credit_card,mobile_app,completed
TXN20260105001423,2026-01-05 22:22:48,1881,193,,1,368.81,195.25,0.0,368.81,368.81,173.56,AUD,buy_now_pay_later,mobile_app,completed
TXN20260105001424,2026-01-05 22:23:10,1707,283,,1,155.88,105.7,0.1,155.88,140.29,34.59,AUD,credit_card,web,completed
TXN20260105001425,2026-01-05 22:23:14,1900,337,5007,1,146.92,72.71,0.19,146.92,119.01,46.3,AUD,credit_card,web,completed
TXN20260105001426,2026-01-05 22:23:38,1857,323,,3,154.89,83.84,0.06,464.67,436.79,185.27,AUD,credit_card,phone,completed
TXN20260105001427,2026-01-05 22:23:51,1989,37,,3,5.1,1.86,0.03,15.3,14.84,9.26,AUD,paypal,mobile_app,completed
TXN20260105001428,2026-01-05 22:24:35,1866,75,5006,1,200.92,131.5,0.12,200.92,176.81,45.31,AUD,credit_card,web,refunded
TXN20260105001429,2026-01-05 22:25:02,2150,63,,2,137.14,59.24,0.01,274.28,271.54,153.06,AUD,credit_card,in_store,completed
TXN20260105001430,2026-01-05 22:25:47,1376,147,,1,287.02,186.05,0.07,287.02,266.93,80.88,AUD,gift_card,marketplace,completed
TXN20260105001431,2026-01-05 22:25:55,1350,88,5010,2,104.05,41.24,0.07,208.1,193.53,111.05,AUD,credit_card,mobile_app,completed
TXN20260105001432,2026-01-05 22:26:00,1882,87,,2,137.75,85.09,0.05,275.5,261.72,91.54,AUD,credit_card,web,completed
TXN20260105001433,2026-01-05 22:27:36,2189,388,5004,4,178.72,91.5,0.04,714.88,686.28,320.28,AUD,debit_card,mobile_app,completed
TXN20260105001434,2026-01-05 22:28:04,1495,370,,4,292.21,138.01,0.09,1168.84,1063.64,511.6,AUD,buy_now_pay_later,in_store,completed
TXN20260105001435,2026-01-05 22:28:07,1401,118,,4,63.49,25.23,0.18,253.96,208.25,107.33,AUD,debit_card,web,completed
TXN20260105001436,2026-01-05 22:28:13,1328,13,,2,39.93,31.05,0.14,79.86,68.68,6.58,AUD,credit_card,in_store,completed
TXN20260105001437,2026-01-05 22:28:23,1130,312,,1,142.79,97.05,0.12,142.79,125.66,28.61,AUD,credit_card,web,completed
TXN20260105001438,2026-01-05 22:28:35,1126,280,,2,235.41,129.45,0.0,470.82,470.82,211.92,AUD,buy_now_pay_later,mobile_app,completed
TXN20260105001439,2026-01-05 22:29:17,1768,288,,1,349.87,265.76,0.25,349.87,262.4,-3.36,AUD,debit_card,mobile_app,completed
TXN20260105001440,2026-01-05 22:30:06,1117,355,,1,211.06,93.04,0.17,211.06,175.18,82.14,AUD,debit_card,web,completed
TXN20260105001441,2026-01-05 22:30:23,1244,223,,2,140.86,54.16,0.09,281.72,256.37,148.05,AUD,paypal,web,completed
TXN20260105001442,2026-01-05 22:30:41,1060,135,,1,141.91,90.68,0.09,141.91,129.14,38.46,AUD,credit_card,web,completed
TXN20260105001443,2026-01-05 22:31:14,1826,18,5007,1,23.51,10.69,0.14,23.51,20.22,9.53,AUD,debit_card,web,completed
TXN20260105001444,2026-01-05 22:31:18,1403,326,,4,183.44,105.75,0.01,733.76,726.42,303.42,AUD,bank_transfer,mobile_app,completed
TXN20260105001445,2026-01-05 22:31:38,1353,172,5018,2,191.33,75.08,0.08,382.66,352.05,201.89,AUD,bank_transfer,mobile_app,completed
TXN20260105001446,2026-01-05 22:32:05,1366,71,5006,1,451.62,218.09,0.27,451.62,329.68,111.59,AUD,bank_transfer,marketplace,completed
TXN20260105001447,2026-01-05 22:32:08,1410,279,5005,2,202.1,80.17,0.13,404.2,351.65,191.31,AUD,buy_now_pay_later,in_store,completed
TXN20260105001448,2026-01-05 22:32:55,1872,381,5018,4,12.14,8.81,0.1,48.56,43.7,8.46,AUD,credit_card,mobile_app,completed
TXN20260105001449,2026-01-05 22:33:00,1602,401,,1,112.78,49.28,0.2,112.78,90.22,40.94,AUD,debit_card,mobile_app,completed
TXN20260105001450,2026-01-05 22:33:12,1661,35,,1,123.44,76.69,0.06,123.44,116.03,39.34,AUD,credit_card,web,refunded
TXN20260105001451,2026-01-05 22:33:32,1937,131,5016,4,93.36,56.38,0.04,373.44,358.5,132.98,AUD,debit_card,marketplace,completed
TXN20260105001452,2026-01-05 22:33:45,1311,56,5004,3,221.91,135.65,0.12,665.73,585.84,178.89,AUD,gift_card,mobile_app,completed
TXN20260105001453,2026-01-05 22:33:55,1826,200,,2,8.47,4.01,0.06,16.94,15.92,7.9,AUD,paypal,web,completed
TXN20260105001454,2026-01-05 22:34:00,1279,199,,3,405.48,228.61,0.08,1216.44,1119.12,433.29,AUD,credit_card,web,completed
TXN20260105001455,2026-01-05 22:34:23,1275,274,5002,2,68.35,38.43,0.22,136.7,106.63,29.77,AUD,credit_card,mobile_app,completed
TXN20260105001456,2026-01-05 22:34:36,2098,233,,2,320.43,123.08,0.02,640.86,628.04,381.88,AUD,credit_card,web,completed
TXN20260105001457,2026-01-05 22:35:31,1765,253,,1,142.58,95.23,0.21,142.58,112.64,17.41,AUD,paypal,mobile_app,completed
TXN20260105001458,2026-01-05 22:36:04,1003,87,,4,137.75,85.09,0.18,551.0,451.82,111.46,AUD,paypal,marketplace,completed
TXN20260105001459,2026-01-05 22:36:19,1302,180,5006,2,233.35,116.35,0.05,466.7,443.36,210.66,AUD,credit_card,marketplace,completed
TXN20260105001460,2026-01-05 22:36:33,1114,351,,4,410.9,255.25,0.0,1643.6,1643.6,622.6,AUD,credit_card,web,completed
TXN20260105001461,2026-01-05 22:36:40,1919,217,,1,105.58,80.07,0.12,105.58,92.91,12.84,AUD,debit_card,mobile_app,completed
TXN20260105001462,2026-01-05 22:36:40,1045,355,5004,2,211.06,93.04,0.19,422.12,341.92,155.84,AUD,debit_card,web,completed
TXN20260105001463,2026-01-05 22:38:08,1548,36,,3,95.33,67.51,0.03,285.99,277.41,74.88,AUD,credit_card,web,completed
TXN20260105001464,2026-01-05 22:38:24,1219,73,,3,97.62,68.56,0.14,292.86,251.86,46.18,AUD,credit_card,marketplace,completed
TXN20260105001465,2026-01-05 22:38:29,1960,211,5010,3,125.27,94.18,0.08,375.81,345.75,63.21,AUD,credit_card,web,completed
TXN20260105001466,2026-01-05 22:39:08,1530,330,5010,6,125.71,91.59,0.1,754.26,678.83,129.29,AUD,paypal,web,cancelled
TXN20260105001467,2026-01-05 22:39:09,1258,156,,6,179.48,110.08,0.27,1076.88,786.12,125.64,AUD,credit_card,web,completed
TXN20260105001468,2026-01-05 22:39:10,2192,135,,5,141.91,90.68,0.07,709.55,659.88,206.48,AUD,credit_card,mobile_app,completed
TXN20260105001469,2026-01-05 22:41:08,1087,119,,5,26.62,12.14,0.01,133.1,131.77,71.07,AUD,bank_transfer,mobile_app,completed
TXN20260105001470,2026-01-05 22:42:05,2088,351,,5,410.9,255.25,0.1,2054.5,1849.05,572.8,AUD,buy_now_pay_later,mobile_app,completed
TXN20260105001471,2026-01-05 22:42:40,1333,151,,2,36.21,16.06,0.16,72.42,60.83,28.71,AUD,credit_card,web,completed
TXN20260105001472,2026-01-05 22:45:00,1130,57,,1,7.38,2.62,0.27,7.38,5.39,2.77,AUD,bank_transfer,mobile_app,cancelled
TXN20260105001473,2026-01-05 22:45:34,1878,81,,1,133.11,71.55,0.13,133.11,115.81,44.26,AUD,credit_card,web,completed
TXN20260105001474,2026-01-05 22:46:07,1201,112,,2,121.28,51.75,0.09,242.56,220.73,117.23,AUD,paypal,mobile_app,completed
TXN20260105001475,2026-01-05 22:46:15,1919,317,5009,1,25.27,14.13,0.04,25.27,24.26,10.13,AUD,credit_card,mobile_app,completed
TXN20260105001476,2026-01-05 22:46:22,1689,14,,2,60.5,36.5,0.13,121.0,105.27,32.27,AUD,debit_card,mobile_app,completed
TXN20260105001477,2026-01-05 22:46:31,2047,313,,2,364.12,204.74,0.04,728.24,699.11,289.63,AUD,credit_card,web,completed
TXN20260105001478,2026-01-05 22:48:18,1086,286,,4,226.6,96.42,0.04,906.4,870.14,484.46,AUD,credit_card,mobile_app,completed
TXN20260105001479,2026-01-05 22:48:21,1611,217,,3,105.58,80.07,0.07,316.74,294.57,54.36,AUD,debit_card,mobile_app,completed
TXN20260105001480,2026-01-05 22:49:01,1342,122,5009,4,163.85,114.55,0.02,655.4,642.29,184.09,AUD,paypal,web,completed
TXN20260105001481,2026-01-05 22:50:06,1116,402,,3,192.14,70.42,0.01,576.42,570.66,359.4,AUD,credit_card,mobile_app,completed
TXN20260105001482,2026-01-05 22:50:10,1278,189,5003,1,209.27,158.1,0.08,209.27,192.53,34.43,AUD,credit_card,web,completed
TXN20260105001483,2026-01-05 22:50:36,1178,110,,1,30.96,17.81,0.06,30.96,29.1,11.29,AUD,paypal,web,completed
TXN20260105001484,2026-01-05 22:51:24,2074,278,5003,1,60.0,45.1,0.06,60.0,56.4,11.3,AUD,credit_card,mobile_app,completed
TXN20260105001485,2026-01-05 22:51:48,1604,259,,1,243.76,167.05,0.02,243.76,238.88,71.83,AUD,paypal,web,completed
TXN20260105001486,2026-01-05 22:53:19,1255,329,,1,58.04,29.11,0.13,58.04,50.49,21.38,AUD,credit_card,mobile_app,completed
TXN20260105001487,2026-01-05 22:53:53,1695,308,,3,227.37,123.17,0.23,682.11,525.22,155.71,AUD,credit_card,web,completed
TXN20260105001488,2026-01-05 22:54:32,1049,167,,4,176.55,75.21,0.19,706.2,572.02,271.18,AUD,paypal,mobile_app,completed
TXN20260105001489,2026-01-05 22:55:11,1425,187,5012,4,18.28,11.11,0.19,73.12,59.23,14.79,AUD,credit_card,mobile_app,completed
TXN20260105001490,2026-01-05 22:55:15,1805,52,5006,1,213.42,159.81,0.1,213.42,192.08,32.27,AUD,paypal,mobile_app,completed
TXN20260105001491,2026-01-05 22:56:29,1492,353,,1,53.63,27.2,0.0,53.63,53.63,26.43,AUD,debit_card,web,completed
TXN20260105001492,2026-01-05 22:57:14,1987,28,5012,2,154.87,112.5,0.02,309.74,303.55,78.55,AUD,credit_card,mobile_app,cancelled
TXN20260105001493,2026-01-05 22:57:27,1942,59,,4,66.9,33.14,0.2,267.6,214.08,81.52,AUD,bank_transfer,marketplace,pending
TXN20260105001494,2026-01-05 22:57:42,1259,269,,2,129.92,57.09,0.14,259.84,223.46,109.28,AUD,credit_card,web,completed
TXN20260105001495,2026-01-05 22:57:47,1749,153,,6,133.15,94.62,0.1,798.9,719.01,151.29,AUD,credit_card,mobile_app,completed
TXN20260105001496,2026-01-05 22:59:04,2167,290,,1,37.46,23.23,0.24,37.46,28.47,5.24,AUD,paypal,web,completed
TXN20260105001497,2026-01-05 22:59:27,1220,340,,2,69.61,35.79,0.17,139.22,115.55,43.97,AUD,credit_card,web,completed
TXN20260105001498,2026-01-05 23:01:50,1363,279,5002,3,202.1,80.17,0.06,606.3,569.92,329.41,AUD,paypal,web,completed
TXN20260105001499,2026-01-05 23:06:05,1310,266,,2,87.68,41.95,0.03,175.36,170.1,86.2,AUD,paypal,web,completed
TXN20260105001500,2026-01-05 23:06:49,2126,260,5016,1,168.41,124.86,0.01,168.41,166.73,41.87,AUD,paypal,mobile_app,completed
TXN20260105001501,2026-01-05 23:07:59,1749,138,5008,1,132.98,57.54,0.03,132.98,128.99,71.45,AUD,credit_card,web,refunded
TXN20260105001502,2026-01-05 23:10:36,1460,233,,2,320.43,123.08,0.03,640.86,621.63,375.47,AUD,credit_card,web,completed
TXN20260105001503,2026-01-05 23:11:34,1820,183,,1,56.96,21.65,0.08,56.96,52.4,30.75,AUD,credit_card,web,completed
TXN20260105001504,2026-01-05 23:12:17,1824,200,5017,3,8.47,4.01,0.22,25.41,19.82,7.79,AUD,buy_now_pay_later,mobile_app,refunded
TXN20260105001505,2026-01-05 23:17:14,1988,361,,1,172.83,61.35,0.09,172.83,157.28,95.93,AUD,credit_card,web,completed
TXN20260105001506,2026-01-05 23:19:26,1391,290,5014,1,37.46,23.23,0.07,37.46,34.84,11.61,AUD,credit_card,mobile_app,completed
TXN20260105001507,2026-01-05 23:19:47,1932,11,5006,2,383.38,230.87,0.14,766.76,659.41,197.67,AUD,paypal,web,completed
TXN20260105001508,2026-01-05 23:20:21,1289,150,,5,205.86,111.18,0.18,1029.3,844.03,288.13,AUD,credit_card,mobile_app,completed
TXN20260105001509,2026-01-05 23:20:51,1580,70,,5,291.11,188.06,0.01,1455.55,1440.99,500.69,AUD,paypal,web,completed
TXN20260105001510,2026-01-05 23:23:06,1742,37,,2,5.1,1.86,0.2,10.2,8.16,4.44,AUD,credit_card,mobile_app,refunded
TXN20260105001511,2026-01-05 23:27:47,1836,160,,5,132.52,86.58,0.18,662.6,543.33,110.43,AUD,credit_card,web,completed
TXN20260105001512,2026-01-05 23:28:16,1707,393,5018,2,18.4,11.45,0.05,36.8,34.96,12.06,AUD,bank_transfer,marketplace,completed
TXN20260105001513,2026-01-05 23:33:38,1967,235,5016,4,18.79,8.45,0.05,75.16,71.4,37.6,AUD,debit_card,web,completed
TXN20260105001514,2026-01-05 23:34:15,1392,272,,2,48.63,36.18,0.02,97.26,95.31,22.95,AUD,debit_card,web,completed
TXN20260105001515,2026-01-05 23:34:38,1640,372,,5,321.9,183.97,0.22,1609.5,1255.41,335.56,AUD,paypal,mobile_app,completed
TXN20260105001516,2026-01-05 23:36:34,1727,77,,1,288.19,141.16,0.17,288.19,239.2,98.04,AUD,debit_card,web,completed
TXN20260105001517,2026-01-05 23:37:36,1849,101,5010,1,352.61,157.72,0.17,352.61,292.67,134.95,AUD,credit_card,mobile_app,completed
TXN20260105001518,2026-01-05 23:37:44,1320,312,5009,2,142.79,97.05,0.19,285.58,231.32,37.22,AUD,credit_card,in_store,completed
TXN20260105001519,2026-01-05 23:42:07,1021,350,,1,78.73,28.3,0.03,78.73,76.37,48.07,AUD,credit_card,web,completed
TXN20260105001520,2026-01-05 23:47:00,1105,165,5007,1,198.75,72.56,0.16,198.75,166.95,94.39,AUD,bank_transfer,web,completed
TXN20260105001521,2026-01-05 23:48:53,1494,289,,4,135.78,64.29,0.12,543.12,477.95,220.79,AUD,paypal,marketplace,completed
TXN20260105001522,2026-01-05 23:49:17,1814,48,,4,196.8,70.47,0.04,787.2,755.71,473.83,AUD,credit_card,mobile_app,refunded
TXN20260105001523,2026-01-05 23:51:37,1315,336,,4,250.44,165.04,0.04,1001.76,961.69,301.53,AUD,debit_card,marketplace,completed
TXN20260105001524,2026-01-05 23:52:29,2190,375,,5,239.04,121.65,0.04,1195.2,1147.39,539.14,AUD,credit_card,mobile_app,completed
TXN20260105001525,2026-01-05 23:53:49,2087,301,5003,4,288.28,108.1,0.15,1153.12,980.15,547.75,AUD,credit_card,web,cancelled
