transaction_id,event_ts,customer_id,product_id,campaign_id,quantity,unit_price,unit_cost,discount_pct,gross_amount,net_amount,margin_amount,currency,payment_method,channel,status
TXN20260107000001,2026-01-07 00:00:25,1077,199,,2,405.48,228.61,0.03,810.96,786.63,329.41,AUD,paypal,mobile_app,completed
TXN20260107000002,2026-01-07 00:03:32,1397,337,5004,1,146.92,72.71,0.22,146.92,114.6,41.89,AUD,debit_card,web,completed
TXN20260107000003,2026-01-07 00:03:37,1279,30,,2,170.45,127.12,0.04,340.9,327.26,73.02,AUD,paypal,mobile_app,completed
TXN20260107000004,2026-01-07 00:06:09,1499,168,,1,356.7,253.22,0.06,356.7,335.3,82.08,AUD,credit_card,mobile_app,completed
TXN20260107000005,2026-01-07 00:06:55,1599,269,5018,2,129.92,57.09,0.02,259.84,254.64,140.46,AUD,paypal,web,completed
TXN20260107000006,2026-01-07 00:06:57,1552,18,5002,3,23.51,10.69,0.08,70.53,64.89,32.82,AUD,paypal,web,completed
TXN20260107000007,2026-01-07 00:08:50,1503,227,,1,46.57,24.42,0.15,46.57,39.58,15.16,AUD,credit_card,mobile_app,completed
TXN20260107000008,2026-01-07 00:10:00,1209,185,,2,182.91,71.26,0.23,365.82,281.68,139.16,AUD,credit_card,web,completed
TXN20260107000009,2026-01-07 00:12:13,1254,230,5005,1,249.03,160.65,0.08,249.03,229.11,68.46,AUD,bank_transfer,web,completed
TXN20260107000010,2026-01-07 00:13:01,2072,333,,4,41.88,25.97,0.04,167.52,160.82,56.94,AUD,gift_card,web,completed
TXN20260107000011,2026-01-07 00:16:44,1976,399,5005,1,108.85,51.12,0.09,108.85,99.05,47.93,AUD,debit_card,web,completed
TXN20260107000012,2026-01-07 00:18:11,1714,30,,3,170.45,127.12,0.02,511.35,501.12,119.76,AUD,credit_card,phone,completed
TXN20260107000013,2026-01-07 00:20:49,2085,312,5002,3,142.79,97.05,0.14,428.37,368.4,77.25,AUD,credit_card,web,completed
TXN20260107000014,2026-01-07 00:21:24,1614,154,,3,128.25,56.51,0.15,384.75,327.04,157.51,AUD,credit_card,mobile_app,completed
TXN20260107000015,2026-01-07 00:21:50,1249,162,5012,1,102.25,40.84,0.05,102.25,97.14,56.3,AUD,debit_card,mobile_app,completed
TXN20260107000016,2026-01-07 00:26:36,1275,326,,1,183.44,105.75,0.1,183.44,165.1,59.35,AUD,bank_transfer,mobile_app,completed
TXN20260107000017,2026-01-07 00:32:45,1465,83,,2,271.39,135.83,0.05,542.78,515.64,243.98,AUD,bank_transfer,mobile_app,refunded
TXN20260107000018,2026-01-07 00:33:00,2000,138,,2,132.98,57.54,0.0,265.96,265.96,150.88,AUD,credit_card,mobile_app,cancelled
TXN20260107000019,2026-01-07 00:34:28,2044,102,,4,276.02,213.86,0.12,1104.08,971.59,116.15,AUD,credit_card,web,completed
TXN20260107000020,2026-01-07 00:37:42,1442,369,,1,254.39,165.86,0.05,254.39,241.67,75.81,AUD,paypal,mobile_app,completed
TXN20260107000021,2026-01-07 00:38:09,1542,2,,3,292.97,126.42,0.17,878.91,729.5,350.24,AUD,credit_card,web,completed
TXN20260107000022,2026-01-07 00:39:36,2006,203,,2,5.97,4.17,0.1,11.94,10.75,2.41,AUD,debit_card,mobile_app,completed
TXN20260107000023,2026-01-07 00:45:03,1654,91,,3,229.04,125.54,0.17,687.12,570.31,193.69,AUD,credit_card,mobile_app,completed
TXN20260107000024,2026-01-07 00:49:39,1797,245,,1,349.8,233.63,0.01,349.8,346.3,112.67,AUD,buy_now_pay_later,web,completed
TXN20260107000025,2026-01-07 00:50:27,2066,379,,4,115.88,59.08,0.0,463.52,463.52,227.2,AUD,bank_transfer,mobile_app,completed
TXN20260107000026,2026-01-07 00:53:52,2094,149,,2,221.16,142.36,0.18,442.32,362.7,77.98,AUD,credit_card,web,completed
TXN20260107000027,2026-01-07 00:55:11,1268,102,5009,1,276.02,213.86,0.04,276.02,264.98,51.12,AUD,paypal,web,completed
TXN20260107000028,2026-01-07 00:55:26,1055,386,5016,2,284.12,120.27,0.01,568.24,562.56,322.02,AUD,credit_card,mobile_app,completed
TXN20260107000029,2026-01-07 00:55:33,1830,182,5009,4,185.56,117.63,0.06,742.24,697.71,227.19,AUD,debit_card,web,completed
TXN20260107000030,2026-01-07 00:59:49,1641,167,5007,3,176.55,75.21,0.02,529.65,519.06,293.43,AUD,credit_card,marketplace,completed
TXN20260107000031,2026-01-07 01:02:25,1638,284,5004,3,359.21,205.04,0.1,1077.63,969.87,354.75,AUD,debit_card,web,completed
TXN20260107000032,2026-01-07 01:06:45,2109,246,,2,334.95,216.34,0.1,669.9,602.91,170.23,AUD,credit_card,mobile_app,completed
TXN20260107000033,2026-01-07 01:10:16,2037,293,5017,1,100.6,74.23,0.06,100.6,94.56,20.33,AUD,credit_card,web,completed
TXN20260107000034,2026-01-07 01:10:33,1759,121,,2,18.5,12.03,0.08,37.0,34.04,9.98,AUD,credit_card,web,completed
TXN20260107000035,2026-01-07 01:10:50,1531,56,5002,2,221.91,135.65,0.11,443.82,395.0,123.7,AUD,debit_card,mobile_app,completed
TXN20260107000036,2026-01-07 01:11:28,1129,127,,5,45.1,29.41,0.0,225.5,225.5,78.45,AUD,debit_card,web,completed
TXN20260107000037,2026-01-07 01:11:29,1135,85,,2,173.56,99.76,0.03,347.12,336.71,137.19,AUD,buy_now_pay_later,web,completed
TXN20260107000038,2026-01-07 01:11:32,1474,236,5006,2,7.93,6.02,0.0,15.86,15.86,3.82,AUD,paypal,web,completed
TXN20260107000039,2026-01-07 01:12:50,1389,314,,2,218.05,130.2,0.2,436.1,348.88,88.48,AUD,credit_card,mobile_app,completed
TXN20260107000040,2026-01-07 01:13:19,1334,239,5018,2,33.36,20.5,0.04,66.72,64.05,23.05,AUD,debit_card,marketplace,pending
TXN20260107000041,2026-01-07 01:14:11,2192,223,5014,1,140.86,54.16,0.01,140.86,139.45,85.29,AUD,paypal,web,completed
TXN20260107000042,2026-01-07 01:15:13,2065,337,,1,146.92,72.71,0.08,146.92,135.17,62.46,AUD,paypal,mobile_app,completed
TXN20260107000043,2026-01-07 01:16:10,1594,27,5017,5,172.81,116.75,0.04,864.05,829.49,245.74,AUD,paypal,web,completed
TXN20260107000044,2026-01-07 01:17:17,1707,180,,4,233.35,116.35,0.15,933.4,793.39,327.99,AUD,paypal,web,completed
TXN20260107000045,2026-01-07 01:17:36,2033,173,,2,67.53,28.1,0.08,135.06,124.26,68.06,AUD,debit_card,mobile_app,completed
TXN20260107000046,2026-01-07 01:17:46,2144,148,,1,64.17,49.35,0.16,64.17,53.9,4.55,AUD,paypal,web,completed
TXN20260107000047,2026-01-07 01:19:26,1834,169,5009,3,175.58,82.15,0.14,526.74,453.0,206.55,AUD,credit_card,web,completed
TXN20260107000048,2026-01-07 01:21:17,1033,14,,2,60.5,36.5,0.0,121.0,121.0,48.0,AUD,debit_card,mobile_app,completed
TXN20260107000049,2026-01-07 01:27:46,1105,130,,4,18.48,10.08,0.2,73.92,59.14,18.82,AUD,credit_card,web,cancelled
TXN20260107000050,2026-01-07 01:28:54,1843,16,,3,185.65,67.71,0.05,556.95,529.1,325.97,AUD,credit_card,marketplace,completed
TXN20260107000051,2026-01-07 01:28:59,1746,364,5018,1,126.27,67.13,0.05,126.27,119.96,52.83,AUD,debit_card,mobile_app,completed
TXN20260107000052,2026-01-07 01:36:53,1114,28,5002,3,154.87,112.5,0.14,464.61,399.56,62.06,AUD,debit_card,mobile_app,completed
TXN20260107000053,2026-01-07 01:40:16,1769,184,5002,1,24.72,17.45,0.05,24.72,23.48,6.03,AUD,paypal,web,completed
TXN20260107000054,2026-01-07 01:41:31,1877,83,5002,1,271.39,135.83,0.17,271.39,225.25,89.42,AUD,credit_card,web,completed
TXN20260107000055,2026-01-07 01:43:58,1457,134,5002,2,151.77,62.1,0.03,303.54,294.43,170.23,AUD,credit_card,mobile_app,completed
TXN20260107000056,2026-01-07 01:44:45,1715,58,,3,93.1,56.49,0.14,279.3,240.2,70.73,AUD,credit_card,web,completed
TXN20260107000057,2026-01-07 01:49:16,2173,249,,2,96.17,46.26,0.15,192.34,163.49,70.97,AUD,credit_card,web,completed
TXN20260107000058,2026-01-07 01:49:38,2167,111,,3,130.14,98.41,0.16,390.42,327.95,32.72,AUD,bank_transfer,web,completed
TXN20260107000059,2026-01-07 01:52:50,1673,282,,2,11.8,8.78,0.14,23.6,20.3,2.74,AUD,paypal,mobile_app,completed
TXN20260107000060,2026-01-07 01:55:16,1994,257,,1,452.64,204.1,0.03,452.64,439.06,234.96,AUD,bank_transfer,mobile_app,completed
TXN20260107000061,2026-01-07 01:58:50,1819,233,,1,320.43,123.08,0.08,320.43,294.8,171.72,AUD,buy_now_pay_later,web,completed
TXN20260107000062,2026-01-07 02:01:16,2132,288,,1,349.87,265.76,0.14,349.87,300.89,35.13,AUD,debit_card,mobile_app,completed
TXN20260107000063,2026-01-07 02:02:39,1364,84,,1,131.95,75.26,0.2,131.95,105.56,30.3,AUD,credit_card,mobile_app,completed
TXN20260107000064,2026-01-07 02:03:46,1516,357,5016,2,49.08,20.39,0.02,98.16,96.2,55.42,AUD,paypal,mobile_app,completed
TXN20260107000065,2026-01-07 02:04:14,1809,366,5014,2,212.32,146.95,0.11,424.64,377.93,84.03,AUD,credit_card,web,completed
TXN20260107000066,2026-01-07 02:06:45,1285,84,5005,4,131.95,75.26,0.03,527.8,511.97,210.93,AUD,debit_card,mobile_app,completed
TXN20260107000067,2026-01-07 02:09:28,1476,310,5010,4,109.6,62.46,0.12,438.4,385.79,135.95,AUD,credit_card,mobile_app,completed
TXN20260107000068,2026-01-07 02:14:14,1712,14,5003,5,60.5,36.5,0.11,302.5,269.23,86.73,AUD,buy_now_pay_later,mobile_app,completed
TXN20260107000069,2026-01-07 02:14:48,1797,242,5004,4,149.29,73.33,0.15,597.16,507.59,214.27,AUD,paypal,web,completed
TXN20260107000070,2026-01-07 02:18:17,1002,24,,1,201.95,77.39,0.07,201.95,187.81,110.42,AUD,credit_card,mobile_app,refunded
TXN20260107000071,2026-01-07 02:20:45,1311,6,,4,45.92,33.82,0.2,183.68,146.94,11.66,AUD,paypal,web,completed
TXN20260107000072,2026-01-07 02:22:36,1306,172,5010,1,191.33,75.08,0.02,191.33,187.5,112.42,AUD,credit_card,marketplace,completed
TXN20260107000073,2026-01-07 02:25:10,1687,60,5013,1,77.58,46.86,0.19,77.58,62.84,15.98,AUD,debit_card,mobile_app,completed
TXN20260107000074,2026-01-07 02:28:23,1096,291,,3,348.41,145.57,0.06,1045.23,982.52,545.81,AUD,credit_card,mobile_app,completed
TXN20260107000075,2026-01-07 02:37:05,1377,152,5014,5,18.61,8.27,0.01,93.05,92.12,50.77,AUD,paypal,web,completed
TXN20260107000076,2026-01-07 02:38:33,1904,163,5013,6,280.84,142.19,0.16,1685.04,1415.43,562.29,AUD,bank_transfer,mobile_app,cancelled
TXN20260107000077,2026-01-07 02:39:49,2059,358,5013,3,15.86,5.64,0.19,47.58,38.54,21.62,AUD,credit_card,mobile_app,completed
TXN20260107000078,2026-01-07 02:40:46,1792,101,5009,2,352.61,157.72,0.07,705.22,655.85,340.41,AUD,credit_card,web,completed
TXN20260107000079,2026-01-07 02:41:01,1963,53,,1,33.81,14.85,0.12,33.81,29.75,14.9,AUD,credit_card,mobile_app,completed
TXN20260107000080,2026-01-07 02:44:33,1131,346,5002,1,337.76,248.46,0.03,337.76,327.63,79.17,AUD,debit_card,mobile_app,completed
TXN20260107000081,2026-01-07 02:50:32,1410,44,,3,236.02,141.49,0.13,708.06,616.01,191.54,AUD,paypal,marketplace,completed
TXN20260107000082,2026-01-07 02:53:06,1708,340,5002,3,69.61,35.79,0.04,208.83,200.48,93.11,AUD,credit_card,web,completed
TXN20260107000083,2026-01-07 02:56:41,1974,297,,4,258.89,188.19,0.04,1035.56,994.14,241.38,AUD,credit_card,marketplace,completed
TXN20260107000084,2026-01-07 02:56:47,1427,89,5005,3,131.64,95.41,0.16,394.92,331.73,45.5,AUD,buy_now_pay_later,mobile_app,completed
TXN20260107000085,2026-01-07 02:57:49,2023,186,5002,5,294.97,120.02,0.21,1474.85,1165.13,565.03,AUD,buy_now_pay_later,marketplace,completed
TXN20260107000086,2026-01-07 02:57:50,1421,320,,1,5.35,2.75,0.16,5.35,4.49,1.74,AUD,credit_card,web,completed
TXN20260107000087,2026-01-07 03:00:16,1962,376,,1,227.27,124.66,0.07,227.27,211.36,86.7,AUD,buy_now_pay_later,marketplace,completed
TXN20260107000088,2026-01-07 03:01:12,1728,106,,2,313.2,199.1,0.17,626.4,519.91,121.71,AUD,credit_card,mobile_app,completed
TXN20260107000089,2026-01-07 03:03:11,1415,206,5004,1,211.48,126.89,0.04,211.48,203.02,76.13,AUD,debit_card,mobile_app,completed
TXN20260107000090,2026-01-07 03:04:03,1702,361,,5,172.83,61.35,0.17,864.15,717.24,410.49,AUD,paypal,mobile_app,completed
TXN20260107000091,2026-01-07 03:07:19,1140,332,,2,436.24,255.68,0.06,872.48,820.13,308.77,AUD,credit_card,mobile_app,completed
TXN20260107000092,2026-01-07 03:07:41,1592,315,5013,3,85.51,53.68,0.03,256.53,248.83,87.79,AUD,debit_card,in_store,completed
TXN20260107000093,2026-01-07 03:10:05,1893,135,5009,1,141.91,90.68,0.01,141.91,140.49,49.81,AUD,debit_card,web,completed
TXN20260107000094,2026-01-07 03:10:33,1601,348,,1,367.68,171.93,0.23,367.68,283.11,111.18,AUD,credit_card,in_store,completed
TXN20260107000095,2026-01-07 03:11:17,1745,181,,1,219.32,157.3,0.04,219.32,210.55,53.25,AUD,credit_card,marketplace,refunded
TXN20260107000096,2026-01-07 03:11:41,2169,201,5012,1,105.57,37.83,0.08,105.57,97.12,59.29,AUD,credit_card,in_store,completed
TXN20260107000097,2026-01-07 03:20:36,1846,112,,2,121.28,51.75,0.15,242.56,206.18,102.68,AUD,buy_now_pay_later,mobile_app,completed
TXN20260107000098,2026-01-07 03:21:58,1158,355,,1,211.06,93.04,0.0,211.06,211.06,118.02,AUD,bank_transfer,mobile_app,completed
TXN20260107000099,2026-01-07 03:25:21,2155,194,,1,45.96,33.9,0.17,45.96,38.15,4.25,AUD,paypal,web,completed
TXN20260107000100,2026-01-07 03:25:31,1712,183,5012,2,56.96,21.65,0.1,113.92,102.53,59.23,AUD,buy_now_pay_later,web,completed
TXN20260107000101,2026-01-07 03:30:51,1186,106,,1,313.2,199.1,0.1,313.2,281.88,82.78,AUD,debit_card,mobile_app,completed
TXN20260107000102,2026-01-07 03:34:17,1587,160,5013,2,132.52,86.58,0.0,265.04,265.04,91.88,AUD,credit_card,web,completed
TXN20260107000103,2026-01-07 03:35:28,1804,311,5016,3,265.88,206.32,0.0,797.64,797.64,178.68,AUD,credit_card,web,completed
TXN20260107000104,2026-01-07 03:36:06,1125,368,,2,77.62,57.72,0.08,155.24,142.82,27.38,AUD,paypal,web,completed
TXN20260107000105,2026-01-07 03:40:30,1164,105,5017,3,142.92,89.61,0.02,428.76,420.18,151.35,AUD,paypal,web,completed
TXN20260107000106,2026-01-07 03:41:05,1625,167,,2,176.55,75.21,0.01,353.1,349.57,199.15,AUD,paypal,marketplace,cancelled
TXN20260107000107,2026-01-07 03:44:12,2033,361,5013,1,172.83,61.35,0.19,172.83,139.99,78.64,AUD,paypal,mobile_app,completed
TXN20260107000108,2026-01-07 03:49:00,1613,58,,4,93.1,56.49,0.12,372.4,327.71,101.75,AUD,credit_card,mobile_app,completed
TXN20260107000109,2026-01-07 03:52:55,1360,189,5012,2,209.27,158.1,0.22,418.54,326.46,10.26,AUD,credit_card,web,completed
TXN20260107000110,2026-01-07 03:59:52,1561,224,5009,1,135.38,94.24,0.15,135.38,115.07,20.83,AUD,credit_card,mobile_app,completed
TXN20260107000111,2026-01-07 04:02:02,2145,14,5013,2,60.5,36.5,0.14,121.0,104.06,31.06,AUD,credit_card,mobile_app,completed
TXN20260107000112,2026-01-07 04:11:08,2069,96,,2,143.85,89.79,0.08,287.7,264.68,85.1,AUD,bank_transfer,mobile_app,completed
TXN20260107000113,2026-01-07 04:12:11,1714,15,5014,2,42.26,18.74,0.2,84.52,67.62,30.14,AUD,credit_card,web,completed
TXN20260107000114,2026-01-07 04:14:09,1030,108,5010,1,13.12,5.5,0.13,13.12,11.41,5.91,AUD,debit_card,in_store,completed
TXN20260107000115,2026-01-07 04:14:34,1176,73,5017,1,97.62,68.56,0.15,97.62,82.98,14.42,AUD,credit_card,web,completed
TXN20260107000116,2026-01-07 04:14:54,2140,195,,4,142.11,62.0,0.01,568.44,562.76,314.76,AUD,debit_card,marketplace,completed
TXN20260107000117,2026-01-07 04:15:40,1363,127,5004,1,45.1,29.41,0.07,45.1,41.94,12.53,AUD,credit_card,web,completed
TXN20260107000118,2026-01-07 04:16:18,1640,122,5017,1,163.85,114.55,0.2,163.85,131.08,16.53,AUD,credit_card,mobile_app,completed
TXN20260107000119,2026-01-07 04:18:04,1274,194,,6,45.96,33.9,0.21,275.76,217.85,14.45,AUD,debit_card,web,completed
TXN20260107000120,2026-01-07 04:27:37,1890,261,,1,222.59,120.24,0.1,222.59,200.33,80.09,AUD,debit_card,web,completed
TXN20260107000121,2026-01-07 04:27:51,2106,337,5012,1,146.92,72.71,0.09,146.92,133.7,60.99,AUD,credit_card,mobile_app,completed
TXN20260107000122,2026-01-07 04:29:52,1089,363,,3,161.87,102.03,0.26,485.61,359.35,53.26,AUD,paypal,web,completed
TXN20260107000123,2026-01-07 04:30:15,1745,351,5016,3,410.9,255.25,0.25,1232.7,924.53,158.78,AUD,credit_card,web,completed
TXN20260107000124,2026-01-07 04:32:53,1822,209,,3,16.17,12.13,0.06,48.51,45.6,9.21,AUD,buy_now_pay_later,mobile_app,completed
TXN20260107000125,2026-01-07 04:34:40,1404,132,,5,109.21,38.28,0.26,546.05,404.08,212.68,AUD,paypal,mobile_app,completed
TXN20260107000126,2026-01-07 04:35:31,1255,115,,2,166.75,108.87,0.03,333.5,323.5,105.76,AUD,debit_card,web,completed
TXN20260107000127,2026-01-07 04:37:26,1005,147,5018,2,287.02,186.05,0.13,574.04,499.41,127.31,AUD,credit_card,web,refunded
TXN20260107000128,2026-01-07 04:43:40,1040,228,,1,85.54,59.94,0.03,85.54,82.97,23.03,AUD,credit_card,mobile_app,completed
TXN20260107000129,2026-01-07 04:46:41,2154,183,,1,56.96,21.65,0.27,56.96,41.58,19.93,AUD,bank_transfer,web,completed
TXN20260107000130,2026-01-07 04:53:37,1244,30,,2,170.45,127.12,0.12,340.9,299.99,45.75,AUD,debit_card,mobile_app,completed
TXN20260107000131,2026-01-07 04:54:33,1275,87,5009,3,137.75,85.09,0.2,413.25,330.6,75.33,AUD,credit_card,in_store,completed
TXN20260107000132,2026-01-07 04:57:31,1159,350,,4,78.73,28.3,0.07,314.92,292.88,179.68,AUD,paypal,web,completed
TXN20260107000133,2026-01-07 05:03:55,1547,67,,5,164.66,66.92,0.1,823.3,740.97,406.37,AUD,credit_card,in_store,completed
TXN20260107000134,2026-01-07 05:04:34,2166,316,,2,109.37,70.04,0.01,218.74,216.55,76.47,AUD,debit_card,mobile_app,completed
TXN20260107000135,2026-01-07 05:05:39,1041,332,,2,436.24,255.68,0.24,872.48,663.08,151.72,AUD,credit_card,web,completed
TXN20260107000136,2026-01-07 05:09:14,1985,351,5007,1,410.9,255.25,0.05,410.9,390.35,135.1,AUD,credit_card,mobile_app,completed
TXN20260107000137,2026-01-07 05:16:34,1128,220,,1,80.96,29.21,0.23,80.96,62.34,33.13,AUD,credit_card,web,completed
TXN20260107000138,2026-01-07 05:19:53,2178,90,,2,65.94,43.69,0.15,131.88,112.1,24.72,AUD,debit_card,mobile_app,completed
TXN20260107000139,2026-01-07 05:22:04,1613,50,,2,145.4,62.87,0.04,290.8,279.17,153.43,AUD,paypal,mobile_app,completed
TXN20260107000140,2026-01-07 05:23:16,1385,152,,4,18.61,8.27,0.04,74.44,71.46,38.38,AUD,paypal,web,completed
TXN20260107000141,2026-01-07 05:25:19,1768,389,,1,275.99,185.24,0.06,275.99,259.43,74.19,AUD,credit_card,mobile_app,completed
TXN20260107000142,2026-01-07 05:26:07,1593,74,,3,161.48,101.89,0.24,484.44,368.17,62.5,AUD,paypal,in_store,completed
TXN20260107000143,2026-01-07 05:26:12,1956,302,5009,5,47.96,26.56,0.06,239.8,225.41,92.61,AUD,credit_card,marketplace,completed
TXN20260107000144,2026-01-07 05:26:31,1310,116,,5,265.13,138.42,0.08,1325.65,1219.6,527.5,AUD,buy_now_pay_later,marketplace,completed
TXN20260107000145,2026-01-07 05:27:26,1361,250,5012,1,231.82,122.47,0.27,231.82,169.23,46.76,AUD,credit_card,mobile_app,completed
TXN20260107000146,2026-01-07 05:29:18,1404,229,,4,23.31,18.16,0.06,93.24,87.65,15.01,AUD,bank_transfer,web,cancelled
TXN20260107000147,2026-01-07 05:29:59,1349,46,,1,182.51,84.92,0.07,182.51,169.73,84.81,AUD,debit_card,mobile_app,completed
TXN20260107000148,2026-01-07 05:30:46,1222,44,,1,236.02,141.49,0.07,236.02,219.5,78.01,AUD,credit_card,mobile_app,completed
TXN20260107000149,2026-01-07 05:30:55,1598,249,5014,2,96.17,46.26,0.09,192.34,175.03,82.51,AUD,debit_card,mobile_app,refunded
TXN20260107000150,2026-01-07 05:32:10,1103,80,,2,200.59,111.67,0.14,401.18,345.01,121.67,AUD,credit_card,mobile_app,completed
TXN20260107000151,2026-01-07 05:32:25,2145,214,,5,133.32,71.17,0.04,666.6,639.94,284.09,AUD,credit_card,web,completed
TXN20260107000152,2026-01-07 05:39:23,2051,20,5016,5,230.82,128.98,0.05,1154.1,1096.39,451.49,AUD,credit_card,mobile_app,completed
TXN20260107000153,2026-01-07 05:39:45,1139,401,,2,112.78,49.28,0.13,225.56,196.24,97.68,AUD,debit_card,web,completed
TXN20260107000154,2026-01-07 05:40:08,1607,9,5017,4,470.11,214.65,0.1,1880.44,1692.4,833.8,AUD,buy_now_pay_later,in_store,completed
TXN20260107000155,2026-01-07 05:44:31,1418,77,,5,288.19,141.16,0.1,1440.95,1296.86,591.06,AUD,bank_transfer,mobile_app,completed
TXN20260107000156,2026-01-07 05:45:08,1286,296,,2,305.06,151.58,0.02,610.12,597.92,294.76,AUD,credit_card,mobile_app,completed
TXN20260107000157,2026-01-07 05:45:39,1986,274,,1,68.35,51.82,0.03,68.35,66.3,14.48,AUD,credit_card,mobile_app,completed
TXN20260107000158,2026-01-07 05:46:37,1574,388,5016,2,178.72,91.5,0.15,357.44,303.82,120.82,AUD,debit_card,web,completed
TXN20260107000159,2026-01-07 05:50:37,1946,7,5016,1,75.68,42.79,0.1,75.68,68.11,25.32,AUD,buy_now_pay_later,marketplace,completed
TXN20260107000160,2026-01-07 05:50:59,2042,79,5017,1,139.3,69.25,0.13,139.3,121.19,51.94,AUD,debit_card,mobile_app,completed
TXN20260107000161,2026-01-07 05:57:28,1548,96,,1,143.85,89.79,0.01,143.85,142.41,52.62,AUD,credit_card,marketplace,completed
TXN20260107000162,2026-01-07 06:01:52,1165,237,5010,2,5.09,3.29,0.13,10.18,8.86,2.28,AUD,credit_card,web,cancelled
TXN20260107000163,2026-01-07 06:12:52,1569,232,5018,1,159.76,96.34,0.11,159.76,142.19,45.85,AUD,credit_card,mobile_app,completed
TXN20260107000164,2026-01-07 06:13:53,1361,248,5018,2,58.0,41.73,0.02,116.0,113.68,30.22,AUD,gift_card,mobile_app,completed
TXN20260107000165,2026-01-07 06:18:50,1396,122,,4,163.85,114.55,0.01,655.4,648.85,190.65,AUD,credit_card,web,completed
TXN20260107000166,2026-01-07 06:20:30,1847,69,5016,4,53.62,37.17,0.23,214.48,165.15,16.47,AUD,credit_card,mobile_app,completed
TXN20260107000167,2026-01-07 06:23:12,1381,343,5005,6,32.63,13.17,0.07,195.78,182.08,103.06,AUD,paypal,mobile_app,completed
TXN20260107000168,2026-01-07 06:23:33,2015,400,,1,83.09,58.62,0.12,83.09,73.12,14.5,AUD,credit_card,marketplace,completed
TXN20260107000169,2026-01-07 06:28:42,1519,301,,4,288.28,108.1,0.1,1153.12,1037.81,605.41,AUD,buy_now_pay_later,web,completed
TXN20260107000170,2026-01-07 06:29:43,1926,295,5010,2,125.3,93.62,0.08,250.6,230.55,43.31,AUD,credit_card,marketplace,completed
TXN20260107000171,2026-01-07 06:30:00,2054,170,,2,68.81,27.57,0.19,137.62,111.47,56.33,AUD,debit_card,mobile_app,completed
TXN20260107000172,2026-01-07 06:31:26,1086,341,,1,329.88,115.66,0.0,329.88,329.88,214.22,AUD,paypal,web,completed
TXN20260107000173,2026-01-07 06:32:16,2096,158,,6,101.24,48.34,0.24,607.44,461.65,171.61,AUD,credit_card,web,completed
TXN20260107000174,2026-01-07 06:33:18,2015,228,5002,6,85.54,59.94,0.07,513.24,477.31,117.67,AUD,credit_card,mobile_app,completed
TXN20260107000175,2026-01-07 06:34:24,1288,356,,3,35.78,19.54,0.14,107.34,92.31,33.69,AUD,paypal,mobile_app,completed
TXN20260107000176,2026-01-07 06:35:49,1713,273,,1,15.74,11.24,0.03,15.74,15.27,4.03,AUD,paypal,mobile_app,completed
TXN20260107000177,2026-01-07 06:39:38,1414,199,,4,405.48,228.61,0.26,1621.92,1200.22,285.78,AUD,credit_card,web,completed
TXN20260107000178,2026-01-07 06:40:23,1858,59,5016,2,66.9,33.14,0.12,133.8,117.74,51.46,AUD,credit_card,web,completed
TXN20260107000179,2026-01-07 06:45:12,2096,164,,1,219.94,105.48,0.18,219.94,180.35,74.87,AUD,credit_card,web,completed
TXN20260107000180,2026-01-07 06:46:50,2068,164,,4,219.94,105.48,0.1,879.76,791.78,369.86,AUD,buy_now_pay_later,mobile_app,completed
TXN20260107000181,2026-01-07 06:49:37,1583,135,,1,141.91,90.68,0.06,141.91,133.4,42.72,AUD,debit_card,mobile_app,completed
TXN20260107000182,2026-01-07 06:49:57,1529,170,5005,5,68.81,27.57,0.15,344.05,292.44,154.59,AUD,buy_now_pay_later,mobile_app,completed
TXN20260107000183,2026-01-07 06:51:43,1822,126,,3,63.01,42.43,0.26,189.03,139.88,12.59,AUD,debit_card,web,completed
TXN20260107000184,2026-01-07 06:55:13,2001,250,5009,1,231.82,122.47,0.0,231.82,231.82,109.35,AUD,credit_card,web,completed
TXN20260107000185,2026-01-07 07:00:20,1650,200,,1,8.47,4.01,0.05,8.47,8.05,4.04,AUD,buy_now_pay_later,mobile_app,completed
TXN20260107000186,2026-01-07 07:01:45,1830,24,5004,2,201.95,77.39,0.04,403.9,387.74,232.96,AUD,debit_card,in_store,completed
TXN20260107000187,2026-01-07 07:02:14,1228,22,5010,1,239.15,141.03,0.12,239.15,210.45,69.42,AUD,credit_card,web,completed
TXN20260107000188,2026-01-07 07:02:23,1048,195,,5,142.11,62.0,0.18,710.55,582.65,272.65,AUD,buy_now_pay_later,mobile_app,completed
TXN20260107000189,2026-01-07 07:02:35,1871,146,,5,182.6,76.84,0.01,913.0,903.87,519.67,AUD,credit_card,mobile_app,completed
TXN20260107000190,2026-01-07 07:05:14,1503,53,,2,33.81,14.85,0.15,67.62,57.48,27.78,AUD,debit_card,marketplace,cancelled
TXN20260107000191,2026-01-07 07:07:21,1556,401,5018,4,112.78,49.28,0.06,451.12,424.05,226.93,AUD,credit_card,web,completed
TXN20260107000192,2026-01-07 07:08:05,1780,151,5016,2,36.21,16.06,0.01,72.42,71.7,39.58,AUD,paypal,web,completed
TXN20260107000193,2026-01-07 07:08:24,1467,151,,2,36.21,16.06,0.04,72.42,69.52,37.4,AUD,bank_transfer,mobile_app,completed
TXN20260107000194,2026-01-07 07:08:26,1550,153,,1,133.15,94.62,0.05,133.15,126.49,31.87,AUD,credit_card,marketplace,completed
TXN20260107000195,2026-01-07 07:08:59,1304,365,,2,229.11,163.97,0.16,458.22,384.9,56.96,AUD,debit_card,web,completed
TXN20260107000196,2026-01-07 07:09:32,1606,287,,3,67.92,35.4,0.06,203.76,191.53,85.33,AUD,debit_card,web,completed
TXN20260107000197,2026-01-07 07:10:14,2028,324,5007,2,79.51,55.68,0.19,159.02,128.81,17.45,AUD,buy_now_pay_later,mobile_app,completed
TXN20260107000198,2026-01-07 07:10:52,2015,378,5012,1,355.29,228.27,0.12,355.29,312.66,84.39,AUD,buy_now_pay_later,web,completed
TXN20260107000199,2026-01-07 07:11:06,1446,193,,3,368.81,195.25,0.02,1106.43,1084.3,498.55,AUD,buy_now_pay_later,mobile_app,completed
TXN20260107000200,2026-01-07 07:11:59,1703,267,5009,2,13.67,9.81,0.01,27.34,27.07,7.45,AUD,debit_card,web,completed
TXN20260107000201,2026-01-07 07:12:05,1980,81,,1,133.11,71.55,0.11,133.11,118.47,46.92,AUD,credit_card,web,completed
TXN20260107000202,2026-01-07 07:13:26,1275,239,5012,2,33.36,20.5,0.08,66.72,61.38,20.38,AUD,credit_card,web,completed
TXN20260107000203,2026-01-07 07:13:39,1362,56,,1,221.91,135.65,0.14,221.91,190.84,55.19,AUD,credit_card,web,completed
TXN20260107000204,2026-01-07 07:13:46,1286,243,,1,6.18,2.24,0.22,6.18,4.82,2.58,AUD,credit_card,mobile_app,completed
TXN20260107000205,2026-01-07 07:14:55,2076,61,5016,2,47.35,19.48,0.11,94.7,84.28,45.32,AUD,credit_card,web,completed
TXN20260107000206,2026-01-07 07:15:28,1649,20,,4,230.82,128.98,0.01,923.28,914.05,398.13,AUD,bank_transfer,in_store,completed
TXN20260107000207,2026-01-07 07:16:17,1093,121,,1,18.5,12.03,0.18,18.5,15.17,3.14,AUD,debit_card,mobile_app,completed
TXN20260107000208,2026-01-07 07:17:14,1548,205,,3,200.88,145.96,0.19,602.64,488.14,50.26,AUD,debit_card,mobile_app,completed
TXN20260107000209,2026-01-07 07:18:29,1775,65,5002,4,186.49,123.08,0.03,745.96,723.58,231.26,AUD,debit_card,web,completed
TXN20260107000210,2026-01-07 07:19:31,1819,126,,1,63.01,42.43,0.02,63.01,61.75,19.32,AUD,buy_now_pay_later,web,completed
TXN20260107000211,2026-01-07 07:20:47,1304,158,5007,3,101.24,48.34,0.05,303.72,288.53,143.51,AUD,debit_card,marketplace,cancelled
TXN20260107000212,2026-01-07 07:21:34,1512,187,,1,18.28,11.11,0.04,18.28,17.55,6.44,AUD,credit_card,mobile_app,completed
TXN20260107000213,2026-01-07 07:21:52,1702,226,,2,224.08,91.6,0.03,448.16,434.72,251.52,AUD,buy_now_pay_later,mobile_app,completed
TXN20260107000214,2026-01-07 07:22:10,1111,7,,3,75.68,42.79,0.01,227.04,224.77,96.4,AUD,credit_card,web,completed
TXN20260107000215,2026-01-07 07:22:25,1196,365,,2,229.11,163.97,0.11,458.22,407.82,79.88,AUD,paypal,web,completed
TXN20260107000216,2026-01-07 07:25:13,2057,195,,5,142.11,62.0,0.04,710.55,682.13,372.13,AUD,paypal,mobile_app,completed
TXN20260107000217,2026-01-07 07:25:33,2193,135,5007,4,141.91,90.68,0.23,567.64,437.08,74.36,AUD,gift_card,web,completed
TXN20260107000218,2026-01-07 07:25:36,1515,280,5013,4,235.41,129.45,0.13,941.64,819.23,301.43,AUD,credit_card,mobile_app,completed
TXN20260107000219,2026-01-07 07:26:35,1445,156,,1,179.48,110.08,0.05,179.48,170.51,60.43,AUD,debit_card,web,completed
TXN20260107000220,2026-01-07 07:27:32,1789,33,5012,2,120.22,59.38,0.01,240.44,238.04,119.28,AUD,credit_card,marketplace,completed
TXN20260107000221,2026-01-07 07:27:36,1242,234,5006,5,153.86,117.69,0.02,769.3,753.91,165.46,AUD,buy_now_pay_later,web,completed
TXN20260107000222,2026-01-07 07:27:36,1424,125,,1,57.05,27.52,0.12,57.05,50.2,22.68,AUD,buy_now_pay_later,mobile_app,completed
TXN20260107000223,2026-01-07 07:27:46,1876,134,,2,151.77,62.1,0.04,303.54,291.4,167.2,AUD,debit_card,mobile_app,completed
TXN20260107000224,2026-01-07 07:28:08,1302,20,5018,1,230.82,128.98,0.06,230.82,216.97,87.99,AUD,credit_card,mobile_app,completed
TXN20260107000225,2026-01-07 07:28:22,1882,31,,2,125.26,43.94,0.15,250.52,212.94,125.06,AUD,buy_now_pay_later,web,completed
TXN20260107000226,2026-01-07 07:28:25,1709,238,,2,356.39,213.37,0.29,712.78,506.07,79.33,AUD,buy_now_pay_later,mobile_app,completed
TXN20260107000227,2026-01-07 07:28:36,1072,296,5010,2,305.06,151.58,0.02,610.12,597.92,294.76,AUD,credit_card,web,cancelled
TXN20260107000228,2026-01-07 07:28:58,1910,278,5016,2,60.0,45.1,0.1,120.0,108.0,17.8,AUD,buy_now_pay_later,web,completed
TXN20260107000229,2026-01-07 07:29:17,1305,171,5010,6,28.05,12.07,0.01,168.3,166.62,94.2,AUD,paypal,web,completed
TXN20260107000230,2026-01-07 07:30:22,1080,300,,1,134.02,50.66,0.21,134.02,105.88,55.22,AUD,debit_card,marketplace,completed
TXN20260107000231,2026-01-07 07:30:33,1150,353,5003,1,53.63,27.2,0.09,53.63,48.8,21.6,AUD,paypal,mobile_app,completed
TXN20260107000232,2026-01-07 07:31:07,1292,15,,6,42.26,18.74,0.07,253.56,235.81,123.37,AUD,paypal,mobile_app,completed
TXN20260107000233,2026-01-07 07:32:30,1714,324,5018,1,79.51,55.68,0.24,79.51,60.43,4.75,AUD,paypal,marketplace,cancelled
TXN20260107000234,2026-01-07 07:33:04,1809,5,5012,2,69.17,48.26,0.25,138.34,103.75,7.23,AUD,paypal,marketplace,completed
TXN20260107000235,2026-01-07 07:33:32,1089,296,5013,1,305.06,151.58,0.08,305.06,280.66,129.08,AUD,credit_card,mobile_app,completed
TXN20260107000236,2026-01-07 07:33:49,1509,62,5014,2,46.07,33.25,0.13,92.14,80.16,13.66,AUD,credit_card,marketplace,completed
TXN20260107000237,2026-01-07 07:34:49,1336,338,,1,454.19,219.15,0.02,454.19,445.11,225.96,AUD,credit_card,web,completed
TXN20260107000238,2026-01-07 07:35:40,1493,269,5006,5,129.92,57.09,0.01,649.6,643.1,357.65,AUD,debit_card,mobile_app,completed
TXN20260107000239,2026-01-07 07:35:56,1863,351,,3,410.9,255.25,0.06,1232.7,1158.74,392.99,AUD,credit_card,web,completed
TXN20260107000240,2026-01-07 07:37:07,1705,257,,1,452.64,204.1,0.01,452.64,448.11,244.01,AUD,debit_card,web,completed
TXN20260107000241,2026-01-07 07:37:31,1206,125,,1,57.05,27.52,0.06,57.05,53.63,26.11,AUD,credit_card,mobile_app,completed
TXN20260107000242,2026-01-07 07:37:51,1613,285,,4,333.53,259.05,0.12,1334.12,1174.03,137.83,AUD,credit_card,in_store,refunded
TXN20260107000243,2026-01-07 07:38:00,2085,170,,1,68.81,27.57,0.2,68.81,55.05,27.48,AUD,debit_card,mobile_app,completed
TXN20260107000244,2026-01-07 07:38:16,1816,79,,4,139.3,69.25,0.15,557.2,473.62,196.62,AUD,credit_card,marketplace,completed
TXN20260107000245,2026-01-07 07:38:56,2076,286,5005,2,226.6,96.42,0.0,453.2,453.2,260.36,AUD,debit_card,in_store,completed
TXN20260107000246,2026-01-07 07:40:18,1129,83,,2,271.39,135.83,0.01,542.78,537.35,265.69,AUD,paypal,mobile_app,completed
TXN20260107000247,2026-01-07 07:41:42,1506,390,,2,62.95,41.27,0.04,125.9,120.86,38.32,AUD,credit_card,mobile_app,completed
TXN20260107000248,2026-01-07 07:42:05,1931,188,,2,141.88,98.58,0.22,283.76,221.33,24.17,AUD,credit_card,mobile_app,completed
TXN20260107000249,2026-01-07 07:43:58,1136,393,,3,18.4,11.45,0.12,55.2,48.58,14.23,AUD,credit_card,mobile_app,cancelled
TXN20260107000250,2026-01-07 07:44:16,1576,213,,2,89.64,56.55,0.0,179.28,179.28,66.18,AUD,credit_card,mobile_app,completed
TXN20260107000251,2026-01-07 07:44:24,1640,225,5009,4,310.73,232.58,0.08,1242.92,1143.49,213.17,AUD,credit_card,web,refunded
TXN20260107000252,2026-01-07 07:44:33,1088,131,,4,93.36,56.38,0.07,373.44,347.3,121.78,AUD,debit_card,mobile_app,completed
TXN20260107000253,2026-01-07 07:44:59,1372,71,,2,451.62,218.09,0.19,903.24,731.62,295.44,AUD,credit_card,web,completed
TXN20260107000254,2026-01-07 07:45:15,1354,247,5013,1,32.77,14.35,0.03,32.77,31.79,17.44,AUD,credit_card,web,completed
TXN20260107000255,2026-01-07 07:46:20,1990,159,,4,232.46,120.67,0.06,929.84,874.05,391.37,AUD,credit_card,mobile_app,completed
TXN20260107000256,2026-01-07 07:47:03,1081,63,,1,137.14,59.24,0.11,137.14,122.05,62.81,AUD,credit_card,marketplace,completed
TXN20260107000257,2026-01-07 07:48:45,1603,225,,2,310.73,232.58,0.1,621.46,559.31,94.15,AUD,credit_card,marketplace,completed
TXN20260107000258,2026-01-07 07:49:09,2145,133,5003,4,22.32,9.12,0.16,89.28,75.0,38.52,AUD,credit_card,marketplace,completed
TXN20260107000259,2026-01-07 07:49:41,2018,99,,3,8.03,4.15,0.07,24.09,22.4,9.95,AUD,credit_card,mobile_app,completed
TXN20260107000260,2026-01-07 07:52:04,1216,287,,4,67.92,35.4,0.03,271.68,263.53,121.93,AUD,paypal,marketplace,completed
TXN20260107000261,2026-01-07 07:52:19,1063,391,5005,2,294.69,189.16,0.07,589.38,548.12,169.8,AUD,buy_now_pay_later,web,completed
TXN20260107000262,2026-01-07 07:54:12,1485,260,,3,168.41,124.86,0.07,505.23,469.86,95.28,AUD,debit_card,mobile_app,completed
TXN20260107000263,2026-01-07 07:54:28,1808,128,,2,189.27,110.21,0.05,378.54,359.61,139.19,AUD,credit_card,mobile_app,completed
TXN20260107000264,2026-01-07 07:54:33,1889,50,5018,1,145.4,62.87,0.04,145.4,139.58,76.71,AUD,debit_card,mobile_app,completed
TXN20260107000265,2026-01-07 07:54:49,1542,98,5007,3,129.89,79.62,0.03,389.67,377.98,139.12,AUD,credit_card,mobile_app,completed
TXN20260107000266,2026-01-07 07:56:22,1622,271,,4,132.74,79.27,0.22,530.96,414.15,97.07,AUD,bank_transfer,web,completed
TXN20260107000267,2026-01-07 07:57:05,2120,203,,2,5.97,4.17,0.06,11.94,11.22,2.88,AUD,buy_now_pay_later,mobile_app,completed
TXN20260107000268,2026-01-07 07:57:35,1235,9,,1,470.11,214.65,0.0,470.11,470.11,255.46,AUD,buy_now_pay_later,web,completed
TXN20260107000269,2026-01-07 07:57:39,1799,85,,4,173.56,99.76,0.18,694.24,569.28,170.24,AUD,debit_card,mobile_app,completed
TXN20260107000270,2026-01-07 07:58:39,1086,161,,1,57.23,33.31,0.07,57.23,53.22,19.91,AUD,credit_card,mobile_app,completed
TXN20260107000271,2026-01-07 07:58:45,1831,177,,1,287.87,144.14,0.11,287.87,256.2,112.06,AUD,paypal,web,completed
TXN20260107000272,2026-01-07 07:59:04,1212,376,,4,227.27,124.66,0.06,909.08,854.54,355.9,AUD,debit_card,web,completed
TXN20260107000273,2026-01-07 07:59:08,1652,331,5010,5,188.98,138.35,0.07,944.9,878.76,187.01,AUD,credit_card,web,refunded
TXN20260107000274,2026-01-07 07:59:15,1935,99,,1,8.03,4.15,0.15,8.03,6.83,2.68,AUD,debit_card,web,completed
TXN20260107000275,2026-01-07 07:59:21,1241,147,,1,287.02,186.05,0.04,287.02,275.54,89.49,AUD,paypal,web,completed
TXN20260107000276,2026-01-07 08:00:40,1791,284,5014,5,359.21,205.04,0.25,1796.05,1347.04,321.84,AUD,credit_card,marketplace,completed
TXN20260107000277,2026-01-07 08:02:32,2018,33,,1,120.22,59.38,0.11,120.22,107.0,47.62,AUD,debit_card,web,completed
TXN20260107000278,2026-01-07 08:04:33,1570,218,5016,2,150.35,81.79,0.12,300.7,264.62,101.04,AUD,credit_card,marketplace,completed
TXN20260107000279,2026-01-07 08:05:03,2130,154,5005,4,128.25,56.51,0.04,513.0,492.48,266.44,AUD,credit_card,web,completed
TXN20260107000280,2026-01-07 08:05:25,1829,119,5012,1,26.62,12.14,0.04,26.62,25.56,13.42,AUD,bank_transfer,mobile_app,completed
TXN20260107000281,2026-01-07 08:06:19,1053,87,,2,137.75,85.09,0.01,275.5,272.75,102.57,AUD,credit_card,web,completed
TXN20260107000282,2026-01-07 08:06:39,1133,230,,2,249.03,160.65,0.14,498.06,428.33,107.03,AUD,paypal,web,completed
TXN20260107000283,2026-01-07 08:07:53,1673,338,5012,2,454.19,219.15,0.05,908.38,862.96,424.66,AUD,credit_card,web,completed
TXN20260107000284,2026-01-07 08:08:26,1487,178,5017,1,354.14,201.79,0.07,354.14,329.35,127.56,AUD,debit_card,mobile_app,completed
TXN20260107000285,2026-01-07 08:08:45,2151,100,,3,429.39,290.83,0.1,1288.17,1159.35,286.86,AUD,paypal,in_store,completed
TXN20260107000286,2026-01-07 08:09:30,2159,276,,1,260.47,124.27,0.09,260.47,237.03,112.76,AUD,debit_card,mobile_app,completed
TXN20260107000287,2026-01-07 08:13:40,1964,36,5004,2,95.33,67.51,0.17,190.66,158.25,23.23,AUD,paypal,web,completed
TXN20260107000288,2026-01-07 08:16:17,2196,292,,2,313.29,237.82,0.03,626.58,607.78,132.14,AUD,buy_now_pay_later,mobile_app,completed
TXN20260107000289,2026-01-07 08:17:01,1553,329,,1,58.04,29.11,0.01,58.04,57.46,28.35,AUD,credit_card,web,completed
TXN20260107000290,2026-01-07 08:20:13,2012,130,5006,2,18.48,10.08,0.01,36.96,36.59,16.43,AUD,credit_card,web,refunded
TXN20260107000291,2026-01-07 08:20:52,1098,64,,2,148.54,87.49,0.23,297.08,228.75,53.77,AUD,paypal,marketplace,completed
TXN20260107000292,2026-01-07 08:21:24,1949,103,5010,6,34.27,18.76,0.04,205.62,197.4,84.84,AUD,paypal,mobile_app,completed
TXN20260107000293,2026-01-07 08:22:03,2194,56,,3,221.91,135.65,0.11,665.73,592.5,185.55,AUD,bank_transfer,web,completed
TXN20260107000294,2026-01-07 08:22:08,1412,74,,3,161.48,101.89,0.04,484.44,465.06,159.39,AUD,debit_card,web,completed
TXN20260107000295,2026-01-07 08:22:59,1726,239,,4,33.36,20.5,0.11,133.44,118.76,36.76,AUD,credit_card,mobile_app,pending
TXN20260107000296,2026-01-07 08:25:41,1761,378,,4,355.29,228.27,0.08,1421.16,1307.47,394.39,AUD,credit_card,mobile_app,cancelled
TXN20260107000297,2026-01-07 08:28:16,2087,357,,6,49.08,20.39,0.15,294.48,250.31,127.97,AUD,paypal,web,pending
TXN20260107000298,2026-01-07 08:28:27,2028,116,,1,265.13,138.42,0.08,265.13,243.92,105.5,AUD,credit_card,mobile_app,completed
TXN20260107000299,2026-01-07 08:30:10,1127,221,,1,157.27,79.8,0.06,157.27,147.83,68.03,AUD,debit_card,mobile_app,completed
TXN20260107000300,2026-01-07 08:30:42,1991,226,,2,224.08,91.6,0.12,448.16,394.38,211.18,AUD,credit_card,mobile_app,refunded
TXN20260107000301,2026-01-07 08:32:20,1638,147,5002,4,287.02,186.05,0.06,1148.08,1079.2,335.0,AUD,debit_card,web,completed
TXN20260107000302,2026-01-07 08:33:47,1987,71,,1,451.62,218.09,0.13,451.62,392.91,174.82,AUD,credit_card,mobile_app,completed
TXN20260107000303,2026-01-07 08:34:35,1062,396,5005,4,358.76,209.23,0.18,1435.04,1176.73,339.81,AUD,debit_card,web,completed
TXN20260107000304,2026-01-07 08:35:05,1748,187,5006,1,18.28,11.11,0.12,18.28,16.09,4.98,AUD,credit_card,mobile_app,cancelled
TXN20260107000305,2026-01-07 08:35:57,1739,308,5003,3,227.37,123.17,0.02,682.11,668.47,298.96,AUD,credit_card,web,completed
TXN20260107000306,2026-01-07 08:37:19,1311,402,5009,5,192.14,70.42,0.18,960.7,787.77,435.67,AUD,credit_card,mobile_app,completed
TXN20260107000307,2026-01-07 08:38:53,1843,351,5014,1,410.9,255.25,0.12,410.9,361.59,106.34,AUD,debit_card,mobile_app,completed
TXN20260107000308,2026-01-07 08:39:49,1082,105,5010,2,142.92,89.61,0.14,285.84,245.82,66.6,AUD,debit_card,web,completed
TXN20260107000309,2026-01-07 08:40:09,1365,257,5017,2,452.64,204.1,0.0,905.28,905.28,497.08,AUD,buy_now_pay_later,web,completed
TXN20260107000310,2026-01-07 08:40:30,1619,34,,3,250.91,140.28,0.03,752.73,730.15,309.31,AUD,credit_card,marketplace,completed
TXN20260107000311,2026-01-07 08:41:29,1635,185,,2,182.91,71.26,0.16,365.82,307.29,164.77,AUD,credit_card,web,completed
TXN20260107000312,2026-01-07 08:41:35,1872,236,,2,7.93,6.02,0.01,15.86,15.7,3.66,AUD,buy_now_pay_later,mobile_app,completed
TXN20260107000313,2026-01-07 08:41:51,2059,338,5006,2,454.19,219.15,0.19,908.38,735.79,297.49,AUD,credit_card,in_store,completed
TXN20260107000314,2026-01-07 08:41:54,1390,302,,3,47.96,26.56,0.16,143.88,120.86,41.18,AUD,credit_card,web,completed
TXN20260107000315,2026-01-07 08:42:49,2165,305,,2,51.53,22.19,0.08,103.06,94.82,50.44,AUD,bank_transfer,mobile_app,refunded
TXN20260107000316,2026-01-07 08:43:05,1764,179,,1,197.14,84.55,0.18,197.14,161.65,77.1,AUD,debit_card,mobile_app,completed
TXN20260107000317,2026-01-07 08:43:14,1988,355,,5,211.06,93.04,0.2,1055.3,844.24,379.04,AUD,bank_transfer,web,completed
TXN20260107000318,2026-01-07 08:43:25,1532,57,,3,7.38,2.62,0.09,22.14,20.15,12.29,AUD,debit_card,marketplace,cancelled
TXN20260107000319,2026-01-07 08:44:57,1012,312,,3,142.79,97.05,0.11,428.37,381.25,90.1,AUD,credit_card,marketplace,completed
TXN20260107000320,2026-01-07 08:45:21,1520,314,5018,3,218.05,130.2,0.02,654.15,641.07,250.47,AUD,debit_card,mobile_app,completed
TXN20260107000321,2026-01-07 08:46:12,1777,188,,2,141.88,98.58,0.25,283.76,212.82,15.66,AUD,credit_card,mobile_app,completed
TXN20260107000322,2026-01-07 08:46:15,2150,89,,6,131.64,95.41,0.15,789.84,671.36,98.9,AUD,bank_transfer,web,completed
TXN20260107000323,2026-01-07 08:46:57,2093,361,,1,172.83,61.35,0.17,172.83,143.45,82.1,AUD,buy_now_pay_later,marketplace,completed
TXN20260107000324,2026-01-07 08:47:02,1627,330,,3,125.71,91.59,0.06,377.13,354.5,79.73,AUD,paypal,web,completed
TXN20260107000325,2026-01-07 08:47:06,1912,303,,3,5.2,2.83,0.17,15.6,12.95,4.46,AUD,paypal,mobile_app,completed
TXN20260107000326,2026-01-07 08:48:11,2179,157,,4,63.5,40.09,0.27,254.0,185.42,25.06,AUD,debit_card,mobile_app,completed
TXN20260107000327,2026-01-07 08:48:36,2173,6,,1,45.92,33.82,0.01,45.92,45.46,11.64,AUD,credit_card,mobile_app,completed
TXN20260107000328,2026-01-07 08:48:59,1291,87,,3,137.75,85.09,0.07,413.25,384.32,129.05,AUD,credit_card,mobile_app,completed
TXN20260107000329,2026-01-07 08:49:31,2147,23,5016,3,371.29,240.22,0.07,1113.87,1035.9,315.24,AUD,paypal,web,completed
TXN20260107000330,2026-01-07 08:49:53,1111,178,,2,354.14,201.79,0.01,708.28,701.2,297.62,AUD,paypal,mobile_app,completed
TXN20260107000331,2026-01-07 08:50:09,1072,202,,5,257.36,101.79,0.07,1286.8,1196.72,687.77,AUD,credit_card,web,completed
TXN20260107000332,2026-01-07 08:50:43,1817,238,,3,356.39,213.37,0.02,1069.17,1047.79,407.68,AUD,buy_now_pay_later,mobile_app,completed
TXN20260107000333,2026-01-07 08:51:25,2148,8,,2,65.06,29.43,0.08,130.12,119.71,60.85,AUD,debit_card,marketplace,completed
TXN20260107000334,2026-01-07 08:52:28,1345,360,,1,22.41,17.01,0.15,22.41,19.05,2.04,AUD,credit_card,web,completed
TXN20260107000335,2026-01-07 08:53:03,1516,215,,1,8.88,3.58,0.22,8.88,6.93,3.35,AUD,credit_card,web,completed
TXN20260107000336,2026-01-07 08:54:30,1735,41,5018,2,241.85,106.29,0.1,483.7,435.33,222.75,AUD,buy_now_pay_later,mobile_app,completed
TXN20260107000337,2026-01-07 08:54:36,1576,44,,2,236.02,141.49,0.21,472.04,372.91,89.93,AUD,bank_transfer,marketplace,completed
TXN20260107000338,2026-01-07 08:54:52,1326,217,5009,4,105.58,80.07,0.07,422.32,392.76,72.48,AUD,debit_card,web,completed
TXN20260107000339,2026-01-07 08:55:03,1310,276,,2,260.47,124.27,0.02,520.94,510.52,261.98,AUD,bank_transfer,mobile_app,completed
TXN20260107000340,2026-01-07 08:55:31,1338,226,,3,224.08,91.6,0.16,672.24,564.68,289.88,AUD,paypal,mobile_app,completed
TXN20260107000341,2026-01-07 08:58:35,1725,179,,4,197.14,84.55,0.05,788.56,749.13,410.93,AUD,debit_card,web,pending
TXN20260107000342,2026-01-07 08:58:42,2201,218,5013,2,150.35,81.79,0.0,300.7,300.7,137.12,AUD,credit_card,marketplace,completed
TXN20260107000343,2026-01-07 08:58:50,1604,254,,3,151.84,70.82,0.24,455.52,346.2,133.74,AUD,debit_card,mobile_app,completed
TXN20260107000344,2026-01-07 08:59:25,1976,402,,5,192.14,70.42,0.09,960.7,874.24,522.14,AUD,paypal,marketplace,completed
TXN20260107000345,2026-01-07 09:00:32,1630,261,5002,5,222.59,120.24,0.07,1112.95,1035.04,433.84,AUD,paypal,mobile_app,completed
TXN20260107000346,2026-01-07 09:02:15,1096,120,,1,231.92,128.02,0.08,231.92,213.37,85.35,AUD,credit_card,web,completed
TXN20260107000347,2026-01-07 09:02:58,1517,67,,1,164.66,66.92,0.12,164.66,144.9,77.98,AUD,debit_card,marketplace,completed
TXN20260107000348,2026-01-07 09:03:56,1934,58,,2,93.1,56.49,0.01,186.2,184.34,71.36,AUD,credit_card,web,completed
TXN20260107000349,2026-01-07 09:04:26,1579,211,,1,125.27,94.18,0.11,125.27,111.49,17.31,AUD,credit_card,mobile_app,completed
TXN20260107000350,2026-01-07 09:05:28,1465,63,5005,2,137.14,59.24,0.02,274.28,268.79,150.31,AUD,debit_card,web,completed
TXN20260107000351,2026-01-07 09:05:33,1173,279,,6,202.1,80.17,0.0,1212.6,1212.6,731.58,AUD,buy_now_pay_later,web,completed
TXN20260107000352,2026-01-07 09:05:42,2046,324,,2,79.51,55.68,0.1,159.02,143.12,31.76,AUD,credit_card,web,completed
TXN20260107000353,2026-01-07 09:07:02,1123,271,,1,132.74,79.27,0.0,132.74,132.74,53.47,AUD,debit_card,web,refunded
TXN20260107000354,2026-01-07 09:07:30,1341,164,,5,219.94,105.48,0.13,1099.7,956.74,429.34,AUD,paypal,web,completed
TXN20260107000355,2026-01-07 09:08:35,1975,193,5003,4,368.81,195.25,0.17,1475.24,1224.45,443.45,AUD,paypal,web,completed
TXN20260107000356,2026-01-07 09:09:26,1955,351,5013,3,410.9,255.25,0.1,1232.7,1109.43,343.68,AUD,paypal,mobile_app,completed
TXN20260107000357,2026-01-07 09:09:49,2088,90,,3,65.94,43.69,0.21,197.82,156.28,25.21,AUD,credit_card,mobile_app,completed
TXN20260107000358,2026-01-07 09:10:11,1992,390,,1,62.95,41.27,0.04,62.95,60.43,19.16,AUD,credit_card,mobile_app,completed
TXN20260107000359,2026-01-07 09:11:29,1083,328,,3,33.71,19.15,0.12,101.13,88.99,31.54,AUD,paypal,web,completed
TXN20260107000360,2026-01-07 09:11:41,1193,100,,1,429.39,290.83,0.11,429.39,382.16,91.33,AUD,credit_card,mobile_app,completed
TXN20260107000361,2026-01-07 09:13:39,1427,364,,4,126.27,67.13,0.03,505.08,489.93,221.41,AUD,credit_card,web,completed
TXN20260107000362,2026-01-07 09:13:58,1026,52,,1,213.42,159.81,0.15,213.42,181.41,21.6,AUD,credit_card,marketplace,completed
TXN20260107000363,2026-01-07 09:14:09,1885,226,,2,224.08,91.6,0.12,448.16,394.38,211.18,AUD,debit_card,web,completed
TXN20260107000364,2026-01-07 09:14:41,1615,302,5005,1,47.96,26.56,0.0,47.96,47.96,21.4,AUD,paypal,mobile_app,completed
TXN20260107000365,2026-01-07 09:15:33,2129,26,,1,76.06,28.87,0.1,76.06,68.45,39.58,AUD,credit_card,mobile_app,completed
TXN20260107000366,2026-01-07 09:16:01,1578,15,,1,42.26,18.74,0.06,42.26,39.72,20.98,AUD,credit_card,mobile_app,completed
TXN20260107000367,2026-01-07 09:16:45,1291,173,,4,67.53,28.1,0.04,270.12,259.32,146.92,AUD,credit_card,web,completed
TXN20260107000368,2026-01-07 09:17:00,2171,109,5006,1,156.65,98.49,0.02,156.65,153.52,55.03,AUD,debit_card,web,completed
TXN20260107000369,2026-01-07 09:17:01,1001,254,,4,151.84,70.82,0.09,607.36,552.7,269.42,AUD,paypal,web,completed
TXN20260107000370,2026-01-07 09:17:12,1305,78,,1,128.52,52.69,0.18,128.52,105.39,52.7,AUD,debit_card,web,completed
TXN20260107000371,2026-01-07 09:17:28,1310,14,5014,6,60.5,36.5,0.24,363.0,275.88,56.88,AUD,credit_card,mobile_app,completed
TXN20260107000372,2026-01-07 09:17:39,2188,386,,2,284.12,120.27,0.11,568.24,505.73,265.19,AUD,credit_card,mobile_app,completed
TXN20260107000373,2026-01-07 09:17:53,1306,134,,6,151.77,62.1,0.07,910.62,846.88,474.28,AUD,paypal,marketplace,completed
TXN20260107000374,2026-01-07 09:18:25,1546,241,,2,242.09,167.24,0.01,484.18,479.34,144.86,AUD,credit_card,mobile_app,completed
TXN20260107000375,2026-01-07 09:18:44,1405,32,,4,107.59,39.39,0.16,430.36,361.5,203.94,AUD,gift_card,mobile_app,completed
TXN20260107000376,2026-01-07 09:18:58,1526,275,,1,116.41,50.22,0.02,116.41,114.08,63.86,AUD,paypal,marketplace,completed
TXN20260107000377,2026-01-07 09:19:03,1481,42,,4,64.61,39.72,0.1,258.44,232.6,73.72,AUD,debit_card,web,completed
TXN20260107000378,2026-01-07 09:19:22,1232,185,,1,182.91,71.26,0.23,182.91,140.84,69.58,AUD,paypal,mobile_app,completed
TXN20260107000379,2026-01-07 09:19:47,1258,3,,1,142.91,77.99,0.02,142.91,140.05,62.06,AUD,debit_card,web,completed
TXN20260107000380,2026-01-07 09:19:54,1227,256,5012,1,65.44,43.78,0.15,65.44,55.62,11.84,AUD,credit_card,web,completed
TXN20260107000381,2026-01-07 09:20:09,1631,218,,4,150.35,81.79,0.02,601.4,589.37,262.21,AUD,paypal,in_store,completed
TXN20260107000382,2026-01-07 09:20:27,1175,210,,2,210.36,163.77,0.19,420.72,340.78,13.24,AUD,credit_card,web,completed
TXN20260107000383,2026-01-07 09:21:18,1176,136,,1,12.1,8.71,0.15,12.1,10.29,1.58,AUD,credit_card,web,completed
TXN20260107000384,2026-01-07 09:21:42,1992,235,,2,18.79,8.45,0.07,37.58,34.95,18.05,AUD,credit_card,marketplace,completed
TXN20260107000385,2026-01-07 09:22:52,1222,203,5010,3,5.97,4.17,0.03,17.91,17.37,4.86,AUD,debit_card,mobile_app,completed
TXN20260107000386,2026-01-07 09:23:01,2098,111,,3,130.14,98.41,0.1,390.42,351.38,56.15,AUD,buy_now_pay_later,in_store,pending
TXN20260107000387,2026-01-07 09:23:06,1843,397,5016,2,183.67,101.88,0.01,367.34,363.67,159.91,AUD,credit_card,mobile_app,completed
TXN20260107000388,2026-01-07 09:23:10,1253,337,,3,146.92,72.71,0.04,440.76,423.13,205.0,AUD,gift_card,web,completed
TXN20260107000389,2026-01-07 09:24:03,1067,246,,2,334.95,216.34,0.16,669.9,562.72,130.04,AUD,credit_card,mobile_app,completed
TXN20260107000390,2026-01-07 09:24:37,1222,231,,2,114.93,83.66,0.13,229.86,199.98,32.66,AUD,paypal,phone,completed
TXN20260107000391,2026-01-07 09:25:04,1216,122,,2,163.85,114.55,0.03,327.7,317.87,88.77,AUD,credit_card,web,completed
TXN20260107000392,2026-01-07 09:25:08,1735,307,5009,1,349.28,266.61,0.11,349.28,310.86,44.25,AUD,paypal,marketplace,completed
TXN20260107000393,2026-01-07 09:25:44,2066,84,,2,131.95,75.26,0.22,263.9,205.84,55.32,AUD,credit_card,web,completed
TXN20260107000394,2026-01-07 09:25:54,1014,220,,4,80.96,29.21,0.1,323.84,291.46,174.62,AUD,credit_card,web,completed
TXN20260107000395,2026-01-07 09:26:00,1762,317,,3,25.27,14.13,0.15,75.81,64.44,22.05,AUD,bank_transfer,mobile_app,pending
TXN20260107000396,2026-01-07 09:26:04,1771,22,5009,1,239.15,141.03,0.04,239.15,229.58,88.55,AUD,buy_now_pay_later,web,completed
TXN20260107000397,2026-01-07 09:26:22,1237,233,,2,320.43,123.08,0.13,640.86,557.55,311.39,AUD,debit_card,web,completed
TXN20260107000398,2026-01-07 09:26:57,1627,295,,3,125.3,93.62,0.21,375.9,296.96,16.1,AUD,paypal,phone,completed
TXN20260107000399,2026-01-07 09:28:46,1576,117,,1,17.41,7.32,0.11,17.41,15.49,8.17,AUD,credit_card,mobile_app,completed
TXN20260107000400,2026-01-07 09:29:35,1169,207,5003,2,174.77,73.18,0.1,349.54,314.59,168.23,AUD,credit_card,web,completed
TXN20260107000401,2026-01-07 09:31:39,1217,299,5012,1,256.41,147.41,0.01,256.41,253.85,106.44,AUD,credit_card,in_store,completed
TXN20260107000402,2026-01-07 09:36:00,1425,252,,3,12.21,8.71,0.11,36.63,32.6,6.47,AUD,paypal,mobile_app,completed
TXN20260107000403,2026-01-07 09:36:13,1731,174,,3,56.31,22.6,0.0,168.93,168.93,101.13,AUD,credit_card,marketplace,completed
TXN20260107000404,2026-01-07 09:36:40,1608,67,,5,164.66,66.92,0.06,823.3,773.9,439.3,AUD,paypal,mobile_app,completed
TXN20260107000405,2026-01-07 09:36:42,1678,402,,1,192.14,70.42,0.13,192.14,167.16,96.74,AUD,credit_card,mobile_app,completed
TXN20260107000406,2026-01-07 09:36:49,1914,241,,3,242.09,167.24,0.07,726.27,675.43,173.71,AUD,credit_card,web,completed
TXN20260107000407,2026-01-07 09:37:24,2094,239,,3,33.36,20.5,0.22,100.08,78.06,16.56,AUD,credit_card,marketplace,completed
TXN20260107000408,2026-01-07 09:38:59,2026,15,,1,42.26,18.74,0.12,42.26,37.19,18.45,AUD,credit_card,in_store,completed
TXN20260107000409,2026-01-07 09:39:58,1217,127,,4,45.1,29.41,0.01,180.4,178.6,60.96,AUD,paypal,mobile_app,completed
TXN20260107000410,2026-01-07 09:41:12,1732,99,,3,8.03,4.15,0.02,24.09,23.61,11.16,AUD,credit_card,web,completed
TXN20260107000411,2026-01-07 09:41:38,1565,339,5014,2,232.73,135.01,0.04,465.46,446.84,176.82,AUD,credit_card,mobile_app,completed
TXN20260107000412,2026-01-07 09:41:46,1887,306,,2,201.0,79.58,0.09,402.0,365.82,206.66,AUD,paypal,web,completed
TXN20260107000413,2026-01-07 09:42:06,1503,247,,1,32.77,14.35,0.1,32.77,29.49,15.14,AUD,credit_card,web,completed
TXN20260107000414,2026-01-07 09:42:18,1234,154,,1,128.25,56.51,0.06,128.25,120.55,64.04,AUD,paypal,web,completed
TXN20260107000415,2026-01-07 09:42:19,1732,151,,1,36.21,16.06,0.22,36.21,28.24,12.18,AUD,debit_card,web,completed
TXN20260107000416,2026-01-07 09:42:56,1376,69,5017,4,53.62,37.17,0.1,214.48,193.03,44.35,AUD,debit_card,web,completed
TXN20260107000417,2026-01-07 09:42:57,1135,264,,1,82.43,34.18,0.24,82.43,62.65,28.47,AUD,credit_card,mobile_app,completed
TXN20260107000418,2026-01-07 09:44:36,2022,102,,1,276.02,213.86,0.1,276.02,248.42,34.56,AUD,credit_card,web,completed
TXN20260107000419,2026-01-07 09:44:44,1835,195,,4,142.11,62.0,0.01,568.44,562.76,314.76,AUD,debit_card,web,completed
TXN20260107000420,2026-01-07 09:45:04,1984,310,,1,109.6,62.46,0.07,109.6,101.93,39.47,AUD,buy_now_pay_later,web,completed
TXN20260107000421,2026-01-07 09:46:25,2078,233,,4,320.43,123.08,0.13,1281.72,1115.1,622.78,AUD,credit_card,marketplace,completed
TXN20260107000422,2026-01-07 09:47:46,2048,194,,2,45.96,33.9,0.01,91.92,91.0,23.2,AUD,buy_now_pay_later,web,completed
TXN20260107000423,2026-01-07 09:48:10,1910,176,,4,19.37,14.31,0.2,77.48,61.98,4.74,AUD,credit_card,in_store,completed
TXN20260107000424,2026-01-07 09:48:32,1541,82,5004,3,221.86,146.05,0.16,665.58,559.09,120.94,AUD,credit_card,web,refunded
TXN20260107000425,2026-01-07 09:51:00,1130,117,5009,2,17.41,7.32,0.11,34.82,30.99,16.35,AUD,debit_card,marketplace,completed
TXN20260107000426,2026-01-07 09:52:11,1403,347,5014,3,71.51,38.02,0.1,214.53,193.08,79.02,AUD,debit_card,web,completed
TXN20260107000427,2026-01-07 09:53:41,1052,79,5012,4,139.3,69.25,0.15,557.2,473.62,196.62,AUD,buy_now_pay_later,web,completed
TXN20260107000428,2026-01-07 09:55:53,2059,167,5007,1,176.55,75.21,0.11,176.55,157.13,81.92,AUD,paypal,web,completed
TXN20260107000429,2026-01-07 09:56:05,1886,249,,3,96.17,46.26,0.02,288.51,282.74,143.96,AUD,paypal,marketplace,completed
TXN20260107000430,2026-01-07 09:56:09,1708,105,,3,142.92,89.61,0.05,428.76,407.32,138.49,AUD,paypal,in_store,completed
TXN20260107000431,2026-01-07 09:56:28,1770,255,,4,109.46,69.18,0.26,437.84,324.0,47.28,AUD,credit_card,web,completed
TXN20260107000432,2026-01-07 09:57:42,1351,196,,1,113.34,80.83,0.01,113.34,112.21,31.38,AUD,buy_now_pay_later,mobile_app,completed
TXN20260107000433,2026-01-07 09:58:23,1437,275,,4,116.41,50.22,0.28,465.64,335.26,134.38,AUD,credit_card,mobile_app,completed
TXN20260107000434,2026-01-07 09:58:47,1490,255,,4,109.46,69.18,0.07,437.84,407.19,130.47,AUD,credit_card,mobile_app,completed
TXN20260107000435,2026-01-07 10:01:22,1582,51,,1,162.3,85.52,0.16,162.3,136.33,50.81,AUD,credit_card,mobile_app,completed
TXN20260107000436,2026-01-07 10:02:18,1172,27,,3,172.81,116.75,0.09,518.43,471.77,121.52,AUD,paypal,web,completed
TXN20260107000437,2026-01-07 10:04:15,1216,220,5010,1,80.96,29.21,0.26,80.96,59.91,30.7,AUD,paypal,mobile_app,completed
TXN20260107000438,2026-01-07 10:06:17,1995,330,,2,125.71,91.59,0.22,251.42,196.11,12.93,AUD,credit_card,web,completed
TXN20260107000439,2026-01-07 10:07:49,1954,87,,4,137.75,85.09,0.14,551.0,473.86,133.5,AUD,credit_card,web,completed
TXN20260107000440,2026-01-07 10:13:28,1587,17,5005,3,15.98,12.32,0.24,47.94,36.43,-0.53,AUD,credit_card,mobile_app,completed
TXN20260107000441,2026-01-07 10:14:14,1656,136,,4,12.1,8.71,0.02,48.4,47.43,12.59,AUD,credit_card,marketplace,completed
TXN20260107000442,2026-01-07 10:17:27,1755,41,,5,241.85,106.29,0.27,1209.25,882.75,351.3,AUD,credit_card,web,completed
TXN20260107000443,2026-01-07 10:17:56,1252,112,,2,121.28,51.75,0.03,242.56,235.28,131.78,AUD,credit_card,mobile_app,completed
TXN20260107000444,2026-01-07 10:19:57,1869,158,,3,101.24,48.34,0.01,303.72,300.68,155.66,AUD,debit_card,web,completed
TXN20260107000445,2026-01-07 10:20:52,1180,142,,3,424.43,299.05,0.2,1273.29,1018.63,121.48,AUD,paypal,web,completed
TXN20260107000446,2026-01-07 10:21:21,1489,83,,3,271.39,135.83,0.03,814.17,789.74,382.25,AUD,credit_card,marketplace,completed
TXN20260107000447,2026-01-07 10:23:52,1457,331,,3,188.98,138.35,0.08,566.94,521.58,106.53,AUD,credit_card,web,completed
TXN20260107000448,2026-01-07 10:27:52,1131,357,5004,3,49.08,20.39,0.2,147.24,117.79,56.62,AUD,buy_now_pay_later,in_store,refunded
TXN20260107000449,2026-01-07 10:31:44,1610,262,,1,30.32,15.63,0.23,30.32,23.35,7.72,AUD,buy_now_pay_later,web,completed
TXN20260107000450,2026-01-07 10:33:41,1369,264,5002,1,82.43,34.18,0.18,82.43,67.59,33.41,AUD,credit_card,mobile_app,completed
TXN20260107000451,2026-01-07 10:35:57,1226,116,,3,265.13,138.42,0.08,795.39,731.76,316.5,AUD,debit_card,web,completed
TXN20260107000452,2026-01-07 10:38:20,1861,373,5014,2,423.09,155.74,0.19,846.18,685.41,373.93,AUD,debit_card,web,completed
TXN20260107000453,2026-01-07 10:41:28,1432,103,,3,34.27,18.76,0.08,102.81,94.59,38.31,AUD,debit_card,marketplace,completed
TXN20260107000454,2026-01-07 10:43:09,2109,204,,3,256.41,190.36,0.03,769.23,746.15,175.07,AUD,debit_card,marketplace,completed
TXN20260107000455,2026-01-07 10:47:02,1987,364,,4,126.27,67.13,0.11,505.08,449.52,181.0,AUD,debit_card,mobile_app,completed
TXN20260107000456,2026-01-07 10:50:09,1617,296,5007,1,305.06,151.58,0.18,305.06,250.15,98.57,AUD,credit_card,mobile_app,completed
TXN20260107000457,2026-01-07 10:52:11,1528,235,,1,18.79,8.45,0.11,18.79,16.72,8.27,AUD,debit_card,mobile_app,completed
TXN20260107000458,2026-01-07 10:53:08,1744,313,,5,364.12,204.74,0.06,1820.6,1711.36,687.66,AUD,credit_card,web,completed
TXN20260107000459,2026-01-07 10:54:25,1363,387,,1,113.54,61.9,0.05,113.54,107.86,45.96,AUD,debit_card,web,completed
TXN20260107000460,2026-01-07 10:56:07,1918,170,5006,4,68.81,27.57,0.04,275.24,264.23,153.95,AUD,credit_card,web,completed
TXN20260107000461,2026-01-07 11:01:34,1134,304,5005,4,87.75,49.18,0.03,351.0,340.47,143.75,AUD,credit_card,web,completed
TXN20260107000462,2026-01-07 11:02:50,1301,26,,4,76.06,28.87,0.29,304.24,216.01,100.53,AUD,credit_card,in_store,completed
TXN20260107000463,2026-01-07 11:03:53,1932,130,,1,18.48,10.08,0.08,18.48,17.0,6.92,AUD,bank_transfer,web,completed
TXN20260107000464,2026-01-07 11:04:45,2180,357,,2,49.08,20.39,0.02,98.16,96.2,55.42,AUD,credit_card,mobile_app,refunded
TXN20260107000465,2026-01-07 11:06:21,2014,196,,4,113.34,80.83,0.19,453.36,367.22,43.9,AUD,credit_card,marketplace,completed
TXN20260107000466,2026-01-07 11:07:46,2203,353,5003,1,53.63,27.2,0.19,53.63,43.44,16.24,AUD,credit_card,marketplace,completed
TXN20260107000467,2026-01-07 11:11:16,1521,95,,1,125.86,97.81,0.07,125.86,117.05,19.24,AUD,paypal,mobile_app,refunded
TXN20260107000468,2026-01-07 11:11:35,1718,283,,1,155.88,105.7,0.12,155.88,137.17,31.47,AUD,credit_card,mobile_app,completed
TXN20260107000469,2026-01-07 11:12:47,2109,52,5014,2,213.42,159.81,0.01,426.84,422.57,102.95,AUD,credit_card,mobile_app,completed
TXN20260107000470,2026-01-07 11:17:25,1303,378,,1,355.29,228.27,0.08,355.29,326.87,98.6,AUD,paypal,mobile_app,completed
TXN20260107000471,2026-01-07 11:17:41,1537,207,,1,174.77,73.18,0.03,174.77,169.53,96.35,AUD,credit_card,mobile_app,completed
TXN20260107000472,2026-01-07 11:19:36,1283,396,,1,358.76,209.23,0.16,358.76,301.36,92.13,AUD,gift_card,web,completed
TXN20260107000473,2026-01-07 11:23:06,2035,192,,2,486.02,347.84,0.03,972.04,942.88,247.2,AUD,credit_card,mobile_app,completed
TXN20260107000474,2026-01-07 11:25:04,1490,27,,3,172.81,116.75,0.13,518.43,451.03,100.78,AUD,buy_now_pay_later,marketplace,completed
TXN20260107000475,2026-01-07 11:26:09,2139,381,,1,12.14,8.81,0.22,12.14,9.47,0.66,AUD,debit_card,web,completed
TXN20260107000476,2026-01-07 11:26:47,1700,181,,1,219.32,157.3,0.05,219.32,208.35,51.05,AUD,bank_transfer,mobile_app,completed
TXN20260107000477,2026-01-07 11:27:17,1517,265,,3,217.01,151.39,0.13,651.03,566.4,112.23,AUD,debit_card,mobile_app,completed
TXN20260107000478,2026-01-07 11:32:22,1032,155,,4,402.98,307.8,0.09,1611.92,1466.85,235.65,AUD,credit_card,web,completed
TXN20260107000479,2026-01-07 11:32:53,2096,294,,5,25.75,16.01,0.06,128.75,121.02,40.97,AUD,credit_card,web,completed
TXN20260107000480,2026-01-07 11:42:56,1279,149,,2,221.16,142.36,0.19,442.32,358.28,73.56,AUD,credit_card,web,completed
TXN20260107000481,2026-01-07 11:47:40,1130,55,,3,51.38,24.77,0.16,154.14,129.48,55.17,AUD,credit_card,mobile_app,completed
TXN20260107000482,2026-01-07 11:48:31,1833,208,,2,165.3,68.58,0.17,330.6,274.4,137.24,AUD,credit_card,web,completed
TXN20260107000483,2026-01-07 11:53:56,2101,59,,2,66.9,33.14,0.07,133.8,124.43,58.15,AUD,debit_card,web,completed
TXN20260107000484,2026-01-07 12:01:36,1778,8,,2,65.06,29.43,0.09,130.12,118.41,59.55,AUD,credit_card,web,completed
TXN20260107000485,2026-01-07 12:01:43,1005,235,,3,18.79,8.45,0.1,56.37,50.73,25.38,AUD,credit_card,mobile_app,completed
TXN20260107000486,2026-01-07 12:02:41,1030,168,5002,3,356.7,253.22,0.05,1070.1,1016.59,256.93,AUD,buy_now_pay_later,web,completed
TXN20260107000487,2026-01-07 12:02:56,1816,68,5006,1,197.74,154.22,0.0,197.74,197.74,43.52,AUD,credit_card,web,completed
TXN20260107000488,2026-01-07 12:03:08,1240,322,5006,3,98.42,48.71,0.11,295.26,262.78,116.65,AUD,gift_card,marketplace,completed
TXN20260107000489,2026-01-07 12:04:30,2188,220,,1,80.96,29.21,0.22,80.96,63.15,33.94,AUD,paypal,web,completed
TXN20260107000490,2026-01-07 12:08:19,1448,103,,1,34.27,18.76,0.06,34.27,32.21,13.45,AUD,paypal,web,completed
TXN20260107000491,2026-01-07 12:11:06,2108,16,,3,185.65,67.71,0.12,556.95,490.12,286.99,AUD,paypal,marketplace,completed
TXN20260107000492,2026-01-07 12:13:04,2144,96,,4,143.85,89.79,0.04,575.4,552.38,193.22,AUD,credit_card,marketplace,completed
TXN20260107000493,2026-01-07 12:13:38,1064,248,5003,1,58.0,41.73,0.04,58.0,55.68,13.95,AUD,credit_card,mobile_app,completed
TXN20260107000494,2026-01-07 12:14:55,2094,215,,1,8.88,3.58,0.15,8.88,7.55,3.97,AUD,credit_card,mobile_app,refunded
TXN20260107000495,2026-01-07 12:15:40,1504,203,5017,1,5.97,4.17,0.16,5.97,5.01,0.84,AUD,debit_card,web,cancelled
TXN20260107000496,2026-01-07 12:15:56,1561,156,,4,179.48,110.08,0.08,717.92,660.49,220.17,AUD,debit_card,mobile_app,completed
TXN20260107000497,2026-01-07 12:16:13,1869,3,5009,1,142.91,77.99,0.19,142.91,115.76,37.77,AUD,credit_card,mobile_app,completed
TXN20260107000498,2026-01-07 12:16:55,1590,332,,3,436.24,255.68,0.21,1308.72,1033.89,266.85,AUD,paypal,web,completed
TXN20260107000499,2026-01-07 12:17:16,1865,22,,3,239.15,141.03,0.11,717.45,638.53,215.44,AUD,buy_now_pay_later,mobile_app,completed
TXN20260107000500,2026-01-07 12:17:37,1022,203,,1,5.97,4.17,0.12,5.97,5.25,1.08,AUD,debit_card,web,completed
TXN20260107000501,2026-01-07 12:17:42,1498,167,5014,4,176.55,75.21,0.18,706.2,579.08,278.24,AUD,credit_card,web,completed
TXN20260107000502,2026-01-07 12:18:00,1814,74,,3,161.48,101.89,0.23,484.44,373.02,67.35,AUD,paypal,web,completed
TXN20260107000503,2026-01-07 12:18:01,1959,399,,1,108.85,51.12,0.06,108.85,102.32,51.2,AUD,debit_card,mobile_app,completed
TXN20260107000504,2026-01-07 12:18:27,1674,344,5018,3,24.55,10.75,0.01,73.65,72.91,40.66,AUD,paypal,marketplace,completed
TXN20260107000505,2026-01-07 12:19:28,1173,282,5004,2,11.8,8.78,0.1,23.6,21.24,3.68,AUD,buy_now_pay_later,mobile_app,completed
TXN20260107000506,2026-01-07 12:20:37,1893,230,,2,249.03,160.65,0.28,498.06,358.6,37.3,AUD,credit_card,phone,completed
TXN20260107000507,2026-01-07 12:21:01,1661,163,5007,3,280.84,142.19,0.08,842.52,775.12,348.55,AUD,credit_card,web,completed
TXN20260107000508,2026-01-07 12:21:48,1699,236,,3,7.93,6.02,0.03,23.79,23.08,5.02,AUD,debit_card,web,completed
TXN20260107000509,2026-01-07 12:22:03,2181,184,5002,1,24.72,17.45,0.11,24.72,22.0,4.55,AUD,debit_card,mobile_app,completed
TXN20260107000510,2026-01-07 12:22:34,2201,340,,1,69.61,35.79,0.02,69.61,68.22,32.43,AUD,buy_now_pay_later,mobile_app,completed
TXN20260107000511,2026-01-07 12:23:25,1853,37,,2,5.1,1.86,0.22,10.2,7.96,4.24,AUD,debit_card,mobile_app,completed
TXN20260107000512,2026-01-07 12:24:21,1793,196,5006,4,113.34,80.83,0.01,453.36,448.83,125.51,AUD,credit_card,mobile_app,completed
TXN20260107000513,2026-01-07 12:24:43,2042,397,,1,183.67,101.88,0.01,183.67,181.83,79.95,AUD,credit_card,mobile_app,completed
TXN20260107000514,2026-01-07 12:26:01,1806,346,5002,1,337.76,248.46,0.12,337.76,297.23,48.77,AUD,credit_card,web,refunded
TXN20260107000515,2026-01-07 12:26:02,1076,180,,5,233.35,116.35,0.03,1166.75,1131.75,550.0,AUD,debit_card,web,completed
TXN20260107000516,2026-01-07 12:27:04,1942,364,,1,126.27,67.13,0.01,126.27,125.01,57.88,AUD,credit_card,mobile_app,completed
TXN20260107000517,2026-01-07 12:27:42,1507,333,,2,41.88,25.97,0.01,83.76,82.92,30.98,AUD,credit_card,web,completed
TXN20260107000518,2026-01-07 12:29:12,1726,30,,2,170.45,127.12,0.11,340.9,303.4,49.16,AUD,paypal,web,completed
TXN20260107000519,2026-01-07 12:29:13,1378,188,,4,141.88,98.58,0.11,567.52,505.09,110.77,AUD,buy_now_pay_later,web,completed
TXN20260107000520,2026-01-07 12:29:59,2065,5,5003,4,69.17,48.26,0.16,276.68,232.41,39.37,AUD,credit_card,mobile_app,completed
TXN20260107000521,2026-01-07 12:33:31,1378,28,,1,154.87,112.5,0.15,154.87,131.64,19.14,AUD,credit_card,marketplace,completed
TXN20260107000522,2026-01-07 12:34:14,1899,161,,1,57.23,33.31,0.24,57.23,43.49,10.18,AUD,buy_now_pay_later,marketplace,completed
TXN20260107000523,2026-01-07 12:34:19,2021,363,,1,161.87,102.03,0.19,161.87,131.11,29.08,AUD,credit_card,web,completed
TXN20260107000524,2026-01-07 12:35:41,2018,119,,3,26.62,12.14,0.06,79.86,75.07,38.65,AUD,credit_card,marketplace,completed
TXN20260107000525,2026-01-07 12:37:34,1812,270,,1,347.43,172.19,0.02,347.43,340.48,168.29,AUD,buy_now_pay_later,mobile_app,completed
TXN20260107000526,2026-01-07 12:37:34,1349,283,,5,155.88,105.7,0.24,779.4,592.34,63.84,AUD,paypal,web,completed
TXN20260107000527,2026-01-07 12:39:31,1907,108,5004,1,13.12,5.5,0.06,13.12,12.33,6.83,AUD,credit_card,mobile_app,completed
TXN20260107000528,2026-01-07 12:39:45,1212,106,,2,313.2,199.1,0.13,626.4,544.97,146.77,AUD,credit_card,web,completed
TXN20260107000529,2026-01-07 12:40:16,1201,131,5005,1,93.36,56.38,0.17,93.36,77.49,21.11,AUD,credit_card,web,completed
TXN20260107000530,2026-01-07 12:40:16,1833,124,,4,396.85,254.98,0.05,1587.4,1508.03,488.11,AUD,buy_now_pay_later,web,completed
TXN20260107000531,2026-01-07 12:40:22,1676,45,5004,1,127.42,77.89,0.03,127.42,123.6,45.71,AUD,credit_card,mobile_app,completed
TXN20260107000532,2026-01-07 12:41:12,1135,250,,1,231.82,122.47,0.03,231.82,224.87,102.4,AUD,paypal,mobile_app,completed
TXN20260107000533,2026-01-07 12:41:50,1353,355,,3,211.06,93.04,0.17,633.18,525.54,246.42,AUD,debit_card,web,completed
TXN20260107000534,2026-01-07 12:44:04,2143,4,,1,238.89,172.72,0.23,238.89,183.95,11.23,AUD,credit_card,web,completed
TXN20260107000535,2026-01-07 12:46:01,1928,213,,1,89.64,56.55,0.05,89.64,85.16,28.61,AUD,gift_card,web,completed
TXN20260107000536,2026-01-07 12:46:17,2057,281,5017,2,206.68,92.2,0.09,413.36,376.16,191.76,AUD,credit_card,mobile_app,completed
TXN20260107000537,2026-01-07 12:46:44,1951,372,,4,321.9,199.55,0.16,1287.6,1081.58,283.38,AUD,bank_transfer,web,completed
TXN20260107000538,2026-01-07 12:46:48,1231,17,,3,15.98,12.32,0.05,47.94,45.54,8.58,AUD,paypal,web,completed
TXN20260107000539,2026-01-07 12:47:41,1859,249,5003,2,96.17,46.26,0.04,192.34,184.65,92.13,AUD,paypal,mobile_app,completed
TXN20260107000540,2026-01-07 12:47:56,1780,85,,3,173.56,99.76,0.24,520.68,395.72,96.44,AUD,credit_card,web,completed
TXN20260107000541,2026-01-07 12:49:34,1722,385,,1,111.79,81.72,0.18,111.79,91.67,9.95,AUD,credit_card,phone,completed
TXN20260107000542,2026-01-07 12:49:47,1990,28,,1,154.87,112.5,0.17,154.87,128.54,16.04,AUD,credit_card,web,completed
TXN20260107000543,2026-01-07 12:50:58,1567,3,,1,142.91,77.99,0.19,142.91,115.76,37.77,AUD,credit_card,mobile_app,completed
TXN20260107000544,2026-01-07 12:51:01,1689,253,5012,1,142.58,95.23,0.17,142.58,118.34,23.11,AUD,debit_card,web,completed
TXN20260107000545,2026-01-07 12:53:22,1192,157,,1,63.5,40.09,0.02,63.5,62.23,22.14,AUD,credit_card,mobile_app,completed
TXN20260107000546,2026-01-07 12:53:27,1117,286,,6,226.6,96.42,0.06,1359.6,1278.02,699.5,AUD,credit_card,marketplace,completed
TXN20260107000547,2026-01-07 12:53:54,1354,375,,1,239.04,121.65,0.02,239.04,234.26,112.61,AUD,buy_now_pay_later,mobile_app,completed
TXN20260107000548,2026-01-07 12:54:52,1793,372,5013,3,321.9,199.55,0.23,965.7,743.59,144.94,AUD,debit_card,web,cancelled
TXN20260107000549,2026-01-07 12:55:45,1646,189,5017,3,209.27,158.1,0.07,627.81,583.86,109.56,AUD,credit_card,mobile_app,cancelled
TXN20260107000550,2026-01-07 12:57:23,2003,102,5017,5,276.02,213.86,0.03,1380.1,1338.7,269.4,AUD,debit_card,web,completed
TXN20260107000551,2026-01-07 12:58:55,1677,286,,3,226.6,96.42,0.18,679.8,557.44,268.18,AUD,credit_card,web,completed
TXN20260107000552,2026-01-07 13:01:53,1747,342,,3,119.39,87.78,0.03,358.17,347.42,84.08,AUD,credit_card,mobile_app,completed
TXN20260107000553,2026-01-07 13:03:23,1971,109,,1,156.65,98.49,0.06,156.65,147.25,48.76,AUD,credit_card,web,completed
TXN20260107000554,2026-01-07 13:04:45,1592,191,5016,5,265.41,112.45,0.01,1327.05,1313.78,751.53,AUD,debit_card,mobile_app,completed
TXN20260107000555,2026-01-07 13:06:49,1488,281,,1,206.68,92.2,0.13,206.68,179.81,87.61,AUD,credit_card,web,completed
TXN20260107000556,2026-01-07 13:08:17,1498,355,5002,3,211.06,93.04,0.11,633.18,563.53,284.41,AUD,paypal,web,completed
TXN20260107000557,2026-01-07 13:08:19,1721,302,,3,47.96,26.56,0.07,143.88,133.81,54.13,AUD,credit_card,mobile_app,completed
TXN20260107000558,2026-01-07 13:09:34,1626,310,,4,109.6,62.46,0.05,438.4,416.48,166.64,AUD,buy_now_pay_later,web,completed
TXN20260107000559,2026-01-07 13:09:37,1097,118,5013,1,63.49,25.23,0.02,63.49,62.22,36.99,AUD,credit_card,web,completed
TXN20260107000560,2026-01-07 13:10:47,1775,239,5006,1,33.36,20.5,0.25,33.36,25.02,4.52,AUD,paypal,web,completed
TXN20260107000561,2026-01-07 13:10:59,1114,243,,2,6.18,2.24,0.11,12.36,11.0,6.52,AUD,debit_card,web,completed
TXN20260107000562,2026-01-07 13:12:23,1898,173,,3,67.53,28.1,0.02,202.59,198.54,114.24,AUD,debit_card,in_store,completed
TXN20260107000563,2026-01-07 13:13:39,1078,100,,4,429.39,290.83,0.16,1717.56,1442.75,279.43,AUD,buy_now_pay_later,web,completed
TXN20260107000564,2026-01-07 13:14:37,2052,396,5013,2,358.76,209.23,0.07,717.52,667.29,248.83,AUD,credit_card,web,completed
TXN20260107000565,2026-01-07 13:16:37,1082,372,,5,321.9,199.55,0.01,1609.5,1593.4,595.65,AUD,credit_card,mobile_app,completed
TXN20260107000566,2026-01-07 13:16:56,1059,28,5012,4,154.87,112.5,0.09,619.48,563.73,113.73,AUD,paypal,web,completed
TXN20260107000567,2026-01-07 13:17:42,1969,76,,2,153.93,70.84,0.14,307.86,264.76,123.08,AUD,credit_card,mobile_app,completed
TXN20260107000568,2026-01-07 13:18:55,1480,395,,1,259.59,188.33,0.1,259.59,233.63,45.3,AUD,buy_now_pay_later,web,completed
TXN20260107000569,2026-01-07 13:19:18,1602,365,,1,229.11,163.97,0.01,229.11,226.82,62.85,AUD,paypal,mobile_app,completed
TXN20260107000570,2026-01-07 13:19:32,1998,55,,2,51.38,24.77,0.16,102.76,86.32,36.78,AUD,debit_card,marketplace,completed
TXN20260107000571,2026-01-07 13:20:03,1976,296,,4,305.06,151.58,0.03,1220.24,1183.63,577.31,AUD,debit_card,in_store,cancelled
TXN20260107000572,2026-01-07 13:20:55,1305,79,,2,139.3,69.25,0.1,278.6,250.74,112.24,AUD,paypal,web,completed
TXN20260107000573,2026-01-07 13:21:47,2038,137,5007,2,230.43,174.09,0.21,460.86,364.08,15.9,AUD,debit_card,marketplace,completed
TXN20260107000574,2026-01-07 13:22:12,1364,236,,1,7.93,6.02,0.16,7.93,6.66,0.64,AUD,debit_card,in_store,completed
TXN20260107000575,2026-01-07 13:23:02,1338,401,5010,1,112.78,49.28,0.17,112.78,93.61,44.33,AUD,credit_card,marketplace,completed
TXN20260107000576,2026-01-07 13:23:57,1933,138,,2,132.98,57.54,0.12,265.96,234.04,118.96,AUD,credit_card,mobile_app,completed
TXN20260107000577,2026-01-07 13:24:50,1571,300,,4,134.02,50.66,0.06,536.08,503.92,301.28,AUD,debit_card,marketplace,completed
TXN20260107000578,2026-01-07 13:25:46,2016,325,,1,263.67,128.75,0.21,263.67,208.3,79.55,AUD,paypal,mobile_app,completed
TXN20260107000579,2026-01-07 13:25:54,1192,84,5018,1,131.95,75.26,0.04,131.95,126.67,51.41,AUD,credit_card,mobile_app,completed
TXN20260107000580,2026-01-07 13:25:56,2187,56,5003,1,221.91,135.65,0.25,221.91,166.43,30.78,AUD,credit_card,mobile_app,completed
TXN20260107000581,2026-01-07 13:27:36,1669,287,5018,1,67.92,35.4,0.1,67.92,61.13,25.73,AUD,credit_card,web,completed
TXN20260107000582,2026-01-07 13:27:42,1404,97,,3,261.47,109.45,0.04,784.41,753.03,424.68,AUD,buy_now_pay_later,web,completed
TXN20260107000583,2026-01-07 13:29:36,1857,383,,2,227.62,101.34,0.13,455.24,396.06,193.38,AUD,debit_card,web,completed
TXN20260107000584,2026-01-07 13:31:43,1001,237,,2,5.09,3.29,0.21,10.18,8.04,1.46,AUD,credit_card,marketplace,completed
TXN20260107000585,2026-01-07 13:32:53,1814,169,,3,175.58,82.15,0.08,526.74,484.6,238.15,AUD,debit_card,mobile_app,completed
TXN20260107000586,2026-01-07 13:32:57,1443,331,,4,188.98,138.35,0.04,755.92,725.68,172.28,AUD,paypal,mobile_app,completed
TXN20260107000587,2026-01-07 13:33:49,1633,399,,4,108.85,51.12,0.01,435.4,431.05,226.57,AUD,credit_card,web,completed
TXN20260107000588,2026-01-07 13:34:40,1653,217,,1,105.58,80.07,0.18,105.58,86.58,6.51,AUD,debit_card,web,completed
TXN20260107000589,2026-01-07 13:35:34,1719,354,5004,4,128.43,85.15,0.07,513.72,477.76,137.16,AUD,debit_card,mobile_app,completed
TXN20260107000590,2026-01-07 13:36:28,1605,279,,1,202.1,80.17,0.2,202.1,161.68,81.51,AUD,debit_card,web,cancelled
TXN20260107000591,2026-01-07 13:36:41,1082,154,5003,3,128.25,56.51,0.06,384.75,361.66,192.13,AUD,buy_now_pay_later,web,completed
TXN20260107000592,2026-01-07 13:37:06,1862,130,5018,3,18.48,10.08,0.01,55.44,54.89,24.65,AUD,bank_transfer,web,completed
TXN20260107000593,2026-01-07 13:37:39,1188,378,5007,2,355.29,228.27,0.12,710.58,625.31,168.77,AUD,credit_card,mobile_app,completed
TXN20260107000594,2026-01-07 13:38:27,1907,20,,2,230.82,128.98,0.05,461.64,438.56,180.6,AUD,credit_card,web,completed
TXN20260107000595,2026-01-07 13:39:49,1231,286,,2,226.6,96.42,0.07,453.2,421.48,228.64,AUD,debit_card,web,completed
TXN20260107000596,2026-01-07 13:39:57,1816,399,,1,108.85,51.12,0.11,108.85,96.88,45.76,AUD,credit_card,phone,completed
TXN20260107000597,2026-01-07 13:40:03,1682,307,,6,349.28,266.61,0.02,2095.68,2053.77,454.11,AUD,bank_transfer,web,completed
TXN20260107000598,2026-01-07 13:40:06,2004,13,,2,39.93,31.05,0.04,79.86,76.67,14.57,AUD,paypal,web,cancelled
TXN20260107000599,2026-01-07 13:40:49,1164,232,5007,1,159.76,96.34,0.06,159.76,150.17,53.83,AUD,credit_card,web,completed
TXN20260107000600,2026-01-07 13:42:42,1284,323,,3,154.89,83.84,0.08,464.67,427.5,175.98,AUD,credit_card,mobile_app,completed
TXN20260107000601,2026-01-07 13:45:00,2015,364,,3,126.27,67.13,0.17,378.81,314.41,113.02,AUD,paypal,marketplace,refunded
TXN20260107000602,2026-01-07 13:45:33,1356,351,,6,410.9,255.25,0.02,2465.4,2416.09,884.59,AUD,gift_card,marketplace,completed
TXN20260107000603,2026-01-07 13:45:39,1650,187,,1,18.28,11.11,0.15,18.28,15.54,4.43,AUD,credit_card,mobile_app,completed
TXN20260107000604,2026-01-07 13:47:07,1740,351,,1,410.9,255.25,0.05,410.9,390.35,135.1,AUD,paypal,mobile_app,completed
TXN20260107000605,2026-01-07 13:47:24,1745,45,,6,127.42,77.89,0.23,764.52,588.68,121.34,AUD,credit_card,web,completed
TXN20260107000606,2026-01-07 13:47:32,1536,376,,3,227.27,124.66,0.18,681.81,559.08,185.1,AUD,credit_card,web,completed
TXN20260107000607,2026-01-07 13:48:13,1299,25,,1,279.71,213.59,0.0,279.71,279.71,66.12,AUD,credit_card,mobile_app,completed
TXN20260107000608,2026-01-07 13:48:38,2047,57,,1,7.38,2.62,0.07,7.38,6.86,4.24,AUD,debit_card,mobile_app,completed
TXN20260107000609,2026-01-07 13:48:46,2182,18,,4,23.51,10.69,0.12,94.04,82.76,40.0,AUD,bank_transfer,mobile_app,completed
TXN20260107000610,2026-01-07 13:49:03,1164,143,,4,166.42,116.53,0.17,665.68,552.51,86.39,AUD,debit_card,marketplace,completed
TXN20260107000611,2026-01-07 13:49:21,1945,377,,6,34.75,17.44,0.05,208.5,198.07,93.43,AUD,gift_card,web,completed
TXN20260107000612,2026-01-07 13:50:19,2131,36,5012,1,95.33,67.51,0.03,95.33,92.47,24.96,AUD,buy_now_pay_later,mobile_app,completed
TXN20260107000613,2026-01-07 13:50:55,2117,350,5003,3,78.73,28.3,0.12,236.19,207.85,122.95,AUD,buy_now_pay_later,web,completed
TXN20260107000614,2026-01-07 13:51:49,1930,79,5018,3,139.3,69.25,0.12,417.9,367.75,160.0,AUD,bank_transfer,mobile_app,completed
TXN20260107000615,2026-01-07 13:52:16,1704,376,,2,227.27,124.66,0.01,454.54,449.99,200.67,AUD,debit_card,web,completed
TXN20260107000616,2026-01-07 13:54:17,2166,182,5009,2,185.56,117.63,0.11,371.12,330.3,95.04,AUD,credit_card,web,completed
TXN20260107000617,2026-01-07 13:54:54,1600,41,,1,241.85,106.29,0.06,241.85,227.34,121.05,AUD,paypal,in_store,completed
TXN20260107000618,2026-01-07 13:55:22,1700,191,,2,265.41,112.45,0.08,530.82,488.35,263.45,AUD,buy_now_pay_later,mobile_app,cancelled
TXN20260107000619,2026-01-07 13:55:53,1332,105,,2,142.92,89.61,0.14,285.84,245.82,66.6,AUD,debit_card,mobile_app,pending
TXN20260107000620,2026-01-07 13:56:23,1565,80,5014,4,200.59,111.67,0.06,802.36,754.22,307.54,AUD,gift_card,mobile_app,completed
TXN20260107000621,2026-01-07 13:56:55,2096,39,5010,1,153.21,59.61,0.05,153.21,145.55,85.94,AUD,buy_now_pay_later,web,completed
TXN20260107000622,2026-01-07 13:57:28,2102,103,,4,34.27,18.76,0.16,137.08,115.15,40.11,AUD,debit_card,mobile_app,completed
TXN20260107000623,2026-01-07 13:57:53,1530,74,5013,2,161.48,101.89,0.03,322.96,313.27,109.49,AUD,credit_card,web,completed
TXN20260107000624,2026-01-07 13:58:37,1145,285,,2,333.53,259.05,0.2,667.06,533.65,15.55,AUD,debit_card,mobile_app,completed
TXN20260107000625,2026-01-07 13:59:04,1146,267,,1,13.67,9.81,0.05,13.67,12.99,3.18,AUD,paypal,mobile_app,completed
TXN20260107000626,2026-01-07 14:01:50,1636,196,5013,4,113.34,80.83,0.15,453.36,385.36,62.04,AUD,credit_card,mobile_app,completed
TXN20260107000627,2026-01-07 14:03:39,1204,55,,3,51.38,24.77,0.17,154.14,127.94,53.63,AUD,paypal,web,completed
TXN20260107000628,2026-01-07 14:04:13,1924,285,,5,333.53,259.05,0.04,1667.65,1600.94,305.69,AUD,credit_card,web,completed
TXN20260107000629,2026-01-07 14:04:34,1733,274,,1,68.35,51.82,0.02,68.35,66.98,15.16,AUD,credit_card,web,completed
TXN20260107000630,2026-01-07 14:09:37,1666,183,,1,56.96,21.65,0.03,56.96,55.25,33.6,AUD,credit_card,web,completed
TXN20260107000631,2026-01-07 14:11:13,1587,29,5003,1,157.08,114.81,0.03,157.08,152.37,37.56,AUD,buy_now_pay_later,marketplace,completed
TXN20260107000632,2026-01-07 14:12:24,1140,135,5006,4,141.91,90.68,0.09,567.64,516.55,153.83,AUD,credit_card,mobile_app,completed
TXN20260107000633,2026-01-07 14:14:04,1994,192,,2,486.02,347.84,0.01,972.04,962.32,266.64,AUD,paypal,mobile_app,completed
TXN20260107000634,2026-01-07 14:17:54,1205,284,5017,4,359.21,205.04,0.14,1436.84,1235.68,415.52,AUD,debit_card,web,completed
TXN20260107000635,2026-01-07 14:23:03,1665,398,5009,1,94.81,37.08,0.1,94.81,85.33,48.25,AUD,buy_now_pay_later,mobile_app,completed
TXN20260107000636,2026-01-07 14:23:29,1400,373,,5,423.09,155.74,0.16,2115.45,1776.98,998.28,AUD,credit_card,marketplace,completed
TXN20260107000637,2026-01-07 14:30:25,1898,180,,3,233.35,116.35,0.02,700.05,686.05,337.0,AUD,paypal,mobile_app,completed
TXN20260107000638,2026-01-07 14:31:44,1518,240,,1,296.5,109.26,0.0,296.5,296.5,187.24,AUD,credit_card,mobile_app,completed
TXN20260107000639,2026-01-07 14:36:35,2068,263,,3,194.7,69.51,0.19,584.1,473.12,264.59,AUD,bank_transfer,mobile_app,completed
TXN20260107000640,2026-01-07 14:39:20,1135,360,,3,22.41,17.01,0.19,67.23,54.46,3.43,AUD,debit_card,marketplace,completed
TXN20260107000641,2026-01-07 14:40:05,1976,34,5017,4,250.91,140.28,0.26,1003.64,742.69,181.57,AUD,buy_now_pay_later,mobile_app,completed
TXN20260107000642,2026-01-07 14:40:29,1370,359,,3,421.42,180.37,0.13,1264.26,1099.91,558.8,AUD,credit_card,web,completed
TXN20260107000643,2026-01-07 14:41:41,1417,257,,1,452.64,204.1,0.03,452.64,439.06,234.96,AUD,gift_card,mobile_app,completed
TXN20260107000644,2026-01-07 14:42:28,1478,231,,3,114.93,83.66,0.16,344.79,289.62,38.64,AUD,credit_card,web,completed
TXN20260107000645,2026-01-07 14:47:55,1980,247,5014,2,32.77,14.35,0.04,65.54,62.92,34.22,AUD,paypal,mobile_app,refunded
TXN20260107000646,2026-01-07 14:53:07,1525,385,5018,2,111.79,81.72,0.05,223.58,212.4,48.96,AUD,credit_card,marketplace,completed
TXN20260107000647,2026-01-07 14:53:39,1444,25,,2,279.71,213.59,0.03,559.42,542.64,115.46,AUD,buy_now_pay_later,web,completed
TXN20260107000648,2026-01-07 14:57:50,2125,259,,3,243.76,167.05,0.06,731.28,687.4,186.25,AUD,paypal,web,completed
TXN20260107000649,2026-01-07 14:59:23,1785,10,5017,1,246.81,139.27,0.05,246.81,234.47,95.2,AUD,buy_now_pay_later,mobile_app,completed
TXN20260107000650,2026-01-07 15:01:30,1406,257,,2,452.64,204.1,0.1,905.28,814.75,406.55,AUD,debit_card,web,completed
TXN20260107000651,2026-01-07 15:03:00,2002,12,,3,22.05,16.18,0.22,66.15,51.6,3.06,AUD,gift_card,marketplace,completed
TXN20260107000652,2026-01-07 15:05:29,1959,359,,2,421.42,180.37,0.02,842.84,825.98,465.24,AUD,credit_card,mobile_app,completed
TXN20260107000653,2026-01-07 15:06:13,1588,168,,6,356.7,253.22,0.09,2140.2,1947.58,428.26,AUD,debit_card,mobile_app,completed
TXN20260107000654,2026-01-07 15:06:51,1744,351,,3,410.9,255.25,0.2,1232.7,986.16,220.41,AUD,paypal,mobile_app,completed
TXN20260107000655,2026-01-07 15:08:21,1899,173,,1,67.53,28.1,0.01,67.53,66.85,38.75,AUD,credit_card,web,completed
TXN20260107000656,2026-01-07 15:08:53,1553,395,5004,2,259.59,188.33,0.09,519.18,472.45,95.79,AUD,credit_card,phone,refunded
TXN20260107000657,2026-01-07 15:10:40,1642,162,,3,102.25,40.84,0.22,306.75,239.27,116.75,AUD,credit_card,in_store,pending
TXN20260107000658,2026-01-07 15:11:02,1133,67,5002,4,164.66,66.92,0.14,658.64,566.43,298.75,AUD,buy_now_pay_later,mobile_app,completed
TXN20260107000659,2026-01-07 15:13:29,1201,346,5009,1,337.76,248.46,0.12,337.76,297.23,48.77,AUD,credit_card,mobile_app,completed
TXN20260107000660,2026-01-07 15:13:50,1706,275,5004,3,116.41,50.22,0.21,349.23,275.89,125.23,AUD,credit_card,mobile_app,completed
TXN20260107000661,2026-01-07 15:15:03,1110,104,5017,4,41.5,18.2,0.14,166.0,142.76,69.96,AUD,paypal,web,completed
TXN20260107000662,2026-01-07 15:19:18,1366,287,,2,67.92,35.4,0.16,135.84,114.11,43.31,AUD,paypal,mobile_app,completed
TXN20260107000663,2026-01-07 15:20:03,1853,315,,1,85.51,53.68,0.14,85.51,73.54,19.86,AUD,debit_card,mobile_app,completed
TXN20260107000664,2026-01-07 15:21:59,2054,398,,3,94.81,37.08,0.11,284.43,253.14,141.9,AUD,buy_now_pay_later,mobile_app,refunded
TXN20260107000665,2026-01-07 15:27:50,1666,159,,1,232.46,120.67,0.01,232.46,230.14,109.47,AUD,credit_card,mobile_app,completed
TXN20260107000666,2026-01-07 15:29:20,2140,270,,4,347.43,172.19,0.06,1389.72,1306.34,617.58,AUD,credit_card,mobile_app,completed
TXN20260107000667,2026-01-07 15:30:11,1385,22,,1,239.15,141.03,0.18,239.15,196.1,55.07,AUD,gift_card,web,completed
TXN20260107000668,2026-01-07 15:30:56,1539,108,,2,13.12,5.5,0.11,26.24,23.35,12.35,AUD,credit_card,mobile_app,completed
TXN20260107000669,2026-01-07 15:31:37,1239,389,5005,3,275.99,185.24,0.16,827.97,695.49,139.77,AUD,credit_card,web,completed
TXN20260107000670,2026-01-07 15:33:12,1791,188,5009,2,141.88,98.58,0.22,283.76,221.33,24.17,AUD,credit_card,mobile_app,completed
TXN20260107000671,2026-01-07 15:33:59,1151,29,5010,2,157.08,114.81,0.05,314.16,298.45,68.83,AUD,credit_card,web,completed
TXN20260107000672,2026-01-07 15:36:18,2062,312,5013,1,142.79,97.05,0.17,142.79,118.52,21.47,AUD,buy_now_pay_later,web,completed
TXN20260107000673,2026-01-07 15:36:31,1700,316,5005,2,109.37,70.04,0.04,218.74,209.99,69.91,AUD,buy_now_pay_later,mobile_app,completed
TXN20260107000674,2026-01-07 15:37:24,1182,357,,4,49.08,20.39,0.12,196.32,172.76,91.2,AUD,paypal,web,completed
TXN20260107000675,2026-01-07 15:40:33,1787,221,5003,5,157.27,79.8,0.13,786.35,684.12,285.12,AUD,paypal,mobile_app,completed
TXN20260107000676,2026-01-07 15:52:28,1303,340,,1,69.61,35.79,0.01,69.61,68.91,33.12,AUD,debit_card,web,completed
TXN20260107000677,2026-01-07 15:53:09,1712,161,5003,5,57.23,33.31,0.18,286.15,234.64,68.09,AUD,bank_transfer,marketplace,completed
TXN20260107000678,2026-01-07 15:55:32,2085,302,,3,47.96,26.56,0.05,143.88,136.69,57.01,AUD,paypal,mobile_app,completed
TXN20260107000679,2026-01-07 15:57:00,2114,366,,4,212.32,146.95,0.18,849.28,696.41,108.61,AUD,paypal,web,completed
TXN20260107000680,2026-01-07 16:01:21,1703,371,5006,1,279.28,128.3,0.07,279.28,259.73,131.43,AUD,paypal,web,completed
TXN20260107000681,2026-01-07 16:03:12,1673,255,5010,3,109.46,69.18,0.16,328.38,275.84,68.3,AUD,credit_card,mobile_app,completed
TXN20260107000682,2026-01-07 16:03:16,1904,140,5014,2,98.88,53.29,0.16,197.76,166.12,59.54,AUD,credit_card,web,completed
TXN20260107000683,2026-01-07 16:04:32,1523,73,,1,97.62,68.56,0.18,97.62,80.05,11.49,AUD,credit_card,web,completed
TXN20260107000684,2026-01-07 16:04:54,1718,242,,2,149.29,73.33,0.01,298.58,295.59,148.93,AUD,credit_card,in_store,completed
TXN20260107000685,2026-01-07 16:05:17,1819,399,,1,108.85,51.12,0.11,108.85,96.88,45.76,AUD,debit_card,marketplace,completed
TXN20260107000686,2026-01-07 16:11:32,1958,232,5002,1,159.76,96.34,0.04,159.76,153.37,57.03,AUD,paypal,web,completed
TXN20260107000687,2026-01-07 16:12:59,1598,352,,5,241.96,137.89,0.25,1209.8,907.35,217.9,AUD,bank_transfer,web,completed
TXN20260107000688,2026-01-07 16:14:37,2062,1,5012,2,367.54,272.05,0.17,735.08,610.12,66.02,AUD,credit_card,web,completed
TXN20260107000689,2026-01-07 16:14:39,2067,191,,2,265.41,112.45,0.11,530.82,472.43,247.53,AUD,credit_card,web,cancelled
TXN20260107000690,2026-01-07 16:20:34,2160,114,5006,1,311.7,127.05,0.19,311.7,252.48,125.43,AUD,credit_card,web,completed
TXN20260107000691,2026-01-07 16:23:20,2149,247,5004,5,32.77,14.35,0.2,163.85,131.08,59.33,AUD,credit_card,web,cancelled
TXN20260107000692,2026-01-07 16:27:24,2008,124,5004,2,396.85,254.98,0.16,793.7,666.71,156.75,AUD,credit_card,web,completed
TXN20260107000693,2026-01-07 16:28:09,1392,293,,1,100.6,74.23,0.28,100.6,72.43,-1.8,AUD,debit_card,web,completed
TXN20260107000694,2026-01-07 16:29:53,1423,46,,1,182.51,84.92,0.25,182.51,136.88,51.96,AUD,buy_now_pay_later,in_store,completed
TXN20260107000695,2026-01-07 16:34:42,1114,390,5004,1,62.95,41.27,0.02,62.95,61.69,20.42,AUD,gift_card,mobile_app,completed
TXN20260107000696,2026-01-07 16:35:37,1388,271,,3,132.74,79.27,0.13,398.22,346.45,108.64,AUD,debit_card,mobile_app,completed
TXN20260107000697,2026-01-07 16:39:32,2193,9,,4,470.11,214.65,0.25,1880.44,1410.33,551.73,AUD,credit_card,mobile_app,completed
TXN20260107000698,2026-01-07 16:43:26,1904,227,,6,46.57,24.42,0.08,279.42,257.07,110.55,AUD,debit_card,web,completed
TXN20260107000699,2026-01-07 16:45:03,1351,242,,4,149.29,73.33,0.05,597.16,567.3,273.98,AUD,gift_card,web,completed
TXN20260107000700,2026-01-07 16:49:18,1105,369,5016,2,254.39,165.86,0.03,508.78,493.52,161.8,AUD,buy_now_pay_later,web,completed
TXN20260107000701,2026-01-07 16:53:35,1988,267,,2,13.67,9.81,0.0,27.34,27.34,7.72,AUD,credit_card,web,completed
TXN20260107000702,2026-01-07 16:54:58,1281,318,,2,104.56,45.81,0.24,209.12,158.93,67.31,AUD,bank_transfer,web,completed
TXN20260107000703,2026-01-07 17:02:18,1476,354,5009,1,128.43,85.15,0.11,128.43,114.3,29.15,AUD,buy_now_pay_later,web,completed
TXN20260107000704,2026-01-07 17:02:33,1563,183,,4,56.96,21.65,0.1,227.84,205.06,118.46,AUD,bank_transfer,marketplace,completed
TXN20260107000705,2026-01-07 17:07:29,1458,327,5003,3,27.46,12.97,0.0,82.38,82.38,43.47,AUD,debit_card,mobile_app,completed
TXN20260107000706,2026-01-07 17:10:06,1245,245,,2,349.8,233.63,0.11,699.6,622.64,155.38,AUD,credit_card,web,completed
TXN20260107000707,2026-01-07 17:11:24,1135,102,,4,276.02,213.86,0.02,1104.08,1082.0,226.56,AUD,credit_card,web,completed
TXN20260107000708,2026-01-07 17:14:03,1211,307,5013,2,349.28,266.61,0.02,698.56,684.59,151.37,AUD,credit_card,web,completed
TXN20260107000709,2026-01-07 17:14:16,1800,224,,5,135.38,94.24,0.17,676.9,561.83,90.63,AUD,credit_card,web,completed
TXN20260107000710,2026-01-07 17:14:23,1890,270,,3,347.43,172.19,0.04,1042.29,1000.6,484.03,AUD,credit_card,mobile_app,completed
TXN20260107000711,2026-01-07 17:18:06,1181,91,,2,229.04,125.54,0.11,458.08,407.69,156.61,AUD,paypal,web,completed
TXN20260107000712,2026-01-07 17:18:40,1849,147,,3,287.02,186.05,0.1,861.06,774.95,216.8,AUD,paypal,mobile_app,completed
TXN20260107000713,2026-01-07 17:18:45,1073,8,,3,65.06,29.43,0.03,195.18,189.32,101.03,AUD,paypal,web,completed
TXN20260107000714,2026-01-07 17:19:15,1608,130,5018,1,18.48,10.08,0.05,18.48,17.56,7.48,AUD,credit_card,web,completed
TXN20260107000715,2026-01-07 17:20:45,1024,248,5012,1,58.0,41.73,0.2,58.0,46.4,4.67,AUD,credit_card,web,completed
TXN20260107000716,2026-01-07 17:23:43,1657,305,,1,51.53,22.19,0.2,51.53,41.22,19.03,AUD,gift_card,mobile_app,completed
TXN20260107000717,2026-01-07 17:24:21,1732,290,,2,37.46,23.23,0.01,74.92,74.17,27.71,AUD,credit_card,mobile_app,completed
TXN20260107000718,2026-01-07 17:25:10,1998,181,5002,1,219.32,157.3,0.06,219.32,206.16,48.86,AUD,credit_card,mobile_app,completed
TXN20260107000719,2026-01-07 17:27:47,1772,229,,2,23.31,18.16,0.12,46.62,41.03,4.71,AUD,credit_card,mobile_app,completed
TXN20260107000720,2026-01-07 17:28:04,1174,120,,3,231.92,128.02,0.04,695.76,667.93,283.87,AUD,credit_card,mobile_app,completed
TXN20260107000721,2026-01-07 17:33:11,1708,227,5016,2,46.57,24.42,0.02,93.14,91.28,42.44,AUD,credit_card,mobile_app,completed
TXN20260107000722,2026-01-07 17:33:40,1827,364,,1,126.27,67.13,0.13,126.27,109.85,42.72,AUD,credit_card,web,completed
TXN20260107000723,2026-01-07 17:36:16,1935,377,,1,34.75,17.44,0.01,34.75,34.4,16.96,AUD,debit_card,web,completed
TXN20260107000724,2026-01-07 17:37:04,2195,380,,1,148.6,57.32,0.01,148.6,147.11,89.79,AUD,bank_transfer,mobile_app,completed
TXN20260107000725,2026-01-07 17:41:20,1853,205,5018,3,200.88,145.96,0.07,602.64,560.46,122.58,AUD,credit_card,web,completed
TXN20260107000726,2026-01-07 17:44:55,1519,370,,5,292.21,138.01,0.03,1461.05,1417.22,727.17,AUD,credit_card,mobile_app,completed
TXN20260107000727,2026-01-07 17:50:07,2041,340,,1,69.61,35.79,0.12,69.61,61.26,25.47,AUD,paypal,mobile_app,completed
TXN20260107000728,2026-01-07 17:50:32,1965,261,5007,2,222.59,120.24,0.04,445.18,427.37,186.89,AUD,buy_now_pay_later,web,completed
TXN20260107000729,2026-01-07 17:54:01,1278,350,5016,5,78.73,28.3,0.09,393.65,358.22,216.72,AUD,paypal,web,completed
TXN20260107000730,2026-01-07 17:57:22,1260,35,,1,123.44,76.69,0.18,123.44,101.22,24.53,AUD,buy_now_pay_later,web,completed
TXN20260107000731,2026-01-07 18:05:09,1302,352,,2,241.96,137.89,0.08,483.92,445.21,169.43,AUD,credit_card,web,completed
TXN20260107000732,2026-01-07 18:05:40,1335,55,,2,51.38,24.77,0.01,102.76,101.73,52.19,AUD,credit_card,mobile_app,refunded
TXN20260107000733,2026-01-07 18:10:01,1244,181,5018,1,219.32,157.3,0.18,219.32,179.84,22.54,AUD,credit_card,web,completed
TXN20260107000734,2026-01-07 18:11:35,1894,86,,2,176.95,129.01,0.18,353.9,290.2,32.18,AUD,credit_card,web,completed
TXN20260107000735,2026-01-07 18:19:13,2037,30,5017,1,170.45,127.12,0.03,170.45,165.34,38.22,AUD,paypal,web,completed
TXN20260107000736,2026-01-07 18:27:30,1622,218,,1,150.35,81.79,0.01,150.35,148.85,67.06,AUD,credit_card,web,completed
TXN20260107000737,2026-01-07 18:27:35,1384,351,5004,2,410.9,255.25,0.01,821.8,813.58,303.08,AUD,buy_now_pay_later,web,completed
TXN20260107000738,2026-01-07 18:38:40,1708,147,,1,287.02,186.05,0.25,287.02,215.26,29.21,AUD,credit_card,in_store,completed
TXN20260107000739,2026-01-07 18:39:47,1549,317,,1,25.27,14.13,0.15,25.27,21.48,7.35,AUD,debit_card,web,completed
TXN20260107000740,2026-01-07 18:41:09,2001,355,5007,1,211.06,93.04,0.01,211.06,208.95,115.91,AUD,credit_card,in_store,completed
TXN20260107000741,2026-01-07 18:43:16,1637,3,,3,142.91,77.99,0.04,428.73,411.58,177.61,AUD,credit_card,web,completed
TXN20260107000742,2026-01-07 18:43:49,1013,282,,5,11.8,8.78,0.1,59.0,53.1,9.2,AUD,buy_now_pay_later,marketplace,completed
TXN20260107000743,2026-01-07 18:44:09,1802,232,5014,1,159.76,96.34,0.16,159.76,134.2,37.86,AUD,debit_card,web,completed
TXN20260107000744,2026-01-07 18:46:12,1201,143,,1,166.42,116.53,0.06,166.42,156.43,39.9,AUD,credit_card,mobile_app,completed
TXN20260107000745,2026-01-07 18:46:17,1037,204,,1,256.41,190.36,0.1,256.41,230.77,40.41,AUD,credit_card,mobile_app,completed
TXN20260107000746,2026-01-07 18:47:30,1204,97,5017,4,261.47,109.45,0.0,1045.88,1045.88,608.08,AUD,bank_transfer,mobile_app,completed
TXN20260107000747,2026-01-07 18:48:53,2145,216,5006,1,6.49,3.62,0.01,6.49,6.43,2.81,AUD,bank_transfer,marketplace,completed
TXN20260107000748,2026-01-07 18:48:53,1275,259,,1,243.76,167.05,0.16,243.76,204.76,37.71,AUD,buy_now_pay_later,web,completed
TXN20260107000749,2026-01-07 18:54:23,1842,11,,3,383.38,230.87,0.13,1150.14,1000.62,308.01,AUD,buy_now_pay_later,mobile_app,completed
TXN20260107000750,2026-01-07 18:54:30,2108,268,,4,13.69,9.27,0.27,54.76,39.97,2.89,AUD,debit_card,web,completed
TXN20260107000751,2026-01-07 18:57:19,1367,2,,3,292.97,126.42,0.21,878.91,694.34,315.08,AUD,credit_card,in_store,completed
TXN20260107000752,2026-01-07 18:57:29,1299,325,,3,263.67,128.75,0.2,791.01,632.81,246.56,AUD,buy_now_pay_later,web,completed
TXN20260107000753,2026-01-07 18:58:54,2190,64,,5,148.54,87.49,0.04,742.7,712.99,275.54,AUD,credit_card,mobile_app,completed
TXN20260107000754,2026-01-07 19:01:41,2118,401,,2,112.78,49.28,0.01,225.56,223.3,124.74,AUD,buy_now_pay_later,marketplace,completed
TXN20260107000755,2026-01-07 19:01:50,1806,62,,3,46.07,33.25,0.01,138.21,136.83,37.08,AUD,credit_card,marketplace,completed
TXN20260107000756,2026-01-07 19:04:38,1036,88,,2,104.05,41.24,0.03,208.1,201.86,119.38,AUD,buy_now_pay_later,mobile_app,completed
TXN20260107000757,2026-01-07 19:05:16,1896,319,,1,134.18,49.74,0.01,134.18,132.84,83.1,AUD,credit_card,web,completed
TXN20260107000758,2026-01-07 19:08:03,1155,207,,1,174.77,73.18,0.08,174.77,160.79,87.61,AUD,paypal,marketplace,completed
TXN20260107000759,2026-01-07 19:08:44,1209,263,5017,2,194.7,69.51,0.02,389.4,381.61,242.59,AUD,gift_card,mobile_app,refunded
TXN20260107000760,2026-01-07 19:08:56,2155,59,5014,4,66.9,33.14,0.13,267.6,232.81,100.25,AUD,bank_transfer,web,refunded
TXN20260107000761,2026-01-07 19:09:17,1021,172,,4,191.33,75.08,0.19,765.32,619.91,319.59,AUD,credit_card,web,completed
TXN20260107000762,2026-01-07 19:09:29,1562,95,,5,125.86,97.81,0.08,629.3,578.96,89.91,AUD,buy_now_pay_later,mobile_app,completed
TXN20260107000763,2026-01-07 19:10:18,1877,121,,2,18.5,12.03,0.04,37.0,35.52,11.46,AUD,credit_card,mobile_app,completed
TXN20260107000764,2026-01-07 19:10:33,1067,187,5012,4,18.28,11.11,0.13,73.12,63.61,19.17,AUD,credit_card,web,completed
TXN20260107000765,2026-01-07 19:10:37,1542,42,5014,1,64.61,39.72,0.06,64.61,60.73,21.01,AUD,gift_card,web,completed
TXN20260107000766,2026-01-07 19:10:56,1691,85,5002,6,173.56,99.76,0.03,1041.36,1010.12,411.56,AUD,debit_card,web,completed
TXN20260107000767,2026-01-07 19:11:39,1556,32,5012,3,107.59,39.39,0.16,322.77,271.13,152.96,AUD,credit_card,web,completed
TXN20260107000768,2026-01-07 19:15:29,1801,351,5014,3,410.9,255.25,0.05,1232.7,1171.07,405.32,AUD,buy_now_pay_later,in_store,completed
TXN20260107000769,2026-01-07 19:16:22,2121,41,,1,241.85,106.29,0.17,241.85,200.74,94.45,AUD,debit_card,web,refunded
TXN20260107000770,2026-01-07 19:16:48,1886,370,,2,292.21,138.01,0.09,584.42,531.82,255.8,AUD,debit_card,web,cancelled
TXN20260107000771,2026-01-07 19:16:57,2196,237,5005,1,5.09,3.29,0.21,5.09,4.02,0.73,AUD,credit_card,web,completed
TXN20260107000772,2026-01-07 19:17:01,1535,284,,1,359.21,205.04,0.13,359.21,312.51,107.47,AUD,debit_card,mobile_app,completed
TXN20260107000773,2026-01-07 19:17:17,1965,164,,4,219.94,105.48,0.06,879.76,826.97,405.05,AUD,gift_card,web,completed
TXN20260107000774,2026-01-07 19:17:25,1308,328,5003,1,33.71,19.15,0.06,33.71,31.69,12.54,AUD,credit_card,mobile_app,completed
TXN20260107000775,2026-01-07 19:17:41,1355,93,,4,325.04,177.67,0.08,1300.16,1196.15,485.47,AUD,buy_now_pay_later,web,completed
TXN20260107000776,2026-01-07 19:18:09,1266,148,5004,2,64.17,49.35,0.01,128.34,127.06,28.36,AUD,debit_card,marketplace,cancelled
TXN20260107000777,2026-01-07 19:18:35,2025,130,,4,18.48,10.08,0.19,73.92,59.88,19.56,AUD,credit_card,web,completed
TXN20260107000778,2026-01-07 19:18:48,1776,46,5012,6,182.51,84.92,0.06,1095.06,1029.36,519.84,AUD,gift_card,mobile_app,completed
TXN20260107000779,2026-01-07 19:18:53,2036,87,,1,137.75,85.09,0.11,137.75,122.6,37.51,AUD,credit_card,web,completed
TXN20260107000780,2026-01-07 19:19:08,1440,275,,4,116.41,50.22,0.16,465.64,391.14,190.26,AUD,credit_card,mobile_app,completed
TXN20260107000781,2026-01-07 19:19:22,1988,269,5014,4,129.92,57.09,0.02,519.68,509.29,280.93,AUD,debit_card,web,completed
TXN20260107000782,2026-01-07 19:20:11,1667,241,5013,3,242.09,167.24,0.06,726.27,682.69,180.97,AUD,debit_card,mobile_app,completed
TXN20260107000783,2026-01-07 19:21:29,1257,161,,4,57.23,33.31,0.19,228.92,185.43,52.19,AUD,paypal,web,completed
TXN20260107000784,2026-01-07 19:21:41,1602,270,,1,347.43,172.19,0.02,347.43,340.48,168.29,AUD,debit_card,web,completed
TXN20260107000785,2026-01-07 19:21:43,2166,322,,4,98.42,48.71,0.12,393.68,346.44,151.6,AUD,credit_card,mobile_app,completed
TXN20260107000786,2026-01-07 19:22:11,1114,154,5006,2,128.25,56.51,0.06,256.5,241.11,128.09,AUD,credit_card,mobile_app,completed
TXN20260107000787,2026-01-07 19:22:12,1149,348,,3,367.68,171.93,0.01,1103.04,1092.01,576.22,AUD,bank_transfer,web,completed
TXN20260107000788,2026-01-07 19:22:21,2093,20,,1,230.82,128.98,0.03,230.82,223.9,94.92,AUD,credit_card,mobile_app,completed
TXN20260107000789,2026-01-07 19:24:25,2012,42,,1,64.61,39.72,0.07,64.61,60.09,20.37,AUD,paypal,mobile_app,pending
TXN20260107000790,2026-01-07 19:25:02,1483,146,5003,2,182.6,76.84,0.23,365.2,281.2,127.52,AUD,paypal,mobile_app,completed
TXN20260107000791,2026-01-07 19:25:20,2001,76,,1,153.93,70.84,0.01,153.93,152.39,81.55,AUD,paypal,mobile_app,completed
TXN20260107000792,2026-01-07 19:25:23,2063,28,,1,154.87,112.5,0.13,154.87,134.74,22.24,AUD,credit_card,mobile_app,completed
TXN20260107000793,2026-01-07 19:25:25,1899,376,5018,4,227.27,124.66,0.04,909.08,872.72,374.08,AUD,paypal,mobile_app,completed
TXN20260107000794,2026-01-07 19:25:40,1253,315,5018,4,85.51,53.68,0.2,342.04,273.63,58.91,AUD,credit_card,mobile_app,completed
TXN20260107000795,2026-01-07 19:25:46,1698,378,5002,1,355.29,228.27,0.01,355.29,351.74,123.47,AUD,credit_card,web,completed
TXN20260107000796,2026-01-07 19:26:14,1300,283,,4,155.88,105.7,0.02,623.52,611.05,188.25,AUD,debit_card,web,completed
TXN20260107000797,2026-01-07 19:27:02,1341,325,,3,263.67,128.75,0.18,791.01,648.63,262.38,AUD,credit_card,mobile_app,completed
TXN20260107000798,2026-01-07 19:27:05,1414,104,,3,41.5,18.2,0.01,124.5,123.25,68.65,AUD,buy_now_pay_later,mobile_app,completed
TXN20260107000799,2026-01-07 19:27:40,2188,81,,2,133.11,71.55,0.11,266.22,236.94,93.84,AUD,credit_card,mobile_app,completed
TXN20260107000800,2026-01-07 19:27:41,1711,139,,3,93.98,72.88,0.18,281.94,231.19,12.55,AUD,debit_card,mobile_app,completed
TXN20260107000801,2026-01-07 19:29:09,1316,62,,2,46.07,33.25,0.08,92.14,84.77,18.27,AUD,debit_card,web,completed
TXN20260107000802,2026-01-07 19:29:33,1419,350,,1,78.73,28.3,0.16,78.73,66.13,37.83,AUD,bank_transfer,in_store,completed
TXN20260107000803,2026-01-07 19:31:03,1455,296,,5,305.06,151.58,0.12,1525.3,1342.26,584.36,AUD,credit_card,web,completed
TXN20260107000804,2026-01-07 19:31:55,1717,112,5007,3,121.28,51.75,0.17,363.84,301.99,146.74,AUD,buy_now_pay_later,mobile_app,completed
TXN20260107000805,2026-01-07 19:32:55,1846,112,,1,121.28,51.75,0.15,121.28,103.09,51.34,AUD,credit_card,marketplace,completed
TXN20260107000806,2026-01-07 19:34:32,1194,329,,5,58.04,29.11,0.1,290.2,261.18,115.63,AUD,credit_card,web,completed
TXN20260107000807,2026-01-07 19:34:48,1735,13,5017,5,39.93,31.05,0.09,199.65,181.68,26.43,AUD,credit_card,in_store,completed
TXN20260107000808,2026-01-07 19:35:43,1037,353,5013,6,53.63,27.2,0.21,321.78,254.21,91.01,AUD,debit_card,in_store,completed
TXN20260107000809,2026-01-07 19:37:15,1674,172,,5,191.33,75.08,0.09,956.65,870.55,495.15,AUD,debit_card,web,cancelled
TXN20260107000810,2026-01-07 19:38:38,1049,341,5002,3,329.88,115.66,0.02,989.64,969.85,622.87,AUD,paypal,marketplace,completed
TXN20260107000811,2026-01-07 19:39:55,2105,232,,2,159.76,96.34,0.04,319.52,306.74,114.06,AUD,credit_card,web,completed
TXN20260107000812,2026-01-07 19:39:57,1112,399,5012,1,108.85,51.12,0.06,108.85,102.32,51.2,AUD,buy_now_pay_later,mobile_app,completed
TXN20260107000813,2026-01-07 19:39:59,1369,254,5014,2,151.84,70.82,0.1,303.68,273.31,131.67,AUD,credit_card,mobile_app,completed
TXN20260107000814,2026-01-07 19:40:04,1472,223,,1,140.86,54.16,0.01,140.86,139.45,85.29,AUD,credit_card,mobile_app,completed
TXN20260107000815,2026-01-07 19:41:23,1851,183,5006,3,56.96,21.65,0.16,170.88,143.54,78.59,AUD,credit_card,web,completed
TXN20260107000816,2026-01-07 19:44:00,1529,147,5003,5,287.02,186.05,0.1,1435.1,1291.59,361.34,AUD,credit_card,web,completed
TXN20260107000817,2026-01-07 19:44:36,1460,196,5002,1,113.34,80.83,0.01,113.34,112.21,31.38,AUD,debit_card,mobile_app,completed
TXN20260107000818,2026-01-07 19:44:56,1656,82,5010,1,221.86,146.05,0.09,221.86,201.89,55.84,AUD,paypal,mobile_app,completed
TXN20260107000819,2026-01-07 19:45:24,1464,103,,3,34.27,18.76,0.2,102.81,82.25,25.97,AUD,buy_now_pay_later,mobile_app,completed
TXN20260107000820,2026-01-07 19:45:31,1433,77,,3,288.19,141.16,0.21,864.57,683.01,259.53,AUD,credit_card,marketplace,completed
TXN20260107000821,2026-01-07 19:46:29,1556,16,,1,185.65,67.71,0.16,185.65,155.95,88.24,AUD,credit_card,mobile_app,completed
TXN20260107000822,2026-01-07 19:46:32,1529,244,5005,1,141.72,92.91,0.19,141.72,114.79,21.88,AUD,debit_card,web,completed
TXN20260107000823,2026-01-07 19:47:26,1024,216,,4,6.49,3.62,0.21,25.96,20.51,6.03,AUD,buy_now_pay_later,mobile_app,refunded
TXN20260107000824,2026-01-07 19:49:02,1436,370,5018,4,292.21,138.01,0.12,1168.84,1028.58,476.54,AUD,debit_card,marketplace,completed
TXN20260107000825,2026-01-07 19:50:06,1385,11,,5,383.38,230.87,0.04,1916.9,1840.22,685.87,AUD,debit_card,in_store,completed
TXN20260107000826,2026-01-07 19:50:39,2153,17,,1,15.98,12.32,0.07,15.98,14.86,2.54,AUD,debit_card,mobile_app,completed
TXN20260107000827,2026-01-07 19:51:34,1794,144,5018,4,19.12,6.91,0.04,76.48,73.42,45.78,AUD,credit_card,mobile_app,completed
TXN20260107000828,2026-01-07 19:51:50,1137,381,,1,12.14,8.81,0.0,12.14,12.14,3.33,AUD,credit_card,mobile_app,completed
TXN20260107000829,2026-01-07 19:52:09,1551,160,,2,132.52,86.58,0.04,265.04,254.44,81.28,AUD,paypal,web,completed
TXN20260107000830,2026-01-07 19:52:19,2117,19,5010,3,170.44,126.31,0.04,511.32,490.87,111.94,AUD,gift_card,web,completed
TXN20260107000831,2026-01-07 19:52:36,1543,157,,3,63.5,40.09,0.15,190.5,161.92,41.65,AUD,credit_card,web,completed
TXN20260107000832,2026-01-07 19:53:16,1863,373,,1,423.09,155.74,0.06,423.09,397.7,241.96,AUD,debit_card,web,refunded
TXN20260107000833,2026-01-07 19:53:28,1606,67,,6,164.66,66.92,0.21,987.96,780.49,378.97,AUD,credit_card,web,completed
TXN20260107000834,2026-01-07 19:54:16,1601,162,,5,102.25,40.84,0.23,511.25,393.66,189.46,AUD,buy_now_pay_later,mobile_app,completed
TXN20260107000835,2026-01-07 19:55:11,1354,213,,3,89.64,56.55,0.02,268.92,263.54,93.89,AUD,paypal,web,completed
TXN20260107000836,2026-01-07 19:56:16,1600,375,5013,2,239.04,121.65,0.2,478.08,382.46,139.16,AUD,buy_now_pay_later,web,completed
TXN20260107000837,2026-01-07 19:58:29,1425,104,,4,41.5,18.2,0.06,166.0,156.04,83.24,AUD,buy_now_pay_later,web,completed
TXN20260107000838,2026-01-07 19:59:14,1846,358,,1,15.86,5.64,0.14,15.86,13.64,8.0,AUD,bank_transfer,web,completed
TXN20260107000839,2026-01-07 20:00:08,1644,281,5012,3,206.68,92.2,0.01,620.04,613.84,337.24,AUD,credit_card,web,completed
TXN20260107000840,2026-01-07 20:01:17,1931,246,,1,334.95,216.34,0.07,334.95,311.5,95.16,AUD,credit_card,marketplace,completed
TXN20260107000841,2026-01-07 20:01:50,1009,330,,5,125.71,91.59,0.24,628.55,477.7,19.75,AUD,paypal,web,completed
TXN20260107000842,2026-01-07 20:02:43,1876,373,5012,1,423.09,155.74,0.21,423.09,334.24,178.5,AUD,debit_card,web,completed
TXN20260107000843,2026-01-07 20:02:48,1304,68,,1,197.74,154.22,0.03,197.74,191.81,37.59,AUD,paypal,mobile_app,completed
TXN20260107000844,2026-01-07 20:02:49,2107,331,,3,188.98,138.35,0.03,566.94,549.93,134.88,AUD,credit_card,mobile_app,completed
TXN20260107000845,2026-01-07 20:03:00,1021,275,,1,116.41,50.22,0.15,116.41,98.95,48.73,AUD,paypal,web,completed
TXN20260107000846,2026-01-07 20:03:15,1676,247,5010,3,32.77,14.35,0.07,98.31,91.43,48.38,AUD,credit_card,web,completed
TXN20260107000847,2026-01-07 20:06:40,1044,106,,4,313.2,199.1,0.01,1252.8,1240.27,443.87,AUD,credit_card,mobile_app,completed
TXN20260107000848,2026-01-07 20:08:47,1268,291,,4,348.41,145.57,0.27,1393.64,1017.36,435.08,AUD,credit_card,mobile_app,completed
TXN20260107000849,2026-01-07 20:09:03,2045,153,,1,133.15,94.62,0.09,133.15,121.17,26.55,AUD,debit_card,mobile_app,completed
TXN20260107000850,2026-01-07 20:09:09,1210,59,5003,3,66.9,33.14,0.08,200.7,184.64,85.22,AUD,credit_card,mobile_app,completed
TXN20260107000851,2026-01-07 20:09:47,1567,118,,5,63.49,25.23,0.04,317.45,304.75,178.6,AUD,credit_card,mobile_app,completed
TXN20260107000852,2026-01-07 20:09:53,1885,388,,2,178.72,91.5,0.1,357.44,321.7,138.7,AUD,debit_card,marketplace,completed
TXN20260107000853,2026-01-07 20:10:20,1063,6,5005,2,45.92,33.82,0.19,91.84,74.39,6.75,AUD,credit_card,mobile_app,completed
TXN20260107000854,2026-01-07 20:11:03,1725,292,5007,3,313.29,237.82,0.04,939.87,902.28,188.82,AUD,buy_now_pay_later,web,completed
TXN20260107000855,2026-01-07 20:11:27,1511,373,,5,423.09,155.74,0.07,2115.45,1967.37,1188.67,AUD,credit_card,marketplace,completed
TXN20260107000856,2026-01-07 20:11:34,1062,7,,5,75.68,42.79,0.07,378.4,351.91,137.96,AUD,paypal,web,completed
TXN20260107000857,2026-01-07 20:13:36,2158,319,,3,134.18,49.74,0.09,402.54,366.31,217.09,AUD,debit_card,web,completed
TXN20260107000858,2026-01-07 20:14:30,1449,384,,2,25.19,17.92,0.09,50.38,45.85,10.01,AUD,credit_card,mobile_app,completed
TXN20260107000859,2026-01-07 20:15:23,1354,161,,4,57.23,33.31,0.1,228.92,206.03,72.79,AUD,debit_card,web,completed
TXN20260107000860,2026-01-07 20:15:28,1605,27,,3,172.81,116.75,0.06,518.43,487.32,137.07,AUD,credit_card,web,completed
TXN20260107000861,2026-01-07 20:15:50,1942,183,,1,56.96,21.65,0.04,56.96,54.68,33.03,AUD,paypal,web,completed
TXN20260107000862,2026-01-07 20:17:06,1726,5,,2,69.17,48.26,0.18,138.34,113.44,16.92,AUD,credit_card,web,completed
TXN20260107000863,2026-01-07 20:18:02,1725,207,5005,1,174.77,73.18,0.07,174.77,162.54,89.36,AUD,credit_card,marketplace,completed
TXN20260107000864,2026-01-07 20:18:09,1104,348,,1,367.68,171.93,0.25,367.68,275.76,103.83,AUD,credit_card,marketplace,completed
TXN20260107000865,2026-01-07 20:18:31,1690,198,5006,1,311.79,188.7,0.17,311.79,258.79,70.09,AUD,paypal,mobile_app,completed
TXN20260107000866,2026-01-07 20:19:23,1314,240,,4,296.5,109.26,0.08,1186.0,1091.12,654.08,AUD,credit_card,marketplace,completed
TXN20260107000867,2026-01-07 20:19:23,1782,96,,1,143.85,89.79,0.06,143.85,135.22,45.43,AUD,credit_card,marketplace,completed
TXN20260107000868,2026-01-07 20:19:31,2094,13,,4,39.93,31.05,0.07,159.72,148.54,24.34,AUD,buy_now_pay_later,marketplace,completed
TXN20260107000869,2026-01-07 20:23:19,2096,126,5016,4,63.01,42.43,0.03,252.04,244.48,74.76,AUD,credit_card,web,completed
TXN20260107000870,2026-01-07 20:23:30,1650,354,,2,128.43,85.15,0.11,256.86,228.61,58.31,AUD,credit_card,mobile_app,completed
TXN20260107000871,2026-01-07 20:26:17,1534,218,5006,5,150.35,81.79,0.01,751.75,744.23,335.28,AUD,buy_now_pay_later,web,completed
TXN20260107000872,2026-01-07 20:27:13,2037,138,5003,2,132.98,57.54,0.19,265.96,215.43,100.35,AUD,paypal,marketplace,completed
TXN20260107000873,2026-01-07 20:28:14,1778,111,5018,1,130.14,98.41,0.09,130.14,118.43,20.02,AUD,credit_card,web,completed
TXN20260107000874,2026-01-07 20:29:17,1965,215,,2,8.88,3.58,0.17,17.76,14.74,7.58,AUD,debit_card,mobile_app,completed
TXN20260107000875,2026-01-07 20:29:37,2060,186,,4,294.97,120.02,0.02,1179.88,1156.28,676.2,AUD,credit_card,mobile_app,completed
TXN20260107000876,2026-01-07 20:30:31,1918,380,,5,148.6,57.32,0.04,743.0,713.28,426.68,AUD,debit_card,web,completed
TXN20260107000877,2026-01-07 20:31:10,1376,109,,1,156.65,98.49,0.03,156.65,151.95,53.46,AUD,buy_now_pay_later,mobile_app,completed
TXN20260107000878,2026-01-07 20:31:45,1778,289,,2,135.78,64.29,0.05,271.56,257.98,129.4,AUD,debit_card,mobile_app,completed
TXN20260107000879,2026-01-07 20:31:53,1077,17,,6,15.98,12.32,0.03,95.88,93.0,19.08,AUD,paypal,mobile_app,cancelled
TXN20260107000880,2026-01-07 20:32:28,1177,199,,2,405.48,228.61,0.19,810.96,656.88,199.66,AUD,credit_card,web,completed
TXN20260107000881,2026-01-07 20:34:15,2198,106,5005,2,313.2,199.1,0.01,626.4,620.14,221.94,AUD,debit_card,mobile_app,completed
TXN20260107000882,2026-01-07 20:34:37,1615,276,,4,260.47,124.27,0.21,1041.88,823.09,326.01,AUD,paypal,web,completed
TXN20260107000883,2026-01-07 20:34:52,1711,330,5016,1,125.71,91.59,0.09,125.71,114.4,22.81,AUD,paypal,web,completed
TXN20260107000884,2026-01-07 20:35:26,1142,301,,3,288.28,108.1,0.1,864.84,778.36,454.06,AUD,buy_now_pay_later,web,completed
TXN20260107000885,2026-01-07 20:35:53,1980,395,,4,259.59,188.33,0.07,1038.36,965.67,212.35,AUD,buy_now_pay_later,web,completed
TXN20260107000886,2026-01-07 20:37:19,1210,78,,1,128.52,52.69,0.21,128.52,101.53,48.84,AUD,bank_transfer,mobile_app,completed
TXN20260107000887,2026-01-07 20:40:19,2102,260,,1,168.41,124.86,0.02,168.41,165.04,40.18,AUD,buy_now_pay_later,marketplace,completed
TXN20260107000888,2026-01-07 20:40:21,1593,105,,4,142.92,89.61,0.12,571.68,503.08,144.64,AUD,buy_now_pay_later,mobile_app,completed
TXN20260107000889,2026-01-07 20:40:43,1308,164,5009,1,219.94,105.48,0.12,219.94,193.55,88.07,AUD,credit_card,marketplace,completed
TXN20260107000890,2026-01-07 20:40:50,1033,14,,4,60.5,36.5,0.19,242.0,196.02,50.02,AUD,bank_transfer,mobile_app,completed
TXN20260107000891,2026-01-07 20:41:01,1820,314,,1,218.05,130.2,0.09,218.05,198.43,68.23,AUD,buy_now_pay_later,marketplace,completed
TXN20260107000892,2026-01-07 20:42:39,2098,191,5004,4,265.41,112.45,0.03,1061.64,1029.79,579.99,AUD,debit_card,phone,completed
TXN20260107000893,2026-01-07 20:43:10,1538,354,,4,128.43,85.15,0.01,513.72,508.58,167.98,AUD,credit_card,in_store,completed
TXN20260107000894,2026-01-07 20:44:09,1854,31,5016,1,125.26,43.94,0.1,125.26,112.73,68.79,AUD,paypal,in_store,completed
TXN20260107000895,2026-01-07 20:44:32,1563,172,,1,191.33,75.08,0.09,191.33,174.11,99.03,AUD,credit_card,web,completed
TXN20260107000896,2026-01-07 20:44:53,1478,29,,3,157.08,114.81,0.1,471.24,424.12,79.69,AUD,credit_card,web,cancelled
TXN20260107000897,2026-01-07 20:44:59,1035,91,,3,229.04,125.54,0.12,687.12,604.67,228.05,AUD,buy_now_pay_later,mobile_app,completed
TXN20260107000898,2026-01-07 20:45:42,1979,81,,6,133.11,71.55,0.02,798.66,782.69,353.39,AUD,debit_card,web,completed
TXN20260107000899,2026-01-07 20:46:02,1083,332,,1,436.24,255.68,0.1,436.24,392.62,136.94,AUD,debit_card,marketplace,completed
TXN20260107000900,2026-01-07 20:47:16,1985,314,,5,218.05,130.2,0.09,1090.25,992.13,341.13,AUD,credit_card,web,completed
TXN20260107000901,2026-01-07 20:48:47,1434,84,,3,131.95,75.26,0.01,395.85,391.89,166.11,AUD,credit_card,web,completed
TXN20260107000902,2026-01-07 20:49:47,1475,20,,2,230.82,128.98,0.14,461.64,397.01,139.05,AUD,debit_card,web,completed
TXN20260107000903,2026-01-07 20:49:51,2191,84,5013,1,131.95,75.26,0.19,131.95,106.88,31.62,AUD,credit_card,mobile_app,cancelled
TXN20260107000904,2026-01-07 20:50:31,1395,85,,6,173.56,99.76,0.1,1041.36,937.22,338.66,AUD,paypal,web,pending
TXN20260107000905,2026-01-07 20:50:31,1850,372,,3,321.9,199.55,0.12,965.7,849.82,251.17,AUD,debit_card,web,completed
TXN20260107000906,2026-01-07 20:50:33,1417,31,,3,125.26,43.94,0.04,375.78,360.75,228.93,AUD,credit_card,web,completed
TXN20260107000907,2026-01-07 20:53:24,1868,204,,2,256.41,190.36,0.07,512.82,476.92,96.2,AUD,credit_card,web,completed
TXN20260107000908,2026-01-07 20:53:34,2060,138,,1,132.98,57.54,0.15,132.98,113.03,55.49,AUD,credit_card,marketplace,completed
TXN20260107000909,2026-01-07 20:55:11,1504,310,,2,109.6,62.46,0.11,219.2,195.09,70.17,AUD,credit_card,web,completed
TXN20260107000910,2026-01-07 20:55:29,1534,356,,5,35.78,19.54,0.08,178.9,164.59,66.89,AUD,credit_card,web,completed
TXN20260107000911,2026-01-07 20:55:32,1192,138,,5,132.98,57.54,0.01,664.9,658.25,370.55,AUD,credit_card,web,completed
TXN20260107000912,2026-01-07 20:55:53,1817,5,5018,3,69.17,48.26,0.22,207.51,161.86,17.08,AUD,paypal,mobile_app,completed
TXN20260107000913,2026-01-07 20:56:02,2078,19,5018,1,170.44,126.31,0.0,170.44,170.44,44.13,AUD,bank_transfer,web,completed
TXN20260107000914,2026-01-07 20:57:49,2004,271,5018,1,132.74,79.27,0.09,132.74,120.79,41.52,AUD,paypal,web,completed
TXN20260107000915,2026-01-07 20:58:43,1764,349,,2,65.04,45.3,0.24,130.08,98.86,8.26,AUD,bank_transfer,mobile_app,completed
TXN20260107000916,2026-01-07 21:01:06,1623,130,,3,18.48,10.08,0.12,55.44,48.79,18.55,AUD,debit_card,mobile_app,completed
TXN20260107000917,2026-01-07 21:03:06,1359,153,5002,3,133.15,94.62,0.21,399.45,315.57,31.71,AUD,paypal,web,completed
TXN20260107000918,2026-01-07 21:03:48,1353,328,,2,33.71,19.15,0.21,67.42,53.26,14.96,AUD,paypal,web,completed
TXN20260107000919,2026-01-07 21:03:52,1662,85,,1,173.56,99.76,0.16,173.56,145.79,46.03,AUD,credit_card,in_store,completed
TXN20260107000920,2026-01-07 21:04:45,1127,90,,1,65.94,43.69,0.02,65.94,64.62,20.93,AUD,credit_card,web,completed
TXN20260107000921,2026-01-07 21:05:06,1067,236,,4,7.93,6.02,0.14,31.72,27.28,3.2,AUD,credit_card,web,completed
TXN20260107000922,2026-01-07 21:05:26,1391,55,,2,51.38,24.77,0.09,102.76,93.51,43.97,AUD,buy_now_pay_later,web,refunded
TXN20260107000923,2026-01-07 21:05:35,1948,391,5018,1,294.69,189.16,0.19,294.69,238.7,49.54,AUD,credit_card,web,completed
TXN20260107000924,2026-01-07 21:05:46,1707,231,5005,4,114.93,83.66,0.17,459.72,381.57,46.93,AUD,paypal,mobile_app,completed
TXN20260107000925,2026-01-07 21:07:05,1272,326,5004,3,183.44,105.75,0.08,550.32,506.29,189.04,AUD,credit_card,mobile_app,refunded
TXN20260107000926,2026-01-07 21:07:08,1472,100,5012,1,429.39,290.83,0.18,429.39,352.1,61.27,AUD,gift_card,web,refunded
TXN20260107000927,2026-01-07 21:07:56,1522,349,,1,65.04,45.3,0.22,65.04,50.73,5.43,AUD,buy_now_pay_later,web,completed
TXN20260107000928,2026-01-07 21:08:28,1549,261,,2,222.59,120.24,0.11,445.18,396.21,155.73,AUD,paypal,web,completed
TXN20260107000929,2026-01-07 21:09:15,1478,228,,2,85.54,59.94,0.02,171.08,167.66,47.78,AUD,debit_card,mobile_app,completed
TXN20260107000930,2026-01-07 21:09:16,1220,186,,1,294.97,120.02,0.06,294.97,277.27,157.25,AUD,credit_card,mobile_app,completed
TXN20260107000931,2026-01-07 21:12:56,1535,268,5014,4,13.69,9.27,0.12,54.76,48.19,11.11,AUD,paypal,mobile_app,completed
TXN20260107000932,2026-01-07 21:13:06,1046,350,,4,78.73,28.3,0.04,314.92,302.32,189.12,AUD,credit_card,web,completed
TXN20260107000933,2026-01-07 21:13:20,1859,308,,1,227.37,123.17,0.08,227.37,209.18,86.01,AUD,credit_card,web,completed
TXN20260107000934,2026-01-07 21:14:17,1248,154,,4,128.25,56.51,0.1,513.0,461.7,235.66,AUD,credit_card,mobile_app,completed
TXN20260107000935,2026-01-07 21:15:05,1629,336,,1,250.44,165.04,0.05,250.44,237.92,72.88,AUD,credit_card,mobile_app,completed
TXN20260107000936,2026-01-07 21:15:46,2139,240,,3,296.5,109.26,0.19,889.5,720.5,392.72,AUD,paypal,mobile_app,completed
TXN20260107000937,2026-01-07 21:17:10,2118,351,,1,410.9,255.25,0.12,410.9,361.59,106.34,AUD,gift_card,web,completed
TXN20260107000938,2026-01-07 21:17:13,1752,136,,1,12.1,8.71,0.09,12.1,11.01,2.3,AUD,credit_card,web,completed
TXN20260107000939,2026-01-07 21:18:07,1816,236,,1,7.93,6.02,0.13,7.93,6.9,0.88,AUD,debit_card,mobile_app,completed
TXN20260107000940,2026-01-07 21:18:22,1342,239,,1,33.36,20.5,0.15,33.36,28.36,7.86,AUD,credit_card,web,completed
TXN20260107000941,2026-01-07 21:18:40,1616,208,,2,165.3,68.58,0.06,330.6,310.76,173.6,AUD,credit_card,in_store,completed
TXN20260107000942,2026-01-07 21:18:58,1181,112,,4,121.28,51.75,0.05,485.12,460.86,253.86,AUD,debit_card,web,completed
TXN20260107000943,2026-01-07 21:20:45,2153,12,,3,22.05,16.18,0.17,66.15,54.9,6.36,AUD,credit_card,web,completed
TXN20260107000944,2026-01-07 21:21:39,1603,308,,1,227.37,123.17,0.01,227.37,225.1,101.93,AUD,credit_card,web,completed
TXN20260107000945,2026-01-07 21:21:39,1975,228,,4,85.54,59.94,0.25,342.16,256.62,16.86,AUD,credit_card,web,refunded
TXN20260107000946,2026-01-07 21:22:36,1382,228,,1,85.54,59.94,0.03,85.54,82.97,23.03,AUD,debit_card,web,completed
TXN20260107000947,2026-01-07 21:23:05,1203,174,,3,56.31,22.6,0.01,168.93,167.24,99.44,AUD,credit_card,web,completed
TXN20260107000948,2026-01-07 21:23:44,2031,10,,1,246.81,139.27,0.08,246.81,227.07,87.8,AUD,credit_card,web,completed
TXN20260107000949,2026-01-07 21:24:11,1425,136,5014,3,12.1,8.71,0.08,36.3,33.4,7.27,AUD,debit_card,mobile_app,completed
TXN20260107000950,2026-01-07 21:24:21,1973,101,5012,1,352.61,157.72,0.12,352.61,310.3,152.58,AUD,debit_card,web,completed
TXN20260107000951,2026-01-07 21:24:32,1769,394,,2,26.27,10.02,0.04,52.54,50.44,30.4,AUD,credit_card,web,completed
TXN20260107000952,2026-01-07 21:25:46,2177,260,5007,3,168.41,124.86,0.24,505.23,383.97,9.39,AUD,bank_transfer,web,completed
TXN20260107000953,2026-01-07 21:26:35,1096,292,,3,313.29,237.82,0.01,939.87,930.47,217.01,AUD,debit_card,mobile_app,completed
TXN20260107000954,2026-01-07 21:27:04,1396,352,,5,241.96,137.89,0.07,1209.8,1125.11,435.66,AUD,credit_card,marketplace,completed
TXN20260107000955,2026-01-07 21:27:06,1091,15,,1,42.26,18.74,0.04,42.26,40.57,21.83,AUD,bank_transfer,web,completed
TXN20260107000956,2026-01-07 21:27:46,1016,42,,2,64.61,39.72,0.13,129.22,112.42,32.98,AUD,buy_now_pay_later,mobile_app,completed
TXN20260107000957,2026-01-07 21:28:39,1163,4,,4,238.89,172.72,0.04,955.56,917.34,226.46,AUD,credit_card,web,completed
TXN20260107000958,2026-01-07 21:29:00,2189,327,5005,4,27.46,12.97,0.06,109.84,103.25,51.37,AUD,debit_card,mobile_app,completed
TXN20260107000959,2026-01-07 21:29:11,1060,80,,3,200.59,111.67,0.1,601.77,541.59,206.58,AUD,credit_card,web,completed
TXN20260107000960,2026-01-07 21:29:17,2059,26,,4,76.06,28.87,0.17,304.24,252.52,137.04,AUD,credit_card,web,completed
TXN20260107000961,2026-01-07 21:29:39,1646,333,,6,41.88,25.97,0.13,251.28,218.61,62.79,AUD,credit_card,marketplace,completed
TXN20260107000962,2026-01-07 21:30:17,1489,379,,2,115.88,59.08,0.08,231.76,213.22,95.06,AUD,credit_card,in_store,completed
TXN20260107000963,2026-01-07 21:30:20,1846,104,,4,41.5,18.2,0.1,166.0,149.4,76.6,AUD,paypal,mobile_app,completed
TXN20260107000964,2026-01-07 21:30:54,1697,138,,1,132.98,57.54,0.21,132.98,105.05,47.51,AUD,credit_card,mobile_app,completed
TXN20260107000965,2026-01-07 21:31:12,1592,269,,3,129.92,57.09,0.11,389.76,346.89,175.62,AUD,credit_card,web,completed
TXN20260107000966,2026-01-07 21:31:57,1810,377,5006,3,34.75,17.44,0.11,104.25,92.78,40.46,AUD,credit_card,mobile_app,completed
TXN20260107000967,2026-01-07 21:32:32,2142,298,5003,1,71.48,35.14,0.01,71.48,70.77,35.63,AUD,credit_card,mobile_app,completed
TXN20260107000968,2026-01-07 21:32:41,1913,246,,5,334.95,216.34,0.11,1674.75,1490.53,408.83,AUD,debit_card,mobile_app,completed
TXN20260107000969,2026-01-07 21:32:50,1007,127,5003,4,45.1,29.41,0.02,180.4,176.79,59.15,AUD,buy_now_pay_later,marketplace,completed
TXN20260107000970,2026-01-07 21:33:24,1892,332,,1,436.24,255.68,0.15,436.24,370.8,115.12,AUD,paypal,web,completed
TXN20260107000971,2026-01-07 21:33:42,1849,387,,3,113.54,61.9,0.12,340.62,299.75,114.05,AUD,credit_card,mobile_app,completed
TXN20260107000972,2026-01-07 21:33:57,1552,340,5003,1,69.61,35.79,0.06,69.61,65.43,29.64,AUD,credit_card,web,refunded
TXN20260107000973,2026-01-07 21:36:37,1781,135,,1,141.91,90.68,0.07,141.91,131.98,41.3,AUD,paypal,web,completed
TXN20260107000974,2026-01-07 21:38:03,2011,64,,2,148.54,87.49,0.01,297.08,294.11,119.13,AUD,credit_card,mobile_app,completed
TXN20260107000975,2026-01-07 21:40:02,1384,298,,1,71.48,35.14,0.23,71.48,55.04,19.9,AUD,buy_now_pay_later,in_store,completed
TXN20260107000976,2026-01-07 21:40:10,2087,349,,3,65.04,45.3,0.06,195.12,183.41,47.51,AUD,debit_card,marketplace,completed
TXN20260107000977,2026-01-07 21:40:26,1670,248,,2,58.0,41.73,0.14,116.0,99.76,16.3,AUD,credit_card,marketplace,completed
TXN20260107000978,2026-01-07 21:40:48,1132,333,,6,41.88,25.97,0.07,251.28,233.69,77.87,AUD,credit_card,web,completed
TXN20260107000979,2026-01-07 21:41:12,1831,306,5016,3,201.0,79.58,0.1,603.0,542.7,303.96,AUD,debit_card,in_store,completed
TXN20260107000980,2026-01-07 21:42:08,1457,147,5007,1,287.02,186.05,0.2,287.02,229.62,43.57,AUD,paypal,in_store,completed
TXN20260107000981,2026-01-07 21:44:28,1250,107,5010,1,391.82,298.53,0.23,391.82,301.7,3.17,AUD,buy_now_pay_later,mobile_app,completed
TXN20260107000982,2026-01-07 21:44:36,1234,192,5012,1,486.02,347.84,0.01,486.02,481.16,133.32,AUD,credit_card,in_store,completed
TXN20260107000983,2026-01-07 21:45:09,2030,95,5016,2,125.86,97.81,0.05,251.72,239.13,43.51,AUD,credit_card,mobile_app,completed
TXN20260107000984,2026-01-07 21:45:30,2081,80,5009,4,200.59,111.67,0.05,802.36,762.24,315.56,AUD,paypal,mobile_app,completed
TXN20260107000985,2026-01-07 21:45:33,1572,281,,3,206.68,92.2,0.19,620.04,502.23,225.63,AUD,debit_card,web,completed
TXN20260107000986,2026-01-07 21:46:06,1232,11,5006,3,383.38,230.87,0.12,1150.14,1012.12,319.51,AUD,credit_card,mobile_app,cancelled
TXN20260107000987,2026-01-07 21:47:50,2018,105,,1,142.92,89.61,0.13,142.92,124.34,34.73,AUD,debit_card,web,completed
TXN20260107000988,2026-01-07 21:48:11,2043,122,,4,163.85,114.55,0.02,655.4,642.29,184.09,AUD,credit_card,mobile_app,completed
TXN20260107000989,2026-01-07 21:48:23,1305,24,,1,201.95,77.39,0.02,201.95,197.91,120.52,AUD,buy_now_pay_later,web,completed
TXN20260107000990,2026-01-07 21:48:29,1212,15,5010,5,42.26,18.74,0.04,211.3,202.85,109.15,AUD,credit_card,web,completed
TXN20260107000991,2026-01-07 21:48:33,1924,163,,1,280.84,142.19,0.17,280.84,233.1,90.91,AUD,bank_transfer,mobile_app,completed
TXN20260107000992,2026-01-07 21:50:27,1951,205,,2,200.88,145.96,0.15,401.76,341.5,49.58,AUD,credit_card,web,completed
TXN20260107000993,2026-01-07 21:51:01,1330,226,5014,3,224.08,91.6,0.03,672.24,652.07,377.27,AUD,credit_card,web,completed
TXN20260107000994,2026-01-07 21:51:09,2189,55,5018,2,51.38,24.77,0.13,102.76,89.4,39.86,AUD,debit_card,marketplace,completed
TXN20260107000995,2026-01-07 21:53:10,1556,358,,1,15.86,5.64,0.0,15.86,15.86,10.22,AUD,debit_card,web,completed
TXN20260107000996,2026-01-07 21:53:28,1170,11,,1,383.38,230.87,0.1,383.38,345.04,114.17,AUD,paypal,marketplace,completed
TXN20260107000997,2026-01-07 21:54:35,2156,26,,1,76.06,28.87,0.11,76.06,67.69,38.82,AUD,buy_now_pay_later,marketplace,completed
TXN20260107000998,2026-01-07 21:55:02,1896,402,,6,192.14,70.42,0.07,1152.84,1072.14,649.62,AUD,debit_card,web,completed
TXN20260107000999,2026-01-07 21:55:43,2135,215,,3,8.88,3.58,0.18,26.64,21.84,11.1,AUD,debit_card,web,completed
TXN20260107001000,2026-01-07 21:57:56,1195,166,,3,414.85,167.06,0.03,1244.55,1207.21,706.03,AUD,paypal,mobile_app,completed
TXN20260107001001,2026-01-07 21:58:29,1707,188,,1,141.88,98.58,0.05,141.88,134.79,36.21,AUD,debit_card,web,cancelled
TXN20260107001002,2026-01-07 21:59:33,1805,81,5002,2,133.11,71.55,0.18,266.22,218.3,75.2,AUD,credit_card,in_store,completed
TXN20260107001003,2026-01-07 21:59:46,1110,72,,1,333.42,149.31,0.03,333.42,323.42,174.11,AUD,bank_transfer,mobile_app,completed
TXN20260107001004,2026-01-07 22:00:05,1009,100,5003,1,429.39,290.83,0.0,429.39,429.39,138.56,AUD,debit_card,web,completed
TXN20260107001005,2026-01-07 22:01:33,1709,228,5017,2,85.54,59.94,0.07,171.08,159.1,39.22,AUD,paypal,mobile_app,completed
TXN20260107001006,2026-01-07 22:02:40,1222,287,5003,1,67.92,35.4,0.26,67.92,50.26,14.86,AUD,buy_now_pay_later,web,refunded
TXN20260107001007,2026-01-07 22:03:34,1026,297,5005,1,258.89,188.19,0.04,258.89,248.53,60.34,AUD,credit_card,web,completed
TXN20260107001008,2026-01-07 22:03:43,1462,186,,5,294.97,120.02,0.02,1474.85,1445.35,845.25,AUD,credit_card,web,cancelled
TXN20260107001009,2026-01-07 22:03:49,1493,37,,2,5.1,1.86,0.19,10.2,8.26,4.54,AUD,paypal,mobile_app,completed
TXN20260107001010,2026-01-07 22:04:03,1286,140,,2,98.88,53.29,0.09,197.76,179.96,73.38,AUD,credit_card,web,completed
TXN20260107001011,2026-01-07 22:04:16,1275,379,5013,1,115.88,59.08,0.04,115.88,111.24,52.16,AUD,debit_card,marketplace,completed
TXN20260107001012,2026-01-07 22:04:35,2023,338,,2,454.19,219.15,0.11,908.38,808.46,370.16,AUD,credit_card,marketplace,completed
TXN20260107001013,2026-01-07 22:04:45,2092,282,,2,11.8,8.78,0.04,23.6,22.66,5.1,AUD,credit_card,marketplace,completed
TXN20260107001014,2026-01-07 22:06:04,1938,185,5014,5,182.91,71.26,0.12,914.55,804.8,448.5,AUD,debit_card,mobile_app,completed
TXN20260107001015,2026-01-07 22:06:55,1272,156,,2,179.48,110.08,0.15,358.96,305.12,84.96,AUD,debit_card,web,completed
TXN20260107001016,2026-01-07 22:07:22,1765,51,,1,162.3,85.52,0.12,162.3,142.82,57.3,AUD,credit_card,mobile_app,completed
TXN20260107001017,2026-01-07 22:07:24,1397,200,5016,4,8.47,4.01,0.05,33.88,32.19,16.15,AUD,credit_card,web,cancelled
TXN20260107001018,2026-01-07 22:08:03,1898,162,,3,102.25,40.84,0.2,306.75,245.4,122.88,AUD,credit_card,mobile_app,completed
TXN20260107001019,2026-01-07 22:08:53,1027,226,5014,1,224.08,91.6,0.13,224.08,194.95,103.35,AUD,buy_now_pay_later,web,completed
TXN20260107001020,2026-01-07 22:09:02,1534,213,,2,89.64,56.55,0.09,179.28,163.14,50.04,AUD,credit_card,web,completed
TXN20260107001021,2026-01-07 22:09:03,1463,168,,4,356.7,253.22,0.06,1426.8,1341.19,328.31,AUD,credit_card,mobile_app,completed
TXN20260107001022,2026-01-07 22:09:08,1972,7,,1,75.68,42.79,0.19,75.68,61.3,18.51,AUD,credit_card,mobile_app,completed
TXN20260107001023,2026-01-07 22:09:19,1370,324,5014,2,79.51,55.68,0.18,159.02,130.4,19.04,AUD,debit_card,in_store,completed
TXN20260107001024,2026-01-07 22:10:41,1356,282,5006,3,11.8,8.78,0.22,35.4,27.61,1.27,AUD,paypal,web,completed
TXN20260107001025,2026-01-07 22:11:21,1129,369,,1,254.39,165.86,0.15,254.39,216.23,50.37,AUD,debit_card,mobile_app,completed
TXN20260107001026,2026-01-07 22:11:31,1504,85,,3,173.56,99.76,0.09,520.68,473.82,174.54,AUD,credit_card,mobile_app,completed
TXN20260107001027,2026-01-07 22:12:11,1600,346,,2,337.76,248.46,0.08,675.52,621.48,124.56,AUD,credit_card,web,completed
TXN20260107001028,2026-01-07 22:12:21,2178,79,,4,139.3,69.25,0.29,557.2,395.61,118.61,AUD,credit_card,web,completed
TXN20260107001029,2026-01-07 22:12:55,1096,69,,2,53.62,37.17,0.13,107.24,93.3,18.96,AUD,debit_card,mobile_app,completed
TXN20260107001030,2026-01-07 22:13:04,1615,396,,5,358.76,209.23,0.1,1793.8,1614.42,568.27,AUD,buy_now_pay_later,web,completed
TXN20260107001031,2026-01-07 22:16:07,1845,127,,1,45.1,29.41,0.02,45.1,44.2,14.79,AUD,bank_transfer,web,pending
TXN20260107001032,2026-01-07 22:16:16,2202,242,,1,149.29,73.33,0.1,149.29,134.36,61.03,AUD,debit_card,mobile_app,completed
TXN20260107001033,2026-01-07 22:16:27,1727,265,,2,217.01,151.39,0.15,434.02,368.92,66.14,AUD,credit_card,mobile_app,completed
TXN20260107001034,2026-01-07 22:16:51,2115,57,5005,4,7.38,2.62,0.01,29.52,29.22,18.74,AUD,credit_card,mobile_app,completed
TXN20260107001035,2026-01-07 22:17:50,1489,169,,1,175.58,82.15,0.23,175.58,135.2,53.05,AUD,paypal,mobile_app,completed
TXN20260107001036,2026-01-07 22:19:23,1230,140,,1,98.88,53.29,0.11,98.88,88.0,34.71,AUD,bank_transfer,mobile_app,completed
TXN20260107001037,2026-01-07 22:19:31,2011,182,5005,2,185.56,117.63,0.01,371.12,367.41,132.15,AUD,credit_card,web,cancelled
TXN20260107001038,2026-01-07 22:19:51,1221,359,,3,421.42,180.37,0.02,1264.26,1238.97,697.86,AUD,credit_card,mobile_app,cancelled
TXN20260107001039,2026-01-07 22:21:20,1438,120,5014,3,231.92,128.02,0.24,695.76,528.78,144.72,AUD,debit_card,web,completed
TXN20260107001040,2026-01-07 22:21:31,1997,172,,4,191.33,75.08,0.01,765.32,757.67,457.35,AUD,paypal,web,completed
TXN20260107001041,2026-01-07 22:23:27,1958,117,5018,3,17.41,7.32,0.14,52.23,44.92,22.96,AUD,buy_now_pay_later,mobile_app,completed
TXN20260107001042,2026-01-07 22:25:05,1443,272,,2,48.63,36.18,0.15,97.26,82.67,10.31,AUD,bank_transfer,mobile_app,completed
TXN20260107001043,2026-01-07 22:25:18,1713,226,,4,224.08,91.6,0.0,896.32,896.32,529.92,AUD,paypal,mobile_app,completed
TXN20260107001044,2026-01-07 22:25:51,1563,77,,1,288.19,141.16,0.13,288.19,250.73,109.57,AUD,credit_card,marketplace,completed
TXN20260107001045,2026-01-07 22:25:55,2109,10,,1,246.81,139.27,0.11,246.81,219.66,80.39,AUD,buy_now_pay_later,web,completed
TXN20260107001046,2026-01-07 22:26:17,1119,146,,3,182.6,76.84,0.06,547.8,514.93,284.41,AUD,buy_now_pay_later,web,completed
TXN20260107001047,2026-01-07 22:26:41,1816,283,,5,155.88,105.7,0.01,779.4,771.61,243.11,AUD,paypal,mobile_app,completed
TXN20260107001048,2026-01-07 22:28:37,1508,229,,4,23.31,18.16,0.01,93.24,92.31,19.67,AUD,paypal,mobile_app,completed
TXN20260107001049,2026-01-07 22:30:19,1409,79,5007,1,139.3,69.25,0.03,139.3,135.12,65.87,AUD,debit_card,web,completed
TXN20260107001050,2026-01-07 22:33:34,1165,314,5013,4,218.05,130.2,0.1,872.2,784.98,264.18,AUD,debit_card,mobile_app,completed
TXN20260107001051,2026-01-07 22:34:01,1214,87,,1,137.75,85.09,0.26,137.75,101.94,16.85,AUD,debit_card,mobile_app,refunded
TXN20260107001052,2026-01-07 22:34:35,1699,175,,1,176.68,90.48,0.0,176.68,176.68,86.2,AUD,credit_card,web,completed
TXN20260107001053,2026-01-07 22:35:47,1481,373,,1,423.09,155.74,0.12,423.09,372.32,216.58,AUD,credit_card,web,completed
TXN20260107001054,2026-01-07 22:38:02,1237,47,,4,383.34,271.98,0.08,1533.36,1410.69,322.77,AUD,credit_card,mobile_app,completed
TXN20260107001055,2026-01-07 22:39:01,1415,245,,1,349.8,233.63,0.07,349.8,325.31,91.68,AUD,buy_now_pay_later,web,completed
TXN20260107001056,2026-01-07 22:40:16,1950,216,,1,6.49,3.62,0.25,6.49,4.87,1.25,AUD,debit_card,web,completed
TXN20260107001057,2026-01-07 22:41:22,1093,162,,3,102.25,40.84,0.24,306.75,233.13,110.61,AUD,credit_card,marketplace,completed
TXN20260107001058,2026-01-07 22:41:31,1081,235,,2,18.79,8.45,0.26,37.58,27.81,10.91,AUD,paypal,web,refunded
TXN20260107001059,2026-01-07 22:42:16,2068,254,,3,151.84,70.82,0.15,455.52,387.19,174.73,AUD,debit_card,mobile_app,completed
TXN20260107001060,2026-01-07 22:44:51,2037,55,,2,51.38,24.77,0.13,102.76,89.4,39.86,AUD,credit_card,web,refunded
TXN20260107001061,2026-01-07 22:44:52,1043,302,,2,47.96,26.56,0.03,95.92,93.04,39.92,AUD,buy_now_pay_later,web,completed
TXN20260107001062,2026-01-07 22:46:59,1678,399,,6,108.85,51.12,0.07,653.1,607.38,300.66,AUD,debit_card,web,completed
TXN20260107001063,2026-01-07 22:48:09,1024,12,,1,22.05,16.18,0.07,22.05,20.51,4.33,AUD,credit_card,marketplace,refunded
TXN20260107001064,2026-01-07 22:49:45,1134,366,5004,4,212.32,146.95,0.08,849.28,781.34,193.54,AUD,credit_card,marketplace,completed
TXN20260107001065,2026-01-07 22:50:33,2156,76,,4,153.93,70.84,0.1,615.72,554.15,270.79,AUD,debit_card,mobile_app,completed
TXN20260107001066,2026-01-07 22:50:57,1705,57,,2,7.38,2.62,0.01,14.76,14.61,9.37,AUD,buy_now_pay_later,mobile_app,completed
TXN20260107001067,2026-01-07 22:50:58,1865,14,,2,60.5,36.5,0.03,121.0,117.37,44.37,AUD,credit_card,mobile_app,completed
TXN20260107001068,2026-01-07 22:51:21,1099,360,,1,22.41,17.01,0.11,22.41,19.94,2.93,AUD,paypal,mobile_app,completed
TXN20260107001069,2026-01-07 22:51:58,1589,58,,6,93.1,56.49,0.08,558.6,513.91,174.97,AUD,debit_card,mobile_app,completed
TXN20260107001070,2026-01-07 22:52:56,1787,328,5002,2,33.71,19.15,0.16,67.42,56.63,18.33,AUD,bank_transfer,web,completed
TXN20260107001071,2026-01-07 22:53:18,1765,355,,2,211.06,93.04,0.28,422.12,303.93,117.85,AUD,buy_now_pay_later,mobile_app,completed
TXN20260107001072,2026-01-07 22:54:33,2175,391,,3,294.69,189.16,0.16,884.07,742.62,175.14,AUD,debit_card,web,completed
TXN20260107001073,2026-01-07 22:55:53,1855,201,,1,105.57,37.83,0.01,105.57,104.51,66.68,AUD,paypal,mobile_app,completed
TXN20260107001074,2026-01-07 22:58:49,1157,205,,1,200.88,145.96,0.02,200.88,196.86,50.9,AUD,credit_card,marketplace,completed
TXN20260107001075,2026-01-07 22:58:49,1106,111,,4,130.14,98.41,0.1,520.56,468.5,74.86,AUD,debit_card,mobile_app,pending
TXN20260107001076,2026-01-07 22:59:32,1404,45,5012,1,127.42,77.89,0.03,127.42,123.6,45.71,AUD,debit_card,mobile_app,completed
TXN20260107001077,2026-01-07 23:00:20,1189,88,5010,2,104.05,41.24,0.05,208.1,197.69,115.21,AUD,paypal,mobile_app,completed
TXN20260107001078,2026-01-07 23:03:05,2196,324,,3,79.51,55.68,0.18,238.53,195.59,28.55,AUD,buy_now_pay_later,web,completed
TXN20260107001079,2026-01-07 23:05:30,1077,132,,4,109.21,38.28,0.02,436.84,428.1,274.98,AUD,paypal,mobile_app,completed
TXN20260107001080,2026-01-07 23:06:16,1334,171,,2,28.05,12.07,0.25,56.1,42.08,17.94,AUD,credit_card,web,completed
TXN20260107001081,2026-01-07 23:07:23,1456,287,,1,67.92,35.4,0.15,67.92,57.73,22.33,AUD,credit_card,mobile_app,completed
TXN20260107001082,2026-01-07 23:08:39,1416,24,,5,201.95,77.39,0.06,1009.75,949.16,562.21,AUD,credit_card,web,completed
TXN20260107001083,2026-01-07 23:11:41,2091,24,,4,201.95,77.39,0.08,807.8,743.18,433.62,AUD,debit_card,web,completed
TXN20260107001084,2026-01-07 23:14:05,1297,23,5009,3,371.29,240.22,0.05,1113.87,1058.18,337.52,AUD,buy_now_pay_later,web,completed
TXN20260107001085,2026-01-07 23:18:27,1900,45,,6,127.42,77.89,0.17,764.52,634.55,167.21,AUD,credit_card,web,completed
TXN20260107001086,2026-01-07 23:19:28,1580,340,5006,5,69.61,35.79,0.02,348.05,341.09,162.14,AUD,credit_card,web,cancelled
TXN20260107001087,2026-01-07 23:23:40,1666,160,,2,132.52,86.58,0.0,265.04,265.04,91.88,AUD,credit_card,mobile_app,pending
TXN20260107001088,2026-01-07 23:25:49,1496,390,5003,1,62.95,41.27,0.03,62.95,61.06,19.79,AUD,gift_card,mobile_app,completed
TXN20260107001089,2026-01-07 23:28:32,1605,360,5018,1,22.41,17.01,0.14,22.41,19.27,2.26,AUD,debit_card,web,completed
TXN20260107001090,2026-01-07 23:31:20,1348,289,,2,135.78,64.29,0.03,271.56,263.41,134.83,AUD,debit_card,web,completed
TXN20260107001091,2026-01-07 23:31:32,1293,162,,1,102.25,40.84,0.02,102.25,100.2,59.36,AUD,paypal,web,completed
TXN20260107001092,2026-01-07 23:33:03,2131,344,,5,24.55,10.75,0.08,122.75,112.93,59.18,AUD,credit_card,mobile_app,completed
TXN20260107001093,2026-01-07 23:37:00,2166,234,5002,4,153.86,117.69,0.07,615.44,572.36,101.6,AUD,debit_card,web,completed
TXN20260107001094,2026-01-07 23:38:38,2138,379,,1,115.88,59.08,0.13,115.88,100.82,41.74,AUD,debit_card,web,completed
TXN20260107001095,2026-01-07 23:40:18,2006,169,5016,6,175.58,82.15,0.14,1053.48,905.99,413.09,AUD,credit_card,web,completed
TXN20260107001096,2026-01-07 23:41:22,1521,358,,1,15.86,5.64,0.21,15.86,12.53,6.89,AUD,credit_card,mobile_app,completed
TXN20260107001097,2026-01-07 23:43:26,2068,276,5005,1,260.47,124.27,0.13,260.47,226.61,102.34,AUD,debit_card,web,completed
TXN20260107001098,2026-01-07 23:47:51,1309,303,,3,5.2,2.83,0.07,15.6,14.51,6.02,AUD,buy_now_pay_later,web,completed
TXN20260107001099,2026-01-07 23:48:37,1281,37,5003,2,5.1,1.86,0.06,10.2,9.59,5.87,AUD,credit_card,mobile_app,completed
TXN20260107001100,2026-01-07 23:52:57,2125,110,5009,1,30.96,17.81,0.12,30.96,27.24,9.43,AUD,credit_card,web,completed
TXN20260107001101,2026-01-07 23:54:02,2190,101,,2,352.61,157.72,0.02,705.22,691.12,375.68,AUD,buy_now_pay_later,mobile_app,completed
TXN20260107001102,2026-01-07 23:58:03,2008,198,,1,311.79,188.7,0.06,311.79,293.08,104.38,AUD,credit_card,marketplace,completed
TXN20260107001103,2026-01-07 23:59:18,1302,97,,1,261.47,109.45,0.05,261.47,248.4,138.95,AUD,credit_card,mobile_app,completed
