transaction_id,event_ts,customer_id,product_id,campaign_id,quantity,unit_price,unit_cost,discount_pct,gross_amount,net_amount,margin_amount,currency,payment_method,channel,status
TXN20260106000001,2026-01-06 00:01:08,1674,3,,3,142.91,77.99,0.05,428.73,407.29,173.32,AUD,credit_card,mobile_app,completed
TXN20260106000002,2026-01-06 00:01:15,1725,320,,1,5.35,2.75,0.11,5.35,4.76,2.01,AUD,credit_card,marketplace,completed
TXN20260106000003,2026-01-06 00:02:06,1013,254,,5,151.84,70.82,0.08,759.2,698.46,344.36,AUD,paypal,web,completed
TXN20260106000004,2026-01-06 00:05:08,2195,175,5016,1,176.68,90.48,0.02,176.68,173.15,82.67,AUD,bank_transfer,web,completed
TXN20260106000005,2026-01-06 00:08:46,2043,213,5010,5,89.64,56.55,0.08,448.2,412.34,129.59,AUD,paypal,mobile_app,completed
TXN20260106000006,2026-01-06 00:11:16,1479,4,,4,238.89,172.72,0.02,955.56,936.45,245.57,AUD,credit_card,marketplace,completed
TXN20260106000007,2026-01-06 00:12:54,1201,167,,2,176.55,75.21,0.15,353.1,300.13,149.71,AUD,credit_card,web,completed
TXN20260106000008,2026-01-06 00:14:27,1665,109,5017,1,156.65,98.49,0.05,156.65,148.82,50.33,AUD,credit_card,mobile_app,completed
TXN20260106000009,2026-01-06 00:15:57,1345,285,5018,5,333.53,259.05,0.21,1667.65,1317.44,22.19,AUD,paypal,marketplace,completed
TXN20260106000010,2026-01-06 00:18:26,2193,192,,1,486.02,347.84,0.18,486.02,398.54,50.7,AUD,buy_now_pay_later,marketplace,completed
TXN20260106000011,2026-01-06 00:19:47,1074,118,5005,5,63.49,25.23,0.0,317.45,317.45,191.3,AUD,debit_card,web,completed
TXN20260106000012,2026-01-06 00:20:21,1435,59,,4,66.9,33.14,0.14,267.6,230.14,97.58,AUD,paypal,web,completed
TXN20260106000013,2026-01-06 00:22:01,1119,351,5013,3,410.9,255.25,0.22,1232.7,961.51,195.76,AUD,paypal,web,completed
TXN20260106000014,2026-01-06 00:22:52,1279,28,5009,4,154.87,112.5,0.14,619.48,532.75,82.75,AUD,debit_card,mobile_app,completed
TXN20260106000015,2026-01-06 00:27:03,1954,325,5017,6,263.67,128.75,0.23,1582.02,1218.16,445.66,AUD,debit_card,mobile_app,completed
TXN20260106000016,2026-01-06 00:27:41,1764,236,,1,7.93,6.02,0.19,7.93,6.42,0.4,AUD,credit_card,marketplace,completed
TXN20260106000017,2026-01-06 00:27:47,2008,332,,5,436.24,255.68,0.12,2181.2,1919.46,641.06,AUD,credit_card,mobile_app,completed
TXN20260106000018,2026-01-06 00:27:50,2192,169,5016,5,175.58,82.15,0.0,877.9,877.9,467.15,AUD,debit_card,web,completed
TXN20260106000019,2026-01-06 00:30:01,1478,7,,3,75.68,42.79,0.14,227.04,195.25,66.88,AUD,credit_card,mobile_app,completed
TXN20260106000020,2026-01-06 00:32:19,2016,339,5009,3,232.73,135.01,0.05,698.19,663.28,258.25,AUD,credit_card,mobile_app,completed
TXN20260106000021,2026-01-06 00:33:01,1727,129,,4,266.79,109.41,0.1,1067.16,960.44,522.8,AUD,credit_card,mobile_app,completed
TXN20260106000022,2026-01-06 00:34:24,1931,399,,1,108.85,51.12,0.15,108.85,92.52,41.4,AUD,debit_card,marketplace,completed
TXN20260106000023,2026-01-06 00:34:33,1302,201,,2,105.57,37.83,0.11,211.14,187.91,112.25,AUD,credit_card,web,completed
TXN20260106000024,2026-01-06 00:39:11,1817,328,,3,33.71,19.15,0.15,101.13,85.96,28.51,AUD,buy_now_pay_later,web,completed
TXN20260106000025,2026-01-06 00:39:30,1182,288,5017,2,349.87,265.76,0.03,699.74,678.75,147.23,AUD,credit_card,mobile_app,completed
TXN20260106000026,2026-01-06 00:42:23,1857,24,,3,201.95,77.39,0.14,605.85,521.03,288.86,AUD,debit_card,marketplace,completed
TXN20260106000027,2026-01-06 00:51:23,1757,122,,3,163.85,114.55,0.11,491.55,437.48,93.83,AUD,gift_card,mobile_app,refunded
TXN20260106000028,2026-01-06 00:51:54,2024,193,5010,5,368.81,195.25,0.04,1844.05,1770.29,794.04,AUD,credit_card,web,completed
TXN20260106000029,2026-01-06 00:57:42,1152,343,,3,32.63,13.17,0.18,97.89,80.27,40.76,AUD,paypal,web,completed
TXN20260106000030,2026-01-06 00:57:47,1975,245,5009,1,349.8,233.63,0.02,349.8,342.8,109.17,AUD,paypal,web,completed
TXN20260106000031,2026-01-06 00:58:35,1981,104,5013,1,41.5,18.2,0.1,41.5,37.35,19.15,AUD,debit_card,web,completed
TXN20260106000032,2026-01-06 00:59:26,1753,147,,4,287.02,186.05,0.05,1148.08,1090.68,346.48,AUD,paypal,marketplace,cancelled
TXN20260106000033,2026-01-06 01:02:17,1529,168,,5,356.7,253.22,0.03,1783.5,1729.99,463.89,AUD,credit_card,web,completed
TXN20260106000034,2026-01-06 01:04:42,1756,378,,1,355.29,228.27,0.18,355.29,291.34,63.07,AUD,credit_card,mobile_app,completed
TXN20260106000035,2026-01-06 01:06:40,1417,76,,5,153.93,70.84,0.0,769.65,769.65,415.45,AUD,debit_card,mobile_app,completed
TXN20260106000036,2026-01-06 01:06:48,1108,287,,6,67.92,35.4,0.14,407.52,350.47,138.07,AUD,bank_transfer,mobile_app,completed
TXN20260106000037,2026-01-06 01:07:27,1743,71,5012,2,451.62,218.09,0.04,903.24,867.11,430.93,AUD,debit_card,mobile_app,completed
TXN20260106000038,2026-01-06 01:22:07,1939,194,5018,1,45.96,33.9,0.23,45.96,35.39,1.49,AUD,debit_card,web,completed
TXN20260106000039,2026-01-06 01:23:09,1648,161,,2,57.23,33.31,0.17,114.46,95.0,28.38,AUD,debit_card,in_store,refunded
TXN20260106000040,2026-01-06 01:26:09,2032,332,5012,5,436.24,255.68,0.04,2181.2,2093.95,815.55,AUD,buy_now_pay_later,web,completed
TXN20260106000041,2026-01-06 01:29:32,2043,135,5005,5,141.91,90.68,0.14,709.55,610.21,156.81,AUD,paypal,mobile_app,completed
TXN20260106000042,2026-01-06 01:32:27,1460,6,,3,45.92,33.82,0.12,137.76,121.23,19.77,AUD,buy_now_pay_later,marketplace,completed
TXN20260106000043,2026-01-06 01:41:36,1586,23,,5,371.29,240.22,0.14,1856.45,1596.55,395.45,AUD,credit_card,phone,completed
TXN20260106000044,2026-01-06 01:50:56,1700,262,5012,5,30.32,15.63,0.09,151.6,137.96,59.81,AUD,credit_card,mobile_app,completed
TXN20260106000045,2026-01-06 01:56:53,1466,318,,1,104.56,45.81,0.21,104.56,82.6,36.79,AUD,credit_card,web,completed
TXN20260106000046,2026-01-06 01:59:03,1991,154,,3,128.25,56.51,0.25,384.75,288.56,119.03,AUD,gift_card,web,completed
TXN20260106000047,2026-01-06 02:03:36,1037,138,,1,132.98,57.54,0.12,132.98,117.02,59.48,AUD,paypal,marketplace,completed
TXN20260106000048,2026-01-06 02:05:37,1422,122,5013,3,163.85,114.55,0.17,491.55,407.99,64.34,AUD,buy_now_pay_later,mobile_app,completed
TXN20260106000049,2026-01-06 02:07:51,1727,229,,5,23.31,18.16,0.12,116.55,102.56,11.76,AUD,debit_card,web,completed
TXN20260106000050,2026-01-06 02:07:58,1974,73,5009,2,97.62,68.56,0.08,195.24,179.62,42.5,AUD,credit_card,mobile_app,completed
TXN20260106000051,2026-01-06 02:11:32,1845,208,,1,165.3,68.58,0.09,165.3,150.42,81.84,AUD,credit_card,mobile_app,completed
TXN20260106000052,2026-01-06 02:15:16,2175,145,5009,4,333.84,132.73,0.02,1335.36,1308.65,777.73,AUD,paypal,mobile_app,completed
TXN20260106000053,2026-01-06 02:15:26,1156,14,,5,60.5,36.5,0.07,302.5,281.32,98.82,AUD,credit_card,web,completed
TXN20260106000054,2026-01-06 02:16:06,1828,302,5018,3,47.96,26.56,0.2,143.88,115.1,35.42,AUD,credit_card,mobile_app,completed
TXN20260106000055,2026-01-06 02:22:31,1254,127,,3,45.1,29.41,0.21,135.3,106.89,18.66,AUD,paypal,web,refunded
TXN20260106000056,2026-01-06 02:22:48,1985,9,,1,470.11,214.65,0.1,470.11,423.1,208.45,AUD,paypal,web,completed
TXN20260106000057,2026-01-06 02:24:53,2135,231,,1,114.93,83.66,0.03,114.93,111.48,27.82,AUD,credit_card,web,completed
TXN20260106000058,2026-01-06 02:32:35,1551,239,,1,33.36,20.5,0.03,33.36,32.36,11.86,AUD,buy_now_pay_later,web,completed
TXN20260106000059,2026-01-06 02:33:37,1228,243,,1,6.18,2.24,0.04,6.18,5.93,3.69,AUD,credit_card,marketplace,completed
TXN20260106000060,2026-01-06 02:36:32,2191,283,,2,155.88,105.7,0.04,311.76,299.29,87.89,AUD,credit_card,web,completed
TXN20260106000061,2026-01-06 02:37:54,1862,9,,3,470.11,214.65,0.17,1410.33,1170.57,526.62,AUD,bank_transfer,mobile_app,completed
TXN20260106000062,2026-01-06 02:39:35,1247,396,,1,358.76,209.23,0.06,358.76,337.23,128.0,AUD,paypal,web,completed
TXN20260106000063,2026-01-06 02:39:56,1907,350,,1,78.73,28.3,0.02,78.73,77.16,48.86,AUD,paypal,web,refunded
TXN20260106000064,2026-01-06 02:40:17,2099,188,,3,141.88,98.58,0.06,425.64,400.1,104.36,AUD,buy_now_pay_later,mobile_app,completed
TXN20260106000065,2026-01-06 02:41:20,1741,15,,3,42.26,18.74,0.01,126.78,125.51,69.29,AUD,credit_card,mobile_app,completed
TXN20260106000066,2026-01-06 02:41:41,1488,301,5013,2,288.28,108.1,0.07,576.56,536.2,320.0,AUD,debit_card,web,completed
TXN20260106000067,2026-01-06 02:45:53,1245,158,5012,3,101.24,48.34,0.03,303.72,294.61,149.59,AUD,credit_card,mobile_app,completed
TXN20260106000068,2026-01-06 02:46:37,1308,58,,3,93.1,56.49,0.1,279.3,251.37,81.9,AUD,credit_card,web,completed
TXN20260106000069,2026-01-06 02:50:38,2011,311,5007,2,265.88,206.32,0.04,531.76,510.49,97.85,AUD,gift_card,web,completed
TXN20260106000070,2026-01-06 02:54:10,2034,66,,1,157.5,63.74,0.04,157.5,151.2,87.46,AUD,credit_card,web,completed
TXN20260106000071,2026-01-06 02:54:38,1713,79,,5,139.3,69.25,0.1,696.5,626.85,280.6,AUD,paypal,mobile_app,completed
TXN20260106000072,2026-01-06 02:56:30,1891,247,5009,2,32.77,14.35,0.23,65.54,50.47,21.77,AUD,buy_now_pay_later,web,completed
TXN20260106000073,2026-01-06 02:57:27,1680,75,5009,6,200.92,131.5,0.11,1205.52,1072.91,283.91,AUD,paypal,web,completed
TXN20260106000074,2026-01-06 03:00:10,2108,392,5005,1,197.73,138.04,0.13,197.73,172.03,33.99,AUD,credit_card,web,completed
TXN20260106000075,2026-01-06 03:00:42,1710,283,,2,155.88,105.7,0.13,311.76,271.23,59.83,AUD,paypal,mobile_app,completed
TXN20260106000076,2026-01-06 03:05:21,1054,144,5018,1,19.12,6.91,0.02,19.12,18.74,11.83,AUD,credit_card,mobile_app,completed
TXN20260106000077,2026-01-06 03:05:57,1638,111,,2,130.14,98.41,0.08,260.28,239.46,42.64,AUD,paypal,mobile_app,completed
TXN20260106000078,2026-01-06 03:06:51,1623,316,,2,109.37,70.04,0.05,218.74,207.8,67.72,AUD,credit_card,in_store,completed
TXN20260106000079,2026-01-06 03:13:21,1866,1,,1,367.54,272.05,0.16,367.54,308.73,36.68,AUD,paypal,mobile_app,completed
TXN20260106000080,2026-01-06 03:13:59,1177,125,,1,12.26,5.91,0.13,12.26,10.67,4.76,AUD,bank_transfer,mobile_app,completed
TXN20260106000081,2026-01-06 03:15:11,2202,91,,4,229.04,125.54,0.03,916.16,888.68,386.52,AUD,gift_card,web,completed
TXN20260106000082,2026-01-06 03:17:04,1518,31,,1,125.26,43.94,0.05,125.26,119.0,75.06,AUD,credit_card,web,completed
TXN20260106000083,2026-01-06 03:17:21,1384,84,,1,131.95,75.26,0.08,131.95,121.39,46.13,AUD,bank_transfer,web,completed
TXN20260106000084,2026-01-06 03:20:29,2088,364,,6,126.27,67.13,0.22,757.62,590.94,188.16,AUD,debit_card,web,completed
TXN20260106000085,2026-01-06 03:21:21,1618,146,5017,2,182.6,76.84,0.14,365.2,314.07,160.39,AUD,bank_transfer,web,completed
TXN20260106000086,2026-01-06 03:21:39,1999,201,,2,105.57,37.83,0.04,211.14,202.69,127.03,AUD,paypal,web,completed
TXN20260106000087,2026-01-06 03:24:07,1659,337,,1,146.92,72.71,0.08,146.92,135.17,62.46,AUD,credit_card,mobile_app,completed
TXN20260106000088,2026-01-06 03:26:02,1032,266,,3,87.68,41.95,0.13,263.04,228.84,102.99,AUD,debit_card,web,completed
TXN20260106000089,2026-01-06 03:27:50,1817,9,5010,1,470.11,214.65,0.01,470.11,465.41,250.76,AUD,credit_card,web,completed
TXN20260106000090,2026-01-06 03:28:15,2022,167,5010,2,176.55,75.21,0.12,353.1,310.73,160.31,AUD,bank_transfer,mobile_app,completed
TXN20260106000091,2026-01-06 03:29:23,1626,145,,4,333.84,132.73,0.07,1335.36,1241.88,710.96,AUD,paypal,web,completed
TXN20260106000092,2026-01-06 03:32:59,1885,206,,3,211.48,126.89,0.22,634.44,494.86,114.19,AUD,credit_card,web,completed
TXN20260106000093,2026-01-06 03:34:52,1423,294,,2,25.75,16.01,0.09,51.5,46.87,14.85,AUD,credit_card,marketplace,completed
TXN20260106000094,2026-01-06 03:37:45,1450,306,,2,201.0,79.58,0.15,402.0,341.7,182.54,AUD,credit_card,marketplace,completed
TXN20260106000095,2026-01-06 03:37:45,1306,212,5002,3,172.34,98.73,0.02,517.02,506.68,210.49,AUD,credit_card,mobile_app,completed
TXN20260106000096,2026-01-06 03:42:40,1606,301,,1,288.28,108.1,0.0,288.28,288.28,180.18,AUD,credit_card,mobile_app,completed
TXN20260106000097,2026-01-06 03:43:46,1192,289,,2,135.78,64.29,0.06,271.56,255.27,126.69,AUD,paypal,web,completed
TXN20260106000098,2026-01-06 03:47:22,2116,65,,1,186.49,123.08,0.09,186.49,169.71,46.63,AUD,credit_card,mobile_app,completed
TXN20260106000099,2026-01-06 03:48:47,1574,207,5003,2,174.77,73.18,0.01,349.54,346.04,199.68,AUD,buy_now_pay_later,web,completed
TXN20260106000100,2026-01-06 03:49:36,1058,96,,2,143.85,89.79,0.03,287.7,279.07,99.49,AUD,credit_card,mobile_app,completed
TXN20260106000101,2026-01-06 03:49:48,2181,224,,2,135.38,94.24,0.04,270.76,259.93,71.45,AUD,paypal,mobile_app,completed
TXN20260106000102,2026-01-06 03:51:56,1395,68,,2,197.74,154.22,0.06,395.48,371.75,63.31,AUD,debit_card,marketplace,completed
TXN20260106000103,2026-01-06 03:53:09,1859,391,,6,294.69,189.16,0.04,1768.14,1697.41,562.45,AUD,bank_transfer,web,completed
TXN20260106000104,2026-01-06 04:02:35,1799,55,5002,2,51.38,24.77,0.17,102.76,85.29,35.75,AUD,credit_card,web,completed
TXN20260106000105,2026-01-06 04:02:38,1974,285,,6,333.53,259.05,0.16,2001.18,1680.99,126.69,AUD,credit_card,web,completed
TXN20260106000106,2026-01-06 04:03:00,1558,32,,4,107.59,39.39,0.05,430.36,408.84,251.28,AUD,buy_now_pay_later,mobile_app,completed
TXN20260106000107,2026-01-06 04:05:17,1183,354,5003,4,128.43,85.15,0.02,513.72,503.45,162.85,AUD,credit_card,web,completed
TXN20260106000108,2026-01-06 04:05:27,1188,334,,1,100.25,73.46,0.12,100.25,88.22,14.76,AUD,credit_card,in_store,completed
TXN20260106000109,2026-01-06 04:05:31,1316,151,5013,4,36.21,16.06,0.01,144.84,143.39,79.15,AUD,buy_now_pay_later,mobile_app,completed
TXN20260106000110,2026-01-06 04:06:42,1183,401,,1,112.78,49.28,0.2,112.78,90.22,40.94,AUD,credit_card,mobile_app,completed
TXN20260106000111,2026-01-06 04:11:33,1834,171,,3,28.05,12.07,0.02,84.15,82.47,46.26,AUD,paypal,marketplace,completed
TXN20260106000112,2026-01-06 04:12:47,1047,35,,2,123.44,76.69,0.06,246.88,232.07,78.69,AUD,credit_card,mobile_app,completed
TXN20260106000113,2026-01-06 04:12:48,1960,143,,3,166.42,116.53,0.21,499.26,394.42,44.83,AUD,credit_card,web,completed
TXN20260106000114,2026-01-06 04:13:48,1509,302,5016,2,47.96,26.56,0.13,95.92,83.45,30.33,AUD,debit_card,web,completed
TXN20260106000115,2026-01-06 04:14:41,2032,9,,4,470.11,214.65,0.07,1880.44,1748.81,890.21,AUD,credit_card,marketplace,completed
TXN20260106000116,2026-01-06 04:16:18,1309,385,,2,111.79,81.72,0.16,223.58,187.81,24.37,AUD,buy_now_pay_later,marketplace,completed
TXN20260106000117,2026-01-06 04:16:57,1433,48,5009,1,196.8,70.47,0.18,196.8,161.38,90.91,AUD,gift_card,in_store,completed
TXN20260106000118,2026-01-06 04:26:02,1060,213,,4,89.64,56.55,0.05,358.56,340.63,114.43,AUD,credit_card,web,completed
TXN20260106000119,2026-01-06 04:29:17,1556,280,5007,2,235.41,129.45,0.0,470.82,470.82,211.92,AUD,paypal,web,pending
TXN20260106000120,2026-01-06 04:29:24,1274,167,,2,176.55,75.21,0.1,353.1,317.79,167.37,AUD,debit_card,mobile_app,completed
TXN20260106000121,2026-01-06 04:29:39,1928,247,5014,2,32.77,14.35,0.01,65.54,64.88,36.18,AUD,bank_transfer,web,completed
TXN20260106000122,2026-01-06 04:31:21,1914,204,,4,256.41,190.36,0.06,1025.64,964.1,202.66,AUD,credit_card,mobile_app,completed
TXN20260106000123,2026-01-06 04:31:37,2059,85,,2,173.56,99.76,0.0,347.12,347.12,147.6,AUD,paypal,mobile_app,completed
TXN20260106000124,2026-01-06 04:34:57,1535,400,,2,83.09,58.62,0.04,166.18,159.53,42.29,AUD,buy_now_pay_later,web,completed
TXN20260106000125,2026-01-06 04:37:14,1242,20,,2,230.82,128.98,0.27,461.64,337.0,79.04,AUD,bank_transfer,web,completed
TXN20260106000126,2026-01-06 04:39:26,1605,295,,2,125.3,93.62,0.13,250.6,218.02,30.78,AUD,credit_card,web,refunded
TXN20260106000127,2026-01-06 04:40:23,1305,96,,4,143.85,89.79,0.24,575.4,437.3,78.14,AUD,credit_card,mobile_app,pending
TXN20260106000128,2026-01-06 04:42:18,2061,171,,2,28.05,12.07,0.14,56.1,48.25,24.11,AUD,credit_card,web,completed
TXN20260106000129,2026-01-06 04:44:17,1292,91,,1,229.04,125.54,0.14,229.04,196.97,71.43,AUD,credit_card,in_store,completed
TXN20260106000130,2026-01-06 04:44:40,1951,338,,1,454.19,219.15,0.11,454.19,404.23,185.08,AUD,buy_now_pay_later,mobile_app,cancelled
TXN20260106000131,2026-01-06 04:46:35,1935,37,,3,5.1,1.86,0.04,15.3,14.69,9.11,AUD,debit_card,web,completed
TXN20260106000132,2026-01-06 04:46:48,1845,268,5007,1,13.69,9.27,0.04,13.69,13.14,3.87,AUD,credit_card,marketplace,completed
TXN20260106000133,2026-01-06 04:47:12,2007,211,5013,1,125.27,94.18,0.11,125.27,111.49,17.31,AUD,paypal,mobile_app,completed
TXN20260106000134,2026-01-06 04:49:18,1244,256,5014,1,65.44,43.78,0.08,65.44,60.2,16.42,AUD,credit_card,web,completed
TXN20260106000135,2026-01-06 04:49:30,1436,138,5007,1,132.98,57.54,0.01,132.98,131.65,74.11,AUD,debit_card,web,completed
TXN20260106000136,2026-01-06 04:56:59,1588,212,,4,172.34,98.73,0.08,689.36,634.21,239.29,AUD,credit_card,mobile_app,cancelled
TXN20260106000137,2026-01-06 04:59:08,2190,198,5016,1,311.79,188.7,0.01,311.79,308.67,119.97,AUD,paypal,web,cancelled
TXN20260106000138,2026-01-06 05:00:07,1629,227,,4,46.57,24.42,0.27,186.28,135.98,38.3,AUD,credit_card,web,completed
TXN20260106000139,2026-01-06 05:03:24,2002,36,,1,95.33,67.51,0.03,95.33,92.47,24.96,AUD,credit_card,mobile_app,refunded
TXN20260106000140,2026-01-06 05:11:00,1572,247,5012,1,32.77,14.35,0.05,32.77,31.13,16.78,AUD,credit_card,web,completed
TXN20260106000141,2026-01-06 05:11:34,2048,339,,2,232.73,135.01,0.06,465.46,437.53,167.51,AUD,credit_card,mobile_app,completed
TXN20260106000142,2026-01-06 05:12:07,1959,245,5014,4,349.8,233.63,0.14,1399.2,1203.31,268.79,AUD,credit_card,mobile_app,completed
TXN20260106000143,2026-01-06 05:13:35,1243,161,5010,1,57.23,33.31,0.04,57.23,54.94,21.63,AUD,debit_card,mobile_app,completed
TXN20260106000144,2026-01-06 05:15:51,1686,99,,1,8.03,4.15,0.06,8.03,7.55,3.4,AUD,debit_card,mobile_app,completed
TXN20260106000145,2026-01-06 05:17:28,1634,23,,1,371.29,240.22,0.2,371.29,297.03,56.81,AUD,paypal,mobile_app,completed
TXN20260106000146,2026-01-06 05:18:00,1315,233,,2,320.43,123.08,0.13,640.86,557.55,311.39,AUD,paypal,web,completed
TXN20260106000147,2026-01-06 05:19:01,2182,47,5006,3,383.34,271.98,0.19,1150.02,931.52,115.58,AUD,credit_card,web,completed
TXN20260106000148,2026-01-06 05:24:49,1760,287,,3,67.92,35.4,0.18,203.76,167.08,60.88,AUD,credit_card,mobile_app,completed
TXN20260106000149,2026-01-06 05:24:54,2099,20,5012,3,230.82,128.98,0.18,692.46,567.82,180.88,AUD,buy_now_pay_later,web,completed
TXN20260106000150,2026-01-06 05:26:42,1270,126,,4,63.01,42.43,0.12,252.04,221.8,52.08,AUD,credit_card,mobile_app,completed
TXN20260106000151,2026-01-06 05:28:07,1937,281,,3,206.68,92.2,0.01,620.04,613.84,337.24,AUD,bank_transfer,web,completed
TXN20260106000152,2026-01-06 05:30:47,2054,186,,3,294.97,120.02,0.02,884.91,867.21,507.15,AUD,credit_card,mobile_app,completed
TXN20260106000153,2026-01-06 05:32:55,1525,322,,1,98.42,48.71,0.15,98.42,83.66,34.95,AUD,buy_now_pay_later,marketplace,completed
TXN20260106000154,2026-01-06 05:36:04,2088,82,,1,221.86,146.05,0.01,221.86,219.64,73.59,AUD,credit_card,web,completed
TXN20260106000155,2026-01-06 05:37:24,1132,359,,2,421.42,180.37,0.15,842.84,716.41,355.67,AUD,credit_card,marketplace,completed
TXN20260106000156,2026-01-06 05:39:11,1245,275,,2,116.41,50.22,0.12,232.82,204.88,104.44,AUD,debit_card,web,completed
TXN20260106000157,2026-01-06 05:39:36,1158,353,,4,53.63,27.2,0.15,214.52,182.34,73.54,AUD,credit_card,mobile_app,completed
TXN20260106000158,2026-01-06 05:40:42,1235,145,5013,3,333.84,132.73,0.02,1001.52,981.49,583.3,AUD,debit_card,web,completed
TXN20260106000159,2026-01-06 05:44:23,2056,396,,2,358.76,209.23,0.25,717.52,538.14,119.68,AUD,credit_card,mobile_app,completed
TXN20260106000160,2026-01-06 05:44:42,1759,250,,1,231.82,122.47,0.21,231.82,183.14,60.67,AUD,credit_card,web,completed
TXN20260106000161,2026-01-06 05:49:23,2029,71,5002,2,451.62,218.09,0.07,903.24,840.01,403.83,AUD,bank_transfer,web,completed
TXN20260106000162,2026-01-06 05:49:53,2139,95,,2,125.86,97.81,0.17,251.72,208.93,13.31,AUD,credit_card,web,completed
TXN20260106000163,2026-01-06 05:55:28,2080,29,,1,157.08,114.81,0.24,157.08,119.38,4.57,AUD,debit_card,marketplace,completed
TXN20260106000164,2026-01-06 05:55:48,1288,399,,1,108.85,51.12,0.06,108.85,102.32,51.2,AUD,credit_card,in_store,completed
TXN20260106000165,2026-01-06 05:58:33,1827,342,,4,119.39,87.78,0.07,477.56,444.13,93.01,AUD,credit_card,mobile_app,completed
TXN20260106000166,2026-01-06 05:58:56,1330,393,5016,1,18.4,11.45,0.01,18.4,18.22,6.77,AUD,bank_transfer,web,completed
TXN20260106000167,2026-01-06 06:00:43,2036,329,5017,1,58.04,29.11,0.02,58.04,56.88,27.77,AUD,gift_card,web,completed
TXN20260106000168,2026-01-06 06:01:18,2180,402,,2,192.14,70.42,0.2,384.28,307.42,166.58,AUD,credit_card,in_store,cancelled
TXN20260106000169,2026-01-06 06:01:53,1786,274,,4,68.35,38.43,0.13,273.4,237.86,84.14,AUD,debit_card,web,refunded
TXN20260106000170,2026-01-06 06:04:29,1950,86,5016,2,176.95,129.01,0.02,353.9,346.82,88.8,AUD,paypal,mobile_app,completed
TXN20260106000171,2026-01-06 06:08:40,1626,197,,1,161.84,90.95,0.14,161.84,139.18,48.23,AUD,credit_card,marketplace,completed
TXN20260106000172,2026-01-06 06:10:42,1429,287,,3,67.92,35.4,0.13,203.76,177.27,71.07,AUD,buy_now_pay_later,mobile_app,completed
TXN20260106000173,2026-01-06 06:11:04,2095,256,,1,65.44,43.78,0.03,65.44,63.48,19.7,AUD,credit_card,mobile_app,completed
TXN20260106000174,2026-01-06 06:13:02,1641,66,5013,5,157.5,63.74,0.04,787.5,756.0,437.3,AUD,credit_card,web,completed
TXN20260106000175,2026-01-06 06:14:58,1433,126,,2,63.01,42.43,0.17,126.02,104.6,19.74,AUD,credit_card,mobile_app,completed
TXN20260106000176,2026-01-06 06:19:13,1692,235,5013,1,18.79,8.45,0.17,18.79,15.6,7.15,AUD,credit_card,web,completed
TXN20260106000177,2026-01-06 06:20:18,1113,119,5007,1,26.62,12.14,0.12,26.62,23.43,11.29,AUD,buy_now_pay_later,web,completed
TXN20260106000178,2026-01-06 06:22:28,1493,282,,1,11.8,8.78,0.21,11.8,9.32,0.54,AUD,debit_card,marketplace,completed
TXN20260106000179,2026-01-06 06:24:06,1865,397,5010,4,183.67,101.88,0.11,734.68,653.87,246.35,AUD,debit_card,web,completed
TXN20260106000180,2026-01-06 06:24:24,1560,263,,3,194.7,69.51,0.08,584.1,537.37,328.84,AUD,debit_card,web,completed
TXN20260106000181,2026-01-06 06:29:12,1442,170,5006,4,68.81,27.57,0.24,275.24,209.18,98.9,AUD,credit_card,marketplace,completed
TXN20260106000182,2026-01-06 06:29:45,1410,161,5006,1,57.23,33.31,0.04,57.23,54.94,21.63,AUD,debit_card,marketplace,completed
TXN20260106000183,2026-01-06 06:29:50,2007,12,,1,22.05,16.18,0.2,22.05,17.64,1.46,AUD,debit_card,marketplace,completed
TXN20260106000184,2026-01-06 06:35:37,1667,194,,2,45.96,33.9,0.08,91.92,84.57,16.77,AUD,debit_card,web,completed
TXN20260106000185,2026-01-06 06:45:30,1332,84,5010,2,131.95,75.26,0.12,263.9,232.23,81.71,AUD,debit_card,mobile_app,completed
TXN20260106000186,2026-01-06 06:46:25,1356,229,5002,3,23.31,18.16,0.05,69.93,66.43,11.95,AUD,credit_card,web,completed
TXN20260106000187,2026-01-06 06:49:40,1641,278,5007,1,60.0,45.1,0.03,60.0,58.2,13.1,AUD,debit_card,in_store,completed
TXN20260106000188,2026-01-06 06:49:59,1869,204,,3,256.41,190.36,0.07,769.23,715.38,144.3,AUD,credit_card,marketplace,completed
TXN20260106000189,2026-01-06 06:53:07,1008,62,,2,46.07,33.25,0.04,92.14,88.45,21.95,AUD,credit_card,web,completed
TXN20260106000190,2026-01-06 06:54:35,1486,331,,1,188.98,138.35,0.02,188.98,185.2,46.85,AUD,credit_card,in_store,cancelled
TXN20260106000191,2026-01-06 06:56:23,2085,278,,3,60.0,45.1,0.03,180.0,174.6,39.3,AUD,debit_card,web,pending
TXN20260106000192,2026-01-06 06:56:39,1319,58,,2,93.1,56.49,0.02,186.2,182.48,69.5,AUD,paypal,web,completed
TXN20260106000193,2026-01-06 07:00:17,2146,172,5003,1,191.33,75.08,0.03,191.33,185.59,110.51,AUD,debit_card,web,completed
TXN20260106000194,2026-01-06 07:00:39,2059,352,,2,241.96,137.89,0.03,483.92,469.4,193.62,AUD,credit_card,mobile_app,refunded
TXN20260106000195,2026-01-06 07:01:29,2173,289,5016,3,135.78,64.29,0.17,407.34,338.09,145.22,AUD,credit_card,web,completed
TXN20260106000196,2026-01-06 07:01:54,1319,8,,3,65.06,29.43,0.21,195.18,154.19,65.9,AUD,credit_card,mobile_app,completed
TXN20260106000197,2026-01-06 07:02:02,1841,167,,1,176.55,75.21,0.03,176.55,171.25,96.04,AUD,paypal,web,completed
TXN20260106000198,2026-01-06 07:02:33,1826,25,5010,4,279.71,213.59,0.06,1118.84,1051.71,197.35,AUD,debit_card,mobile_app,completed
TXN20260106000199,2026-01-06 07:02:43,2167,107,5017,2,391.82,298.53,0.13,783.64,681.77,84.71,AUD,credit_card,mobile_app,completed
TXN20260106000200,2026-01-06 07:02:56,1573,173,,3,67.53,28.1,0.03,202.59,196.51,112.21,AUD,gift_card,mobile_app,cancelled
TXN20260106000201,2026-01-06 07:03:27,1207,223,,2,140.86,54.16,0.18,281.72,231.01,122.69,AUD,paypal,mobile_app,completed
TXN20260106000202,2026-01-06 07:03:29,1657,80,,1,200.59,111.67,0.08,200.59,184.54,72.87,AUD,debit_card,web,completed
TXN20260106000203,2026-01-06 07:04:18,2074,58,,2,93.1,56.49,0.03,186.2,180.61,67.63,AUD,bank_transfer,web,completed
TXN20260106000204,2026-01-06 07:04:44,2063,88,5009,2,104.05,41.24,0.03,208.1,201.86,119.38,AUD,credit_card,mobile_app,completed
TXN20260106000205,2026-01-06 07:05:01,1366,349,,3,65.04,45.3,0.08,195.12,179.51,43.61,AUD,debit_card,in_store,completed
TXN20260106000206,2026-01-06 07:05:02,1338,142,,2,424.43,299.05,0.02,848.86,831.88,233.78,AUD,credit_card,web,completed
TXN20260106000207,2026-01-06 07:07:18,1831,260,5005,2,168.41,124.86,0.1,336.82,303.14,53.42,AUD,debit_card,mobile_app,completed
TXN20260106000208,2026-01-06 07:08:22,1182,84,5017,2,131.95,75.26,0.22,263.9,205.84,55.32,AUD,paypal,web,completed
TXN20260106000209,2026-01-06 07:11:50,1473,331,5010,2,188.98,138.35,0.11,377.96,336.38,59.68,AUD,credit_card,web,completed
TXN20260106000210,2026-01-06 07:15:02,1825,232,,6,159.76,96.34,0.04,958.56,920.22,342.18,AUD,credit_card,web,completed
TXN20260106000211,2026-01-06 07:15:37,1975,204,,1,256.41,190.36,0.11,256.41,228.2,37.84,AUD,buy_now_pay_later,mobile_app,completed
TXN20260106000212,2026-01-06 07:16:28,1336,135,,1,141.91,90.68,0.16,141.91,119.2,28.52,AUD,paypal,web,completed
TXN20260106000213,2026-01-06 07:16:42,2189,177,,1,287.87,144.14,0.01,287.87,284.99,140.85,AUD,debit_card,web,completed
TXN20260106000214,2026-01-06 07:16:54,2201,77,,6,288.19,141.16,0.01,1729.14,1711.85,864.89,AUD,paypal,web,completed
TXN20260106000215,2026-01-06 07:17:43,2139,290,,4,37.46,23.23,0.02,149.84,146.84,53.92,AUD,debit_card,mobile_app,completed
TXN20260106000216,2026-01-06 07:18:46,1334,186,,1,294.97,120.02,0.09,294.97,268.42,148.4,AUD,credit_card,web,cancelled
TXN20260106000217,2026-01-06 07:19:29,1035,239,5004,4,33.36,20.5,0.23,133.44,102.75,20.75,AUD,debit_card,mobile_app,completed
TXN20260106000218,2026-01-06 07:19:44,2107,322,,1,98.42,48.71,0.1,98.42,88.58,39.87,AUD,paypal,web,completed
TXN20260106000219,2026-01-06 07:20:57,1111,345,,4,301.49,218.7,0.13,1205.96,1049.19,174.39,AUD,paypal,mobile_app,completed
TXN20260106000220,2026-01-06 07:22:11,1432,320,,3,5.35,2.75,0.11,16.05,14.28,6.03,AUD,credit_card,web,completed
TXN20260106000221,2026-01-06 07:23:42,2035,273,,3,15.74,11.24,0.21,47.22,37.3,3.58,AUD,paypal,web,completed
TXN20260106000222,2026-01-06 07:23:53,1271,26,,2,76.06,28.87,0.14,152.12,130.82,73.08,AUD,credit_card,web,completed
TXN20260106000223,2026-01-06 07:24:26,1342,12,,1,22.05,16.18,0.15,22.05,18.74,2.56,AUD,credit_card,marketplace,completed
TXN20260106000224,2026-01-06 07:24:44,1048,215,,2,8.88,3.58,0.16,17.76,14.92,7.76,AUD,credit_card,mobile_app,completed
TXN20260106000225,2026-01-06 07:24:47,1731,362,,4,10.4,7.12,0.24,41.6,31.62,3.14,AUD,paypal,mobile_app,completed
TXN20260106000226,2026-01-06 07:25:09,2092,102,,3,276.02,213.86,0.29,828.06,587.92,-53.66,AUD,debit_card,web,completed
TXN20260106000227,2026-01-06 07:26:10,1007,99,,5,8.03,4.15,0.05,40.15,38.14,17.39,AUD,paypal,in_store,completed
TXN20260106000228,2026-01-06 07:26:41,1996,128,,3,189.27,110.21,0.05,567.81,539.42,208.79,AUD,credit_card,mobile_app,completed
TXN20260106000229,2026-01-06 07:27:04,1873,259,5006,1,243.76,167.05,0.05,243.76,231.57,64.52,AUD,credit_card,marketplace,completed
TXN20260106000230,2026-01-06 07:27:09,1120,127,5005,1,45.1,29.41,0.09,45.1,41.04,11.63,AUD,debit_card,web,completed
TXN20260106000231,2026-01-06 07:30:00,1991,341,,1,329.88,115.66,0.01,329.88,326.58,210.92,AUD,buy_now_pay_later,in_store,completed
TXN20260106000232,2026-01-06 07:30:12,1865,112,,2,121.28,51.75,0.11,242.56,215.88,112.38,AUD,buy_now_pay_later,marketplace,completed
TXN20260106000233,2026-01-06 07:30:32,1959,324,,2,79.51,55.68,0.05,159.02,151.07,39.71,AUD,credit_card,web,completed
TXN20260106000234,2026-01-06 07:30:47,1497,80,,5,200.59,111.67,0.1,1002.95,902.66,344.31,AUD,bank_transfer,in_store,completed
TXN20260106000235,2026-01-06 07:31:14,2171,134,,1,151.77,62.1,0.18,151.77,124.45,62.35,AUD,debit_card,marketplace,completed
TXN20260106000236,2026-01-06 07:32:15,1571,248,,4,58.0,41.73,0.23,232.0,178.64,11.72,AUD,buy_now_pay_later,web,completed
TXN20260106000237,2026-01-06 07:33:40,1133,318,5016,2,104.56,45.81,0.05,209.12,198.66,107.04,AUD,credit_card,mobile_app,completed
TXN20260106000238,2026-01-06 07:34:25,1255,364,5004,2,126.27,67.13,0.01,252.54,250.01,115.75,AUD,paypal,web,completed
TXN20260106000239,2026-01-06 07:34:39,1477,62,,1,46.07,33.25,0.28,46.07,33.17,-0.08,AUD,debit_card,web,completed
TXN20260106000240,2026-01-06 07:35:44,1443,222,,2,32.17,11.42,0.03,64.34,62.41,39.57,AUD,gift_card,mobile_app,completed
TXN20260106000241,2026-01-06 07:35:46,1085,62,,2,46.07,33.25,0.19,92.14,74.63,8.13,AUD,credit_card,mobile_app,completed
TXN20260106000242,2026-01-06 07:36:04,1540,272,5016,4,48.63,36.18,0.12,194.52,171.18,26.46,AUD,credit_card,mobile_app,refunded
TXN20260106000243,2026-01-06 07:36:33,1030,259,,1,243.76,167.05,0.05,243.76,231.57,64.52,AUD,credit_card,web,completed
TXN20260106000244,2026-01-06 07:37:06,2048,261,5018,2,222.59,120.24,0.24,445.18,338.34,97.86,AUD,credit_card,mobile_app,completed
TXN20260106000245,2026-01-06 07:38:01,2021,362,,1,10.4,7.12,0.1,10.4,9.36,2.24,AUD,debit_card,web,completed
TXN20260106000246,2026-01-06 07:38:54,1078,284,,6,359.21,205.04,0.1,2155.26,1939.73,709.49,AUD,debit_card,mobile_app,completed
TXN20260106000247,2026-01-06 07:41:30,1197,10,5005,5,246.81,139.27,0.28,1234.05,888.52,192.17,AUD,paypal,mobile_app,completed
TXN20260106000248,2026-01-06 07:42:07,1970,320,5013,5,5.35,2.75,0.12,26.75,23.54,9.79,AUD,debit_card,web,cancelled
TXN20260106000249,2026-01-06 07:43:41,1056,314,5018,4,218.05,130.2,0.13,872.2,758.81,238.01,AUD,paypal,web,completed
TXN20260106000250,2026-01-06 07:43:52,1316,91,5003,5,229.04,125.54,0.17,1145.2,950.52,322.82,AUD,credit_card,marketplace,completed
TXN20260106000251,2026-01-06 07:44:04,1246,280,5012,3,235.41,129.45,0.02,706.23,692.11,303.76,AUD,paypal,in_store,completed
TXN20260106000252,2026-01-06 07:44:05,1391,289,5007,1,135.78,64.29,0.07,135.78,126.28,61.99,AUD,paypal,web,completed
TXN20260106000253,2026-01-06 07:44:45,1215,7,5017,1,75.68,42.79,0.14,75.68,65.08,22.29,AUD,credit_card,in_store,completed
TXN20260106000254,2026-01-06 07:45:33,1749,386,,1,284.12,120.27,0.01,284.12,281.28,161.01,AUD,buy_now_pay_later,web,completed
TXN20260106000255,2026-01-06 07:46:47,1917,199,5006,3,405.48,228.61,0.04,1216.44,1167.78,481.95,AUD,gift_card,web,completed
TXN20260106000256,2026-01-06 07:47:09,1659,160,,4,132.52,86.58,0.06,530.08,498.28,151.96,AUD,debit_card,web,completed
TXN20260106000257,2026-01-06 07:47:40,1296,74,,2,161.48,101.89,0.15,322.96,274.52,70.74,AUD,debit_card,mobile_app,completed
TXN20260106000258,2026-01-06 07:48:20,2046,202,,3,257.36,101.79,0.0,772.08,772.08,466.71,AUD,debit_card,web,completed
TXN20260106000259,2026-01-06 07:48:42,1967,145,5006,2,333.84,132.73,0.01,667.68,661.0,395.54,AUD,buy_now_pay_later,web,completed
TXN20260106000260,2026-01-06 07:49:15,1293,170,,6,68.81,27.57,0.07,412.86,383.96,218.54,AUD,paypal,mobile_app,completed
TXN20260106000261,2026-01-06 07:49:47,1764,260,,5,168.41,124.86,0.07,842.05,783.11,158.81,AUD,credit_card,web,completed
TXN20260106000262,2026-01-06 07:50:13,1282,386,5003,3,284.12,120.27,0.26,852.36,630.75,269.94,AUD,buy_now_pay_later,web,pending
TXN20260106000263,2026-01-06 07:52:44,1553,144,,2,19.12,6.91,0.05,38.24,36.33,22.51,AUD,paypal,mobile_app,completed
TXN20260106000264,2026-01-06 07:52:54,2138,300,5003,3,134.02,50.66,0.17,402.06,333.71,181.73,AUD,credit_card,mobile_app,completed
TXN20260106000265,2026-01-06 07:53:47,1525,252,,2,12.21,8.71,0.0,24.42,24.42,7.0,AUD,debit_card,web,completed
TXN20260106000266,2026-01-06 07:53:47,2090,231,,6,114.93,83.66,0.14,689.58,593.04,91.08,AUD,debit_card,web,completed
TXN20260106000267,2026-01-06 07:53:49,1246,257,,4,452.64,204.1,0.07,1810.56,1683.82,867.42,AUD,credit_card,web,refunded
TXN20260106000268,2026-01-06 07:55:24,1647,267,5005,1,13.67,9.81,0.15,13.67,11.62,1.81,AUD,credit_card,web,completed
TXN20260106000269,2026-01-06 07:55:28,1275,255,,4,109.46,69.18,0.05,437.84,415.95,139.23,AUD,debit_card,web,completed
TXN20260106000270,2026-01-06 07:55:50,1777,282,5018,1,11.8,8.78,0.19,11.8,9.56,0.78,AUD,paypal,web,completed
TXN20260106000271,2026-01-06 07:57:16,1083,72,5017,4,333.42,149.31,0.09,1333.68,1213.65,616.41,AUD,credit_card,mobile_app,refunded
TXN20260106000272,2026-01-06 07:57:46,1307,66,,1,157.5,63.74,0.07,157.5,146.47,82.73,AUD,debit_card,mobile_app,completed
TXN20260106000273,2026-01-06 07:57:53,1288,138,,3,132.98,57.54,0.09,398.94,363.04,190.42,AUD,paypal,web,completed
TXN20260106000274,2026-01-06 08:00:00,1605,223,5013,1,140.86,54.16,0.0,140.86,140.86,86.7,AUD,paypal,web,completed
TXN20260106000275,2026-01-06 08:02:02,2109,396,,2,358.76,209.23,0.14,717.52,617.07,198.61,AUD,credit_card,mobile_app,completed
TXN20260106000276,2026-01-06 08:05:55,1853,11,,5,383.38,230.87,0.09,1916.9,1744.38,590.03,AUD,debit_card,web,completed
TXN20260106000277,2026-01-06 08:06:24,1108,65,,2,186.49,123.08,0.15,372.98,317.03,70.87,AUD,credit_card,web,completed
TXN20260106000278,2026-01-06 08:06:25,1759,328,,1,33.71,19.15,0.09,33.71,30.68,11.53,AUD,credit_card,web,completed
TXN20260106000279,2026-01-06 08:06:48,1622,222,,1,32.17,11.42,0.14,32.17,27.67,16.25,AUD,debit_card,web,completed
TXN20260106000280,2026-01-06 08:06:48,1444,233,,2,320.43,123.08,0.05,640.86,608.82,362.66,AUD,debit_card,web,completed
TXN20260106000281,2026-01-06 08:06:49,1111,284,5012,4,359.21,205.04,0.14,1436.84,1235.68,415.52,AUD,buy_now_pay_later,marketplace,completed
TXN20260106000282,2026-01-06 08:07:07,1746,229,,1,23.31,18.16,0.03,23.31,22.61,4.45,AUD,paypal,marketplace,completed
TXN20260106000283,2026-01-06 08:07:21,1023,288,5010,4,349.87,265.76,0.17,1399.48,1161.57,98.53,AUD,credit_card,web,completed
TXN20260106000284,2026-01-06 08:07:45,1013,247,5003,2,32.77,14.35,0.18,65.54,53.74,25.04,AUD,credit_card,marketplace,completed
TXN20260106000285,2026-01-06 08:07:56,1345,148,5006,2,64.17,49.35,0.26,128.34,94.97,-3.73,AUD,bank_transfer,web,completed
TXN20260106000286,2026-01-06 08:08:22,1429,167,5005,4,176.55,75.21,0.07,706.2,656.77,355.93,AUD,paypal,web,cancelled
TXN20260106000287,2026-01-06 08:08:24,1257,266,,4,87.68,41.95,0.12,350.72,308.63,140.83,AUD,credit_card,web,completed
TXN20260106000288,2026-01-06 08:08:43,1333,190,,2,232.96,154.99,0.15,465.92,396.03,86.05,AUD,credit_card,in_store,completed
TXN20260106000289,2026-01-06 08:09:02,1163,110,5002,4,30.96,17.81,0.02,123.84,121.36,50.12,AUD,credit_card,mobile_app,completed
TXN20260106000290,2026-01-06 08:11:18,1487,137,,5,230.43,174.09,0.15,1152.15,979.33,108.88,AUD,credit_card,in_store,completed
TXN20260106000291,2026-01-06 08:12:12,2099,176,,1,19.37,14.31,0.15,19.37,16.46,2.15,AUD,paypal,marketplace,cancelled
TXN20260106000292,2026-01-06 08:12:17,1038,229,5010,3,23.31,18.16,0.12,69.93,61.54,7.06,AUD,credit_card,mobile_app,completed
TXN20260106000293,2026-01-06 08:12:21,1584,45,,1,127.42,77.89,0.21,127.42,100.66,22.77,AUD,credit_card,web,completed
TXN20260106000294,2026-01-06 08:13:11,1210,195,,2,142.11,62.0,0.04,284.22,272.85,148.85,AUD,credit_card,web,completed
TXN20260106000295,2026-01-06 08:13:24,1293,46,5014,3,182.51,84.92,0.1,547.53,492.78,238.02,AUD,credit_card,mobile_app,completed
TXN20260106000296,2026-01-06 08:13:42,1781,75,,4,200.92,131.5,0.05,803.68,763.5,237.5,AUD,buy_now_pay_later,web,completed
TXN20260106000297,2026-01-06 08:14:50,1077,203,,4,5.97,4.17,0.23,23.88,18.39,1.71,AUD,paypal,mobile_app,completed
TXN20260106000298,2026-01-06 08:15:08,1658,175,,4,176.68,90.48,0.05,706.72,671.38,309.46,AUD,debit_card,web,completed
TXN20260106000299,2026-01-06 08:15:54,1637,34,5009,2,250.91,140.28,0.19,501.82,406.47,125.91,AUD,credit_card,marketplace,refunded
TXN20260106000300,2026-01-06 08:16:03,1979,396,,2,358.76,209.23,0.13,717.52,624.24,205.78,AUD,bank_transfer,mobile_app,completed
TXN20260106000301,2026-01-06 08:16:46,2138,74,5010,1,161.48,101.89,0.07,161.48,150.18,48.29,AUD,gift_card,web,completed
TXN20260106000302,2026-01-06 08:17:20,1575,208,,2,165.3,68.58,0.15,330.6,281.01,143.85,AUD,buy_now_pay_later,in_store,completed
TXN20260106000303,2026-01-06 08:18:04,2123,152,,3,18.61,8.27,0.13,55.83,48.57,23.76,AUD,buy_now_pay_later,mobile_app,completed
TXN20260106000304,2026-01-06 08:18:49,1998,67,,1,164.66,66.92,0.01,164.66,163.01,96.09,AUD,buy_now_pay_later,web,completed
TXN20260106000305,2026-01-06 08:19:54,1250,24,5010,3,201.95,77.39,0.11,605.85,539.21,307.04,AUD,buy_now_pay_later,web,completed
TXN20260106000306,2026-01-06 08:19:59,2102,252,,2,12.21,8.71,0.04,24.42,23.44,6.02,AUD,credit_card,web,completed
TXN20260106000307,2026-01-06 08:20:09,2088,231,,1,114.93,83.66,0.06,114.93,108.03,24.37,AUD,credit_card,web,completed
TXN20260106000308,2026-01-06 08:20:10,2169,128,,3,189.27,110.21,0.14,567.81,488.32,157.69,AUD,paypal,marketplace,cancelled
TXN20260106000309,2026-01-06 08:22:08,1468,323,5016,3,154.89,83.84,0.11,464.67,413.56,162.04,AUD,credit_card,web,refunded
TXN20260106000310,2026-01-06 08:22:27,1472,179,5012,4,197.14,84.55,0.06,788.56,741.25,403.05,AUD,debit_card,mobile_app,completed
TXN20260106000311,2026-01-06 08:23:54,1694,332,5010,3,436.24,255.68,0.1,1308.72,1177.85,410.81,AUD,gift_card,marketplace,completed
TXN20260106000312,2026-01-06 08:24:06,1169,326,,1,183.44,105.75,0.08,183.44,168.76,63.01,AUD,gift_card,marketplace,completed
TXN20260106000313,2026-01-06 08:24:22,1174,173,,5,67.53,28.1,0.16,337.65,283.63,143.13,AUD,credit_card,mobile_app,completed
TXN20260106000314,2026-01-06 08:26:30,1034,306,5003,1,201.0,79.58,0.03,201.0,194.97,115.39,AUD,bank_transfer,marketplace,completed
TXN20260106000315,2026-01-06 08:26:48,1970,74,,2,161.48,101.89,0.25,322.96,242.22,38.44,AUD,paypal,web,completed
TXN20260106000316,2026-01-06 08:26:49,1313,334,,6,100.25,73.46,0.03,601.5,583.45,142.69,AUD,debit_card,marketplace,completed
TXN20260106000317,2026-01-06 08:28:36,1335,96,5002,4,143.85,89.79,0.03,575.4,558.14,198.98,AUD,paypal,in_store,completed
TXN20260106000318,2026-01-06 08:29:43,1887,52,,2,213.42,159.81,0.11,426.84,379.89,60.27,AUD,credit_card,web,completed
TXN20260106000319,2026-01-06 08:29:56,1559,284,5010,1,359.21,205.04,0.23,359.21,276.59,71.55,AUD,paypal,mobile_app,completed
TXN20260106000320,2026-01-06 08:30:48,1678,114,5016,4,311.7,127.05,0.12,1246.8,1097.18,588.98,AUD,bank_transfer,mobile_app,completed
TXN20260106000321,2026-01-06 08:30:59,1304,376,,5,227.27,124.66,0.11,1136.35,1011.35,388.05,AUD,paypal,mobile_app,completed
TXN20260106000322,2026-01-06 08:33:13,1253,199,,1,405.48,228.61,0.17,405.48,336.55,107.94,AUD,credit_card,web,refunded
TXN20260106000323,2026-01-06 08:33:26,1943,270,,2,347.43,172.19,0.05,694.86,660.12,315.74,AUD,bank_transfer,web,completed
TXN20260106000324,2026-01-06 08:33:46,1682,95,,4,125.86,97.81,0.21,503.44,397.72,6.48,AUD,credit_card,web,completed
TXN20260106000325,2026-01-06 08:33:50,2061,223,,4,140.86,54.16,0.02,563.44,552.17,335.53,AUD,credit_card,mobile_app,completed
TXN20260106000326,2026-01-06 08:34:56,1010,282,5007,4,11.8,8.78,0.08,47.2,43.42,8.3,AUD,buy_now_pay_later,web,refunded
TXN20260106000327,2026-01-06 08:35:48,1733,345,,2,301.49,218.7,0.21,602.98,476.35,38.95,AUD,credit_card,mobile_app,completed
TXN20260106000328,2026-01-06 08:35:49,1204,372,5017,2,321.9,183.97,0.07,643.8,598.73,230.79,AUD,debit_card,mobile_app,completed
TXN20260106000329,2026-01-06 08:40:17,1087,352,,1,241.96,137.89,0.12,241.96,212.92,75.03,AUD,credit_card,marketplace,completed
TXN20260106000330,2026-01-06 08:41:14,1808,220,5010,4,80.96,29.21,0.17,323.84,268.79,151.95,AUD,credit_card,in_store,completed
TXN20260106000331,2026-01-06 08:43:10,1593,240,5010,2,296.5,109.26,0.09,593.0,539.63,321.11,AUD,buy_now_pay_later,mobile_app,completed
TXN20260106000332,2026-01-06 08:43:53,1631,271,,1,132.74,79.27,0.01,132.74,131.41,52.14,AUD,gift_card,web,completed
TXN20260106000333,2026-01-06 08:45:20,1457,361,,3,172.83,61.35,0.26,518.49,383.68,199.63,AUD,bank_transfer,mobile_app,completed
TXN20260106000334,2026-01-06 08:45:39,1258,218,,3,150.35,81.79,0.12,451.05,396.92,151.55,AUD,credit_card,web,cancelled
TXN20260106000335,2026-01-06 08:46:06,2061,29,,1,157.08,114.81,0.04,157.08,150.8,35.99,AUD,debit_card,phone,completed
TXN20260106000336,2026-01-06 08:46:11,1578,35,,1,123.44,76.69,0.06,123.44,116.03,39.34,AUD,debit_card,mobile_app,completed
TXN20260106000337,2026-01-06 08:47:49,1948,149,5002,1,221.16,142.36,0.18,221.16,181.35,38.99,AUD,debit_card,web,completed
TXN20260106000338,2026-01-06 08:48:17,2164,361,,1,172.83,61.35,0.01,172.83,171.1,109.75,AUD,paypal,mobile_app,completed
TXN20260106000339,2026-01-06 08:48:27,2139,105,5013,2,142.92,89.61,0.11,285.84,254.4,75.18,AUD,credit_card,mobile_app,completed
TXN20260106000340,2026-01-06 08:50:35,1942,157,,2,63.5,40.09,0.23,127.0,97.79,17.61,AUD,paypal,mobile_app,completed
TXN20260106000341,2026-01-06 08:50:45,1032,344,,3,24.55,10.75,0.01,73.65,72.91,40.66,AUD,credit_card,web,completed
TXN20260106000342,2026-01-06 08:52:17,1891,260,5003,4,168.41,124.86,0.12,673.64,592.8,93.36,AUD,credit_card,web,completed
TXN20260106000343,2026-01-06 08:52:22,1098,291,,4,348.41,145.57,0.22,1393.64,1087.04,504.76,AUD,buy_now_pay_later,mobile_app,completed
TXN20260106000344,2026-01-06 08:53:49,2118,302,5005,2,47.96,26.56,0.16,95.92,80.57,27.45,AUD,credit_card,web,cancelled
TXN20260106000345,2026-01-06 08:54:04,2169,298,,4,71.48,35.14,0.0,285.92,285.92,145.36,AUD,credit_card,web,completed
TXN20260106000346,2026-01-06 08:54:19,1050,66,5012,3,157.5,63.74,0.17,472.5,392.17,200.95,AUD,credit_card,mobile_app,completed
TXN20260106000347,2026-01-06 08:55:01,1574,218,,1,150.35,81.79,0.05,150.35,142.83,61.04,AUD,credit_card,web,completed
TXN20260106000348,2026-01-06 08:55:07,1791,290,,5,37.46,23.23,0.01,187.3,185.43,69.28,AUD,paypal,mobile_app,completed
TXN20260106000349,2026-01-06 08:56:03,1790,203,,4,5.97,4.17,0.18,23.88,19.58,2.9,AUD,credit_card,web,cancelled
TXN20260106000350,2026-01-06 08:58:47,1432,276,,1,260.47,124.27,0.01,260.47,257.87,133.6,AUD,debit_card,web,completed
TXN20260106000351,2026-01-06 08:58:56,2187,388,,1,178.72,91.5,0.09,178.72,162.64,71.14,AUD,credit_card,in_store,completed
TXN20260106000352,2026-01-06 08:59:16,1369,127,5002,4,45.1,29.41,0.11,180.4,160.56,42.92,AUD,credit_card,mobile_app,completed
TXN20260106000353,2026-01-06 09:00:09,1095,343,,1,32.63,13.17,0.13,32.63,28.39,15.22,AUD,credit_card,mobile_app,completed
TXN20260106000354,2026-01-06 09:00:20,1230,257,5010,1,452.64,204.1,0.06,452.64,425.48,221.38,AUD,credit_card,mobile_app,completed
TXN20260106000355,2026-01-06 09:01:17,1761,154,5018,2,128.25,56.51,0.23,256.5,197.5,84.48,AUD,gift_card,mobile_app,completed
TXN20260106000356,2026-01-06 09:01:33,1342,75,5016,1,200.92,131.5,0.06,200.92,188.86,57.36,AUD,credit_card,mobile_app,completed
TXN20260106000357,2026-01-06 09:02:38,1906,162,,2,102.25,40.84,0.23,204.5,157.47,75.79,AUD,paypal,mobile_app,completed
TXN20260106000358,2026-01-06 09:02:54,2039,85,5004,5,173.56,99.76,0.14,867.8,746.31,247.51,AUD,paypal,web,cancelled
TXN20260106000359,2026-01-06 09:04:14,1520,390,5014,2,62.95,41.27,0.11,125.9,112.05,29.51,AUD,paypal,mobile_app,completed
TXN20260106000360,2026-01-06 09:04:16,1605,202,,1,257.36,101.79,0.08,257.36,236.77,134.98,AUD,credit_card,web,completed
TXN20260106000361,2026-01-06 09:05:37,1956,218,,3,150.35,81.79,0.09,451.05,410.46,165.09,AUD,debit_card,web,completed
TXN20260106000362,2026-01-06 09:05:55,1658,283,,1,155.88,105.7,0.08,155.88,143.41,37.71,AUD,paypal,mobile_app,completed
TXN20260106000363,2026-01-06 09:06:35,1218,192,5017,4,486.02,347.84,0.14,1944.08,1671.91,280.55,AUD,debit_card,web,completed
TXN20260106000364,2026-01-06 09:06:54,1341,75,,1,200.92,131.5,0.24,200.92,152.7,21.2,AUD,debit_card,web,completed
TXN20260106000365,2026-01-06 09:08:00,2124,348,,2,367.68,171.93,0.09,735.36,669.18,325.32,AUD,credit_card,mobile_app,completed
TXN20260106000366,2026-01-06 09:09:05,1347,288,,5,349.87,265.76,0.01,1749.35,1731.86,403.06,AUD,debit_card,web,completed
TXN20260106000367,2026-01-06 09:09:45,1722,139,,2,93.98,72.88,0.18,187.96,154.13,8.37,AUD,credit_card,mobile_app,completed
TXN20260106000368,2026-01-06 09:11:02,1250,202,,1,257.36,101.79,0.14,257.36,221.33,119.54,AUD,buy_now_pay_later,web,completed
TXN20260106000369,2026-01-06 09:12:18,1644,42,,2,64.61,39.72,0.13,129.22,112.42,32.98,AUD,paypal,in_store,completed
TXN20260106000370,2026-01-06 09:12:38,1174,306,,4,201.0,79.58,0.15,804.0,683.4,365.08,AUD,credit_card,mobile_app,completed
TXN20260106000371,2026-01-06 09:12:52,2064,125,,5,12.26,5.91,0.25,61.3,45.97,16.42,AUD,paypal,mobile_app,completed
TXN20260106000372,2026-01-06 09:14:12,1316,79,,5,139.3,69.25,0.06,696.5,654.71,308.46,AUD,debit_card,in_store,completed
TXN20260106000373,2026-01-06 09:14:47,1210,398,,3,94.81,37.08,0.12,284.43,250.3,139.06,AUD,credit_card,marketplace,completed
TXN20260106000374,2026-01-06 09:15:01,2028,267,,6,13.67,9.81,0.21,82.02,64.8,5.94,AUD,debit_card,marketplace,completed
TXN20260106000375,2026-01-06 09:15:09,2132,314,5003,2,218.05,130.2,0.05,436.1,414.3,153.9,AUD,credit_card,mobile_app,completed
TXN20260106000376,2026-01-06 09:15:12,1545,221,,3,157.27,79.8,0.16,471.81,396.32,156.92,AUD,credit_card,marketplace,completed
TXN20260106000377,2026-01-06 09:15:48,1386,178,,2,354.14,201.79,0.22,708.28,552.46,148.88,AUD,credit_card,web,completed
TXN20260106000378,2026-01-06 09:15:59,2063,209,,3,16.17,12.13,0.03,48.51,47.05,10.66,AUD,credit_card,web,completed
TXN20260106000379,2026-01-06 09:16:03,2181,228,,1,85.54,59.94,0.01,85.54,84.68,24.74,AUD,debit_card,web,completed
TXN20260106000380,2026-01-06 09:16:54,1618,355,,5,211.06,93.04,0.11,1055.3,939.22,474.02,AUD,buy_now_pay_later,mobile_app,completed
TXN20260106000381,2026-01-06 09:17:13,1721,371,5017,1,279.28,128.3,0.23,279.28,215.05,86.75,AUD,credit_card,web,completed
TXN20260106000382,2026-01-06 09:17:26,2148,361,,5,172.83,61.35,0.17,864.15,717.24,410.49,AUD,debit_card,mobile_app,completed
TXN20260106000383,2026-01-06 09:17:44,1157,277,5012,3,470.57,189.97,0.1,1411.71,1270.54,700.63,AUD,paypal,mobile_app,completed
TXN20260106000384,2026-01-06 09:19:05,2029,212,5007,6,172.34,98.73,0.17,1034.04,858.25,265.87,AUD,paypal,mobile_app,completed
TXN20260106000385,2026-01-06 09:19:57,1941,47,5004,2,383.34,271.98,0.01,766.68,759.01,215.05,AUD,credit_card,web,completed
TXN20260106000386,2026-01-06 09:20:58,1017,3,,3,142.91,77.99,0.22,428.73,334.41,100.44,AUD,debit_card,mobile_app,completed
TXN20260106000387,2026-01-06 09:21:06,1447,221,,3,157.27,79.8,0.12,471.81,415.19,175.79,AUD,credit_card,phone,completed
TXN20260106000388,2026-01-06 09:22:02,2021,385,,1,111.79,81.72,0.22,111.79,87.2,5.48,AUD,paypal,web,completed
TXN20260106000389,2026-01-06 09:22:08,1562,111,,1,130.14,98.41,0.07,130.14,121.03,22.62,AUD,credit_card,marketplace,completed
TXN20260106000390,2026-01-06 09:23:48,1879,61,,3,47.35,19.48,0.21,142.05,112.22,53.78,AUD,debit_card,mobile_app,completed
TXN20260106000391,2026-01-06 09:24:03,2074,190,5009,3,232.96,154.99,0.08,698.88,642.97,178.0,AUD,gift_card,web,completed
TXN20260106000392,2026-01-06 09:25:21,1076,284,,2,359.21,205.04,0.18,718.42,589.1,179.02,AUD,gift_card,web,completed
TXN20260106000393,2026-01-06 09:30:08,1099,290,5009,2,37.46,23.23,0.05,74.92,71.17,24.71,AUD,credit_card,web,completed
TXN20260106000394,2026-01-06 09:30:14,1265,120,,3,231.92,128.02,0.08,695.76,640.1,256.04,AUD,credit_card,web,completed
TXN20260106000395,2026-01-06 09:31:07,1310,238,5018,2,356.39,213.37,0.05,712.78,677.14,250.4,AUD,debit_card,mobile_app,completed
TXN20260106000396,2026-01-06 09:31:26,1029,171,,4,28.05,12.07,0.01,112.2,111.08,62.8,AUD,paypal,mobile_app,completed
TXN20260106000397,2026-01-06 09:32:58,1859,265,5013,2,217.01,151.39,0.22,434.02,338.54,35.76,AUD,gift_card,mobile_app,completed
TXN20260106000398,2026-01-06 09:33:32,1952,306,5010,1,201.0,79.58,0.01,201.0,198.99,119.41,AUD,bank_transfer,web,completed
TXN20260106000399,2026-01-06 09:34:06,1978,336,5010,1,250.44,165.04,0.14,250.44,215.38,50.34,AUD,bank_transfer,mobile_app,completed
TXN20260106000400,2026-01-06 09:34:26,1388,31,,4,125.26,43.94,0.05,501.04,475.99,300.23,AUD,credit_card,web,completed
TXN20260106000401,2026-01-06 09:35:23,1707,148,,2,64.17,49.35,0.06,128.34,120.64,21.94,AUD,credit_card,web,pending
TXN20260106000402,2026-01-06 09:36:43,1854,211,,6,125.27,94.18,0.12,751.62,661.43,96.35,AUD,credit_card,web,completed
TXN20260106000403,2026-01-06 09:37:25,1109,193,,2,368.81,195.25,0.1,737.62,663.86,273.36,AUD,credit_card,mobile_app,completed
TXN20260106000404,2026-01-06 09:37:59,1391,144,,4,19.12,6.91,0.09,76.48,69.6,41.96,AUD,credit_card,mobile_app,completed
TXN20260106000405,2026-01-06 09:38:10,2040,329,,6,58.04,29.11,0.14,348.24,299.49,124.83,AUD,credit_card,mobile_app,completed
TXN20260106000406,2026-01-06 09:38:18,1246,38,,2,426.51,271.0,0.07,853.02,793.31,251.31,AUD,debit_card,in_store,completed
TXN20260106000407,2026-01-06 09:38:30,1566,135,,4,141.91,90.68,0.05,567.64,539.26,176.54,AUD,credit_card,mobile_app,completed
TXN20260106000408,2026-01-06 09:39:34,1030,135,5018,2,141.91,90.68,0.25,283.82,212.87,31.51,AUD,paypal,marketplace,completed
TXN20260106000409,2026-01-06 09:40:25,1110,243,,4,6.18,2.24,0.15,24.72,21.01,12.05,AUD,paypal,mobile_app,completed
TXN20260106000410,2026-01-06 09:40:46,1903,308,5017,2,227.37,123.17,0.22,454.74,354.7,108.36,AUD,debit_card,marketplace,completed
TXN20260106000411,2026-01-06 09:41:25,1186,266,,1,87.68,41.95,0.05,87.68,83.3,41.35,AUD,gift_card,mobile_app,completed
TXN20260106000412,2026-01-06 09:41:56,1507,380,,4,148.6,57.32,0.04,594.4,570.62,341.34,AUD,credit_card,web,completed
TXN20260106000413,2026-01-06 09:42:28,1588,76,,2,153.93,70.84,0.01,307.86,304.78,163.1,AUD,paypal,marketplace,completed
TXN20260106000414,2026-01-06 09:42:29,1674,136,,1,12.1,8.71,0.08,12.1,11.13,2.42,AUD,buy_now_pay_later,mobile_app,completed
TXN20260106000415,2026-01-06 09:43:18,1893,121,,4,18.5,12.03,0.17,74.0,61.42,13.3,AUD,credit_card,web,completed
TXN20260106000416,2026-01-06 09:44:02,1463,289,,4,135.78,64.29,0.18,543.12,445.36,188.2,AUD,paypal,mobile_app,completed
TXN20260106000417,2026-01-06 09:46:13,2089,353,5013,4,53.63,27.2,0.05,214.52,203.79,94.99,AUD,buy_now_pay_later,mobile_app,completed
TXN20260106000418,2026-01-06 09:47:00,1457,66,,5,157.5,63.74,0.18,787.5,645.75,327.05,AUD,paypal,phone,completed
TXN20260106000419,2026-01-06 09:47:15,1062,22,,4,239.15,141.03,0.09,956.6,870.51,306.39,AUD,paypal,web,completed
TXN20260106000420,2026-01-06 09:51:42,1887,75,,3,200.92,131.5,0.03,602.76,584.68,190.18,AUD,credit_card,mobile_app,completed
TXN20260106000421,2026-01-06 09:52:18,1324,288,5010,4,349.87,265.76,0.04,1399.48,1343.5,280.46,AUD,debit_card,web,completed
TXN20260106000422,2026-01-06 09:52:24,1421,356,,1,35.78,19.54,0.09,35.78,32.56,13.02,AUD,credit_card,web,refunded
TXN20260106000423,2026-01-06 09:52:26,1174,87,5017,2,137.75,85.09,0.22,275.5,214.89,44.71,AUD,credit_card,marketplace,completed
TXN20260106000424,2026-01-06 09:53:00,1380,323,5016,4,154.89,83.84,0.1,619.56,557.6,222.24,AUD,credit_card,web,completed
TXN20260106000425,2026-01-06 09:53:50,1023,399,,2,108.85,51.12,0.07,217.7,202.46,100.22,AUD,debit_card,mobile_app,completed
TXN20260106000426,2026-01-06 09:54:12,2010,245,,2,349.8,233.63,0.02,699.6,685.61,218.35,AUD,paypal,web,completed
TXN20260106000427,2026-01-06 09:54:25,1640,104,5017,2,41.5,18.2,0.12,83.0,73.04,36.64,AUD,buy_now_pay_later,web,refunded
TXN20260106000428,2026-01-06 09:54:40,1428,361,,1,172.83,61.35,0.06,172.83,162.46,101.11,AUD,paypal,web,completed
TXN20260106000429,2026-01-06 09:55:03,2085,1,5003,2,367.54,272.05,0.11,735.08,654.22,110.12,AUD,credit_card,mobile_app,completed
TXN20260106000430,2026-01-06 09:55:21,1295,249,5007,4,96.17,46.26,0.02,384.68,376.99,191.95,AUD,credit_card,mobile_app,completed
TXN20260106000431,2026-01-06 09:57:25,1617,299,,3,256.41,147.41,0.0,769.23,769.23,327.0,AUD,credit_card,marketplace,cancelled
TXN20260106000432,2026-01-06 09:58:08,1778,373,5014,6,423.09,155.74,0.08,2538.54,2335.46,1401.02,AUD,credit_card,in_store,completed
TXN20260106000433,2026-01-06 09:58:42,1290,138,,2,132.98,57.54,0.12,265.96,234.04,118.96,AUD,buy_now_pay_later,web,completed
TXN20260106000434,2026-01-06 09:59:23,1576,343,,1,32.63,13.17,0.02,32.63,31.98,18.81,AUD,debit_card,mobile_app,completed
TXN20260106000435,2026-01-06 09:59:33,1498,175,,2,176.68,90.48,0.11,353.36,314.49,133.53,AUD,debit_card,mobile_app,completed
TXN20260106000436,2026-01-06 10:00:09,1420,203,,3,5.97,4.17,0.03,17.91,17.37,4.86,AUD,buy_now_pay_later,web,refunded
TXN20260106000437,2026-01-06 10:00:52,1008,9,,4,470.11,214.65,0.1,1880.44,1692.4,833.8,AUD,credit_card,web,completed
TXN20260106000438,2026-01-06 10:01:40,1378,59,,4,66.9,33.14,0.05,267.6,254.22,121.66,AUD,debit_card,mobile_app,completed
TXN20260106000439,2026-01-06 10:04:09,1354,365,,1,229.11,163.97,0.1,229.11,206.2,42.23,AUD,credit_card,mobile_app,completed
TXN20260106000440,2026-01-06 10:04:25,2098,12,,3,22.05,16.18,0.0,66.15,66.15,17.61,AUD,credit_card,web,completed
TXN20260106000441,2026-01-06 10:05:43,1232,332,,2,436.24,255.68,0.03,872.48,846.31,334.95,AUD,credit_card,web,completed
TXN20260106000442,2026-01-06 10:11:15,1649,36,5003,1,95.33,67.51,0.06,95.33,89.61,22.1,AUD,credit_card,web,completed
TXN20260106000443,2026-01-06 10:13:07,1123,290,5005,1,37.46,23.23,0.15,37.46,31.84,8.61,AUD,debit_card,mobile_app,completed
TXN20260106000444,2026-01-06 10:14:03,1588,399,,3,108.85,51.12,0.08,326.55,300.43,147.07,AUD,debit_card,marketplace,completed
TXN20260106000445,2026-01-06 10:18:28,1221,294,5005,4,25.75,16.01,0.03,103.0,99.91,35.87,AUD,buy_now_pay_later,web,completed
TXN20260106000446,2026-01-06 10:19:11,2046,24,,1,201.95,77.39,0.17,201.95,167.62,90.23,AUD,gift_card,marketplace,completed
TXN20260106000447,2026-01-06 10:19:38,1347,85,,4,173.56,99.76,0.06,694.24,652.59,253.55,AUD,debit_card,mobile_app,completed
TXN20260106000448,2026-01-06 10:20:11,1559,136,5010,1,12.1,8.71,0.04,12.1,11.62,2.91,AUD,buy_now_pay_later,web,completed
TXN20260106000449,2026-01-06 10:20:58,1187,239,,2,33.36,20.5,0.18,66.72,54.71,13.71,AUD,debit_card,marketplace,completed
TXN20260106000450,2026-01-06 10:27:12,1467,97,5003,2,261.47,109.45,0.05,522.94,496.79,277.89,AUD,credit_card,mobile_app,completed
TXN20260106000451,2026-01-06 10:28:29,2150,197,,3,161.84,90.95,0.02,485.52,475.81,202.96,AUD,debit_card,mobile_app,completed
TXN20260106000452,2026-01-06 10:35:37,1058,13,,4,39.93,31.05,0.11,159.72,142.15,17.95,AUD,bank_transfer,web,pending
TXN20260106000453,2026-01-06 10:44:14,1039,216,,3,6.49,3.62,0.08,19.47,17.91,7.05,AUD,buy_now_pay_later,marketplace,completed
TXN20260106000454,2026-01-06 10:44:41,1805,247,,1,32.77,14.35,0.24,32.77,24.91,10.56,AUD,credit_card,web,refunded
TXN20260106000455,2026-01-06 10:48:30,1296,11,5018,1,383.38,230.87,0.16,383.38,322.04,91.17,AUD,paypal,mobile_app,completed
TXN20260106000456,2026-01-06 10:50:20,1002,118,5013,1,63.49,25.23,0.02,63.49,62.22,36.99,AUD,credit_card,mobile_app,completed
TXN20260106000457,2026-01-06 10:53:08,1977,293,5016,1,100.6,74.23,0.07,100.6,93.56,19.33,AUD,buy_now_pay_later,mobile_app,completed
TXN20260106000458,2026-01-06 10:53:11,2043,80,5004,1,200.59,111.67,0.01,200.59,198.58,86.91,AUD,credit_card,marketplace,completed
TXN20260106000459,2026-01-06 10:53:25,2001,186,,1,294.97,120.02,0.03,294.97,286.12,166.1,AUD,credit_card,marketplace,completed
TXN20260106000460,2026-01-06 10:58:46,1007,125,5010,1,12.26,5.91,0.17,12.26,10.18,4.27,AUD,buy_now_pay_later,mobile_app,refunded
TXN20260106000461,2026-01-06 11:00:27,1386,333,,5,41.88,25.97,0.02,209.4,205.21,75.36,AUD,credit_card,web,completed
TXN20260106000462,2026-01-06 11:00:34,1453,389,5003,2,275.99,185.24,0.29,551.98,391.91,21.43,AUD,credit_card,web,completed
TXN20260106000463,2026-01-06 11:07:31,1362,322,5005,1,98.42,48.71,0.1,98.42,88.58,39.87,AUD,debit_card,web,completed
TXN20260106000464,2026-01-06 11:07:36,1842,179,,2,197.14,84.55,0.07,394.28,366.68,197.58,AUD,bank_transfer,marketplace,completed
TXN20260106000465,2026-01-06 11:09:14,1691,143,5013,1,166.42,116.53,0.14,166.42,143.12,26.59,AUD,credit_card,web,completed
TXN20260106000466,2026-01-06 11:13:15,1155,118,,5,63.49,25.23,0.02,317.45,311.1,184.95,AUD,paypal,web,completed
TXN20260106000467,2026-01-06 11:20:40,1165,175,,4,176.68,90.48,0.13,706.72,614.85,252.93,AUD,debit_card,mobile_app,completed
TXN20260106000468,2026-01-06 11:21:22,1130,30,5004,5,170.45,127.12,0.09,852.25,775.55,139.95,AUD,debit_card,mobile_app,completed
TXN20260106000469,2026-01-06 11:23:24,1136,17,,1,15.98,12.32,0.2,15.98,12.78,0.46,AUD,debit_card,web,completed
TXN20260106000470,2026-01-06 11:23:26,1334,111,,1,130.14,98.41,0.09,130.14,118.43,20.02,AUD,gift_card,web,completed
TXN20260106000471,2026-01-06 11:24:14,1844,144,,5,19.12,6.91,0.08,95.6,87.95,53.4,AUD,credit_card,web,completed
TXN20260106000472,2026-01-06 11:24:42,1367,389,,2,275.99,185.24,0.17,551.98,458.14,87.66,AUD,debit_card,marketplace,completed
TXN20260106000473,2026-01-06 11:24:59,2074,191,,5,265.41,112.45,0.03,1327.05,1287.24,724.99,AUD,debit_card,web,completed
TXN20260106000474,2026-01-06 11:28:50,2100,328,,1,33.71,19.15,0.04,33.71,32.36,13.21,AUD,credit_card,web,completed
TXN20260106000475,2026-01-06 11:31:14,1845,61,5018,1,47.35,19.48,0.03,47.35,45.93,26.45,AUD,debit_card,web,completed
TXN20260106000476,2026-01-06 11:31:19,1984,97,5005,5,261.47,109.45,0.12,1307.35,1150.47,603.22,AUD,debit_card,in_store,pending
TXN20260106000477,2026-01-06 11:31:23,1284,138,5002,1,132.98,57.54,0.01,132.98,131.65,74.11,AUD,credit_card,web,pending
TXN20260106000478,2026-01-06 11:39:52,1826,400,,1,83.09,58.62,0.07,83.09,77.27,18.65,AUD,credit_card,marketplace,completed
TXN20260106000479,2026-01-06 11:42:25,1832,336,,2,250.44,165.04,0.22,500.88,390.69,60.61,AUD,credit_card,web,refunded
TXN20260106000480,2026-01-06 11:42:31,1246,389,,1,275.99,185.24,0.02,275.99,270.47,85.23,AUD,debit_card,mobile_app,completed
TXN20260106000481,2026-01-06 11:45:44,1359,284,,3,359.21,205.04,0.23,1077.63,829.78,214.66,AUD,credit_card,mobile_app,completed
TXN20260106000482,2026-01-06 11:46:23,1116,315,,3,85.51,53.68,0.11,256.53,228.31,67.27,AUD,credit_card,mobile_app,completed
TXN20260106000483,2026-01-06 11:49:00,1124,11,,5,383.38,230.87,0.06,1916.9,1801.89,647.54,AUD,debit_card,web,completed
TXN20260106000484,2026-01-06 11:49:19,2096,221,,1,157.27,79.8,0.18,157.27,128.96,49.16,AUD,credit_card,web,completed
TXN20260106000485,2026-01-06 11:51:59,1573,4,,2,238.89,172.72,0.0,477.78,477.78,132.34,AUD,credit_card,web,completed
TXN20260106000486,2026-01-06 11:52:57,1015,143,,1,166.42,116.53,0.11,166.42,148.11,31.58,AUD,debit_card,mobile_app,completed
TXN20260106000487,2026-01-06 11:52:58,1263,57,,2,7.38,2.62,0.12,14.76,12.99,7.75,AUD,paypal,mobile_app,cancelled
TXN20260106000488,2026-01-06 11:53:04,1422,339,,2,232.73,135.01,0.12,465.46,409.6,139.58,AUD,credit_card,web,completed
TXN20260106000489,2026-01-06 11:56:52,1775,96,,1,143.85,89.79,0.06,143.85,135.22,45.43,AUD,credit_card,mobile_app,completed
TXN20260106000490,2026-01-06 11:58:07,2194,140,5018,3,98.88,53.29,0.04,296.64,284.77,124.9,AUD,credit_card,web,completed
TXN20260106000491,2026-01-06 12:00:22,1216,29,5005,3,157.08,114.81,0.05,471.24,447.68,103.25,AUD,credit_card,web,completed
TXN20260106000492,2026-01-06 12:01:27,1763,271,,1,132.74,79.27,0.15,132.74,112.83,33.56,AUD,credit_card,mobile_app,completed
TXN20260106000493,2026-01-06 12:01:39,1815,256,5010,2,65.44,43.78,0.0,130.88,130.88,43.32,AUD,paypal,marketplace,completed
TXN20260106000494,2026-01-06 12:01:49,1845,340,,3,69.61,35.79,0.17,208.83,173.33,65.96,AUD,credit_card,web,refunded
TXN20260106000495,2026-01-06 12:02:02,1562,317,,6,25.27,14.13,0.07,151.62,141.01,56.23,AUD,paypal,in_store,completed
TXN20260106000496,2026-01-06 12:02:50,1063,260,,2,168.41,124.86,0.18,336.82,276.19,26.47,AUD,paypal,mobile_app,completed
TXN20260106000497,2026-01-06 12:04:12,1322,93,5013,1,325.04,177.67,0.1,325.04,292.54,114.87,AUD,credit_card,mobile_app,completed
TXN20260106000498,2026-01-06 12:04:22,1245,307,,2,349.28,266.61,0.23,698.56,537.89,4.67,AUD,credit_card,mobile_app,completed
TXN20260106000499,2026-01-06 12:04:26,1829,37,,3,5.1,1.86,0.02,15.3,14.99,9.41,AUD,paypal,phone,completed
TXN20260106000500,2026-01-06 12:04:32,1432,177,5009,1,287.87,144.14,0.11,287.87,256.2,112.06,AUD,buy_now_pay_later,web,completed
TXN20260106000501,2026-01-06 12:05:32,1454,4,,1,238.89,172.72,0.09,238.89,217.39,44.67,AUD,credit_card,mobile_app,completed
TXN20260106000502,2026-01-06 12:06:15,2069,44,,1,236.02,141.49,0.16,236.02,198.26,56.77,AUD,credit_card,web,completed
TXN20260106000503,2026-01-06 12:07:21,2045,155,5010,2,402.98,307.8,0.04,805.96,773.72,158.12,AUD,credit_card,mobile_app,completed
TXN20260106000504,2026-01-06 12:08:54,1040,278,,2,60.0,45.1,0.1,120.0,108.0,17.8,AUD,paypal,web,completed
TXN20260106000505,2026-01-06 12:09:37,1999,393,,1,18.4,11.45,0.02,18.4,18.03,6.58,AUD,credit_card,web,refunded
TXN20260106000506,2026-01-06 12:10:57,1782,15,,6,42.26,18.74,0.07,253.56,235.81,123.37,AUD,gift_card,mobile_app,completed
TXN20260106000507,2026-01-06 12:12:53,2133,344,5003,4,24.55,10.75,0.07,98.2,91.33,48.33,AUD,credit_card,web,completed
TXN20260106000508,2026-01-06 12:12:57,1322,135,,2,141.91,90.68,0.08,283.82,261.11,79.75,AUD,credit_card,mobile_app,completed
TXN20260106000509,2026-01-06 12:12:57,1038,4,,4,238.89,172.72,0.07,955.56,888.67,197.79,AUD,credit_card,mobile_app,completed
TXN20260106000510,2026-01-06 12:14:58,2073,1,,2,367.54,272.05,0.16,735.08,617.47,73.37,AUD,buy_now_pay_later,mobile_app,completed
TXN20260106000511,2026-01-06 12:15:05,1693,282,,4,11.8,8.78,0.11,47.2,42.01,6.89,AUD,debit_card,in_store,completed
TXN20260106000512,2026-01-06 12:15:21,1998,43,5018,2,211.3,164.39,0.19,422.6,342.31,13.53,AUD,paypal,mobile_app,completed
TXN20260106000513,2026-01-06 12:16:57,1075,161,5012,2,57.23,33.31,0.1,114.46,103.01,36.39,AUD,credit_card,web,completed
TXN20260106000514,2026-01-06 12:17:16,1441,358,,2,15.86,5.64,0.13,31.72,27.6,16.32,AUD,paypal,marketplace,completed
TXN20260106000515,2026-01-06 12:18:13,1088,265,,2,217.01,151.39,0.06,434.02,407.98,105.2,AUD,paypal,mobile_app,completed
TXN20260106000516,2026-01-06 12:18:24,1109,256,5004,2,65.44,43.78,0.25,130.88,98.16,10.6,AUD,debit_card,mobile_app,completed
TXN20260106000517,2026-01-06 12:18:42,1566,265,,3,217.01,151.39,0.07,651.03,605.46,151.29,AUD,bank_transfer,in_store,completed
TXN20260106000518,2026-01-06 12:18:59,1386,88,,3,104.05,41.24,0.0,312.15,312.15,188.43,AUD,credit_card,web,completed
TXN20260106000519,2026-01-06 12:20:38,1747,223,5010,1,140.86,54.16,0.16,140.86,118.32,64.16,AUD,paypal,mobile_app,refunded
TXN20260106000520,2026-01-06 12:23:14,1705,327,,5,27.46,12.97,0.02,137.3,134.55,69.7,AUD,buy_now_pay_later,mobile_app,completed
TXN20260106000521,2026-01-06 12:23:25,1459,179,5012,2,197.14,84.55,0.08,394.28,362.74,193.64,AUD,paypal,web,completed
TXN20260106000522,2026-01-06 12:23:57,1969,347,5005,1,71.51,38.02,0.14,71.51,61.5,23.48,AUD,paypal,in_store,completed
TXN20260106000523,2026-01-06 12:25:58,2158,385,5003,1,111.79,81.72,0.02,111.79,109.55,27.83,AUD,credit_card,web,completed
TXN20260106000524,2026-01-06 12:26:45,1506,384,,3,25.19,17.92,0.18,75.57,61.97,8.21,AUD,bank_transfer,web,completed
TXN20260106000525,2026-01-06 12:27:11,1113,77,,3,288.19,141.16,0.09,864.57,786.76,363.28,AUD,paypal,web,completed
TXN20260106000526,2026-01-06 12:27:12,1294,369,5017,2,254.39,165.86,0.12,508.78,447.73,116.01,AUD,debit_card,web,completed
TXN20260106000527,2026-01-06 12:27:13,2138,82,,2,221.86,146.05,0.19,443.72,359.41,67.31,AUD,paypal,web,completed
TXN20260106000528,2026-01-06 12:27:36,1619,60,5017,5,77.58,46.86,0.04,387.9,372.38,138.08,AUD,credit_card,web,cancelled
TXN20260106000529,2026-01-06 12:28:22,1325,84,,2,131.95,75.26,0.07,263.9,245.43,94.91,AUD,debit_card,mobile_app,completed
TXN20260106000530,2026-01-06 12:29:21,1310,235,5009,3,18.79,8.45,0.14,56.37,48.48,23.13,AUD,paypal,mobile_app,completed
TXN20260106000531,2026-01-06 12:29:25,1295,285,5007,3,333.53,259.05,0.08,1000.59,920.54,143.39,AUD,bank_transfer,web,completed
TXN20260106000532,2026-01-06 12:32:23,2134,62,5002,3,46.07,33.25,0.06,138.21,129.92,30.17,AUD,buy_now_pay_later,mobile_app,completed
TXN20260106000533,2026-01-06 12:32:59,1628,242,,6,149.29,73.33,0.12,895.74,788.25,348.27,AUD,debit_card,web,completed
TXN20260106000534,2026-01-06 12:33:01,2102,38,5018,2,426.51,271.0,0.03,853.02,827.43,285.43,AUD,credit_card,web,completed
TXN20260106000535,2026-01-06 12:33:59,1365,296,,4,305.06,151.58,0.14,1220.24,1049.41,443.09,AUD,debit_card,web,completed
TXN20260106000536,2026-01-06 12:35:17,2111,227,,2,46.57,24.42,0.09,93.14,84.76,35.92,AUD,buy_now_pay_later,mobile_app,completed
TXN20260106000537,2026-01-06 12:35:51,1130,174,,1,56.31,22.6,0.02,56.31,55.18,32.58,AUD,paypal,web,completed
TXN20260106000538,2026-01-06 12:36:23,1368,122,,2,163.85,114.55,0.12,327.7,288.38,59.28,AUD,buy_now_pay_later,mobile_app,completed
TXN20260106000539,2026-01-06 12:38:25,2070,66,,3,157.5,63.74,0.24,472.5,359.1,167.88,AUD,credit_card,web,completed
TXN20260106000540,2026-01-06 12:38:50,1830,128,5007,2,189.27,110.21,0.07,378.54,352.04,131.62,AUD,bank_transfer,web,completed
TXN20260106000541,2026-01-06 12:39:30,1833,231,,2,114.93,83.66,0.23,229.86,176.99,9.67,AUD,credit_card,web,completed
TXN20260106000542,2026-01-06 12:40:36,1258,45,,6,127.42,77.89,0.04,764.52,733.94,266.6,AUD,debit_card,mobile_app,completed
TXN20260106000543,2026-01-06 12:40:46,1367,346,,4,337.76,248.46,0.21,1351.04,1067.32,73.48,AUD,buy_now_pay_later,mobile_app,completed
TXN20260106000544,2026-01-06 12:40:59,1898,157,5017,3,63.5,40.09,0.2,190.5,152.4,32.13,AUD,credit_card,web,completed
TXN20260106000545,2026-01-06 12:45:06,1156,62,,4,46.07,33.25,0.18,184.28,151.11,18.11,AUD,credit_card,web,completed
TXN20260106000546,2026-01-06 12:45:38,1627,216,,2,6.49,3.62,0.08,12.98,11.94,4.7,AUD,paypal,web,pending
TXN20260106000547,2026-01-06 12:45:39,1131,60,,1,77.58,46.86,0.06,77.58,72.93,26.07,AUD,buy_now_pay_later,web,completed
TXN20260106000548,2026-01-06 12:45:46,1877,229,,1,23.31,18.16,0.15,23.31,19.81,1.65,AUD,credit_card,web,completed
TXN20260106000549,2026-01-06 12:46:17,1331,67,5013,1,164.66,66.92,0.04,164.66,158.07,91.15,AUD,debit_card,web,completed
TXN20260106000550,2026-01-06 12:47:19,1300,143,5003,5,166.42,116.53,0.02,832.1,815.46,232.81,AUD,paypal,mobile_app,completed
TXN20260106000551,2026-01-06 12:47:24,1798,225,,2,310.73,232.58,0.03,621.46,602.82,137.66,AUD,credit_card,web,completed
TXN20260106000552,2026-01-06 12:48:11,2029,162,,2,102.25,40.84,0.25,204.5,153.38,71.7,AUD,credit_card,web,completed
TXN20260106000553,2026-01-06 12:48:12,1456,302,,1,47.96,26.56,0.11,47.96,42.68,16.12,AUD,bank_transfer,mobile_app,completed
TXN20260106000554,2026-01-06 12:48:51,1465,391,,2,294.69,189.16,0.13,589.38,512.76,134.44,AUD,buy_now_pay_later,web,completed
TXN20260106000555,2026-01-06 12:50:41,2076,228,5013,2,85.54,59.94,0.01,171.08,169.37,49.49,AUD,debit_card,web,completed
TXN20260106000556,2026-01-06 12:52:10,2140,73,5006,3,97.62,68.56,0.2,292.86,234.29,28.61,AUD,credit_card,mobile_app,completed
TXN20260106000557,2026-01-06 12:53:31,1524,275,5017,1,116.41,50.22,0.02,116.41,114.08,63.86,AUD,credit_card,web,refunded
TXN20260106000558,2026-01-06 12:54:23,1384,171,5005,2,28.05,12.07,0.06,56.1,52.73,28.59,AUD,debit_card,mobile_app,completed
TXN20260106000559,2026-01-06 12:55:13,1284,86,,1,176.95,129.01,0.0,176.95,176.95,47.94,AUD,credit_card,marketplace,completed
TXN20260106000560,2026-01-06 12:56:04,1538,369,,2,254.39,165.86,0.09,508.78,462.99,131.27,AUD,credit_card,web,completed
TXN20260106000561,2026-01-06 12:56:10,1776,158,,1,101.24,48.34,0.12,101.24,89.09,40.75,AUD,credit_card,web,completed
TXN20260106000562,2026-01-06 12:56:19,1241,272,,1,48.63,36.18,0.0,48.63,48.63,12.45,AUD,buy_now_pay_later,mobile_app,completed
TXN20260106000563,2026-01-06 12:56:30,2084,85,,3,173.56,99.76,0.08,520.68,479.03,179.75,AUD,buy_now_pay_later,mobile_app,completed
TXN20260106000564,2026-01-06 12:58:23,1700,236,,4,7.93,6.02,0.22,31.72,24.74,0.66,AUD,debit_card,marketplace,completed
TXN20260106000565,2026-01-06 12:58:36,1556,378,5002,1,355.29,228.27,0.14,355.29,305.55,77.28,AUD,credit_card,web,completed
TXN20260106000566,2026-01-06 12:59:05,1992,340,5016,4,69.61,35.79,0.07,278.44,258.95,115.79,AUD,debit_card,web,completed
TXN20260106000567,2026-01-06 13:00:25,1277,64,5005,1,148.54,87.49,0.14,148.54,127.74,40.25,AUD,buy_now_pay_later,web,completed
TXN20260106000568,2026-01-06 13:00:53,1294,317,5017,1,25.27,14.13,0.16,25.27,21.23,7.1,AUD,paypal,marketplace,completed
TXN20260106000569,2026-01-06 13:01:18,1045,39,,5,153.21,59.61,0.07,766.05,712.43,414.38,AUD,credit_card,mobile_app,completed
TXN20260106000570,2026-01-06 13:01:30,1878,273,,1,15.74,11.24,0.06,15.74,14.8,3.56,AUD,bank_transfer,mobile_app,completed
TXN20260106000571,2026-01-06 13:02:07,1037,100,,3,429.39,290.83,0.12,1288.17,1133.59,261.1,AUD,credit_card,mobile_app,completed
TXN20260106000572,2026-01-06 13:02:47,1138,250,,5,231.82,122.47,0.03,1159.1,1124.33,511.98,AUD,bank_transfer,in_store,completed
TXN20260106000573,2026-01-06 13:04:54,1385,136,,2,12.1,8.71,0.11,24.2,21.54,4.12,AUD,debit_card,web,completed
TXN20260106000574,2026-01-06 13:05:36,1098,317,,2,25.27,14.13,0.11,50.54,44.98,16.72,AUD,credit_card,mobile_app,completed
TXN20260106000575,2026-01-06 13:08:14,1307,231,5010,5,114.93,83.66,0.08,574.65,528.68,110.38,AUD,credit_card,web,completed
TXN20260106000576,2026-01-06 13:10:24,1809,124,5016,3,396.85,254.98,0.01,1190.55,1178.64,413.7,AUD,credit_card,mobile_app,completed
TXN20260106000577,2026-01-06 13:13:55,1284,140,,1,98.88,53.29,0.23,98.88,76.14,22.85,AUD,paypal,mobile_app,completed
TXN20260106000578,2026-01-06 13:14:12,1997,163,5010,2,280.84,142.19,0.01,561.68,556.06,271.68,AUD,gift_card,web,cancelled
TXN20260106000579,2026-01-06 13:14:17,1665,145,,1,333.84,132.73,0.04,333.84,320.49,187.76,AUD,credit_card,web,completed
TXN20260106000580,2026-01-06 13:16:03,1444,131,,5,93.36,56.38,0.12,466.8,410.78,128.88,AUD,credit_card,mobile_app,completed
TXN20260106000581,2026-01-06 13:16:46,2135,44,,2,236.02,141.49,0.06,472.04,443.72,160.74,AUD,bank_transfer,web,completed
TXN20260106000582,2026-01-06 13:17:19,1657,154,,2,128.25,56.51,0.04,256.5,246.24,133.22,AUD,credit_card,mobile_app,completed
TXN20260106000583,2026-01-06 13:17:35,1186,376,5002,2,227.27,124.66,0.03,454.54,440.9,191.58,AUD,buy_now_pay_later,web,completed
TXN20260106000584,2026-01-06 13:17:50,1178,205,,1,200.88,145.96,0.06,200.88,188.83,42.87,AUD,credit_card,marketplace,completed
TXN20260106000585,2026-01-06 13:18:25,1548,122,,3,163.85,114.55,0.02,491.55,481.72,138.07,AUD,credit_card,marketplace,completed
TXN20260106000586,2026-01-06 13:19:11,1797,93,5009,6,325.04,177.67,0.22,1950.24,1521.19,455.17,AUD,buy_now_pay_later,web,completed
TXN20260106000587,2026-01-06 13:19:47,1393,213,5010,1,89.64,56.55,0.16,89.64,75.3,18.75,AUD,credit_card,web,completed
TXN20260106000588,2026-01-06 13:20:36,1160,281,,1,206.68,92.2,0.24,206.68,157.08,64.88,AUD,gift_card,in_store,completed
TXN20260106000589,2026-01-06 13:20:42,1414,394,,5,26.27,10.02,0.01,131.35,130.04,79.94,AUD,credit_card,web,completed
TXN20260106000590,2026-01-06 13:21:12,1143,279,,1,202.1,80.17,0.07,202.1,187.95,107.78,AUD,buy_now_pay_later,mobile_app,completed
TXN20260106000591,2026-01-06 13:21:18,2006,174,,4,56.31,22.6,0.02,225.24,220.74,130.34,AUD,credit_card,mobile_app,completed
TXN20260106000592,2026-01-06 13:21:29,1853,372,5013,2,321.9,183.97,0.04,643.8,618.05,250.11,AUD,buy_now_pay_later,mobile_app,completed
TXN20260106000593,2026-01-06 13:22:09,1758,185,,4,182.91,71.26,0.0,731.64,731.64,446.6,AUD,debit_card,web,completed
TXN20260106000594,2026-01-06 13:22:24,2034,1,5018,2,367.54,272.05,0.13,735.08,639.52,95.42,AUD,buy_now_pay_later,web,completed
TXN20260106000595,2026-01-06 13:23:00,1873,27,5012,3,172.81,116.75,0.1,518.43,466.59,116.34,AUD,bank_transfer,web,completed
TXN20260106000596,2026-01-06 13:23:18,1953,105,5007,2,142.92,89.61,0.16,285.84,240.11,60.89,AUD,paypal,mobile_app,completed
TXN20260106000597,2026-01-06 13:23:47,1623,340,,3,69.61,35.79,0.11,208.83,185.86,78.49,AUD,credit_card,web,completed
TXN20260106000598,2026-01-06 13:24:47,1005,47,,2,383.34,271.98,0.06,766.68,720.68,176.72,AUD,credit_card,web,completed
TXN20260106000599,2026-01-06 13:25:45,2067,97,,1,261.47,109.45,0.02,261.47,256.24,146.79,AUD,buy_now_pay_later,mobile_app,completed
TXN20260106000600,2026-01-06 13:26:00,2038,87,5013,2,137.75,85.09,0.05,275.5,261.72,91.54,AUD,credit_card,web,completed
TXN20260106000601,2026-01-06 13:26:36,1023,82,5002,3,221.86,146.05,0.09,665.58,605.68,167.53,AUD,buy_now_pay_later,web,completed
TXN20260106000602,2026-01-06 13:28:08,1287,397,,1,183.67,101.88,0.02,183.67,180.0,78.12,AUD,paypal,mobile_app,completed
TXN20260106000603,2026-01-06 13:29:56,1513,391,,3,294.69,189.16,0.19,884.07,716.1,148.62,AUD,credit_card,mobile_app,completed
TXN20260106000604,2026-01-06 13:30:28,1750,253,5018,2,142.58,95.23,0.19,285.16,230.98,40.52,AUD,credit_card,marketplace,completed
TXN20260106000605,2026-01-06 13:30:44,2082,263,,3,194.7,69.51,0.07,584.1,543.21,334.68,AUD,paypal,mobile_app,completed
TXN20260106000606,2026-01-06 13:32:45,1009,64,,1,148.54,87.49,0.0,148.54,148.54,61.05,AUD,credit_card,web,completed
TXN20260106000607,2026-01-06 13:32:49,1217,154,,5,128.25,56.51,0.0,641.25,641.25,358.7,AUD,credit_card,web,completed
TXN20260106000608,2026-01-06 13:35:41,1774,338,,3,454.19,219.15,0.14,1362.57,1171.81,514.36,AUD,debit_card,mobile_app,completed
TXN20260106000609,2026-01-06 13:36:34,2078,329,,4,58.04,29.11,0.08,232.16,213.59,97.15,AUD,buy_now_pay_later,mobile_app,completed
TXN20260106000610,2026-01-06 13:37:13,1362,163,5006,2,280.84,142.19,0.09,561.68,511.13,226.75,AUD,paypal,mobile_app,pending
TXN20260106000611,2026-01-06 13:41:43,2061,120,,5,231.92,128.02,0.03,1159.6,1124.81,484.71,AUD,paypal,web,completed
TXN20260106000612,2026-01-06 13:43:38,2079,371,5006,2,279.28,128.3,0.11,558.56,497.12,240.52,AUD,bank_transfer,mobile_app,completed
TXN20260106000613,2026-01-06 13:43:55,1848,304,,6,87.75,49.18,0.14,526.5,452.79,157.71,AUD,credit_card,mobile_app,completed
TXN20260106000614,2026-01-06 13:44:29,2080,223,,4,140.86,54.16,0.03,563.44,546.54,329.9,AUD,buy_now_pay_later,web,completed
TXN20260106000615,2026-01-06 13:44:40,1252,84,5014,3,131.95,75.26,0.03,395.85,383.97,158.19,AUD,gift_card,marketplace,completed
TXN20260106000616,2026-01-06 13:46:08,1798,244,,1,141.72,92.91,0.1,141.72,127.55,34.64,AUD,credit_card,web,completed
TXN20260106000617,2026-01-06 13:46:36,1203,304,,3,87.75,49.18,0.19,263.25,213.23,65.69,AUD,debit_card,web,completed
TXN20260106000618,2026-01-06 13:46:37,2058,87,5016,1,137.75,85.09,0.06,137.75,129.48,44.39,AUD,buy_now_pay_later,in_store,completed
TXN20260106000619,2026-01-06 13:47:07,1150,349,5005,3,65.04,45.3,0.2,195.12,156.1,20.2,AUD,credit_card,web,completed
TXN20260106000620,2026-01-06 13:47:49,1625,289,,1,135.78,64.29,0.28,135.78,97.76,33.47,AUD,paypal,web,completed
TXN20260106000621,2026-01-06 13:48:28,1169,340,5017,6,69.61,35.79,0.06,417.66,392.6,177.86,AUD,credit_card,web,completed
TXN20260106000622,2026-01-06 13:48:55,1383,229,,5,23.31,18.16,0.19,116.55,94.41,3.61,AUD,credit_card,mobile_app,completed
TXN20260106000623,2026-01-06 13:49:32,1833,13,5002,2,39.93,31.05,0.04,79.86,76.67,14.57,AUD,debit_card,mobile_app,completed
TXN20260106000624,2026-01-06 13:50:03,1937,10,,3,246.81,139.27,0.09,740.43,673.79,255.98,AUD,credit_card,web,completed
TXN20260106000625,2026-01-06 13:50:33,1809,286,5009,3,226.6,96.42,0.05,679.8,645.81,356.55,AUD,gift_card,web,completed
TXN20260106000626,2026-01-06 13:51:34,1926,389,,1,275.99,185.24,0.22,275.99,215.27,30.03,AUD,credit_card,web,completed
TXN20260106000627,2026-01-06 13:53:10,1565,3,,1,142.91,77.99,0.04,142.91,137.19,59.2,AUD,buy_now_pay_later,web,completed
TXN20260106000628,2026-01-06 13:53:21,1247,161,,4,57.23,33.31,0.05,228.92,217.47,84.23,AUD,credit_card,mobile_app,completed
TXN20260106000629,2026-01-06 13:53:54,1015,332,,1,436.24,255.68,0.06,436.24,410.07,154.39,AUD,credit_card,web,completed
TXN20260106000630,2026-01-06 13:54:38,1605,397,,2,183.67,101.88,0.08,367.34,337.95,134.19,AUD,debit_card,mobile_app,completed
TXN20260106000631,2026-01-06 13:54:39,1350,350,5016,2,78.73,28.3,0.04,157.46,151.16,94.56,AUD,credit_card,web,pending
TXN20260106000632,2026-01-06 13:55:12,1950,112,,1,121.28,51.75,0.17,121.28,100.66,48.91,AUD,credit_card,web,completed
TXN20260106000633,2026-01-06 13:55:39,2188,165,5002,2,198.75,72.56,0.24,397.5,302.1,156.98,AUD,credit_card,mobile_app,completed
TXN20260106000634,2026-01-06 13:55:47,1738,127,,1,45.1,29.41,0.13,45.1,39.24,9.83,AUD,debit_card,mobile_app,completed
TXN20260106000635,2026-01-06 13:56:18,2102,186,,1,294.97,120.02,0.08,294.97,271.37,151.35,AUD,credit_card,web,completed
TXN20260106000636,2026-01-06 13:56:45,2002,162,,1,102.25,40.84,0.0,102.25,102.25,61.41,AUD,credit_card,web,completed
TXN20260106000637,2026-01-06 13:59:00,1953,304,,1,87.75,49.18,0.03,87.75,85.12,35.94,AUD,debit_card,web,completed
TXN20260106000638,2026-01-06 13:59:12,1502,78,,5,128.52,52.69,0.01,642.6,636.17,372.72,AUD,buy_now_pay_later,mobile_app,completed
TXN20260106000639,2026-01-06 13:59:31,1359,110,5016,2,30.96,17.81,0.05,61.92,58.82,23.2,AUD,credit_card,mobile_app,completed
TXN20260106000640,2026-01-06 14:01:44,1781,400,5017,1,83.09,58.62,0.18,83.09,68.13,9.51,AUD,paypal,web,completed
TXN20260106000641,2026-01-06 14:02:44,1687,216,,2,6.49,3.62,0.01,12.98,12.85,5.61,AUD,credit_card,mobile_app,completed
TXN20260106000642,2026-01-06 14:03:35,2161,96,,4,143.85,89.79,0.02,575.4,563.89,204.73,AUD,paypal,web,completed
TXN20260106000643,2026-01-06 14:06:49,1537,122,,1,163.85,114.55,0.09,163.85,149.1,34.55,AUD,paypal,mobile_app,completed
TXN20260106000644,2026-01-06 14:08:08,1463,149,,3,221.16,142.36,0.06,663.48,623.67,196.59,AUD,credit_card,web,completed
TXN20260106000645,2026-01-06 14:08:22,1436,65,,2,186.49,123.08,0.01,372.98,369.25,123.09,AUD,bank_transfer,marketplace,completed
TXN20260106000646,2026-01-06 14:11:46,1619,121,5018,2,18.5,12.03,0.07,37.0,34.41,10.35,AUD,paypal,marketplace,completed
TXN20260106000647,2026-01-06 14:12:20,1531,32,,3,107.59,39.39,0.18,322.77,264.67,146.5,AUD,credit_card,web,completed
TXN20260106000648,2026-01-06 14:15:04,1947,86,,1,176.95,129.01,0.05,176.95,168.1,39.09,AUD,credit_card,web,completed
TXN20260106000649,2026-01-06 14:16:05,1628,254,5002,3,151.84,70.82,0.03,455.52,441.85,229.39,AUD,bank_transfer,web,completed
TXN20260106000650,2026-01-06 14:18:06,1256,133,,5,22.32,9.12,0.11,111.6,99.32,53.72,AUD,debit_card,web,completed
TXN20260106000651,2026-01-06 14:25:54,2185,173,,4,67.53,28.1,0.03,270.12,262.02,149.62,AUD,credit_card,in_store,completed
TXN20260106000652,2026-01-06 14:25:57,1371,91,,4,229.04,125.54,0.16,916.16,769.57,267.41,AUD,bank_transfer,web,completed
TXN20260106000653,2026-01-06 14:27:56,1244,369,5014,2,254.39,165.86,0.01,508.78,503.69,171.97,AUD,credit_card,marketplace,completed
TXN20260106000654,2026-01-06 14:30:00,1805,138,5013,6,132.98,57.54,0.16,797.88,670.22,324.98,AUD,credit_card,web,completed
TXN20260106000655,2026-01-06 14:30:02,1169,339,5018,2,232.73,135.01,0.09,465.46,423.57,153.55,AUD,debit_card,web,completed
TXN20260106000656,2026-01-06 14:31:17,1495,251,,4,245.15,169.74,0.01,980.6,970.79,291.83,AUD,credit_card,mobile_app,completed
TXN20260106000657,2026-01-06 14:31:27,1478,305,5016,5,51.53,22.19,0.02,257.65,252.5,141.55,AUD,credit_card,marketplace,completed
TXN20260106000658,2026-01-06 14:32:18,1810,90,5002,2,65.94,43.69,0.12,131.88,116.05,28.67,AUD,paypal,mobile_app,completed
TXN20260106000659,2026-01-06 14:33:50,1768,117,,3,17.41,7.32,0.07,52.23,48.57,26.61,AUD,debit_card,web,completed
TXN20260106000660,2026-01-06 14:34:14,1620,113,5006,2,424.44,152.08,0.08,848.88,780.97,476.81,AUD,buy_now_pay_later,mobile_app,refunded
TXN20260106000661,2026-01-06 14:34:27,1273,108,5017,3,13.12,5.5,0.12,39.36,34.64,18.14,AUD,credit_card,mobile_app,completed
TXN20260106000662,2026-01-06 14:35:47,1295,25,,2,279.71,213.59,0.03,559.42,542.64,115.46,AUD,credit_card,web,completed
TXN20260106000663,2026-01-06 14:41:18,1064,235,,2,18.79,8.45,0.08,37.58,34.57,17.67,AUD,credit_card,mobile_app,completed
TXN20260106000664,2026-01-06 14:42:25,2197,47,,1,383.34,271.98,0.08,383.34,352.67,80.69,AUD,credit_card,web,completed
TXN20260106000665,2026-01-06 14:45:23,1653,398,5014,1,94.81,37.08,0.02,94.81,92.91,55.83,AUD,paypal,web,completed
TXN20260106000666,2026-01-06 14:47:29,2023,69,,6,53.62,37.17,0.04,321.72,308.85,85.83,AUD,credit_card,mobile_app,completed
TXN20260106000667,2026-01-06 14:53:40,1770,186,,3,294.97,120.02,0.22,884.91,690.23,330.17,AUD,paypal,mobile_app,completed
TXN20260106000668,2026-01-06 14:55:32,1555,388,,3,178.72,91.5,0.05,536.16,509.35,234.85,AUD,credit_card,web,completed
TXN20260106000669,2026-01-06 15:01:18,1079,214,5010,1,133.32,71.17,0.17,133.32,110.66,39.49,AUD,paypal,web,completed
TXN20260106000670,2026-01-06 15:05:13,1094,30,5003,3,170.45,127.12,0.06,511.35,480.67,99.31,AUD,credit_card,web,completed
TXN20260106000671,2026-01-06 15:06:23,1416,207,,3,174.77,73.18,0.1,524.31,471.88,252.34,AUD,credit_card,web,completed
TXN20260106000672,2026-01-06 15:06:32,1109,375,,2,239.04,121.65,0.18,478.08,392.03,148.73,AUD,debit_card,web,completed
TXN20260106000673,2026-01-06 15:07:34,1521,351,,3,410.9,255.25,0.0,1232.7,1232.7,466.95,AUD,bank_transfer,marketplace,completed
TXN20260106000674,2026-01-06 15:09:37,1162,191,,2,265.41,112.45,0.15,530.82,451.2,226.3,AUD,credit_card,mobile_app,completed
TXN20260106000675,2026-01-06 15:14:13,1879,277,5010,3,470.57,189.97,0.19,1411.71,1143.49,573.58,AUD,credit_card,web,completed
TXN20260106000676,2026-01-06 15:14:57,1002,254,5002,1,151.84,70.82,0.15,151.84,129.06,58.24,AUD,credit_card,mobile_app,completed
TXN20260106000677,2026-01-06 15:18:56,2153,187,,1,18.28,11.11,0.16,18.28,15.36,4.25,AUD,debit_card,mobile_app,completed
TXN20260106000678,2026-01-06 15:20:13,1342,223,5016,2,140.86,54.16,0.11,281.72,250.73,142.41,AUD,debit_card,in_store,completed
TXN20260106000679,2026-01-06 15:21:52,1649,3,,4,142.91,77.99,0.12,571.64,503.04,191.08,AUD,buy_now_pay_later,marketplace,completed
TXN20260106000680,2026-01-06 15:23:03,1953,158,,2,101.24,48.34,0.03,202.48,196.41,99.73,AUD,paypal,mobile_app,completed
TXN20260106000681,2026-01-06 15:26:31,2155,311,,1,265.88,206.32,0.14,265.88,228.66,22.34,AUD,debit_card,web,completed
TXN20260106000682,2026-01-06 15:27:19,1396,9,,1,470.11,214.65,0.04,470.11,451.31,236.66,AUD,bank_transfer,mobile_app,completed
TXN20260106000683,2026-01-06 15:31:02,1838,28,,4,154.87,112.5,0.0,619.48,619.48,169.48,AUD,paypal,web,completed
TXN20260106000684,2026-01-06 15:32:44,1080,288,5006,2,349.87,265.76,0.0,699.74,699.74,168.22,AUD,debit_card,web,completed
TXN20260106000685,2026-01-06 15:34:46,1323,157,,1,63.5,40.09,0.04,63.5,60.96,20.87,AUD,paypal,mobile_app,completed
TXN20260106000686,2026-01-06 15:34:48,1685,301,,2,288.28,108.1,0.03,576.56,559.26,343.06,AUD,credit_card,mobile_app,completed
TXN20260106000687,2026-01-06 15:36:08,1815,275,,3,116.41,50.22,0.03,349.23,338.75,188.09,AUD,paypal,mobile_app,completed
TXN20260106000688,2026-01-06 15:36:38,1233,17,,1,15.98,12.32,0.17,15.98,13.26,0.94,AUD,buy_now_pay_later,marketplace,completed
TXN20260106000689,2026-01-06 15:40:53,1164,144,,5,19.12,6.91,0.01,95.6,94.64,60.09,AUD,credit_card,web,completed
TXN20260106000690,2026-01-06 15:48:35,1703,252,5005,2,12.21,8.71,0.02,24.42,23.93,6.51,AUD,buy_now_pay_later,mobile_app,completed
TXN20260106000691,2026-01-06 15:49:33,1077,319,,1,134.18,49.74,0.15,134.18,114.05,64.31,AUD,credit_card,web,completed
TXN20260106000692,2026-01-06 15:52:19,1608,283,5016,1,155.88,105.7,0.08,155.88,143.41,37.71,AUD,gift_card,web,completed
TXN20260106000693,2026-01-06 15:52:48,1626,279,5018,4,202.1,80.17,0.07,808.4,751.81,431.13,AUD,paypal,mobile_app,completed
TXN20260106000694,2026-01-06 15:55:36,1472,345,,1,301.49,218.7,0.02,301.49,295.46,76.76,AUD,gift_card,mobile_app,completed
TXN20260106000695,2026-01-06 15:57:55,1420,60,,4,77.58,46.86,0.1,310.32,279.29,91.85,AUD,credit_card,web,completed
TXN20260106000696,2026-01-06 15:59:46,1333,165,5007,2,198.75,72.56,0.01,397.5,393.52,248.4,AUD,credit_card,web,completed
TXN20260106000697,2026-01-06 16:04:11,1499,393,,5,18.4,11.45,0.05,92.0,87.4,30.15,AUD,debit_card,mobile_app,completed
TXN20260106000698,2026-01-06 16:05:21,2151,394,5012,3,26.27,10.02,0.08,78.81,72.51,42.45,AUD,paypal,mobile_app,completed
TXN20260106000699,2026-01-06 16:05:54,1174,393,5002,4,18.4,11.45,0.11,73.6,65.5,19.7,AUD,credit_card,mobile_app,completed
TXN20260106000700,2026-01-06 16:08:16,1790,228,5010,1,85.54,59.94,0.12,85.54,75.28,15.34,AUD,debit_card,mobile_app,completed
TXN20260106000701,2026-01-06 16:08:24,1981,154,5006,4,128.25,56.51,0.02,513.0,502.74,276.7,AUD,debit_card,web,completed
TXN20260106000702,2026-01-06 16:09:17,1928,35,,2,123.44,76.69,0.04,246.88,237.0,83.62,AUD,debit_card,mobile_app,refunded
TXN20260106000703,2026-01-06 16:10:10,1338,216,,1,6.49,3.62,0.22,6.49,5.06,1.44,AUD,debit_card,mobile_app,completed
TXN20260106000704,2026-01-06 16:10:45,1961,369,,1,254.39,165.86,0.18,254.39,208.6,42.74,AUD,debit_card,mobile_app,completed
TXN20260106000705,2026-01-06 16:11:48,1808,140,5012,4,98.88,53.29,0.06,395.52,371.79,158.63,AUD,debit_card,mobile_app,completed
TXN20260106000706,2026-01-06 16:13:41,1280,52,5013,3,213.42,159.81,0.21,640.26,505.81,26.38,AUD,paypal,mobile_app,completed
TXN20260106000707,2026-01-06 16:14:21,1483,125,,1,12.26,5.91,0.24,12.26,9.32,3.41,AUD,credit_card,mobile_app,completed
TXN20260106000708,2026-01-06 16:16:02,1163,345,5002,2,301.49,218.7,0.23,602.98,464.29,26.89,AUD,paypal,web,completed
TXN20260106000709,2026-01-06 16:16:25,1142,206,,1,211.48,126.89,0.17,211.48,175.53,48.64,AUD,paypal,web,completed
TXN20260106000710,2026-01-06 16:16:41,2075,57,5006,3,7.38,2.62,0.06,22.14,20.81,12.95,AUD,credit_card,web,completed
TXN20260106000711,2026-01-06 16:18:41,1676,169,,2,175.58,82.15,0.13,351.16,305.51,141.21,AUD,credit_card,web,completed
TXN20260106000712,2026-01-06 16:22:04,1248,140,,2,98.88,53.29,0.11,197.76,176.01,69.43,AUD,paypal,in_store,pending
TXN20260106000713,2026-01-06 16:25:57,1879,24,5007,2,201.95,77.39,0.01,403.9,399.86,245.08,AUD,bank_transfer,mobile_app,pending
TXN20260106000714,2026-01-06 16:28:06,1378,401,,5,112.78,49.28,0.13,563.9,490.59,244.19,AUD,bank_transfer,web,completed
TXN20260106000715,2026-01-06 16:29:15,1490,285,,2,333.53,259.05,0.08,667.06,613.7,95.6,AUD,debit_card,web,completed
TXN20260106000716,2026-01-06 16:31:44,1156,266,,1,87.68,41.95,0.11,87.68,78.04,36.09,AUD,credit_card,in_store,completed
TXN20260106000717,2026-01-06 16:40:50,1501,4,,2,238.89,172.72,0.13,477.78,415.67,70.23,AUD,credit_card,web,completed
TXN20260106000718,2026-01-06 16:42:27,1864,150,5003,1,205.86,111.18,0.19,205.86,166.75,55.57,AUD,credit_card,mobile_app,completed
TXN20260106000719,2026-01-06 16:42:57,1974,121,5007,1,18.5,12.03,0.12,18.5,16.28,4.25,AUD,debit_card,web,refunded
TXN20260106000720,2026-01-06 16:44:46,2065,255,5009,4,109.46,69.18,0.03,437.84,424.7,147.98,AUD,credit_card,web,completed
TXN20260106000721,2026-01-06 16:44:55,2041,194,,4,45.96,33.9,0.04,183.84,176.49,40.89,AUD,debit_card,mobile_app,completed
TXN20260106000722,2026-01-06 16:45:25,1958,101,5002,2,352.61,157.72,0.08,705.22,648.8,333.36,AUD,credit_card,web,completed
TXN20260106000723,2026-01-06 16:45:40,1008,39,,2,153.21,59.61,0.11,306.42,272.71,153.49,AUD,credit_card,web,completed
TXN20260106000724,2026-01-06 16:46:45,1767,165,,2,198.75,72.56,0.05,397.5,377.62,232.5,AUD,debit_card,mobile_app,completed
TXN20260106000725,2026-01-06 16:48:51,2103,212,,1,172.34,98.73,0.1,172.34,155.11,56.38,AUD,credit_card,web,completed
TXN20260106000726,2026-01-06 16:51:40,1611,313,5006,2,364.12,204.74,0.07,728.24,677.26,267.78,AUD,credit_card,web,completed
TXN20260106000727,2026-01-06 16:52:41,1272,315,,1,85.51,53.68,0.15,85.51,72.68,19.0,AUD,credit_card,web,completed
TXN20260106000728,2026-01-06 16:54:15,1555,267,,3,13.67,9.81,0.17,41.01,34.04,4.61,AUD,credit_card,mobile_app,completed
TXN20260106000729,2026-01-06 16:55:30,1874,399,,1,108.85,51.12,0.2,108.85,87.08,35.96,AUD,credit_card,marketplace,completed
TXN20260106000730,2026-01-06 16:55:33,1316,377,5017,3,34.75,17.44,0.03,104.25,101.12,48.8,AUD,credit_card,web,completed
TXN20260106000731,2026-01-06 16:57:25,1869,323,,2,154.89,83.84,0.06,309.78,291.19,123.51,AUD,debit_card,web,completed
TXN20260106000732,2026-01-06 16:58:06,1348,82,,3,221.86,146.05,0.17,665.58,552.43,114.28,AUD,buy_now_pay_later,web,completed
TXN20260106000733,2026-01-06 16:58:54,1955,358,,4,15.86,5.64,0.04,63.44,60.9,38.34,AUD,credit_card,mobile_app,completed
TXN20260106000734,2026-01-06 17:00:13,1511,350,,2,78.73,28.3,0.08,157.46,144.86,88.26,AUD,debit_card,web,completed
TXN20260106000735,2026-01-06 17:01:07,1658,339,,2,232.73,135.01,0.07,465.46,432.88,162.86,AUD,credit_card,web,completed
TXN20260106000736,2026-01-06 17:01:15,1760,233,,1,320.43,123.08,0.1,320.43,288.39,165.31,AUD,bank_transfer,phone,completed
TXN20260106000737,2026-01-06 17:04:23,2183,294,,3,25.75,16.01,0.15,77.25,65.66,17.63,AUD,credit_card,mobile_app,completed
TXN20260106000738,2026-01-06 17:05:05,2122,73,5012,1,97.62,68.56,0.23,97.62,75.17,6.61,AUD,credit_card,web,completed
TXN20260106000739,2026-01-06 17:05:13,1627,156,5005,3,179.48,110.08,0.09,538.44,489.98,159.74,AUD,debit_card,mobile_app,completed
TXN20260106000740,2026-01-06 17:05:30,1189,285,,3,333.53,259.05,0.04,1000.59,960.57,183.42,AUD,bank_transfer,web,completed
TXN20260106000741,2026-01-06 17:05:41,1651,125,5005,4,12.26,5.91,0.12,49.04,43.16,19.52,AUD,credit_card,mobile_app,completed
TXN20260106000742,2026-01-06 17:10:05,1982,383,,2,227.62,101.34,0.09,455.24,414.27,211.59,AUD,credit_card,marketplace,completed
TXN20260106000743,2026-01-06 17:11:22,1923,398,,1,94.81,37.08,0.04,94.81,91.02,53.94,AUD,paypal,web,completed
TXN20260106000744,2026-01-06 17:14:11,1017,385,,4,111.79,81.72,0.01,447.16,442.69,115.81,AUD,paypal,mobile_app,completed
TXN20260106000745,2026-01-06 17:15:56,2015,383,,5,227.62,101.34,0.17,1138.1,944.62,437.92,AUD,credit_card,marketplace,completed
TXN20260106000746,2026-01-06 17:16:37,2062,299,,4,256.41,147.41,0.04,1025.64,984.61,394.97,AUD,credit_card,marketplace,completed
TXN20260106000747,2026-01-06 17:21:55,1527,298,,5,71.48,35.14,0.1,357.4,321.66,145.96,AUD,credit_card,web,completed
TXN20260106000748,2026-01-06 17:23:29,1964,144,5016,2,19.12,6.91,0.08,38.24,35.18,21.36,AUD,credit_card,marketplace,completed
TXN20260106000749,2026-01-06 17:25:17,1415,194,,4,45.96,33.9,0.08,183.84,169.13,33.53,AUD,credit_card,web,refunded
TXN20260106000750,2026-01-06 17:29:59,2114,362,5014,2,10.4,7.12,0.02,20.8,20.38,6.14,AUD,credit_card,web,completed
TXN20260106000751,2026-01-06 17:30:10,1193,122,,1,163.85,114.55,0.19,163.85,132.72,18.17,AUD,debit_card,mobile_app,completed
TXN20260106000752,2026-01-06 17:33:03,1494,322,,2,98.42,48.71,0.17,196.84,163.38,65.96,AUD,debit_card,web,completed
TXN20260106000753,2026-01-06 17:35:08,2132,333,,3,41.88,25.97,0.08,125.64,115.59,37.68,AUD,gift_card,web,completed
TXN20260106000754,2026-01-06 17:35:11,1604,204,,2,256.41,190.36,0.12,512.82,451.28,70.56,AUD,credit_card,marketplace,completed
TXN20260106000755,2026-01-06 17:35:30,1050,111,,2,130.14,98.41,0.04,260.28,249.87,53.05,AUD,debit_card,web,completed
TXN20260106000756,2026-01-06 17:39:30,1324,209,,2,16.17,12.13,0.17,32.34,26.84,2.58,AUD,credit_card,marketplace,completed
TXN20260106000757,2026-01-06 17:42:11,1400,365,,1,229.11,163.97,0.02,229.11,224.53,60.56,AUD,credit_card,mobile_app,pending
TXN20260106000758,2026-01-06 17:43:22,1441,373,5009,4,423.09,155.74,0.02,1692.36,1658.51,1035.55,AUD,debit_card,mobile_app,refunded
TXN20260106000759,2026-01-06 17:44:32,1132,69,,1,53.62,37.17,0.22,53.62,41.82,4.65,AUD,debit_card,web,pending
TXN20260106000760,2026-01-06 17:48:28,2182,57,5003,4,7.38,2.62,0.24,29.52,22.44,11.96,AUD,credit_card,web,completed
TXN20260106000761,2026-01-06 17:48:35,1572,401,5006,2,112.78,49.28,0.08,225.56,207.52,108.96,AUD,credit_card,mobile_app,completed
TXN20260106000762,2026-01-06 17:48:56,1926,45,,4,127.42,77.89,0.08,509.68,468.91,157.35,AUD,paypal,mobile_app,completed
TXN20260106000763,2026-01-06 17:49:40,1614,264,,2,82.43,34.18,0.01,164.86,163.21,94.85,AUD,credit_card,web,completed
TXN20260106000764,2026-01-06 17:51:21,1534,320,,5,5.35,2.75,0.16,26.75,22.47,8.72,AUD,credit_card,in_store,completed
TXN20260106000765,2026-01-06 17:57:52,2117,71,5016,2,451.62,218.09,0.16,903.24,758.72,322.54,AUD,credit_card,mobile_app,completed
TXN20260106000766,2026-01-06 17:58:09,1466,154,,1,128.25,56.51,0.11,128.25,114.14,57.63,AUD,paypal,mobile_app,completed
TXN20260106000767,2026-01-06 17:59:50,1393,226,,2,224.08,91.6,0.12,448.16,394.38,211.18,AUD,credit_card,web,completed
TXN20260106000768,2026-01-06 18:10:59,2053,22,5018,3,239.15,141.03,0.15,717.45,609.83,186.74,AUD,buy_now_pay_later,mobile_app,completed
TXN20260106000769,2026-01-06 18:13:57,2073,247,,2,32.77,14.35,0.18,65.54,53.74,25.04,AUD,paypal,web,pending
TXN20260106000770,2026-01-06 18:16:33,1539,342,,2,119.39,87.78,0.04,238.78,229.23,53.67,AUD,credit_card,web,completed
TXN20260106000771,2026-01-06 18:21:08,1650,80,,1,200.59,111.67,0.05,200.59,190.56,78.89,AUD,paypal,marketplace,completed
TXN20260106000772,2026-01-06 18:22:07,1713,127,,1,45.1,29.41,0.16,45.1,37.88,8.47,AUD,credit_card,web,completed
TXN20260106000773,2026-01-06 18:25:37,1320,26,5009,3,76.06,28.87,0.07,228.18,212.21,125.6,AUD,debit_card,in_store,completed
TXN20260106000774,2026-01-06 18:26:02,2063,32,5013,3,107.59,39.39,0.02,322.77,316.31,198.14,AUD,debit_card,web,cancelled
TXN20260106000775,2026-01-06 18:26:37,2092,72,5005,2,333.42,149.31,0.15,666.84,566.81,268.19,AUD,buy_now_pay_later,web,completed
TXN20260106000776,2026-01-06 18:28:42,1039,142,5003,1,424.43,299.05,0.07,424.43,394.72,95.67,AUD,credit_card,mobile_app,refunded
TXN20260106000777,2026-01-06 18:31:41,1205,350,5010,1,78.73,28.3,0.17,78.73,65.35,37.05,AUD,credit_card,in_store,completed
TXN20260106000778,2026-01-06 18:32:14,1918,89,5018,3,131.64,95.41,0.08,394.92,363.33,77.1,AUD,buy_now_pay_later,mobile_app,completed
TXN20260106000779,2026-01-06 18:39:17,1833,74,,5,161.48,101.89,0.04,807.4,775.1,265.65,AUD,gift_card,mobile_app,completed
TXN20260106000780,2026-01-06 18:42:07,1919,122,,2,163.85,114.55,0.1,327.7,294.93,65.83,AUD,credit_card,mobile_app,completed
TXN20260106000781,2026-01-06 18:42:45,1775,240,,4,296.5,109.26,0.27,1186.0,865.78,428.74,AUD,paypal,mobile_app,completed
TXN20260106000782,2026-01-06 18:43:06,2053,146,,1,182.6,76.84,0.01,182.6,180.77,103.93,AUD,credit_card,web,completed
TXN20260106000783,2026-01-06 18:44:11,1094,398,5013,3,94.81,37.08,0.15,284.43,241.77,130.53,AUD,credit_card,web,completed
TXN20260106000784,2026-01-06 18:46:01,1545,262,5006,1,30.32,15.63,0.2,30.32,24.26,8.63,AUD,bank_transfer,web,completed
TXN20260106000785,2026-01-06 18:47:23,1420,342,,2,119.39,87.78,0.03,238.78,231.62,56.06,AUD,buy_now_pay_later,mobile_app,completed
TXN20260106000786,2026-01-06 18:50:29,1024,271,,1,132.74,79.27,0.1,132.74,119.47,40.2,AUD,debit_card,mobile_app,completed
TXN20260106000787,2026-01-06 18:53:00,1936,208,5003,2,165.3,68.58,0.15,330.6,281.01,143.85,AUD,buy_now_pay_later,web,completed
TXN20260106000788,2026-01-06 18:54:25,2181,267,5017,1,13.67,9.81,0.22,13.67,10.66,0.85,AUD,gift_card,mobile_app,completed
TXN20260106000789,2026-01-06 18:55:20,2011,38,5018,2,426.51,271.0,0.15,853.02,725.07,183.07,AUD,paypal,mobile_app,completed
TXN20260106000790,2026-01-06 18:58:52,2095,270,,1,347.43,172.19,0.17,347.43,288.37,116.18,AUD,credit_card,mobile_app,completed
TXN20260106000791,2026-01-06 18:59:12,1841,332,,1,436.24,255.68,0.03,436.24,423.15,167.47,AUD,debit_card,marketplace,completed
TXN20260106000792,2026-01-06 19:00:02,1731,128,,2,189.27,110.21,0.08,378.54,348.26,127.84,AUD,debit_card,mobile_app,completed
TXN20260106000793,2026-01-06 19:00:35,1189,62,,3,46.07,33.25,0.05,138.21,131.3,31.55,AUD,debit_card,mobile_app,completed
TXN20260106000794,2026-01-06 19:00:42,2078,137,5006,3,230.43,174.09,0.23,691.29,532.29,10.02,AUD,credit_card,marketplace,completed
TXN20260106000795,2026-01-06 19:01:44,1450,363,,2,161.87,102.03,0.05,323.74,307.55,103.49,AUD,credit_card,marketplace,completed
TXN20260106000796,2026-01-06 19:02:26,1299,261,,1,222.59,120.24,0.14,222.59,191.43,71.19,AUD,debit_card,web,completed
TXN20260106000797,2026-01-06 19:02:39,1003,46,,1,182.51,84.92,0.04,182.51,175.21,90.29,AUD,paypal,web,completed
TXN20260106000798,2026-01-06 19:06:10,1733,136,5016,2,12.1,8.71,0.04,24.2,23.23,5.81,AUD,credit_card,mobile_app,completed
TXN20260106000799,2026-01-06 19:06:23,1025,241,,1,242.09,167.24,0.07,242.09,225.14,57.9,AUD,debit_card,mobile_app,completed
TXN20260106000800,2026-01-06 19:06:25,1526,378,,4,355.29,228.27,0.1,1421.16,1279.04,365.96,AUD,credit_card,web,completed
TXN20260106000801,2026-01-06 19:06:26,1021,130,,1,18.48,10.08,0.05,18.48,17.56,7.48,AUD,paypal,mobile_app,completed
TXN20260106000802,2026-01-06 19:06:50,1071,145,,1,333.84,132.73,0.19,333.84,270.41,137.68,AUD,credit_card,mobile_app,completed
TXN20260106000803,2026-01-06 19:06:54,2199,66,5004,1,157.5,63.74,0.08,157.5,144.9,81.16,AUD,paypal,web,completed
TXN20260106000804,2026-01-06 19:06:55,1560,362,,4,10.4,7.12,0.04,41.6,39.94,11.46,AUD,paypal,web,refunded
TXN20260106000805,2026-01-06 19:07:01,1695,188,,3,141.88,98.58,0.09,425.64,387.33,91.59,AUD,paypal,web,completed
TXN20260106000806,2026-01-06 19:07:17,1384,256,,3,65.44,43.78,0.15,196.32,166.87,35.53,AUD,debit_card,web,completed
TXN20260106000807,2026-01-06 19:07:49,2178,174,,5,56.31,22.6,0.17,281.55,233.69,120.69,AUD,credit_card,web,completed
TXN20260106000808,2026-01-06 19:08:02,1107,200,5016,3,8.47,4.01,0.07,25.41,23.63,11.6,AUD,paypal,mobile_app,completed
TXN20260106000809,2026-01-06 19:08:07,1036,111,,1,130.14,98.41,0.04,130.14,124.93,26.52,AUD,credit_card,mobile_app,completed
TXN20260106000810,2026-01-06 19:09:04,1652,372,,2,321.9,183.97,0.23,643.8,495.73,127.79,AUD,buy_now_pay_later,web,refunded
TXN20260106000811,2026-01-06 19:09:16,2157,52,,4,213.42,159.81,0.02,853.68,836.61,197.37,AUD,paypal,web,completed
TXN20260106000812,2026-01-06 19:09:37,1657,116,5005,3,265.13,138.42,0.01,795.39,787.44,372.18,AUD,debit_card,mobile_app,completed
TXN20260106000813,2026-01-06 19:11:06,1462,253,,2,142.58,95.23,0.08,285.16,262.35,71.89,AUD,buy_now_pay_later,web,pending
TXN20260106000814,2026-01-06 19:12:30,1992,18,5014,2,23.51,10.69,0.11,47.02,41.85,20.47,AUD,credit_card,mobile_app,completed
TXN20260106000815,2026-01-06 19:12:36,2130,262,,6,30.32,15.63,0.28,181.92,130.98,37.2,AUD,paypal,web,completed
TXN20260106000816,2026-01-06 19:14:05,1113,333,,2,41.88,25.97,0.08,83.76,77.06,25.12,AUD,debit_card,web,completed
TXN20260106000817,2026-01-06 19:14:18,1114,214,5009,3,133.32,71.17,0.16,399.96,335.97,122.46,AUD,buy_now_pay_later,mobile_app,completed
TXN20260106000818,2026-01-06 19:14:33,1322,45,,1,127.42,77.89,0.14,127.42,109.58,31.69,AUD,credit_card,mobile_app,completed
TXN20260106000819,2026-01-06 19:15:35,1924,378,5004,1,355.29,228.27,0.06,355.29,333.97,105.7,AUD,credit_card,mobile_app,completed
TXN20260106000820,2026-01-06 19:15:42,1189,230,,1,249.03,160.65,0.14,249.03,214.17,53.52,AUD,credit_card,mobile_app,completed
TXN20260106000821,2026-01-06 19:16:04,1806,197,5007,3,161.84,90.95,0.17,485.52,402.98,130.13,AUD,debit_card,marketplace,completed
TXN20260106000822,2026-01-06 19:18:16,1622,165,,4,198.75,72.56,0.13,795.0,691.65,401.41,AUD,buy_now_pay_later,mobile_app,completed
TXN20260106000823,2026-01-06 19:21:11,1386,284,5016,3,359.21,205.04,0.0,1077.63,1077.63,462.51,AUD,paypal,mobile_app,completed
TXN20260106000824,2026-01-06 19:21:25,1228,249,,1,96.17,46.26,0.21,96.17,75.97,29.71,AUD,paypal,web,completed
TXN20260106000825,2026-01-06 19:23:15,2058,361,,2,172.83,61.35,0.03,345.66,335.29,212.59,AUD,credit_card,mobile_app,completed
TXN20260106000826,2026-01-06 19:23:41,2203,3,,2,142.91,77.99,0.08,285.82,262.95,106.97,AUD,paypal,web,completed
TXN20260106000827,2026-01-06 19:23:52,1877,228,,1,85.54,59.94,0.06,85.54,80.41,20.47,AUD,debit_card,mobile_app,completed
TXN20260106000828,2026-01-06 19:26:19,1945,134,5005,1,151.77,62.1,0.0,151.77,151.77,89.67,AUD,debit_card,web,completed
TXN20260106000829,2026-01-06 19:26:24,1244,88,,3,104.05,41.24,0.11,312.15,277.81,154.09,AUD,credit_card,in_store,completed
TXN20260106000830,2026-01-06 19:26:53,1583,304,5013,2,87.75,49.18,0.07,175.5,163.21,64.85,AUD,credit_card,mobile_app,completed
TXN20260106000831,2026-01-06 19:29:36,1349,281,5017,2,206.68,92.2,0.19,413.36,334.82,150.42,AUD,debit_card,web,completed
TXN20260106000832,2026-01-06 19:30:16,1655,269,5010,1,129.92,57.09,0.04,129.92,124.72,67.63,AUD,credit_card,mobile_app,completed
TXN20260106000833,2026-01-06 19:30:19,1672,266,,5,87.68,41.95,0.18,438.4,359.49,149.74,AUD,paypal,web,completed
TXN20260106000834,2026-01-06 19:31:56,1011,329,,3,58.04,29.11,0.08,174.12,160.19,72.86,AUD,debit_card,web,completed
TXN20260106000835,2026-01-06 19:32:24,1633,187,,2,18.28,11.11,0.17,36.56,30.34,8.12,AUD,paypal,web,completed
TXN20260106000836,2026-01-06 19:33:27,2082,159,,1,232.46,120.67,0.0,232.46,232.46,111.79,AUD,credit_card,mobile_app,completed
TXN20260106000837,2026-01-06 19:33:34,2071,156,,4,179.48,110.08,0.06,717.92,674.84,234.52,AUD,credit_card,marketplace,completed
TXN20260106000838,2026-01-06 19:33:37,1994,204,,5,256.41,190.36,0.03,1282.05,1243.59,291.79,AUD,debit_card,mobile_app,completed
TXN20260106000839,2026-01-06 19:36:00,1134,247,5007,5,32.77,14.35,0.15,163.85,139.27,67.52,AUD,debit_card,web,completed
TXN20260106000840,2026-01-06 19:36:18,1992,34,,4,250.91,140.28,0.12,1003.64,883.2,322.08,AUD,paypal,mobile_app,completed
TXN20260106000841,2026-01-06 19:37:43,2080,312,5004,5,142.79,97.05,0.01,713.95,706.81,221.56,AUD,credit_card,web,completed
TXN20260106000842,2026-01-06 19:37:50,2143,133,5016,1,22.32,9.12,0.06,22.32,20.98,11.86,AUD,buy_now_pay_later,web,completed
TXN20260106000843,2026-01-06 19:38:23,1498,295,,1,125.3,93.62,0.08,125.3,115.28,21.66,AUD,credit_card,web,completed
TXN20260106000844,2026-01-06 19:39:16,1792,270,,2,347.43,172.19,0.07,694.86,646.22,301.84,AUD,debit_card,web,completed
TXN20260106000845,2026-01-06 19:41:13,1370,231,,1,114.93,83.66,0.1,114.93,103.44,19.78,AUD,credit_card,mobile_app,completed
TXN20260106000846,2026-01-06 19:43:09,1226,25,,2,279.71,213.59,0.14,559.42,481.1,53.92,AUD,paypal,mobile_app,cancelled
TXN20260106000847,2026-01-06 19:46:16,2051,188,,3,141.88,98.58,0.09,425.64,387.33,91.59,AUD,paypal,mobile_app,completed
TXN20260106000848,2026-01-06 19:47:05,1128,107,,3,391.82,298.53,0.03,1175.46,1140.2,244.61,AUD,debit_card,web,completed
TXN20260106000849,2026-01-06 19:47:07,2126,203,,3,5.97,4.17,0.18,17.91,14.69,2.18,AUD,paypal,web,completed
TXN20260106000850,2026-01-06 19:48:46,1119,248,,3,58.0,41.73,0.0,174.0,174.0,48.81,AUD,credit_card,web,completed
TXN20260106000851,2026-01-06 19:49:21,2064,397,,1,183.67,101.88,0.01,183.67,181.83,79.95,AUD,buy_now_pay_later,web,completed
TXN20260106000852,2026-01-06 19:50:26,1302,81,,1,133.11,71.55,0.07,133.11,123.79,52.24,AUD,buy_now_pay_later,in_store,refunded
TXN20260106000853,2026-01-06 19:50:35,1674,263,,6,194.7,69.51,0.15,1168.2,992.97,575.91,AUD,credit_card,web,completed
TXN20260106000854,2026-01-06 19:50:49,2036,87,,4,137.75,85.09,0.25,551.0,413.25,72.89,AUD,credit_card,web,completed
TXN20260106000855,2026-01-06 19:50:52,1704,102,,5,276.02,213.86,0.26,1380.1,1021.27,-48.03,AUD,buy_now_pay_later,phone,completed
TXN20260106000856,2026-01-06 19:50:59,1620,97,,2,261.47,109.45,0.23,522.94,402.66,183.76,AUD,credit_card,in_store,completed
TXN20260106000857,2026-01-06 19:51:18,1498,2,5006,1,292.97,126.42,0.11,292.97,260.74,134.32,AUD,credit_card,web,completed
TXN20260106000858,2026-01-06 19:51:51,2145,83,,3,271.39,135.83,0.16,814.17,683.9,276.41,AUD,debit_card,web,completed
TXN20260106000859,2026-01-06 19:53:01,1625,87,,3,137.75,85.09,0.15,413.25,351.26,95.99,AUD,buy_now_pay_later,web,completed
TXN20260106000860,2026-01-06 19:54:24,1624,307,,5,349.28,266.61,0.07,1746.4,1624.15,291.1,AUD,credit_card,marketplace,refunded
TXN20260106000861,2026-01-06 19:55:03,1291,401,,2,112.78,49.28,0.09,225.56,205.26,106.7,AUD,debit_card,web,completed
TXN20260106000862,2026-01-06 19:55:27,1449,390,,1,62.95,41.27,0.0,62.95,62.95,21.68,AUD,credit_card,mobile_app,completed
TXN20260106000863,2026-01-06 19:56:06,1233,368,,3,77.62,57.72,0.2,232.86,186.29,13.13,AUD,buy_now_pay_later,phone,completed
TXN20260106000864,2026-01-06 19:56:25,1616,272,,4,48.63,36.18,0.11,194.52,173.12,28.4,AUD,debit_card,mobile_app,completed
TXN20260106000865,2026-01-06 19:57:04,1801,300,,5,134.02,50.66,0.05,670.1,636.6,383.3,AUD,paypal,mobile_app,completed
TXN20260106000866,2026-01-06 19:57:08,1040,296,,4,305.06,151.58,0.11,1220.24,1086.01,479.69,AUD,credit_card,web,completed
TXN20260106000867,2026-01-06 19:57:08,1761,266,,2,87.68,41.95,0.07,175.36,163.08,79.18,AUD,debit_card,web,completed
TXN20260106000868,2026-01-06 19:57:16,1305,158,,1,101.24,48.34,0.03,101.24,98.2,49.86,AUD,paypal,mobile_app,completed
TXN20260106000869,2026-01-06 19:58:35,1637,246,,2,334.95,216.34,0.05,669.9,636.4,203.72,AUD,debit_card,mobile_app,completed
TXN20260106000870,2026-01-06 19:59:14,2163,63,5009,1,137.14,59.24,0.2,137.14,109.71,50.47,AUD,paypal,web,completed
TXN20260106000871,2026-01-06 19:59:56,1298,314,,5,218.05,130.2,0.15,1090.25,926.71,275.71,AUD,paypal,mobile_app,completed
TXN20260106000872,2026-01-06 20:00:07,1738,194,,2,45.96,33.9,0.01,91.92,91.0,23.2,AUD,buy_now_pay_later,mobile_app,completed
TXN20260106000873,2026-01-06 20:00:37,1084,140,,5,98.88,53.29,0.05,494.4,469.68,203.23,AUD,paypal,phone,refunded
TXN20260106000874,2026-01-06 20:04:02,1774,89,5006,3,131.64,95.41,0.06,394.92,371.22,84.99,AUD,debit_card,web,completed
TXN20260106000875,2026-01-06 20:04:16,1210,202,,2,257.36,101.79,0.01,514.72,509.57,305.99,AUD,paypal,web,completed
TXN20260106000876,2026-01-06 20:04:48,2010,3,,4,142.91,77.99,0.14,571.64,491.61,179.65,AUD,debit_card,web,completed
TXN20260106000877,2026-01-06 20:05:18,1605,263,,1,194.7,69.51,0.04,194.7,186.91,117.4,AUD,credit_card,mobile_app,refunded
TXN20260106000878,2026-01-06 20:05:28,2042,151,,2,36.21,16.06,0.1,72.42,65.18,33.06,AUD,debit_card,web,completed
TXN20260106000879,2026-01-06 20:05:45,1039,46,,5,182.51,84.92,0.06,912.55,857.8,433.2,AUD,paypal,web,completed
TXN20260106000880,2026-01-06 20:05:54,1527,327,5004,5,27.46,12.97,0.08,137.3,126.32,61.47,AUD,credit_card,mobile_app,completed
TXN20260106000881,2026-01-06 20:06:07,2187,286,,2,226.6,96.42,0.11,453.2,403.35,210.51,AUD,credit_card,web,completed
TXN20260106000882,2026-01-06 20:07:57,2054,193,5013,1,368.81,195.25,0.12,368.81,324.55,129.3,AUD,buy_now_pay_later,web,completed
TXN20260106000883,2026-01-06 20:12:17,2126,376,,2,227.27,124.66,0.03,454.54,440.9,191.58,AUD,credit_card,mobile_app,completed
TXN20260106000884,2026-01-06 20:12:58,1450,117,5004,4,17.41,7.32,0.1,69.64,62.68,33.4,AUD,debit_card,web,completed
TXN20260106000885,2026-01-06 20:14:35,1263,180,,1,233.35,116.35,0.15,233.35,198.35,82.0,AUD,paypal,mobile_app,refunded
TXN20260106000886,2026-01-06 20:14:47,1600,85,,1,173.56,99.76,0.13,173.56,151.0,51.24,AUD,credit_card,web,completed
TXN20260106000887,2026-01-06 20:15:15,1161,396,,2,358.76,209.23,0.2,717.52,574.02,155.56,AUD,debit_card,mobile_app,completed
TXN20260106000888,2026-01-06 20:16:49,1165,250,5012,4,231.82,122.47,0.04,927.28,890.19,400.31,AUD,credit_card,web,completed
TXN20260106000889,2026-01-06 20:17:04,2081,98,5009,2,129.89,79.62,0.08,259.78,239.0,79.76,AUD,paypal,web,completed
TXN20260106000890,2026-01-06 20:17:04,1718,304,,1,87.75,49.18,0.07,87.75,81.61,32.43,AUD,credit_card,web,completed
TXN20260106000891,2026-01-06 20:17:18,1312,260,,2,168.41,124.86,0.07,336.82,313.24,63.52,AUD,credit_card,web,cancelled
TXN20260106000892,2026-01-06 20:17:40,1437,104,,3,41.5,18.2,0.23,124.5,95.87,41.27,AUD,paypal,mobile_app,completed
TXN20260106000893,2026-01-06 20:17:47,2150,251,5005,4,245.15,169.74,0.13,980.6,853.12,174.16,AUD,credit_card,web,completed
TXN20260106000894,2026-01-06 20:18:33,2018,278,,2,60.0,45.1,0.15,120.0,102.0,11.8,AUD,buy_now_pay_later,mobile_app,cancelled
TXN20260106000895,2026-01-06 20:18:34,2050,19,,2,170.44,126.31,0.13,340.88,296.57,43.95,AUD,buy_now_pay_later,mobile_app,completed
TXN20260106000896,2026-01-06 20:18:40,1516,240,,1,296.5,109.26,0.26,296.5,219.41,110.15,AUD,credit_card,web,completed
TXN20260106000897,2026-01-06 20:20:34,2192,275,5009,1,116.41,50.22,0.27,116.41,84.98,34.76,AUD,credit_card,web,completed
TXN20260106000898,2026-01-06 20:21:06,1008,281,5002,5,206.68,92.2,0.19,1033.4,837.05,376.05,AUD,credit_card,web,completed
TXN20260106000899,2026-01-06 20:21:24,1562,255,,2,109.46,69.18,0.05,218.92,207.97,69.61,AUD,buy_now_pay_later,mobile_app,completed
TXN20260106000900,2026-01-06 20:22:12,1046,67,,4,164.66,66.92,0.02,658.64,645.47,377.79,AUD,bank_transfer,marketplace,completed
TXN20260106000901,2026-01-06 20:22:12,1210,311,,1,265.88,206.32,0.08,265.88,244.61,38.29,AUD,paypal,mobile_app,completed
TXN20260106000902,2026-01-06 20:22:52,1973,167,,1,176.55,75.21,0.03,176.55,171.25,96.04,AUD,gift_card,mobile_app,completed
TXN20260106000903,2026-01-06 20:23:04,1102,326,,2,183.44,105.75,0.02,366.88,359.54,148.04,AUD,credit_card,mobile_app,completed
TXN20260106000904,2026-01-06 20:23:12,1912,41,,2,241.85,106.29,0.06,483.7,454.68,242.1,AUD,paypal,web,completed
TXN20260106000905,2026-01-06 20:25:05,1965,157,5017,3,63.5,40.09,0.02,190.5,186.69,66.42,AUD,debit_card,mobile_app,completed
TXN20260106000906,2026-01-06 20:25:12,1660,43,,2,211.3,164.39,0.01,422.6,418.37,89.59,AUD,credit_card,web,completed
TXN20260106000907,2026-01-06 20:25:16,2025,121,5005,2,18.5,12.03,0.04,37.0,35.52,11.46,AUD,gift_card,mobile_app,completed
TXN20260106000908,2026-01-06 20:29:13,1310,20,,1,230.82,128.98,0.09,230.82,210.05,81.07,AUD,credit_card,mobile_app,completed
TXN20260106000909,2026-01-06 20:29:49,1854,349,,2,65.04,45.3,0.2,130.08,104.06,13.46,AUD,bank_transfer,web,completed
TXN20260106000910,2026-01-06 20:29:50,2135,145,,2,333.84,132.73,0.17,667.68,554.17,288.71,AUD,buy_now_pay_later,web,completed
TXN20260106000911,2026-01-06 20:31:31,1866,53,5018,4,33.81,14.85,0.01,135.24,133.89,74.49,AUD,bank_transfer,web,completed
TXN20260106000912,2026-01-06 20:34:11,1245,203,,5,5.97,4.17,0.23,29.85,22.98,2.13,AUD,gift_card,web,completed
TXN20260106000913,2026-01-06 20:35:52,1909,222,5012,2,32.17,11.42,0.06,64.34,60.48,37.64,AUD,paypal,mobile_app,completed
TXN20260106000914,2026-01-06 20:36:37,1656,114,,2,311.7,127.05,0.13,623.4,542.36,288.26,AUD,credit_card,mobile_app,completed
TXN20260106000915,2026-01-06 20:37:06,2189,164,,3,219.94,105.48,0.12,659.82,580.64,264.2,AUD,debit_card,web,completed
TXN20260106000916,2026-01-06 20:39:22,1240,312,,5,142.79,97.05,0.16,713.95,599.72,114.47,AUD,buy_now_pay_later,web,completed
TXN20260106000917,2026-01-06 20:39:33,1100,35,,6,123.44,76.69,0.18,740.64,607.32,147.18,AUD,debit_card,mobile_app,completed
TXN20260106000918,2026-01-06 20:40:25,1240,83,,2,271.39,135.83,0.17,542.78,450.51,178.85,AUD,paypal,mobile_app,cancelled
TXN20260106000919,2026-01-06 20:40:27,1097,372,,3,321.9,183.97,0.09,965.7,878.79,326.88,AUD,debit_card,mobile_app,completed
TXN20260106000920,2026-01-06 20:40:39,1122,197,5003,2,161.84,90.95,0.03,323.68,313.97,132.07,AUD,credit_card,web,completed
TXN20260106000921,2026-01-06 20:41:54,1863,252,,5,12.21,8.71,0.01,61.05,60.44,16.89,AUD,debit_card,web,completed
TXN20260106000922,2026-01-06 20:43:41,1920,221,,1,157.27,79.8,0.04,157.27,150.98,71.18,AUD,credit_card,in_store,completed
TXN20260106000923,2026-01-06 20:44:33,1696,226,,3,224.08,91.6,0.01,672.24,665.52,390.72,AUD,buy_now_pay_later,mobile_app,completed
TXN20260106000924,2026-01-06 20:46:27,1421,45,,5,127.42,77.89,0.05,637.1,605.25,215.8,AUD,debit_card,web,completed
TXN20260106000925,2026-01-06 20:46:30,1068,28,,1,154.87,112.5,0.21,154.87,122.35,9.85,AUD,paypal,mobile_app,completed
TXN20260106000926,2026-01-06 20:46:37,1045,46,5010,3,182.51,84.92,0.01,547.53,542.05,287.29,AUD,credit_card,mobile_app,pending
TXN20260106000927,2026-01-06 20:46:44,1430,308,5002,1,227.37,123.17,0.07,227.37,211.45,88.28,AUD,debit_card,mobile_app,completed
TXN20260106000928,2026-01-06 20:47:22,1068,107,,2,391.82,298.53,0.0,783.64,783.64,186.58,AUD,buy_now_pay_later,web,completed
TXN20260106000929,2026-01-06 20:49:10,2158,343,5018,1,32.63,13.17,0.02,32.63,31.98,18.81,AUD,bank_transfer,web,completed
TXN20260106000930,2026-01-06 20:49:25,2142,363,5009,4,161.87,102.03,0.1,647.48,582.73,174.61,AUD,paypal,mobile_app,completed
TXN20260106000931,2026-01-06 20:49:33,1080,331,,1,188.98,138.35,0.0,188.98,188.98,50.63,AUD,credit_card,in_store,completed
TXN20260106000932,2026-01-06 20:50:07,2143,263,5017,3,194.7,69.51,0.07,584.1,543.21,334.68,AUD,paypal,mobile_app,completed
TXN20260106000933,2026-01-06 20:50:34,1212,50,,4,145.4,62.87,0.1,581.6,523.44,271.96,AUD,credit_card,web,refunded
TXN20260106000934,2026-01-06 20:51:42,1931,255,,1,109.46,69.18,0.15,109.46,93.04,23.86,AUD,debit_card,mobile_app,completed
TXN20260106000935,2026-01-06 20:52:33,1690,290,5016,1,37.46,23.23,0.18,37.46,30.72,7.49,AUD,debit_card,web,completed
TXN20260106000936,2026-01-06 20:53:04,1990,69,,5,53.62,37.17,0.22,268.1,209.12,23.27,AUD,credit_card,mobile_app,completed
TXN20260106000937,2026-01-06 20:53:06,1965,370,,4,292.21,138.01,0.09,1168.84,1063.64,511.6,AUD,paypal,mobile_app,completed
TXN20260106000938,2026-01-06 20:53:08,2132,339,,2,232.73,135.01,0.01,465.46,460.81,190.79,AUD,gift_card,mobile_app,completed
TXN20260106000939,2026-01-06 20:54:36,1217,140,,1,98.88,53.29,0.07,98.88,91.96,38.67,AUD,gift_card,mobile_app,completed
TXN20260106000940,2026-01-06 20:55:13,2076,355,,5,211.06,93.04,0.2,1055.3,844.24,379.04,AUD,debit_card,web,cancelled
TXN20260106000941,2026-01-06 20:57:56,1177,71,,5,451.62,218.09,0.09,2258.1,2054.87,964.42,AUD,credit_card,web,completed
TXN20260106000942,2026-01-06 20:58:06,1589,72,,1,333.42,149.31,0.15,333.42,283.41,134.1,AUD,paypal,web,refunded
TXN20260106000943,2026-01-06 20:58:11,2044,277,,4,470.57,189.97,0.16,1882.28,1581.12,821.24,AUD,credit_card,web,completed
TXN20260106000944,2026-01-06 20:59:07,1006,232,5007,1,159.76,96.34,0.08,159.76,146.98,50.64,AUD,credit_card,web,refunded
TXN20260106000945,2026-01-06 20:59:15,2027,127,,4,45.1,29.41,0.15,180.4,153.34,35.7,AUD,credit_card,web,completed
TXN20260106000946,2026-01-06 20:59:18,1622,76,,3,153.93,70.84,0.06,461.79,434.08,221.56,AUD,buy_now_pay_later,web,completed
TXN20260106000947,2026-01-06 20:59:19,1482,174,5012,1,56.31,22.6,0.08,56.31,51.81,29.21,AUD,debit_card,mobile_app,completed
TXN20260106000948,2026-01-06 20:59:37,1596,85,,3,173.56,99.76,0.09,520.68,473.82,174.54,AUD,credit_card,mobile_app,completed
TXN20260106000949,2026-01-06 20:59:43,1545,322,5018,3,98.42,48.71,0.0,295.26,295.26,149.13,AUD,credit_card,mobile_app,completed
TXN20260106000950,2026-01-06 21:03:49,1860,332,,2,436.24,255.68,0.15,872.48,741.61,230.25,AUD,debit_card,in_store,cancelled
TXN20260106000951,2026-01-06 21:04:36,1225,265,,4,217.01,151.39,0.17,868.04,720.47,114.91,AUD,credit_card,web,completed
TXN20260106000952,2026-01-06 21:05:39,1389,180,,1,233.35,116.35,0.03,233.35,226.35,110.0,AUD,debit_card,mobile_app,completed
TXN20260106000953,2026-01-06 21:05:40,1127,305,,6,51.53,22.19,0.0,309.18,309.18,176.04,AUD,credit_card,mobile_app,completed
TXN20260106000954,2026-01-06 21:06:04,2169,48,,1,196.8,70.47,0.02,196.8,192.86,122.39,AUD,debit_card,mobile_app,completed
TXN20260106000955,2026-01-06 21:06:27,1463,344,5007,5,24.55,10.75,0.05,122.75,116.61,62.86,AUD,debit_card,mobile_app,completed
TXN20260106000956,2026-01-06 21:08:10,1815,346,5014,3,337.76,248.46,0.06,1013.28,952.48,207.1,AUD,credit_card,web,completed
TXN20260106000957,2026-01-06 21:09:02,1932,394,,3,26.27,10.02,0.1,78.81,70.93,40.87,AUD,credit_card,web,completed
TXN20260106000958,2026-01-06 21:11:33,1762,119,,2,26.62,12.14,0.22,53.24,41.53,17.25,AUD,credit_card,web,completed
TXN20260106000959,2026-01-06 21:12:20,1658,316,,1,109.37,70.04,0.15,109.37,92.96,22.92,AUD,debit_card,web,completed
TXN20260106000960,2026-01-06 21:13:32,2054,354,,3,128.43,85.15,0.14,385.29,331.35,75.9,AUD,buy_now_pay_later,mobile_app,cancelled
TXN20260106000961,2026-01-06 21:13:36,1875,212,,3,172.34,98.73,0.09,517.02,470.49,174.3,AUD,credit_card,marketplace,completed
TXN20260106000962,2026-01-06 21:14:16,2052,336,,2,250.44,165.04,0.09,500.88,455.8,125.72,AUD,debit_card,web,completed
TXN20260106000963,2026-01-06 21:14:52,2139,232,5014,4,159.76,96.34,0.0,639.04,639.04,253.68,AUD,paypal,mobile_app,completed
TXN20260106000964,2026-01-06 21:14:56,1034,72,,2,333.42,149.31,0.03,666.84,646.83,348.21,AUD,debit_card,web,completed
TXN20260106000965,2026-01-06 21:15:06,2165,203,5013,1,5.97,4.17,0.04,5.97,5.73,1.56,AUD,paypal,web,completed
TXN20260106000966,2026-01-06 21:15:42,1182,152,5013,3,18.61,8.27,0.13,55.83,48.57,23.76,AUD,credit_card,mobile_app,completed
TXN20260106000967,2026-01-06 21:16:02,1157,172,,2,191.33,75.08,0.11,382.66,340.57,190.41,AUD,credit_card,web,completed
TXN20260106000968,2026-01-06 21:17:12,1864,56,5012,4,221.91,135.65,0.1,887.64,798.88,256.28,AUD,credit_card,marketplace,cancelled
TXN20260106000969,2026-01-06 21:17:30,1935,87,,2,137.75,85.09,0.24,275.5,209.38,39.2,AUD,debit_card,marketplace,refunded
TXN20260106000970,2026-01-06 21:18:31,1838,326,5006,2,183.44,105.75,0.1,366.88,330.19,118.69,AUD,credit_card,marketplace,completed
TXN20260106000971,2026-01-06 21:18:35,1135,113,,3,424.44,152.08,0.04,1273.32,1222.39,766.15,AUD,paypal,mobile_app,completed
TXN20260106000972,2026-01-06 21:20:09,2136,105,5018,1,142.92,89.61,0.14,142.92,122.91,33.3,AUD,debit_card,web,completed
TXN20260106000973,2026-01-06 21:23:25,1044,363,5016,4,161.87,102.03,0.13,647.48,563.31,155.19,AUD,credit_card,mobile_app,completed
TXN20260106000974,2026-01-06 21:23:46,2144,242,5010,2,149.29,73.33,0.15,298.58,253.79,107.13,AUD,paypal,web,completed
TXN20260106000975,2026-01-06 21:24:20,1291,206,5016,2,211.48,126.89,0.13,422.96,367.98,114.2,AUD,debit_card,mobile_app,completed
TXN20260106000976,2026-01-06 21:24:56,1691,120,5016,2,231.92,128.02,0.01,463.84,459.2,203.16,AUD,gift_card,web,completed
TXN20260106000977,2026-01-06 21:25:04,1242,396,5014,3,358.76,209.23,0.18,1076.28,882.55,254.86,AUD,credit_card,web,completed
TXN20260106000978,2026-01-06 21:25:24,2109,63,5006,2,137.14,59.24,0.03,274.28,266.05,147.57,AUD,credit_card,web,completed
TXN20260106000979,2026-01-06 21:27:57,1730,148,5012,5,64.17,49.35,0.04,320.85,308.02,61.27,AUD,paypal,web,completed
TXN20260106000980,2026-01-06 21:29:00,1849,161,,1,57.23,33.31,0.05,57.23,54.37,21.06,AUD,bank_transfer,mobile_app,completed
TXN20260106000981,2026-01-06 21:29:05,2119,251,,4,245.15,169.74,0.02,980.6,960.99,282.03,AUD,credit_card,marketplace,completed
TXN20260106000982,2026-01-06 21:29:24,1772,241,,1,242.09,167.24,0.11,242.09,215.46,48.22,AUD,credit_card,web,completed
TXN20260106000983,2026-01-06 21:30:14,2025,344,5003,1,24.55,10.75,0.01,24.55,24.3,13.55,AUD,paypal,web,completed
TXN20260106000984,2026-01-06 21:31:22,2027,127,,5,45.1,29.41,0.16,225.5,189.42,42.37,AUD,paypal,web,completed
TXN20260106000985,2026-01-06 21:32:50,1453,245,,1,349.8,233.63,0.06,349.8,328.81,95.18,AUD,bank_transfer,mobile_app,completed
TXN20260106000986,2026-01-06 21:32:51,1845,325,5003,2,263.67,128.75,0.25,527.34,395.5,138.0,AUD,credit_card,marketplace,completed
TXN20260106000987,2026-01-06 21:32:51,1948,27,,2,172.81,116.75,0.02,345.62,338.71,105.21,AUD,paypal,web,completed
TXN20260106000988,2026-01-06 21:33:43,1291,263,,2,194.7,69.51,0.1,389.4,350.46,211.44,AUD,credit_card,mobile_app,completed
TXN20260106000989,2026-01-06 21:34:28,1525,139,,1,93.98,72.88,0.23,93.98,72.36,-0.52,AUD,bank_transfer,web,completed
TXN20260106000990,2026-01-06 21:35:25,2060,76,5018,3,153.93,70.84,0.05,461.79,438.7,226.18,AUD,credit_card,web,completed
TXN20260106000991,2026-01-06 21:36:33,1543,35,,5,123.44,76.69,0.15,617.2,524.62,141.17,AUD,credit_card,in_store,completed
TXN20260106000992,2026-01-06 21:37:32,1664,359,,1,421.42,180.37,0.06,421.42,396.13,215.76,AUD,credit_card,web,completed
TXN20260106000993,2026-01-06 21:38:44,1543,115,5012,4,166.75,108.87,0.05,667.0,633.65,198.17,AUD,credit_card,web,refunded
TXN20260106000994,2026-01-06 21:39:23,2083,297,5006,1,258.89,188.19,0.02,258.89,253.71,65.52,AUD,buy_now_pay_later,web,completed
TXN20260106000995,2026-01-06 21:40:07,1719,154,,3,128.25,56.51,0.04,384.75,369.36,199.83,AUD,credit_card,web,completed
TXN20260106000996,2026-01-06 21:40:23,1049,207,,2,174.77,73.18,0.07,349.54,325.07,178.71,AUD,debit_card,mobile_app,completed
TXN20260106000997,2026-01-06 21:40:41,1508,359,5003,3,421.42,180.37,0.18,1264.26,1036.69,495.58,AUD,credit_card,web,completed
TXN20260106000998,2026-01-06 21:41:32,1188,225,,1,310.73,232.58,0.1,310.73,279.66,47.08,AUD,credit_card,web,completed
TXN20260106000999,2026-01-06 21:41:58,1610,223,,1,140.86,54.16,0.06,140.86,132.41,78.25,AUD,credit_card,web,refunded
TXN20260106001000,2026-01-06 21:42:39,1696,344,,2,24.55,10.75,0.01,49.1,48.61,27.11,AUD,gift_card,mobile_app,completed
TXN20260106001001,2026-01-06 21:42:48,1346,66,,3,157.5,63.74,0.07,472.5,439.42,248.2,AUD,debit_card,mobile_app,completed
TXN20260106001002,2026-01-06 21:43:13,1368,354,5003,3,128.43,85.15,0.08,385.29,354.47,99.02,AUD,debit_card,marketplace,refunded
TXN20260106001003,2026-01-06 21:43:29,1293,377,5012,4,34.75,17.44,0.01,139.0,137.61,67.85,AUD,credit_card,web,completed
TXN20260106001004,2026-01-06 21:43:31,1100,388,5007,3,178.72,91.5,0.06,536.16,503.99,229.49,AUD,credit_card,web,completed
TXN20260106001005,2026-01-06 21:43:44,2156,11,,2,383.38,230.87,0.13,766.76,667.08,205.34,AUD,credit_card,mobile_app,completed
TXN20260106001006,2026-01-06 21:44:28,1511,201,,2,105.57,37.83,0.07,211.14,196.36,120.7,AUD,credit_card,marketplace,completed
TXN20260106001007,2026-01-06 21:47:35,1452,230,,5,249.03,160.65,0.08,1245.15,1145.54,342.29,AUD,credit_card,in_store,completed
TXN20260106001008,2026-01-06 21:47:46,1850,389,5017,3,275.99,185.24,0.02,827.97,811.41,255.69,AUD,credit_card,mobile_app,completed
TXN20260106001009,2026-01-06 21:47:56,1775,32,,2,107.59,39.39,0.11,215.18,191.51,112.73,AUD,debit_card,mobile_app,completed
TXN20260106001010,2026-01-06 21:49:47,2172,271,,3,132.74,79.27,0.08,398.22,366.36,128.55,AUD,credit_card,mobile_app,completed
TXN20260106001011,2026-01-06 21:51:16,1836,201,,2,105.57,37.83,0.02,211.14,206.92,131.26,AUD,buy_now_pay_later,mobile_app,completed
TXN20260106001012,2026-01-06 21:52:23,1695,201,,2,105.57,37.83,0.07,211.14,196.36,120.7,AUD,debit_card,web,completed
TXN20260106001013,2026-01-06 21:52:36,1888,179,,1,197.14,84.55,0.08,197.14,181.37,96.82,AUD,credit_card,web,completed
TXN20260106001014,2026-01-06 21:53:32,1884,189,,6,209.27,158.1,0.03,1255.62,1217.95,269.35,AUD,debit_card,mobile_app,completed
TXN20260106001015,2026-01-06 21:53:36,1253,302,,1,47.96,26.56,0.02,47.96,47.0,20.44,AUD,credit_card,web,completed
TXN20260106001016,2026-01-06 21:53:39,2164,310,,1,109.6,62.46,0.09,109.6,99.74,37.28,AUD,credit_card,mobile_app,completed
TXN20260106001017,2026-01-06 21:53:59,1191,187,,1,18.28,11.11,0.05,18.28,17.37,6.26,AUD,paypal,web,completed
TXN20260106001018,2026-01-06 21:55:56,1632,112,5012,6,121.28,51.75,0.13,727.68,633.08,322.58,AUD,credit_card,web,completed
TXN20260106001019,2026-01-06 21:58:42,1915,261,,1,222.59,120.24,0.06,222.59,209.23,88.99,AUD,gift_card,web,completed
TXN20260106001020,2026-01-06 21:59:36,1172,240,5006,1,296.5,109.26,0.01,296.5,293.54,184.28,AUD,debit_card,web,completed
TXN20260106001021,2026-01-06 22:00:30,1506,130,,4,18.48,10.08,0.14,73.92,63.57,23.25,AUD,debit_card,mobile_app,cancelled
TXN20260106001022,2026-01-06 22:01:04,1774,355,5002,2,211.06,93.04,0.06,422.12,396.79,210.71,AUD,gift_card,web,cancelled
TXN20260106001023,2026-01-06 22:01:32,1592,73,,1,97.62,68.56,0.11,97.62,86.88,18.32,AUD,buy_now_pay_later,web,completed
TXN20260106001024,2026-01-06 22:02:04,1870,287,5002,4,67.92,35.4,0.02,271.68,266.25,124.65,AUD,credit_card,web,completed
TXN20260106001025,2026-01-06 22:02:10,1167,261,5013,5,222.59,120.24,0.19,1112.95,901.49,300.29,AUD,credit_card,mobile_app,completed
TXN20260106001026,2026-01-06 22:02:39,1577,43,,1,211.3,164.39,0.27,211.3,154.25,-10.14,AUD,debit_card,web,completed
TXN20260106001027,2026-01-06 22:03:57,1392,310,,1,109.6,62.46,0.03,109.6,106.31,43.85,AUD,debit_card,mobile_app,completed
TXN20260106001028,2026-01-06 22:04:32,1790,28,5018,2,154.87,112.5,0.12,309.74,272.57,47.57,AUD,credit_card,marketplace,completed
TXN20260106001029,2026-01-06 22:04:44,1761,324,,4,79.51,55.68,0.24,318.04,241.71,18.99,AUD,credit_card,marketplace,completed
TXN20260106001030,2026-01-06 22:06:02,1440,260,,4,168.41,124.86,0.04,673.64,646.69,147.25,AUD,credit_card,mobile_app,completed
TXN20260106001031,2026-01-06 22:06:12,1745,283,,6,155.88,105.7,0.16,935.28,785.64,151.44,AUD,debit_card,mobile_app,completed
TXN20260106001032,2026-01-06 22:06:31,1555,110,,4,30.96,17.81,0.0,123.84,123.84,52.6,AUD,credit_card,in_store,cancelled
TXN20260106001033,2026-01-06 22:06:34,1605,346,,3,337.76,248.46,0.15,1013.28,861.29,115.91,AUD,credit_card,web,completed
TXN20260106001034,2026-01-06 22:06:56,2129,349,,4,65.04,45.3,0.06,260.16,244.55,63.35,AUD,credit_card,web,completed
TXN20260106001035,2026-01-06 22:06:59,1756,150,,3,205.86,111.18,0.1,617.58,555.82,222.28,AUD,credit_card,web,completed
TXN20260106001036,2026-01-06 22:08:22,1948,266,5014,3,87.68,41.95,0.12,263.04,231.48,105.63,AUD,credit_card,mobile_app,completed
TXN20260106001037,2026-01-06 22:08:39,1380,203,5017,1,5.97,4.17,0.21,5.97,4.72,0.55,AUD,debit_card,mobile_app,completed
TXN20260106001038,2026-01-06 22:08:43,2132,57,,2,7.38,2.62,0.26,14.76,10.92,5.68,AUD,paypal,mobile_app,cancelled
TXN20260106001039,2026-01-06 22:09:05,1223,203,,3,5.97,4.17,0.01,17.91,17.73,5.22,AUD,buy_now_pay_later,web,completed
TXN20260106001040,2026-01-06 22:09:09,1935,236,,1,7.93,6.02,0.08,7.93,7.3,1.28,AUD,credit_card,web,completed
TXN20260106001041,2026-01-06 22:09:40,1176,84,,4,131.95,75.26,0.04,527.8,506.69,205.65,AUD,debit_card,web,completed
TXN20260106001042,2026-01-06 22:09:52,1486,198,,3,311.79,188.7,0.03,935.37,907.31,341.21,AUD,bank_transfer,web,completed
TXN20260106001043,2026-01-06 22:10:08,1021,290,,4,37.46,23.23,0.03,149.84,145.34,52.42,AUD,credit_card,web,completed
TXN20260106001044,2026-01-06 22:10:21,1899,276,,1,260.47,124.27,0.21,260.47,205.77,81.5,AUD,paypal,mobile_app,pending
TXN20260106001045,2026-01-06 22:10:54,1579,27,,2,172.81,116.75,0.18,345.62,283.41,49.91,AUD,credit_card,web,completed
TXN20260106001046,2026-01-06 22:13:26,1485,55,,1,51.38,24.77,0.0,51.38,51.38,26.61,AUD,bank_transfer,web,completed
TXN20260106001047,2026-01-06 22:15:43,2159,10,5007,1,246.81,139.27,0.07,246.81,229.53,90.26,AUD,paypal,web,cancelled
TXN20260106001048,2026-01-06 22:15:43,1648,395,,2,259.59,188.33,0.07,519.18,482.84,106.18,AUD,debit_card,marketplace,completed
TXN20260106001049,2026-01-06 22:16:34,1381,308,,6,227.37,123.17,0.12,1364.22,1200.51,461.49,AUD,credit_card,mobile_app,completed
TXN20260106001050,2026-01-06 22:16:44,1534,363,,4,161.87,102.03,0.02,647.48,634.53,226.41,AUD,credit_card,web,completed
TXN20260106001051,2026-01-06 22:17:17,1479,28,,3,154.87,112.5,0.18,464.61,380.98,43.48,AUD,paypal,web,completed
TXN20260106001052,2026-01-06 22:17:40,1038,70,,6,291.11,188.06,0.02,1746.66,1711.73,583.37,AUD,credit_card,marketplace,completed
TXN20260106001053,2026-01-06 22:18:41,1385,120,5013,5,231.92,128.02,0.12,1159.6,1020.45,380.35,AUD,credit_card,mobile_app,completed
TXN20260106001054,2026-01-06 22:18:42,1966,167,,1,176.55,75.21,0.16,176.55,148.3,73.09,AUD,paypal,mobile_app,completed
TXN20260106001055,2026-01-06 22:19:25,1622,275,5012,4,116.41,50.22,0.02,465.64,456.33,255.45,AUD,paypal,phone,completed
TXN20260106001056,2026-01-06 22:20:35,1342,70,,5,291.11,188.06,0.14,1455.55,1251.77,311.47,AUD,buy_now_pay_later,web,completed
TXN20260106001057,2026-01-06 22:20:40,1037,213,,2,89.64,56.55,0.18,179.28,147.01,33.91,AUD,credit_card,marketplace,completed
TXN20260106001058,2026-01-06 22:24:29,1504,372,,3,321.9,183.97,0.03,965.7,936.73,384.82,AUD,paypal,mobile_app,completed
TXN20260106001059,2026-01-06 22:25:59,1456,303,5018,1,5.2,2.83,0.05,5.2,4.94,2.11,AUD,bank_transfer,mobile_app,refunded
TXN20260106001060,2026-01-06 22:26:53,1208,248,5006,2,58.0,41.73,0.05,116.0,110.2,26.74,AUD,debit_card,web,completed
TXN20260106001061,2026-01-06 22:27:19,1312,125,,2,12.26,5.91,0.07,24.52,22.8,10.98,AUD,credit_card,mobile_app,completed
TXN20260106001062,2026-01-06 22:27:19,1152,329,,1,58.04,29.11,0.11,58.04,51.66,22.55,AUD,debit_card,mobile_app,completed
TXN20260106001063,2026-01-06 22:30:26,1438,86,,2,176.95,129.01,0.06,353.9,332.67,74.65,AUD,credit_card,mobile_app,completed
TXN20260106001064,2026-01-06 22:32:48,1134,295,,2,125.3,93.62,0.11,250.6,223.03,35.79,AUD,debit_card,web,completed
TXN20260106001065,2026-01-06 22:34:11,2038,168,,5,356.7,253.22,0.18,1783.5,1462.47,196.37,AUD,credit_card,web,completed
TXN20260106001066,2026-01-06 22:34:20,1012,140,,4,98.88,53.29,0.18,395.52,324.33,111.17,AUD,paypal,marketplace,completed
TXN20260106001067,2026-01-06 22:34:27,2088,44,5017,3,236.02,141.49,0.09,708.06,644.33,219.86,AUD,buy_now_pay_later,mobile_app,completed
TXN20260106001068,2026-01-06 22:35:20,1051,61,5004,1,47.35,19.48,0.01,47.35,46.88,27.4,AUD,paypal,mobile_app,completed
TXN20260106001069,2026-01-06 22:36:33,1369,59,,1,66.9,33.14,0.09,66.9,60.88,27.74,AUD,paypal,web,completed
TXN20260106001070,2026-01-06 22:37:00,1396,389,,1,275.99,185.24,0.16,275.99,231.83,46.59,AUD,buy_now_pay_later,web,completed
TXN20260106001071,2026-01-06 22:37:14,2088,268,,3,13.69,9.27,0.13,41.07,35.73,7.92,AUD,debit_card,web,completed
TXN20260106001072,2026-01-06 22:37:39,1427,61,5003,5,47.35,19.48,0.11,236.75,210.71,113.31,AUD,debit_card,web,completed
TXN20260106001073,2026-01-06 22:40:44,1171,1,,3,367.54,272.05,0.16,1102.62,926.2,110.05,AUD,paypal,web,completed
TXN20260106001074,2026-01-06 22:41:30,1998,205,5010,5,200.88,145.96,0.08,1004.4,924.05,194.25,AUD,credit_card,marketplace,completed
TXN20260106001075,2026-01-06 22:42:14,1155,306,,3,201.0,79.58,0.03,603.0,584.91,346.17,AUD,credit_card,in_store,completed
TXN20260106001076,2026-01-06 22:42:36,1320,202,,3,257.36,101.79,0.25,772.08,579.06,273.69,AUD,bank_transfer,web,completed
TXN20260106001077,2026-01-06 22:42:57,1527,3,5016,2,142.91,77.99,0.13,285.82,248.66,92.68,AUD,credit_card,web,completed
TXN20260106001078,2026-01-06 22:43:18,1180,375,5017,2,239.04,121.65,0.08,478.08,439.83,196.53,AUD,credit_card,web,completed
TXN20260106001079,2026-01-06 22:43:28,1016,243,5007,4,6.18,2.24,0.17,24.72,20.52,11.56,AUD,credit_card,web,completed
TXN20260106001080,2026-01-06 22:43:35,1360,39,,3,153.21,59.61,0.09,459.63,418.26,239.43,AUD,paypal,marketplace,cancelled
TXN20260106001081,2026-01-06 22:44:59,1695,290,5010,1,37.46,23.23,0.07,37.46,34.84,11.61,AUD,credit_card,mobile_app,completed
TXN20260106001082,2026-01-06 22:45:04,1832,146,,1,182.6,76.84,0.08,182.6,167.99,91.15,AUD,debit_card,web,completed
TXN20260106001083,2026-01-06 22:45:10,1186,41,5009,1,241.85,106.29,0.01,241.85,239.43,133.14,AUD,credit_card,mobile_app,completed
TXN20260106001084,2026-01-06 22:45:20,1528,66,,4,157.5,63.74,0.15,630.0,535.5,280.54,AUD,credit_card,mobile_app,completed
TXN20260106001085,2026-01-06 22:49:58,1181,139,5002,1,93.98,72.88,0.15,93.98,79.88,7.0,AUD,debit_card,web,completed
TXN20260106001086,2026-01-06 22:50:10,2164,187,,2,18.28,11.11,0.09,36.56,33.27,11.05,AUD,buy_now_pay_later,mobile_app,completed
TXN20260106001087,2026-01-06 22:50:13,1394,275,,4,116.41,50.22,0.01,465.64,460.98,260.1,AUD,credit_card,marketplace,completed
TXN20260106001088,2026-01-06 22:50:18,1161,249,,4,96.17,46.26,0.17,384.68,319.28,134.24,AUD,credit_card,web,completed
TXN20260106001089,2026-01-06 22:51:18,2028,363,,3,161.87,102.03,0.17,485.61,403.06,96.97,AUD,debit_card,web,completed
TXN20260106001090,2026-01-06 22:52:05,1594,323,,3,154.89,83.84,0.06,464.67,436.79,185.27,AUD,debit_card,mobile_app,refunded
TXN20260106001091,2026-01-06 22:52:06,1536,17,,1,15.98,12.32,0.1,15.98,14.38,2.06,AUD,credit_card,web,completed
TXN20260106001092,2026-01-06 22:52:58,1841,43,,3,211.3,164.39,0.03,633.9,614.88,121.71,AUD,buy_now_pay_later,web,completed
TXN20260106001093,2026-01-06 22:53:02,1640,243,,4,6.18,2.24,0.13,24.72,21.51,12.55,AUD,bank_transfer,marketplace,completed
TXN20260106001094,2026-01-06 22:54:37,1496,32,,3,107.59,39.39,0.0,322.77,322.77,204.6,AUD,buy_now_pay_later,mobile_app,completed
TXN20260106001095,2026-01-06 22:54:39,1536,138,,1,132.98,57.54,0.01,132.98,131.65,74.11,AUD,credit_card,mobile_app,completed
TXN20260106001096,2026-01-06 22:54:51,1632,3,5013,1,142.91,77.99,0.05,142.91,135.76,57.77,AUD,bank_transfer,marketplace,completed
TXN20260106001097,2026-01-06 22:57:05,2095,182,,2,185.56,117.63,0.25,371.12,278.34,43.08,AUD,credit_card,web,completed
TXN20260106001098,2026-01-06 22:57:31,1974,306,5014,3,201.0,79.58,0.09,603.0,548.73,309.99,AUD,paypal,mobile_app,completed
TXN20260106001099,2026-01-06 22:57:56,2012,296,,1,305.06,151.58,0.25,305.06,228.8,77.22,AUD,paypal,mobile_app,completed
TXN20260106001100,2026-01-06 22:58:13,2172,169,,5,175.58,82.15,0.11,877.9,781.33,370.58,AUD,paypal,mobile_app,completed
TXN20260106001101,2026-01-06 22:58:33,1835,254,,1,151.84,70.82,0.2,151.84,121.47,50.65,AUD,credit_card,web,completed
TXN20260106001102,2026-01-06 22:59:47,1807,70,5002,5,291.11,188.06,0.17,1455.55,1208.11,267.81,AUD,debit_card,marketplace,cancelled
TXN20260106001103,2026-01-06 23:00:15,1289,324,5013,2,79.51,55.68,0.03,159.02,154.25,42.89,AUD,credit_card,marketplace,completed
TXN20260106001104,2026-01-06 23:00:31,1159,260,,1,168.41,124.86,0.1,168.41,151.57,26.71,AUD,credit_card,web,completed
TXN20260106001105,2026-01-06 23:01:06,2117,41,,2,241.85,106.29,0.03,483.7,469.19,256.61,AUD,credit_card,in_store,completed
TXN20260106001106,2026-01-06 23:04:46,1401,274,,2,68.35,38.43,0.08,136.7,125.76,48.9,AUD,debit_card,web,completed
TXN20260106001107,2026-01-06 23:06:10,1095,302,,1,47.96,26.56,0.12,47.96,42.2,15.64,AUD,credit_card,mobile_app,completed
TXN20260106001108,2026-01-06 23:08:01,2178,127,,4,45.1,29.41,0.04,180.4,173.18,55.54,AUD,debit_card,in_store,completed
TXN20260106001109,2026-01-06 23:10:45,1618,152,,2,18.61,8.27,0.14,37.22,32.01,15.47,AUD,debit_card,web,completed
TXN20260106001110,2026-01-06 23:12:41,1585,220,,1,80.96,29.21,0.16,80.96,68.01,38.8,AUD,debit_card,mobile_app,completed
TXN20260106001111,2026-01-06 23:13:47,1192,39,,3,153.21,59.61,0.03,459.63,445.84,267.01,AUD,paypal,mobile_app,completed
TXN20260106001112,2026-01-06 23:14:59,1392,19,,1,170.44,126.31,0.21,170.44,134.65,8.34,AUD,credit_card,mobile_app,completed
TXN20260106001113,2026-01-06 23:19:51,1363,235,,4,18.79,8.45,0.2,75.16,60.13,26.33,AUD,paypal,web,completed
TXN20260106001114,2026-01-06 23:22:37,2021,305,,2,51.53,22.19,0.01,103.06,102.03,57.65,AUD,credit_card,web,completed
TXN20260106001115,2026-01-06 23:26:50,2004,4,5010,2,238.89,172.72,0.06,477.78,449.11,103.67,AUD,credit_card,web,completed
TXN20260106001116,2026-01-06 23:27:12,1053,36,,3,95.33,67.51,0.25,285.99,214.49,11.96,AUD,credit_card,web,completed
TXN20260106001117,2026-01-06 23:27:42,1173,300,5006,2,134.02,50.66,0.06,268.04,251.96,150.64,AUD,paypal,mobile_app,completed
TXN20260106001118,2026-01-06 23:29:34,1360,132,,1,109.21,38.28,0.16,109.21,91.74,53.46,AUD,credit_card,web,completed
TXN20260106001119,2026-01-06 23:29:42,1860,253,5017,4,142.58,95.23,0.14,570.32,490.48,109.56,AUD,credit_card,mobile_app,completed
TXN20260106001120,2026-01-06 23:29:50,1143,81,5005,5,133.11,71.55,0.05,665.55,632.27,274.52,AUD,buy_now_pay_later,marketplace,completed
TXN20260106001121,2026-01-06 23:30:34,1525,383,5007,1,227.62,101.34,0.01,227.62,225.34,124.0,AUD,paypal,web,completed
TXN20260106001122,2026-01-06 23:32:49,2073,135,5002,5,141.91,90.68,0.26,709.55,525.07,71.67,AUD,paypal,mobile_app,completed
TXN20260106001123,2026-01-06 23:35:25,1966,45,,4,127.42,77.89,0.13,509.68,443.42,131.86,AUD,credit_card,web,completed
TXN20260106001124,2026-01-06 23:35:27,2167,85,5013,1,173.56,99.76,0.02,173.56,170.09,70.33,AUD,credit_card,web,completed
TXN20260106001125,2026-01-06 23:41:19,1140,137,5006,4,230.43,174.09,0.03,921.72,894.07,197.71,AUD,credit_card,web,completed
TXN20260106001126,2026-01-06 23:43:56,2198,211,,2,125.27,94.18,0.16,250.54,210.45,22.09,AUD,paypal,mobile_app,completed
TXN20260106001127,2026-01-06 23:44:07,1608,174,,2,56.31,22.6,0.04,112.62,108.12,62.92,AUD,paypal,web,completed
TXN20260106001128,2026-01-06 23:44:12,1195,12,,1,22.05,16.18,0.06,22.05,20.73,4.55,AUD,credit_card,marketplace,completed
TXN20260106001129,2026-01-06 23:44:46,1733,364,,1,126.27,67.13,0.07,126.27,117.43,50.3,AUD,debit_card,mobile_app,refunded
TXN20260106001130,2026-01-06 23:49:11,2182,306,5018,4,201.0,79.58,0.07,804.0,747.72,429.4,AUD,paypal,web,completed
TXN20260106001131,2026-01-06 23:53:01,1493,263,,1,194.7,69.51,0.16,194.7,163.55,94.04,AUD,debit_card,mobile_app,completed
TXN20260106001132,2026-01-06 23:53:20,1747,318,,1,104.56,45.81,0.21,104.56,82.6,36.79,AUD,credit_card,mobile_app,completed
TXN20260106001133,2026-01-06 23:53:26,2109,275,5012,2,116.41,50.22,0.13,232.82,202.55,102.11,AUD,credit_card,phone,completed
TXN20260106001134,2026-01-06 23:58:56,1177,241,5014,6,242.09,167.24,0.02,1452.54,1423.49,420.05,AUD,credit_card,web,completed
